time_seconds,a1_retransmissions_ul_count,a1_retransmissions_dl_count,a1_packet_loss_ul_percentage,a1_packet_loss_dl_percentage,e2_du_packet_loss_ul_percentage,e2_du_packet_loss_dl_percentage,e2_du_retransmissions_ul_count,e2_du_retransmissions_dl_count,f1_c_packet_loss_dl_percentage,f1_c_packet_loss_ul_percentage,f1_c_retransmissions_dl_count,f1_c_retransmissions_ul_count,f1_u_retransmissions_dl_count,f1_u_retransmissions_ul_count,f1_u_packet_loss_dl_percentage,f1_u_packet_loss_ul_percentage,f1_u_latency_mean_ul_ms,f1_u_latency_p90_ul_ms,e2_du_latency_mean_ul_ms,e2_du_latency_p90_ul_ms,a1_latency_mean_ul_ms,e2_du_latency_mean_dl_ms,a1_latency_p90_ul_ms,e2_du_latency_p90_dl_ms,f1_c_latency_mean_dl_ms,f1_c_latency_mean_ul_ms,a1_latency_mean_dl_ms,f1_c_latency_p90_dl_ms,f1_c_latency_p90_ul_ms,a1_latency_p90_dl_ms,e2_du_throughput_dl_kbps,e2_du_throughput_ul_kbps,f1_c_throughput_dl_kbps,f1_c_throughput_ul_kbps,a1_throughput_ul_kbps,a1_throughput_dl_kbps,f1_u_throughput_ul_kbps,f1_u_latency_mean_dl_ms,f1_u_latency_p90_dl_ms,f1_u_throughput_dl_kbps,F-node
0,0.0,0.0,0.0,0.0,0.0,0.0,0,0,0.0,0.0,0.0,0.0,0.0,0.0,0.0,0.0,0.0060430847772277,0.0078678131103515,0.0066757202148437,0.0066757202148437,0.0064304896763392,0.0088214874267578,0.0092029571533203,0.0088214874267578,0.0131130218505859,0.0133514404296875,0.0093732561383928,0.0150203704833984,0.0148773193359375,0.0198841094970703,0.496,1.36,1.696,1.696,27.344,25.152,118.96,0.0077486038208007,0.0078439712524414,6.384,0
1,0.0,0.0,0.0,0.0,0.0,0.0,0,0,0.0,0.0,0.0,0.0,0.0,0.0,0.0,0.0,0.0060090971230274,0.0081062316894531,0.0071525573730468,0.0071525573730468,0.0064304896763392,0.0095367431640625,0.0092029571533203,0.0095367431640625,0.0131130218505859,0.0133514404296875,0.0093732561383928,0.0150203704833984,0.0148773193359375,0.0198841094970703,0.496,1.424,1.696,1.696,27.344,25.152,117.192,0.0063180923461914,0.0081300735473632,15.872,0
2,0.0,0.0,0.0,0.0,0.0,0.0,0,0,0.0,0.0,0.0,0.0,0.0,0.0,0.0,0.0,0.0068183038748946,0.0090599060058593,0.0088214874267578,0.0088214874267578,0.0064304896763392,0.0138282775878906,0.0092029571533203,0.0138282775878906,0.0131130218505859,0.0133514404296875,0.0093732561383928,0.0150203704833984,0.0148773193359375,0.0198841094970703,0.496,1.424,1.696,1.696,27.344,25.152,137.4,0.0040245217245978,0.0047683715820312,6019.456,0
3,0.0,0.0,0.0,0.0,0.0,0.0,0,0,0.0,0.0,0.0,0.0,0.0,0.0,0.0,0.0,0.00600531549737,0.0081062316894531,0.0085830688476562,0.0085830688476562,0.0074386596679687,0.0073909759521484,0.0101566314697265,0.0073909759521484,0.0131130218505859,0.0133514404296875,0.0122547149658203,0.0150203704833984,0.0148773193359375,0.02288818359375,0.496,1.424,1.696,1.696,3.504,4.52,118.448,0.0045001506805419,0.0049829483032226,39.472,0
4,0.0,0.0,0.0,0.0,0.0,0.0,0,0,0.0,0.0,0.0,0.0,0.0,0.0,0.0,0.0,0.0061162627569519,0.0083446502685546,0.0092983245849609,0.0092983245849609,0.0065803527832031,0.0088214874267578,0.0086307525634765,0.0088214874267578,0.0131130218505859,0.0133514404296875,0.0111579895019531,0.0150203704833984,0.0148773193359375,0.0201225280761718,0.496,1.424,1.696,1.696,4.232,3.744,118.448,0.0039198065316805,0.0047683715820312,2106.352,0
5,0.0,0.0,0.0,0.0,0.0,0.0,0,0,0.0,0.0,0.0,0.0,0.0,0.0,0.0,0.0,0.0061585535457478,0.0083446502685546,0.0083446502685546,0.0083446502685546,0.0064849853515625,0.0064373016357421,0.0089168548583984,0.0064373016357421,0.0131130218505859,0.0133514404296875,0.0111579895019531,0.0150203704833984,0.0148773193359375,0.0210285186767578,0.496,1.424,1.696,1.696,4.232,3.744,113.256,0.0066757202148437,0.0066757202148437,1.192,0
6,0.0,0.0,0.0,0.0,0.0,0.0,0,0,0.0,0.0,0.0,0.0,0.0,0.0,0.0,0.0,0.0061563926168007,0.0083208084106445,0.0102519989013671,0.0102519989013671,0.0060796737670898,0.0119209289550781,0.008392333984375,0.0119209289550781,0.0131130218505859,0.0133514404296875,0.010538101196289,0.0150203704833984,0.0148773193359375,0.0249385833740234,0.496,1.392,1.696,1.696,7.736,8.264,120.48,0.0049074490865071,0.0061988830566406,183.936,0
7,0.0,0.0,0.0,0.0,0.0,0.0,0,0,0.0,0.0,0.0,0.0,0.0,0.0,0.0,0.0,0.0060260295867919,0.0078916549682617,0.009775161743164,0.009775161743164,0.0064373016357421,0.009775161743164,0.0078678131103515,0.009775161743164,0.0131130218505859,0.0133514404296875,0.011444091796875,0.0150203704833984,0.0148773193359375,0.0214099884033203,0.496,1.424,1.696,1.696,4.232,3.744,112.0,0.0,0.0,0.0,0
8,0.0,0.0,0.0,0.0,0.0,0.0,0,0,0.0,0.0,0.0,0.0,0.0,0.0,0.0,0.0,0.005960464477539,0.0076532363891601,0.0064373016357421,0.0064373016357421,0.0064849853515625,0.0088214874267578,0.0087261199951171,0.0088214874267578,0.0131130218505859,0.0133514404296875,0.0106334686279296,0.0150203704833984,0.0148773193359375,0.0196456909179687,0.496,1.36,1.696,1.696,4.232,3.744,112.0,0.0,0.0,0.0,0
9,0.0,0.0,0.0,0.0,0.0,0.0,0,0,0.0,0.0,0.0,0.0,0.0,0.0,0.0,0.0,0.0061327868168896,0.0083208084106445,0.0064373016357421,0.0064373016357421,0.0057935714721679,0.0107288360595703,0.0081539154052734,0.0107288360595703,0.0131130218505859,0.0133514404296875,0.0108242034912109,0.0150203704833984,0.0148773193359375,0.0249862670898437,0.496,1.36,1.696,1.696,7.736,8.264,119.776,0.0064373016357421,0.0077724456787109,7.344,0
10,0.0,0.0,0.0,0.0,0.0,0.0,0,0,0.0,0.0,0.0,0.0,0.0,0.0,0.0,0.0,0.005881385047837,0.0078678131103515,0.0073909759521484,0.0073909759521484,0.0063896179199218,0.011444091796875,0.0080585479736328,0.011444091796875,0.0,0.0,0.0113487243652343,0.0,0.0,0.0208377838134765,0.496,1.424,0.0,0.0,4.232,3.744,118.448,0.0061988830566406,0.0065803527832031,7.216,0
11,0.0,0.0,0.0,0.0,0.0,0.0,0,0,0.0,0.0,0.0,0.0,0.0,0.0,0.0,0.0,0.0059723260983898,0.0078678131103515,0.0073909759521484,0.0073909759521484,0.0061511993408203,0.0119209289550781,0.0077247619628906,0.0119209289550781,0.0,0.0,0.0116348266601562,0.0,0.0,0.0226020812988281,0.496,1.424,0.0,0.0,4.232,3.744,113.256,0.0057220458984375,0.0057220458984375,1.192,0
12,0.0,0.0,0.0,0.0,0.0,0.0,0,0,0.0,0.0,0.0,0.0,0.0,0.0,0.0,0.0,0.0061339671068852,0.0081062316894531,0.0085830688476562,0.0085830688476562,0.0066518783569335,0.0081062316894531,0.0086307525634765,0.0081062316894531,0.0,0.0,0.0108718872070312,0.0,0.0,0.0257492065429687,0.496,1.36,0.0,0.0,7.736,8.264,118.448,0.0061988830566406,0.0069618225097656,6.496,0
13,0.0,0.0,0.0,0.0,0.0,0.0,0,0,0.0,0.0,0.0,0.0,0.0,0.0,0.0,0.0,0.0060856342315673,0.0078916549682617,0.0081062316894531,0.0081062316894531,0.0064373016357421,0.0092983245849609,0.0083446502685546,0.0092983245849609,0.0,0.0,0.012063980102539,0.0,0.0,0.0233650207519531,0.496,1.424,0.0,0.0,4.232,3.744,112.0,0.0,0.0,0.0,0
14,0.0,0.0,0.0,0.0,0.0,0.0,0,0,0.0,0.0,0.0,0.0,0.0,0.0,0.0,0.0,0.006113052368164,0.0085830688476562,0.009775161743164,0.009775161743164,0.0058650970458984,0.0123977661132812,0.0072956085205078,0.0123977661132812,0.0,0.0,0.0117778778076171,0.0,0.0,0.0225067138671875,0.496,1.36,0.0,0.0,4.232,3.744,112.0,0.0,0.0,0.0,0
15,0.0,0.0,0.0,0.0,0.0,0.0,0,0,0.0,0.0,0.0,0.0,0.0,0.0,0.0,0.0,0.0060832146370765,0.0081062316894531,0.0073909759521484,0.0073909759521484,0.0063896179199218,0.0095367431640625,0.0086784362792968,0.0095367431640625,0.0,0.0,0.0104904174804687,0.0,0.0,0.0237464904785156,0.496,1.36,0.0,0.0,7.736,8.264,119.024,0.0084638595581054,0.008559226989746,6.448,0
16,0.0,0.0,0.0,0.0,0.0,0.0,0,0,0.0,0.0,0.0,0.0,0.0,0.0,0.0,0.0,0.0062799453735351,0.0083684921264648,0.00762939453125,0.00762939453125,0.0062465667724609,0.0081062316894531,0.0080585479736328,0.0081062316894531,0.0,0.0,0.0120162963867187,0.0,0.0,0.02288818359375,0.496,1.424,0.0,0.0,4.232,3.744,112.0,0.0,0.0,0.0,0
17,0.0,0.0,0.0,0.0,0.0,0.0,0,0,0.0,0.0,0.0,0.0,0.0,0.0,0.0,0.0,0.0061158517106848,0.0083446502685546,0.0085830688476562,0.0085830688476562,0.0067710876464843,0.0081062316894531,0.009012222290039,0.0081062316894531,0.0,0.0,0.0111103057861328,0.0,0.0,0.0206470489501953,0.496,1.36,0.0,0.0,4.232,3.744,113.256,0.0052452087402343,0.0052452087402343,1.192,0
18,0.0,0.0,0.0,0.0,0.0,0.0,0,0,0.0,0.0,0.0,0.0,0.0,0.0,0.0,0.0,0.0060553574443456,0.0083446502685546,0.0073909759521484,0.0073909759521484,0.0065565109252929,0.0064373016357421,0.0093698501586914,0.0064373016357421,0.0,0.0,0.0111579895019531,0.0,0.0,0.027012825012207,0.496,1.36,0.0,0.0,7.736,8.264,113.256,0.0069141387939453,0.0069141387939453,1.192,0
19,0.0,0.0,0.0,0.0,0.0,0.0,0,0,0.0,0.0,0.0,0.0,0.0,0.0,0.0,0.0,0.0059533475050285,0.0078678131103515,0.00762939453125,0.00762939453125,0.0061511993408203,0.0131130218505859,0.007486343383789,0.0131130218505859,0.0,0.0,0.0122547149658203,0.0,0.0,0.0239849090576171,0.496,1.36,0.0,0.0,4.232,3.744,113.256,0.0050067901611328,0.0050067901611328,1.192,0
20,0.0,0.0,0.0,0.0,0.0,0.0,0,0,0.0,0.0,0.0,0.0,0.0,0.0,0.0,0.0,0.0058703161590728,0.0078678131103515,0.0069141387939453,0.0069141387939453,0.0064373016357421,0.0100135803222656,0.008249282836914,0.0100135803222656,0.0,0.0,0.0123977661132812,0.0,0.0,0.0231266021728515,0.496,1.36,0.0,0.0,4.232,3.744,114.968,0.0064373016357421,0.0064373016357421,2.68,0
21,0.0,0.0,0.0,0.0,0.0,0.0,0,0,0.0,0.0,0.0,0.0,0.0,0.0,0.0,0.0,0.0059962272644042,0.0081062316894531,0.0109672546386718,0.0109672546386718,0.0068426132202148,0.0073909759521484,0.0091075897216796,0.0073909759521484,0.0,0.0,0.010848045349121,0.0,0.0,0.0250101089477539,0.496,1.424,0.0,0.0,7.736,8.264,112.0,0.0,0.0,0.0,0
22,0.0,0.0,0.0,0.0,0.0,0.0,0,0,0.0,0.0,0.0,0.0,0.0,0.0,0.0,0.0,0.0061535835266113,0.0083446502685546,0.0071525573730468,0.0071525573730468,0.0061511993408203,0.0116825103759765,0.0077247619628906,0.0116825103759765,0.0,0.0,0.0110626220703125,0.0,0.0,0.0205516815185546,0.496,1.36,0.0,0.0,4.232,3.744,112.0,0.0,0.0,0.0,0
23,0.0,0.0,0.0,0.0,0.0,0.0,0,0,0.0,0.0,0.0,0.0,0.0,0.0,0.0,0.0,0.0059687265075079,0.0078678131103515,0.0069141387939453,0.0069141387939453,0.0060558319091796,0.0104904174804687,0.0078201293945312,0.0104904174804687,0.0,0.0,0.0109672546386718,0.0,0.0,0.0205039978027343,0.496,1.36,0.0,0.0,4.232,3.744,120.24,0.0066757202148437,0.008392333984375,9.04,0
24,0.0,0.0,0.0,0.0,0.0,0.0,0,0,0.0,0.0,0.0,0.0,0.0,0.0,0.0,0.0,0.0066326885688595,0.0088214874267578,0.0081062316894531,0.0081062316894531,0.0067472457885742,0.0123977661132812,0.0094413757324218,0.0123977661132812,0.0,0.0,0.0106334686279296,0.0,0.0,0.0260829925537109,0.496,1.424,0.0,0.0,7.736,8.264,138.656,0.0041921933492024,0.0055551528930664,424.544,0
25,0.0,0.0,0.0,0.0,0.0,0.0,0,0,0.0,0.0,0.0,0.0,0.0,0.0,0.0,0.0,0.0062142268265828,0.0083446502685546,0.00762939453125,0.00762939453125,0.0069141387939453,0.0154972076416015,0.0102519989013671,0.0154972076416015,0.0,0.0,0.0112056732177734,0.0,0.0,0.0207901000976562,0.496,1.424,0.0,0.0,4.232,3.744,118.448,0.0053246815999348,0.0066757202148437,19.736,0
26,0.0,0.0,0.0,0.0,0.0,0.0,0,0,0.0,0.0,0.0,0.0,0.0,0.0,0.0,0.0,0.0059865600434108,0.0081062316894531,0.0100135803222656,0.0100135803222656,0.0073909759521484,0.0131130218505859,0.0102043151855468,0.0131130218505859,0.0,0.0,0.0116348266601562,0.0,0.0,0.0209808349609375,0.496,1.424,0.0,0.0,4.232,3.744,113.256,0.0054836273193359,0.0054836273193359,1.192,0
27,0.0,0.0,0.0,0.0,0.0,0.0,0,0,0.0,0.0,0.0,0.0,0.0,0.0,0.0,0.0,0.0059865600434108,0.0081062316894531,0.0078678131103515,0.0088214874267578,0.0066757202148437,0.0137090682983398,0.0090837478637695,0.0181913375854492,0.0,0.0,0.0112771987915039,0.0,0.0,0.0246047973632812,1.344,2.208,0.0,0.0,7.736,8.264,113.256,0.0054836273193359,0.0054836273193359,1.192,0
28,0.0,0.0,0.0,0.0,0.0,0.0,0,0,0.0,0.0,0.0,0.0,0.0,0.0,0.0,0.0,0.0059865600434108,0.0081062316894531,0.0092983245849609,0.0092983245849609,0.0060558319091796,0.0064373016357421,0.0077247619628906,0.0064373016357421,0.0,0.0,0.0121116638183593,0.0,0.0,0.0216007232666015,0.496,1.36,0.0,0.0,4.232,3.744,113.256,0.0054836273193359,0.0054836273193359,1.192,0
29,0.0,0.0,0.0,0.0,0.0,0.0,0,0,0.0,0.0,0.0,0.0,0.0,0.0,0.0,0.0,0.0059865600434108,0.0081062316894531,0.0064373016357421,0.0064373016357421,0.0059127807617187,0.0102519989013671,0.0077724456787109,0.0102519989013671,0.0,0.0,0.0110626220703125,0.0,0.0,0.021219253540039,0.496,1.36,0.0,0.0,4.232,3.744,113.256,0.0054836273193359,0.0054836273193359,1.192,0
30,0.0,0.0,0.0,0.0,0.0,0.0,0,0,0.0,0.0,0.0,0.0,0.0,0.0,0.0,0.0,0.0064349756008241,0.0090599060058593,0.0100135803222656,0.0100135803222656,0.0069856643676757,0.0119209289550781,0.0099897384643554,0.0119209289550781,0.0,0.0,0.0107288360595703,0.0,0.0,0.0275135040283203,0.496,1.36,0.0,0.0,7.736,8.264,137.96,0.0039186233129256,0.0047683715820312,7534.672,0
31,0.0,0.0,0.0,0.0,0.0,0.0,0,0,0.0,0.0,0.0,0.0,0.0,0.0,0.0,0.0,0.0067418164545946,0.0095367431640625,0.0100135803222656,0.0100135803222656,0.0068187713623046,0.0112056732177734,0.0083446502685546,0.0112056732177734,0.0,0.0,0.0118732452392578,0.0,0.0,0.0235557556152343,0.496,1.424,0.0,0.0,4.232,3.744,118.448,0.0039285507755003,0.0047683715820312,14749.792,0
32,0.0,0.0,0.0,0.0,0.0,0.0,0,0,0.0,0.0,0.0,0.0,0.0,0.0,0.0,0.0,0.0062484552364538,0.0083446502685546,0.0081062316894531,0.0081062316894531,0.0060558319091796,0.0107288360595703,0.0077724456787109,0.0107288360595703,0.0,0.0,0.0110626220703125,0.0,0.0,0.0210285186767578,0.496,1.424,0.0,0.0,4.232,3.744,118.448,0.0040292739868164,0.0047922134399414,507.648,0
33,0.0,0.0,0.0,0.0,0.0,0.0,0,0,0.0,0.0,0.0,0.0,0.0,0.0,0.0,0.0,0.0061870801566851,0.0081062316894531,0.0069141387939453,0.0069141387939453,0.0066518783569335,0.0107288360595703,0.0084638595581054,0.0107288360595703,0.0,0.0,0.011301040649414,0.0,0.0,0.0272512435913085,0.496,1.424,0.0,0.0,7.736,8.264,118.448,0.0045696894327799,0.0060796737670898,52.928,0
34,0.0,0.0,0.0,0.0,0.0,0.0,0,0,0.0,0.0,0.0,0.0,0.0,0.0,0.0,0.0,0.0059640407562255,0.0081062316894531,0.0081062316894531,0.0081062316894531,0.006723403930664,0.0102519989013671,0.009918212890625,0.0102519989013671,0.0,0.0,0.0112056732177734,0.0,0.0,0.01983642578125,0.496,1.424,0.0,0.0,4.232,3.744,112.0,0.0,0.0,0.0,0
35,0.0,0.0,0.0,0.0,0.0,0.0,0,0,0.0,0.0,0.0,0.0,0.0,0.0,0.0,0.0,0.007257603182651,0.0100135803222656,0.0138282775878906,0.0138282775878906,0.0068187713623046,0.0123977661132812,0.0081539154052734,0.0123977661132812,0.0,0.0,0.0107765197753906,0.0,0.0,0.0203132629394531,0.496,1.36,0.0,0.0,4.232,3.744,122.384,0.003858119199087,0.0045299530029296,34025.896,0
36,0.0,0.0,0.0,0.0,0.0,0.0,0,0,0.0,0.0,0.0,0.0,0.0,0.0,0.0,0.0,0.0064610248774438,0.0085830688476562,0.0090599060058593,0.0090599060058593,0.0064902835422092,0.0085830688476562,0.008392333984375,0.0085830688476562,0.0,0.0,0.0110106034712357,0.0,0.0,0.0262260437011718,0.496,1.424,0.0,0.0,7.208,8.792,117.192,0.0039032527378627,0.0046730041503906,403.512,0
37,0.0,0.0,0.0,0.0,0.0,0.0,0,0,0.0,0.0,0.0,0.0,0.0,0.0,0.0,0.0,0.0061297416687011,0.0083446502685546,0.0078678131103515,0.0078678131103515,0.0062942504882812,0.013589859008789,0.0082015991210937,0.013589859008789,0.0,0.0,0.0109195709228515,0.0,0.0,0.0200271606445312,0.496,1.424,0.0,0.0,4.232,3.744,112.0,0.0,0.0,0.0,0
38,0.0,0.0,0.0,0.0,0.0,0.0,0,0,0.0,0.0,0.0,0.0,0.0,0.0,0.0,0.0,0.0062498880262991,0.0083446502685546,0.0071525573730468,0.0071525573730468,0.0066757202148437,0.0071525573730468,0.0087738037109375,0.0071525573730468,0.0,0.0,0.0126361846923828,0.0,0.0,0.0246524810791015,0.496,1.36,0.0,0.0,4.232,3.744,113.256,0.0047683715820312,0.0047683715820312,1.192,0
39,0.0,0.0,0.0,0.0,0.0,0.0,0,0,0.0,0.0,0.0,0.0,0.0,0.0,0.0,0.0,0.0060656491447897,0.0081062316894531,0.0109672546386718,0.0109672546386718,0.0061750411987304,0.0102519989013671,0.0081300735473632,0.0102519989013671,0.0,0.0,0.011301040649414,0.0,0.0,0.0267744064331054,0.496,1.36,0.0,0.0,7.736,8.264,120.4,0.0047172818865094,0.0064373016357421,145.664,0
40,0.0,0.0,0.0,0.0,0.0,0.0,0,0,0.0,0.0,0.0,0.0,0.0,0.0,0.0,0.0,0.0060419044872321,0.0080823898315429,0.0095367431640625,0.0095367431640625,0.0064849853515625,0.0073909759521484,0.008392333984375,0.0073909759521484,0.0077486038208007,0.0075101852416992,0.0113487243652343,0.0078439712524414,0.007796287536621,0.0216007232666015,0.496,1.424,1.696,1.696,4.232,3.744,117.136,0.0066757202148437,0.006866455078125,6.888,0
41,0.0,0.0,0.0,0.0,0.0,0.0,0,0,0.0,0.0,0.0,0.0,0.0,0.0,0.0,0.0,0.0062154893258317,0.0088214874267578,0.0071525573730468,0.0071525573730468,0.0063419342041015,0.0095367431640625,0.0078678131103515,0.0095367431640625,0.0,0.0,0.0108242034912109,0.0,0.0,0.0203132629394531,0.496,1.424,0.0,0.0,4.232,3.744,114.984,0.0044037314022288,0.0062465667724609,174.472,0
42,0.0,0.0,0.0,0.0,0.0,0.0,0,0,0.0,0.0,0.0,0.0,0.0,0.0,0.0,0.0,0.0059296242633269,0.0078678131103515,0.0112056732177734,0.0112056732177734,0.0064611434936523,0.0104904174804687,0.0086069107055664,0.0104904174804687,0.0,0.0,0.0113248825073242,0.0,0.0,0.0261306762695312,0.496,1.424,0.0,0.0,7.736,8.264,114.968,0.0069141387939453,0.0069141387939453,2.68,0
43,0.0,0.0,0.0,0.0,0.0,0.0,0,0,0.0,0.0,0.0,0.0,0.0,0.0,0.0,0.0,0.0063886689902538,0.0085830688476562,0.0095367431640625,0.0095367431640625,0.0083446502685546,0.0083446502685546,0.011444091796875,0.0083446502685546,0.0,0.0,0.0118732452392578,0.0,0.0,0.0219345092773437,0.496,1.424,0.0,0.0,4.232,3.744,114.968,0.0046510545034257,0.0056743621826171,270.024,0
44,0.0,0.0,0.0,0.0,0.0,0.0,0,0,0.0,0.0,0.0,0.0,0.0,0.0,0.0,0.0,0.0062320955950229,0.0081062316894531,0.0066757202148437,0.0066757202148437,0.007486343383789,0.0116825103759765,0.009012222290039,0.0116825103759765,0.0,0.0,0.0108718872070312,0.0,0.0,0.0201702117919921,0.496,1.424,0.0,0.0,4.232,3.744,117.192,0.0056028366088867,0.0066518783569335,15.904,0
45,0.0,0.0,0.0,0.0,0.0,0.0,0,0,0.0,0.0,0.0,0.0,0.0,0.0,0.0,0.0,0.0060867555070631,0.0078678131103515,0.0069141387939453,0.0069141387939453,0.005960464477539,0.011444091796875,0.0086069107055664,0.011444091796875,0.0,0.0,0.0114917755126953,0.0,0.0,0.026702880859375,0.496,1.424,0.0,0.0,7.736,8.264,117.504,0.0049500238327752,0.0061988830566406,147.8,0
46,0.0,0.0,0.0,0.0,0.0,0.0,0,0,0.0,0.0,0.0,0.0,0.0,0.0,0.0,0.0,0.0062803230663337,0.0083446502685546,0.0083446502685546,0.0083446502685546,0.0061988830566406,0.0140666961669921,0.0080108642578125,0.0140666961669921,0.0,0.0,0.0119209289550781,0.0,0.0,0.0237941741943359,0.496,1.424,0.0,0.0,4.232,3.744,118.448,0.0045908258316364,0.0058174133300781,272.104,0
47,0.0,0.0,0.0,0.0,0.0,0.0,0,0,0.0,0.0,0.0,0.0,0.0,0.0,0.0,0.0,0.0062236691465472,0.0083446502685546,0.0085830688476562,0.0085830688476562,0.0062942504882812,0.013589859008789,0.0080585479736328,0.013589859008789,0.0,0.0,0.0117778778076171,0.0,0.0,0.0224590301513671,0.496,1.424,0.0,0.0,4.232,3.744,115.904,0.0047418806287977,0.0055789947509765,28.456,0
48,0.0,0.0,0.0,0.0,0.0,0.0,0,0,0.0,0.0,0.0,0.0,0.0,0.0,0.0,0.0,0.0059794430709003,0.0078678131103515,0.009775161743164,0.009775161743164,0.0065803527832031,0.0085830688476562,0.0092744827270507,0.0085830688476562,0.0,0.0,0.0113964080810546,0.0,0.0,0.0260591506958007,0.496,1.424,0.0,0.0,7.736,8.264,114.968,0.0053048133850097,0.0066041946411132,27.632,0
49,0.0,0.0,0.0,0.0,0.0,0.0,0,0,0.0,0.0,0.0,0.0,0.0,0.0,0.0,0.0,0.006147878086982,0.0083446502685546,0.0069141387939453,0.0069141387939453,0.0058174133300781,0.0116825103759765,0.007486343383789,0.0116825103759765,0.0,0.0,0.0118255615234375,0.0,0.0,0.0226497650146484,0.496,1.424,0.0,0.0,4.232,3.744,114.392,0.0050067901611328,0.0071525573730468,93.144,0
50,0.0,0.0,0.0,0.0,0.0,0.0,0,0,0.0,0.0,0.0,0.0,0.0,0.0,0.0,0.0,0.0060458681476649,0.0081062316894531,0.0092983245849609,0.0092983245849609,0.0057220458984375,0.0085830688476562,0.0061273574829101,0.0085830688476562,0.0,0.0,0.0104904174804687,0.0,0.0,0.0180006027221679,0.496,1.424,0.0,0.0,3.704,4.272,114.392,0.0049613770984468,0.0057220458984375,144.504,0
51,0.0,0.0,0.0,0.0,0.0,0.0,0,0,0.0,0.0,0.0,0.0,0.0,0.0,0.0,0.0,0.0061583518981933,0.0081062316894531,0.0066757202148437,0.0066757202148437,0.0068426132202148,0.0102519989013671,0.0090599060058593,0.0102519989013671,0.0,0.0,0.0112295150756835,0.0,0.0,0.0247001647949218,0.496,1.424,0.0,0.0,7.736,8.264,112.0,0.0,0.0,0.0,0
52,0.0,0.0,0.0,0.0,0.0,0.0,0,0,0.0,0.0,0.0,0.0,0.0,0.0,0.0,0.0,0.0059830015571556,0.0081062316894531,0.0078678131103515,0.0078678131103515,0.0069618225097656,0.0092983245849609,0.0087261199951171,0.0092983245849609,0.0,0.0,0.012063980102539,0.0,0.0,0.0233173370361328,0.496,1.36,0.0,0.0,4.232,3.744,113.256,0.00762939453125,0.00762939453125,1.192,0
53,0.0,0.0,0.0,0.0,0.0,0.0,0,0,0.0,0.0,0.0,0.0,0.0,0.0,0.0,0.0,0.0063246162376593,0.0085830688476562,0.0069141387939453,0.0069141387939453,0.0071525573730468,0.0107288360595703,0.0088214874267578,0.0107288360595703,0.0,0.0,0.012063980102539,0.0,0.0,0.0230312347412109,0.496,1.36,0.0,0.0,4.232,3.744,113.256,0.0042915344238281,0.0042915344238281,1.192,0
54,0.0,0.0,0.0,0.0,0.0,0.0,0,0,0.0,0.0,0.0,0.0,0.0,0.0,0.0,0.0,0.006147878086982,0.0081062316894531,0.0052452087402343,0.0052452087402343,0.0063048468695746,0.0102519989013671,0.0088691711425781,0.0102519989013671,0.0,0.0,0.010858882557262,0.0,0.0,0.0259876251220703,0.496,1.36,0.0,0.0,7.208,8.792,113.256,0.00762939453125,0.00762939453125,1.192,0
55,0.0,0.0,0.0,0.0,0.0,0.0,0,0,0.0,0.0,0.0,0.0,0.0,0.0,0.0,0.0,0.0060961978270275,0.0083208084106445,0.0088214874267578,0.0088214874267578,0.006866455078125,0.0069141387939453,0.0091075897216796,0.0069141387939453,0.0,0.0,0.0113487243652343,0.0,0.0,0.0217437744140625,0.496,1.36,0.0,0.0,4.232,3.744,122.384,0.0043782320889559,0.0069141387939453,127.496,0
56,0.0,0.0,0.0,0.0,0.0,0.0,0,0,0.0,0.0,0.0,0.0,0.0,0.0,0.0,0.0,0.0060462951660156,0.0081062316894531,0.0073909759521484,0.0073909759521484,0.0067710876464843,0.0081062316894531,0.0099658966064453,0.0081062316894531,0.0,0.0,0.0108718872070312,0.0,0.0,0.0202178955078125,0.496,1.424,0.0,0.0,4.232,3.744,112.0,0.0,0.0,0.0,0
57,0.0,0.0,0.0,0.0,0.0,0.0,0,0,0.0,0.0,0.0,0.0,0.0,0.0,0.0,0.0,0.0063502788543701,0.0086069107055664,0.0083446502685546,0.0083446502685546,0.0066280364990234,0.0078678131103515,0.0084161758422851,0.0078678131103515,0.0,0.0,0.0104427337646484,0.0,0.0,0.0246763229370117,0.496,1.36,0.0,0.0,7.736,8.264,112.0,0.0,0.0,0.0,0
58,0.0,0.0,0.0,0.0,0.0,0.0,0,0,0.0,0.0,0.0,0.0,0.0,0.0,0.0,0.0,0.0059175491333007,0.0078678131103515,0.0078678131103515,0.0078678131103515,0.005960464477539,0.0081062316894531,0.0065326690673828,0.0081062316894531,0.0,0.0,0.010530153910319,0.0,0.0,0.0189542770385742,0.496,1.36,0.0,0.0,3.704,4.272,112.0,0.0,0.0,0.0,0
59,0.0,0.0,0.0,0.0,0.0,0.0,0,0,0.0,0.0,0.0,0.0,0.0,0.0,0.0,0.0,0.0060517989580904,0.0085830688476562,0.0088214874267578,0.0095844268798828,0.0066280364990234,0.0075101852416992,0.008392333984375,0.0076055526733398,0.0,0.0,0.0112056732177734,0.0,0.0,0.0205516815185546,1.344,2.208,0.0,0.0,4.232,3.744,113.256,0.0081062316894531,0.0081062316894531,1.192,0
60,0.0,0.0,0.0,0.0,0.0,0.0,0,0,0.0,0.0,0.0,0.0,0.0,0.0,0.0,0.0,0.0059699537742197,0.0083446502685546,0.0066757202148437,0.0066757202148437,0.0068187713623046,0.0116825103759765,0.0090599060058593,0.0116825103759765,0.0,0.0,0.0103712081909179,0.0,0.0,0.023651123046875,0.496,1.36,0.0,0.0,7.736,8.264,113.256,0.0073909759521484,0.0073909759521484,1.192,0
61,0.0,0.0,0.0,0.0,0.0,0.0,0,0,0.0,0.0,0.0,0.0,0.0,0.0,0.0,0.0,0.0059438582083479,0.0081062316894531,0.0071525573730468,0.0071525573730468,0.0065803527832031,0.0102519989013671,0.008249282836914,0.0102519989013671,0.0,0.0,0.0116348266601562,0.0,0.0,0.0218391418457031,0.496,1.36,0.0,0.0,4.232,3.744,113.256,0.0066757202148437,0.0066757202148437,1.192,0
62,0.0,0.0,0.0,0.0,0.0,0.0,0,0,0.0,0.0,0.0,0.0,0.0,0.0,0.0,0.0,0.0059545336671136,0.00762939453125,0.0100135803222656,0.0100135803222656,0.0067133652536492,0.0088214874267578,0.0097274780273437,0.0088214874267578,0.0,0.0,0.0108083089192708,0.0,0.0,0.0252723693847656,0.496,1.36,0.0,0.0,15.016,15.048,117.192,0.0053048133850097,0.0080585479736328,40.176,0
63,0.0,0.0,0.0,0.0,0.0,0.0,0,0,0.0,0.0,0.0,0.0,0.0,0.0,0.0,0.0,0.0066559489180402,0.0085830688476562,0.00762939453125,0.00762939453125,0.0063657760620117,0.0147819519042968,0.0084400177001953,0.0147819519042968,0.0,0.0,0.010848045349121,0.0,0.0,0.0253915786743164,0.496,1.424,0.0,0.0,7.736,8.264,128.896,0.0041776401981426,0.0050067901611328,1288.168,0
64,0.0,0.0,0.0,0.0,0.0,0.0,0,0,0.0,0.0,0.0,0.0,0.0,0.0,0.0,0.0,0.0066018104553222,0.0085830688476562,0.0083446502685546,0.0083446502685546,0.0062942504882812,0.0078678131103515,0.0082015991210937,0.0078678131103515,0.0,0.0,0.012826919555664,0.0,0.0,0.0235557556152343,0.496,1.424,0.0,0.0,4.232,3.744,112.0,0.0042915344238281,0.0049352645874023,37.824,0
65,0.0,0.0,0.0,0.0,0.0,0.0,0,0,0.0,0.0,0.0,0.0,0.0,0.0,0.0,0.0,0.006422996520996,0.0078678131103515,0.0078678131103515,0.0078678131103515,0.0063896179199218,0.0073909759521484,0.008249282836914,0.0073909759521484,0.0,0.0,0.0117301940917968,0.0,0.0,0.0218391418457031,0.496,1.392,0.0,0.0,4.232,3.744,112.0,0.0,0.0,0.0,0
66,0.0,0.0,0.0,0.0,0.0,0.0,0,0,0.0,0.0,0.0,0.0,0.0,0.0,0.0,0.0,0.0065767765045166,0.0085830688476562,0.0083446502685546,0.0083446502685546,0.0064611434936523,0.0145435333251953,0.0089168548583984,0.0145435333251953,0.0,0.0,0.0110626220703125,0.0,0.0,0.0256299972534179,0.496,1.36,0.0,0.0,7.736,8.264,112.0,0.0,0.0,0.0,0
67,0.0,0.0,0.0,0.0,0.0,0.0,0,0,0.0,0.0,0.0,0.0,0.0,0.0,0.0,0.0,0.0059132528777169,0.0083208084106445,0.011444091796875,0.011444091796875,0.0062465667724609,0.0057220458984375,0.0080585479736328,0.0057220458984375,0.0,0.0,0.0108242034912109,0.0,0.0,0.0200271606445312,0.496,1.36,0.0,0.0,4.232,3.744,116.304,0.0069141387939453,0.0080585479736328,3.952,0
68,0.0,0.0,0.0,0.0,0.0,0.0,0,0,0.0,0.0,0.0,0.0,0.0,0.0,0.0,0.0,0.0061366358414072,0.0085830688476562,0.00762939453125,0.00762939453125,0.006103515625,0.0071525573730468,0.0078201293945312,0.0071525573730468,0.0,0.0,0.0114917755126953,0.0,0.0,0.021982192993164,0.496,1.424,0.0,0.0,4.232,3.744,123.64,0.0059008598327636,0.0078439712524414,22.8,0
69,0.0,0.0,0.0,0.0,0.0,0.0,0,0,0.0,0.0,0.0,0.0,0.0,0.0,0.0,0.0,0.0060130568111644,0.0081062316894531,0.0081062316894531,0.0081062316894531,0.0065088272094726,0.0078678131103515,0.0092983245849609,0.0078678131103515,0.0,0.0,0.0108957290649414,0.0,0.0,0.0253915786743164,0.496,1.424,0.0,0.0,7.736,8.264,124.128,0.0047848142426589,0.0062942504882812,170.264,0
70,0.0,0.0,0.0,0.0,0.0,0.0,0,0,0.0,0.0,0.0,0.0,0.0,0.0,0.0,0.0,0.0060653686523437,0.0085830688476562,0.0090599060058593,0.0090599060058593,0.0063896179199218,0.0112056732177734,0.0083446502685546,0.0112056732177734,0.0,0.0,0.0115394592285156,0.0,0.0,0.0202655792236328,0.496,1.424,0.0,0.0,4.232,3.744,112.0,0.0050067901611328,0.0050067901611328,2.056,0
71,0.0,0.0,0.0,0.0,0.0,0.0,0,0,0.0,0.0,0.0,0.0,0.0,0.0,0.0,0.0,0.0061190128326416,0.0081300735473632,0.0078678131103515,0.0078678131103515,0.0058174133300781,0.0090599060058593,0.0072479248046875,0.0090599060058593,0.0,0.0,0.0110149383544921,0.0,0.0,0.0207901000976562,0.496,1.392,0.0,0.0,4.232,3.744,112.0,0.0,0.0,0.0,0
72,0.0,0.0,0.0,0.0,0.0,0.0,0,0,0.0,0.0,0.0,0.0,0.0,0.0,0.0,0.0,0.0060784816741943,0.0083446502685546,0.0064373016357421,0.0064373016357421,0.0066280364990234,0.0119209289550781,0.0089883804321289,0.0119209289550781,0.0058412551879882,0.0083446502685546,0.0111103057861328,0.0070810317993164,0.0112056732177734,0.0249624252319335,0.496,1.36,1.696,1.696,7.736,8.264,112.0,0.0,0.0,0.0,0
73,0.0,0.0,0.0,0.0,0.0,0.0,0,0,0.0,0.0,0.0,0.0,0.0,0.0,0.0,0.0,0.006188154220581,0.0083446502685546,0.00762939453125,0.00762939453125,0.0062942504882812,0.0092983245849609,0.0081062316894531,0.0092983245849609,0.0,0.0,0.0127315521240234,0.0,0.0,0.0225543975830078,0.496,1.36,0.0,0.0,4.232,3.744,112.0,0.0,0.0,0.0,0
74,0.0,0.0,0.0,0.0,0.0,0.0,0,0,0.0,0.0,0.0,0.0,0.0,0.0,0.0,0.0,0.0060790806860473,0.0078678131103515,0.0066757202148437,0.0066757202148437,0.005960464477539,0.0064373016357421,0.0076770782470703,0.0064373016357421,0.0,0.0,0.011444091796875,0.0,0.0,0.0217914581298828,0.496,1.36,0.0,0.0,4.232,3.744,113.256,0.0088214874267578,0.0088214874267578,1.192,0
75,0.0,0.0,0.0,0.0,0.0,0.0,0,0,0.0,0.0,0.0,0.0,0.0,0.0,0.0,0.0,0.0061028039277489,0.0081062316894531,0.0083446502685546,0.0083446502685546,0.0066280364990234,0.0083446502685546,0.0085830688476562,0.0083446502685546,0.0,0.0,0.010848045349121,0.0,0.0,0.0256299972534179,0.496,1.36,0.0,0.0,7.736,8.264,113.256,0.0061988830566406,0.0061988830566406,1.192,0
76,0.0,0.0,0.0,0.0,0.0,0.0,0,0,0.0,0.0,0.0,0.0,0.0,0.0,0.0,0.0,0.0060107193741143,0.0082731246948242,0.0116825103759765,0.0116825103759765,0.0061511993408203,0.0102519989013671,0.0077724456787109,0.0102519989013671,0.0,0.0,0.0118255615234375,0.0,0.0,0.0226974487304687,0.496,1.36,0.0,0.0,4.232,3.744,122.912,0.0051259994506835,0.0057458877563476,9.984,0
77,0.0,0.0,0.0,0.0,0.0,0.0,0,0,0.0,0.0,0.0,0.0,0.0,0.0,0.0,0.0,0.0060165629667394,0.0081062316894531,0.0090599060058593,0.0090599060058593,0.005960464477539,0.0095367431640625,0.0076770782470703,0.0095367431640625,0.0,0.0,0.0115394592285156,0.0,0.0,0.0220775604248046,0.496,1.424,0.0,0.0,4.232,3.744,123.952,0.0062465667724609,0.0079631805419921,13.912,0
78,0.0,0.0,0.0,0.0,0.0,0.0,0,0,0.0,0.0,0.0,0.0,0.0,0.0,0.0,0.0,0.0060117244720458,0.0081300735473632,0.0064373016357421,0.0064373016357421,0.005960464477539,0.0064373016357421,0.008392333984375,0.0064373016357421,0.0,0.0,0.0111103057861328,0.0,0.0,0.0257253646850585,0.496,1.424,0.0,0.0,7.736,8.264,112.0,0.0047683715820312,0.0055313110351562,4.48,0
79,0.0,0.0,0.0,0.0,0.0,0.0,0,0,0.0,0.0,0.0,0.0,0.0,0.0,0.0,0.0,0.0059806292329854,0.0081062316894531,0.0083446502685546,0.0083446502685546,0.0068187713623046,0.009775161743164,0.0088691711425781,0.009775161743164,0.0,0.0,0.0125885009765625,0.0,0.0,0.0225543975830078,0.496,1.392,0.0,0.0,4.232,3.744,114.344,0.0,0.0,0.0,0
80,0.0,0.0,0.0,0.0,0.0,0.0,0,0,0.0,0.0,0.0,0.0,0.0,0.0,0.0,0.0,0.0058269500732421,0.00762939453125,0.0109672546386718,0.0109672546386718,0.0060081481933593,0.0145435333251953,0.0075817108154296,0.0145435333251953,0.0,0.0,0.0134468078613281,0.0,0.0,0.0268936157226562,0.496,1.424,0.0,0.0,4.232,3.744,112.0,0.0,0.0,0.0,0
81,0.0,0.0,0.0,0.0,0.0,0.0,0,0,0.0,0.0,0.0,0.0,0.0,0.0,0.0,0.0,0.0060351926888992,0.0081062316894531,0.0083446502685546,0.0083446502685546,0.0063657760620117,0.0107288360595703,0.0088691711425781,0.0107288360595703,0.0,0.0,0.0108957290649414,0.0,0.0,0.0256061553955078,0.496,1.36,0.0,0.0,7.736,8.264,113.256,0.0047683715820312,0.0047683715820312,1.192,0
82,0.0,0.0,0.0,0.0,0.0,0.0,0,0,0.0,0.0,0.0,0.0,0.0,0.0,0.0,0.0,0.0059474166946031,0.0078678131103515,0.0066757202148437,0.0066757202148437,0.006103515625,0.0071525573730468,0.0077247619628906,0.0071525573730468,0.0,0.0,0.0111103057861328,0.0,0.0,0.0203132629394531,0.496,1.36,0.0,0.0,4.232,3.744,113.256,0.00762939453125,0.00762939453125,1.192,0
83,0.0,0.0,0.0,0.0,0.0,0.0,0,0,0.0,0.0,0.0,0.0,0.0,0.0,0.0,0.0,0.0058288004860949,0.0081062316894531,0.0071525573730468,0.0071525573730468,0.0068187713623046,0.0102519989013671,0.009012222290039,0.0102519989013671,0.0,0.0,0.0131130218505859,0.0,0.0,0.0240325927734375,0.496,1.36,0.0,0.0,4.232,3.744,113.256,0.0064373016357421,0.0064373016357421,1.192,0
84,0.0,0.0,0.0,0.0,0.0,0.0,0,0,0.0,0.0,0.0,0.0,0.0,0.0,0.0,0.0,0.0063192844390869,0.0085830688476562,0.0107288360595703,0.0107288360595703,0.0064373016357421,0.0121593475341796,0.0086545944213867,0.0121593475341796,0.0,0.0,0.0105142593383789,0.0,0.0,0.0246047973632812,0.496,1.36,0.0,0.0,7.736,8.264,112.0,0.0,0.0,0.0,0
85,0.0,0.0,0.0,0.0,0.0,0.0,0,0,0.0,0.0,0.0,0.0,0.0,0.0,0.0,0.0,0.0060277410072855,0.0078678131103515,0.0073909759521484,0.0073909759521484,0.0065326690673828,0.0083446502685546,0.0082969665527343,0.0083446502685546,0.0,0.0,0.0113964080810546,0.0,0.0,0.0215530395507812,0.496,1.36,0.0,0.0,4.232,3.744,118.144,0.0072717666625976,0.0099420547485351,18.352,0
86,0.0,0.0,0.0,0.0,0.0,0.0,0,0,0.0,0.0,0.0,0.0,0.0,0.0,0.0,0.0,0.006141895201148,0.0081062316894531,0.0095367431640625,0.0095367431640625,0.0063419342041015,0.00762939453125,0.008249282836914,0.00762939453125,0.0,0.0,0.0116348266601562,0.0,0.0,0.0221729278564453,0.496,1.424,0.0,0.0,4.232,3.744,133.0,0.005960464477539,0.0066995620727539,19.616,0
87,0.0,0.0,0.0,0.0,0.0,0.0,0,0,0.0,0.0,0.0,0.0,0.0,0.0,0.0,0.0,0.006040334701538,0.0078678131103515,0.0071525573730468,0.0071525573730468,0.0063419342041015,0.0092983245849609,0.008249282836914,0.0092983245849609,0.0,0.0,0.0119686126708984,0.0,0.0,0.0226497650146484,0.496,1.424,0.0,0.0,4.232,3.744,112.0,0.0,0.0,0.0,0
88,0.0,0.0,0.0,0.0,0.0,0.0,0,0,0.0,0.0,0.0,0.0,0.0,0.0,0.0,0.0,0.0059213211287313,0.00762939453125,0.0081062316894531,0.0081062316894531,0.0060796737670898,0.005960464477539,0.0085830688476562,0.005960464477539,0.0,0.0,0.011610984802246,0.0,0.0,0.0274658203125,0.496,1.36,0.0,0.0,7.736,8.264,113.256,0.0064373016357421,0.0064373016357421,1.192,0
89,0.0,0.0,0.0,0.0,0.0,0.0,0,0,0.0,0.0,0.0,0.0,0.0,0.0,0.0,0.0,0.0060351926888992,0.0083446502685546,0.0064373016357421,0.0064373016357421,0.0060081481933593,0.0123977661132812,0.0078201293945312,0.0123977661132812,0.0,0.0,0.011301040649414,0.0,0.0,0.0214576721191406,0.496,1.36,0.0,0.0,4.232,3.744,113.256,0.0057220458984375,0.0057220458984375,1.192,0
90,0.0,0.0,0.0,0.0,0.0,0.0,0,0,0.0,0.0,0.0,0.0,0.0,0.0,0.0,0.0,0.006050166517201,0.0081062316894531,0.0109672546386718,0.0109672546386718,0.006103515625,0.011444091796875,0.0079631805419921,0.011444091796875,0.0,0.0,0.0105857849121093,0.0,0.0,0.025033950805664,0.496,1.36,0.0,0.0,7.736,8.264,118.448,0.007033348083496,0.0084638595581054,11.888,0
91,0.0,0.0,0.0,0.0,0.0,0.0,0,0,0.0,0.0,0.0,0.0,0.0,0.0,0.0,0.0,0.0060796737670898,0.0081062316894531,0.0058412551879882,0.0068902969360351,0.0,0.0109672546386718,0.0,0.0121116638183593,0.0,0.0,0.0,0.0,0.0,0.0,1.344,2.272,0.0,0.0,0.0,0.0,112.0,0.0,0.0,0.0,0
92,0.0,0.0,0.0,0.0,0.0,0.0,0,0,0.0,0.0,0.0,0.0,0.0,0.0,0.0,0.0,0.0061380863189697,0.0081062316894531,0.0066757202148437,0.0066757202148437,0.0061988830566406,0.0081062316894531,0.0077724456787109,0.0081062316894531,0.0,0.0,0.0132083892822265,0.0,0.0,0.0244140625,0.496,1.36,0.0,0.0,4.232,3.744,112.0,0.0,0.0,0.0,0
93,0.0,0.0,0.0,0.0,0.0,0.0,0,0,0.0,0.0,0.0,0.0,0.0,0.0,0.0,0.0,0.0060623131909416,0.0085830688476562,0.0078678131103515,0.0078678131103515,0.0063419342041015,0.0085830688476562,0.0082015991210937,0.0085830688476562,0.0,0.0,0.0116348266601562,0.0,0.0,0.0223159790039062,0.496,1.36,0.0,0.0,4.232,3.744,143.152,0.0043800898960658,0.0065803527832031,407.0,0
94,0.0,0.0,0.0,0.0,0.0,0.0,0,0,0.0,0.0,0.0,0.0,0.0,0.0,0.0,0.0,0.0061476230621337,0.0085830688476562,0.0081062316894531,0.0081062316894531,0.0065962473551432,0.0069141387939453,0.0085830688476562,0.0069141387939453,0.0,0.0,0.011142094930013,0.0,0.0,0.027322769165039,0.496,1.424,0.0,0.0,11.968,12.008,112.0,0.0,0.0,0.0,1
95,0.0,0.0,0.0,0.0,0.0,0.0,0,0,0.0,0.0,0.0,0.0,0.0,0.0,0.0,0.0,0.0072735283762363,0.0095367431640625,0.0102519989013671,0.0102519989013671,0.0060558319091796,0.0133514404296875,0.0077247619628906,0.0133514404296875,0.0,0.0,0.0106334686279296,0.0,0.0,0.0203609466552734,0.496,1.36,0.0,0.0,4.232,3.744,123.64,21.195215861346828,21.439242362976078,42489.152,1
96,0.0,0.0,0.0,0.0,0.0,0.0,0,0,0.0,0.0,0.0,0.0,0.0,0.0,0.0,0.0,0.0070896907825375,0.0092983245849609,0.0109672546386718,0.0109672546386718,0.0061988830566406,0.0081062316894531,0.0081777572631835,0.0081062316894531,0.0,0.0,0.0105619430541992,0.0,0.0,0.0248670578002929,0.496,1.424,0.0,0.0,7.736,8.264,113.256,21.006107330322266,21.006107330322266,1.192,1
97,0.0,0.0,0.0,0.0,0.0,0.0,0,0,0.0,0.0,0.0,0.0,0.0,0.0,0.0,0.0,0.0060506127960053,0.0078678131103515,0.0081062316894531,0.0081062316894531,0.0,0.0069141387939453,0.0,0.0069141387939453,0.0,0.0,0.0,0.0,0.0,0.0,0.496,1.424,0.0,0.0,0.0,0.0,113.256,21.010637283325195,21.010637283325195,1.192,1
98,0.0,0.0,0.0,0.0,0.0,0.0,0,0,0.0,0.0,0.0,0.0,0.0,0.0,0.0,0.0,0.0060808658599853,0.0083446502685546,0.009775161743164,0.009775161743164,0.0063419342041015,0.0131130218505859,0.0083446502685546,0.0131130218505859,0.0,0.0,0.0117778778076171,0.0,0.0,0.0223159790039062,0.496,1.36,0.0,0.0,4.232,3.744,112.0,0.0,0.0,0.0,1
99,0.0,0.0,0.0,0.0,0.0,0.0,0,0,0.0,0.0,0.0,0.0,0.0,0.0,0.0,0.0,0.0058352947235107,0.0078916549682617,0.00762939453125,0.00762939453125,0.0065326690673828,0.0102519989013671,0.0085353851318359,0.0102519989013671,0.0,0.0,0.0110626220703125,0.0,0.0,0.020456314086914,0.496,1.36,0.0,0.0,4.232,3.744,112.0,0.0,0.0,0.0,1
100,0.0,0.0,0.0,0.0,0.0,0.0,0,0,0.0,0.0,0.0,0.0,0.0,0.0,0.0,0.0,0.0061233444969252,0.0083208084106445,0.00762939453125,0.00762939453125,0.0064032418387276,0.0102519989013671,0.0089883804321289,0.0102519989013671,0.0,0.0,0.011146068572998,0.0,0.0,0.0262260437011718,0.496,1.36,0.0,0.0,11.44,12.536,118.16,21.01004123687744,21.01013660430908,5.584,1
101,0.0,0.0,0.0,0.0,0.0,0.0,0,0,0.0,0.0,0.0,0.0,0.0,0.0,0.0,0.0,0.0059020519256591,0.00762939453125,0.0069141387939453,0.0069141387939453,0.0072002410888671,0.0081062316894531,0.0087738037109375,0.0081062316894531,0.0,0.0,0.0119686126708984,0.0,0.0,0.0229835510253906,0.496,1.424,0.0,0.0,4.232,3.744,112.0,0.0,0.0,0.0,1
102,0.0,0.0,0.0,0.0,0.0,0.0,0,0,0.0,0.0,0.0,0.0,0.0,0.0,0.0,0.0,0.0060942114853277,0.008249282836914,0.0102519989013671,0.0102519989013671,0.0058174133300781,0.0090599060058593,0.0071287155151367,0.0090599060058593,0.0,0.0,0.0109672546386718,0.0,0.0,0.0247955322265625,0.496,1.36,0.0,0.0,7.736,8.264,129.704,21.00839614868164,21.01004123687744,42.472,1
103,0.0,0.0,0.0,0.0,0.0,0.0,0,0,0.0,0.0,0.0,0.0,0.0,0.0,0.0,0.0,0.0061835392866984,0.0083208084106445,0.0078678131103515,0.0078678131103515,0.0,0.0095367431640625,0.0,0.0095367431640625,0.00762939453125,0.0081062316894531,0.0,0.0082015991210937,0.0107765197753906,0.0,0.496,1.424,1.696,1.696,0.0,0.0,118.448,21.007299423217773,21.007871627807617,12.696,1
104,0.0,0.0,0.0,0.0,0.0,0.0,0,0,0.0,0.0,0.0,0.0,0.0,0.0,0.0,0.0,0.0061372026282163,0.0081062316894531,0.0088214874267578,0.0088214874267578,0.005960464477539,0.0088214874267578,0.0073909759521484,0.0088214874267578,0.0,0.0,0.0115394592285156,0.0,0.0,0.0221729278564453,0.496,1.424,0.0,0.0,4.232,3.744,113.256,21.006107330322266,21.006107330322266,1.192,1
105,0.0,0.0,0.0,0.0,0.0,0.0,0,0,0.0,0.0,0.0,0.0,0.0,0.0,0.0,0.0,0.0059366226196289,0.0076532363891601,0.009775161743164,0.009775161743164,0.0066280364990234,0.0100135803222656,0.0094890594482421,0.0100135803222656,0.0,0.0,0.0113487243652343,0.0,0.0,0.0211238861083984,0.496,1.36,0.0,0.0,4.232,3.744,112.0,0.0,0.0,0.0,1
106,0.0,0.0,0.0,0.0,0.0,0.0,0,0,0.0,0.0,0.0,0.0,0.0,0.0,0.0,0.0,0.0059437751770019,0.0078678131103515,0.0073909759521484,0.0073909759521484,0.0066598256429036,0.00762939453125,0.0100135803222656,0.00762939453125,0.0,0.0,0.0106652577718098,0.0,0.0,0.0252723693847656,0.496,1.36,0.0,0.0,11.968,12.008,112.0,0.0,0.0,0.0,1
107,0.0,0.0,0.0,0.0,0.0,0.0,0,0,0.0,0.0,0.0,0.0,0.0,0.0,0.0,0.0,0.0060856342315673,0.0083446502685546,0.0073909759521484,0.0073909759521484,0.006723403930664,0.0104904174804687,0.0092983245849609,0.0104904174804687,0.0,0.0,0.0117778778076171,0.0,0.0,0.0223636627197265,0.496,1.36,0.0,0.0,4.232,3.744,112.0,0.0,0.0,0.0,1
108,0.0,0.0,0.0,0.0,0.0,0.0,0,0,0.0,0.0,0.0,0.0,0.0,0.0,0.0,0.0,0.0060570240020751,0.0081062316894531,0.0085830688476562,0.0085830688476562,0.0063657760620117,0.0064373016357421,0.0091791152954101,0.0064373016357421,0.0,0.0,0.0108003616333007,0.0,0.0,0.0260829925537109,0.496,1.36,0.0,0.0,7.736,8.264,112.0,0.0,0.0,0.0,1
109,0.0,0.0,0.0,0.0,0.0,0.0,0,0,0.0,0.0,0.0,0.0,0.0,0.0,0.0,0.0,0.0059650715998405,0.0081062316894531,0.0078678131103515,0.0078678131103515,0.0,0.0116825103759765,0.0,0.0116825103759765,0.0,0.0,0.0,0.0,0.0,0.0,0.496,1.36,0.0,0.0,0.0,0.0,140.472,21.008150918143137,21.012353897094727,31.352,1
110,0.0,0.0,0.0,0.0,0.0,0.0,0,0,0.0,0.0,0.0,0.0,0.0,0.0,0.0,0.0,0.0060387511751545,0.0081062316894531,0.0143051147460937,0.0143051147460937,0.0057697296142578,0.0121593475341796,0.0072956085205078,0.0121593475341796,0.0,0.0,0.0106334686279296,0.0,0.0,0.0202655792236328,0.496,1.424,0.0,0.0,4.232,3.744,113.256,21.010637283325195,21.010637283325195,1.192,1
111,0.0,0.0,0.0,0.0,0.0,0.0,0,0,0.0,0.0,0.0,0.0,0.0,0.0,0.0,0.0,0.0061158517106848,0.0081062316894531,0.0064373016357421,0.0064373016357421,0.0059127807617187,0.0078678131103515,0.0075340270996093,0.0078678131103515,0.0,0.0,0.0107765197753906,0.0,0.0,0.0209808349609375,0.496,1.36,0.0,0.0,4.232,3.744,113.256,21.00682258605957,21.00682258605957,1.192,1
112,0.0,0.0,0.0,0.0,0.0,0.0,0,0,0.0,0.0,0.0,0.0,0.0,0.0,0.0,0.0,0.0059545040130615,0.0081062316894531,0.0069141387939453,0.0069141387939453,0.0067869822184244,0.0100135803222656,0.0095844268798828,0.0100135803222656,0.0,0.0,0.0104904174804687,0.0,0.0,0.0258445739746093,0.496,1.36,0.0,0.0,11.968,12.008,112.0,0.0,0.0,0.0,1
113,0.0,0.0,0.0,0.0,0.0,0.0,0,0,0.0,0.0,0.0,0.0,0.0,0.0,0.0,0.0,0.0061416625976562,0.0083446502685546,0.0073909759521484,0.0073909759521484,0.0058650970458984,0.0102519989013671,0.0073909759521484,0.0102519989013671,0.0,0.0,0.011444091796875,0.0,0.0,0.0217437744140625,0.496,1.36,0.0,0.0,4.232,3.744,112.0,0.0,0.0,0.0,1
114,0.0,0.0,0.0,0.0,0.0,0.0,0,0,0.0,0.0,0.0,0.0,0.0,0.0,0.0,0.0,0.0060117244720458,0.0081062316894531,0.00762939453125,0.00762939453125,0.0058650970458984,0.0100135803222656,0.0083684921264648,0.0100135803222656,0.0,0.0,0.0108957290649414,0.0,0.0,0.0248432159423828,0.496,1.36,0.0,0.0,7.736,8.264,112.0,0.0,0.0,0.0,1
115,0.0,0.0,0.0,0.0,0.0,0.0,0,0,0.0,0.0,0.0,0.0,0.0,0.0,0.0,0.0,0.0062154893258317,0.0083446502685546,0.00762939453125,0.00762939453125,0.0,0.0128746032714843,0.0,0.0128746032714843,0.0,0.0,0.0,0.0,0.0,0.0,0.496,1.36,0.0,0.0,0.0,0.0,117.192,21.014809608459476,21.01681232452393,18.192,1
116,0.0,0.0,0.0,0.0,0.0,0.0,0,0,0.0,0.0,0.0,0.0,0.0,0.0,0.0,0.0,0.0062818112580672,0.0085830688476562,0.0052452087402343,0.0052452087402343,0.0060796737670898,0.0104904174804687,0.0066041946411132,0.0104904174804687,0.0,0.0,0.0107288360595703,0.0,0.0,0.019073486328125,0.496,1.424,0.0,0.0,3.704,4.272,144.408,21.192777608287734,21.442174911499023,9921.336,1
117,0.0,0.0,0.0,0.0,0.0,0.0,0,0,0.0,0.0,0.0,0.0,0.0,0.0,0.0,0.0,0.0073874350821617,0.0100135803222656,0.0104904174804687,0.0104904174804687,0.0060558319091796,0.0152587890625,0.0076770782470703,0.0152587890625,0.0,0.0,0.0113964080810546,0.0,0.0,0.0211238861083984,0.496,1.424,0.0,0.0,4.232,3.744,118.448,21.191040304010063,21.44002914428711,33013.616,1
118,0.0,0.0,0.0,0.0,0.0,0.0,0,0,0.0,0.0,0.0,0.0,0.0,0.0,0.0,0.0,0.0066104813001642,0.0092983245849609,0.0081062316894531,0.0081062316894531,0.0060876210530598,0.0140666961669921,0.0085353851318359,0.0140666961669921,0.0,0.0,0.011603037516276,0.0,0.0,0.0295162200927734,0.496,1.424,0.0,0.0,11.968,12.008,113.256,21.00963592529297,21.012449264526367,19.768,1
119,0.0,0.0,0.0,0.0,0.0,0.0,0,0,0.0,0.0,0.0,0.0,0.0,0.0,0.0,0.0,0.0066104813001642,0.0092983245849609,0.0069141387939453,0.0069141387939453,0.0060081481933593,0.009775161743164,0.0077247619628906,0.009775161743164,0.0,0.0,0.0110626220703125,0.0,0.0,0.0208854675292968,0.496,1.424,0.0,0.0,4.232,3.744,113.256,21.00963592529297,21.012449264526367,19.768,1
120,0.0,0.0,0.0,0.0,0.0,0.0,0,0,0.0,0.0,0.0,0.0,0.0,0.0,0.0,0.0,0.0066104813001642,0.0092983245849609,0.0073909759521484,0.0073909759521484,0.005960464477539,0.0071525573730468,0.0081062316894531,0.0071525573730468,0.0,0.0,0.0105619430541992,0.0,0.0,0.0249862670898437,0.496,1.36,0.0,0.0,7.736,8.264,113.256,21.00963592529297,21.012449264526367,19.768,1
121,0.0,0.0,0.0,0.0,0.0,0.0,0,0,0.0,0.0,0.0,0.0,0.0,0.0,0.0,0.0,0.0061455057628119,0.0083446502685546,0.0081062316894531,0.0081062316894531,0.0,0.00762939453125,0.0,0.00762939453125,0.0,0.0,0.0,0.0,0.0,0.0,0.496,1.36,0.0,0.0,0.0,0.0,116.552,21.0115909576416,21.0115909576416,4.264,1
122,0.0,0.0,0.0,0.0,0.0,0.0,0,0,0.0,0.0,0.0,0.0,0.0,0.0,0.0,0.0,0.0061988830566406,0.0081300735473632,0.0073909759521484,0.0079631805419921,0.0067591667175292,0.0109672546386718,0.0084400177001953,0.0115394592285156,0.0,0.0,0.0108242034912109,0.0,0.0,0.0231027603149414,1.344,2.272,0.0,0.0,15.544,14.52,112.0,0.0,0.0,0.0,1
123,0.0,0.0,0.0,0.0,0.0,0.0,0,0,0.0,0.0,0.0,0.0,0.0,0.0,0.0,0.0,0.0061976968945555,0.0085830688476562,0.0064373016357421,0.0064373016357421,0.006103515625,0.0126361846923828,0.0075340270996093,0.0126361846923828,0.0,0.0,0.0109672546386718,0.0,0.0,0.0207424163818359,0.496,1.36,0.0,0.0,4.232,3.744,113.256,21.008729934692383,21.008729934692383,1.192,1
124,0.0,0.0,0.0,0.0,0.0,0.0,0,0,0.0,0.0,0.0,0.0,0.0,0.0,0.0,0.0,0.0062000692187257,0.0078678131103515,0.0090599060058593,0.0090599060058593,0.0061670939127604,0.0159740447998046,0.0089645385742187,0.0159740447998046,0.0,0.0,0.0107606252034505,0.0,0.0,0.0260829925537109,0.496,1.36,0.0,0.0,11.968,12.008,113.256,21.00849151611328,21.00849151611328,1.192,1
125,0.0,0.0,0.0,0.0,0.0,0.0,0,0,0.0,0.0,0.0,0.0,0.0,0.0,0.0,0.0,0.0063693523406982,0.0085830688476562,0.0081062316894531,0.0081062316894531,0.0061511993408203,0.0078678131103515,0.0078678131103515,0.0078678131103515,0.0,0.0,0.0106334686279296,0.0,0.0,0.0195980072021484,0.496,1.36,0.0,0.0,4.232,3.744,112.696,21.012544631958008,21.012544631958008,1.192,1
126,0.0,0.0,0.0,0.0,0.0,0.0,0,0,0.0,0.0,0.0,0.0,0.0,0.0,0.0,0.0,0.006035566329956,0.0081062316894531,0.0050067901611328,0.0050067901611328,0.0064373016357421,0.0061988830566406,0.0090837478637695,0.0061988830566406,0.0,0.0,0.0109195709228515,0.0,0.0,0.0260353088378906,0.496,1.36,0.0,0.0,7.736,8.264,112.0,0.0,0.0,0.0,1
127,0.0,0.0,0.0,0.0,0.0,0.0,0,0,0.0,0.0,0.0,0.0,0.0,0.0,0.0,0.0,0.0059378147125244,0.0078678131103515,0.0083446502685546,0.0083446502685546,0.0,0.0066757202148437,0.0,0.0066757202148437,0.0,0.0,0.0,0.0,0.0,0.0,0.496,1.36,0.0,0.0,0.0,0.0,112.0,0.0,0.0,0.0,1
128,0.0,0.0,0.0,0.0,0.0,0.0,0,0,0.0,0.0,0.0,0.0,0.0,0.0,0.0,0.0,0.0059020519256591,0.0076532363891601,0.0102519989013671,0.0102519989013671,0.0070095062255859,0.0102519989013671,0.0096321105957031,0.0102519989013671,0.0,0.0,0.011444091796875,0.0,0.0,0.0211715698242187,0.496,1.36,0.0,0.0,4.232,3.744,112.0,0.0,0.0,0.0,1
129,0.0,0.0,0.0,0.0,0.0,0.0,0,0,0.0,0.0,0.0,0.0,0.0,0.0,0.0,0.0,0.005803108215332,0.00762939453125,0.0073909759521484,0.0073909759521484,0.0062465667724609,0.0083446502685546,0.0080585479736328,0.0083446502685546,0.0,0.0,0.0124454498291015,0.0,0.0,0.0245571136474609,0.496,1.36,0.0,0.0,4.232,3.744,112.0,0.0,0.0,0.0,1
130,0.0,0.0,0.0,0.0,0.0,0.0,0,0,0.0,0.0,0.0,0.0,0.0,0.0,0.0,0.0,0.0060784934770942,0.0080823898315429,0.00762939453125,0.00762939453125,0.0065485636393229,0.0095367431640625,0.0089645385742187,0.0095367431640625,0.0,0.0,0.0115871429443359,0.0,0.0,0.0280380249023437,0.496,1.36,0.0,0.0,11.968,12.008,118.448,21.037578582763672,21.08261585235596,26.192,1
131,0.0,0.0,0.0,0.0,0.0,0.0,0,0,0.0,0.0,0.0,0.0,0.0,0.0,0.0,0.0,0.0062468005161659,0.0083446502685546,0.0069141387939453,0.0069141387939453,0.005960464477539,0.0064373016357421,0.00762939453125,0.0064373016357421,0.0,0.0,0.0110149383544921,0.0,0.0,0.0205516815185546,0.496,1.424,0.0,0.0,4.232,3.744,120.816,21.009743213653564,21.013522148132324,7.888,1
132,0.0,0.0,0.0,0.0,0.0,0.0,0,0,0.0,0.0,0.0,0.0,0.0,0.0,0.0,0.0,0.0058294522880327,0.0078678131103515,0.0071525573730468,0.0071525573730468,0.0061988830566406,0.0061988830566406,0.0081539154052734,0.0061988830566406,0.0,0.0,0.0112056732177734,0.0,0.0,0.0271320343017578,0.496,1.424,0.0,0.0,7.736,8.264,116.096,21.00646495819092,21.00694179534912,3.744,1
133,0.0,0.0,0.0,0.0,0.0,0.0,0,0,0.0,0.0,0.0,0.0,0.0,0.0,0.0,0.0,0.0062322616577148,0.0083446502685546,0.0095367431640625,0.0095367431640625,0.0,0.0100135803222656,0.0,0.0100135803222656,0.0054836273193359,0.0140666961669921,0.0,0.0054836273193359,0.0140666961669921,0.0,0.496,1.424,0.848,0.848,0.0,0.0,112.0,0.0,0.0,0.0,1
134,0.0,0.0,0.0,0.0,0.0,0.0,0,0,0.0,0.0,0.0,0.0,0.0,0.0,0.0,0.0,0.0060915946960449,0.0081062316894531,0.0073909759521484,0.0073909759521484,0.005960464477539,0.0069141387939453,0.0075340270996093,0.0069141387939453,0.00762939453125,0.0045299530029296,0.0109672546386718,0.00762939453125,0.0045299530029296,0.0202655792236328,0.496,1.36,0.848,0.848,4.232,3.744,112.0,0.0,0.0,0.0,1
135,0.0,0.0,0.0,0.0,0.0,0.0,0,0,0.0,0.0,0.0,0.0,0.0,0.0,0.0,0.0,0.0059497890187733,0.0078678131103515,0.0073909759521484,0.0073909759521484,0.005960464477539,0.009775161743164,0.0076770782470703,0.009775161743164,0.0,0.0,0.0115394592285156,0.0,0.0,0.0219345092773437,0.496,1.36,0.0,0.0,4.232,3.744,117.192,21.021604537963867,21.021604537963867,5.56,1
136,0.0,0.0,0.0,0.0,0.0,0.0,0,0,0.0,0.0,0.0,0.0,0.0,0.0,0.0,0.0,0.0060093402862548,0.0081300735473632,0.0088214874267578,0.0088214874267578,0.0063101450602213,0.0069141387939453,0.0087738037109375,0.0069141387939453,0.0,0.0,0.01220703125,0.0,0.0,0.0287055969238281,0.496,1.424,0.0,0.0,11.968,12.008,112.0,0.0,0.0,0.0,1
137,0.0,0.0,0.0,0.0,0.0,0.0,0,0,0.0,0.0,0.0,0.0,0.0,0.0,0.0,0.0,0.0062852665997933,0.0085830688476562,0.0078678131103515,0.0078678131103515,0.0068187713623046,0.0078678131103515,0.0095844268798828,0.0078678131103515,0.0,0.0,0.0114917755126953,0.0,0.0,0.0218868255615234,0.496,1.36,0.0,0.0,4.232,3.744,135.384,21.00988796779088,21.0160493850708,59.472,1
138,0.0,0.0,0.0,0.0,0.0,0.0,0,0,0.0,0.0,0.0,0.0,0.0,0.0,0.0,0.0,0.0060655102871432,0.0083208084106445,0.0071525573730468,0.0071525573730468,0.0058650970458984,0.0102519989013671,0.0073909759521484,0.0102519989013671,0.0,0.0,0.0126361846923828,0.0,0.0,0.0247478485107421,0.496,1.424,0.0,0.0,4.232,3.744,116.544,21.00813388824463,21.008801460266117,4.192,1
139,0.0,0.0,0.0,0.0,0.0,0.0,0,0,0.0,0.0,0.0,0.0,0.0,0.0,0.0,0.0,0.0060909423068981,0.0078678131103515,0.0092983245849609,0.0092983245849609,0.0060558319091796,0.0069141387939453,0.0080585479736328,0.0069141387939453,0.0,0.0,0.0119209289550781,0.0,0.0,0.0214099884033203,0.496,1.424,0.0,0.0,3.504,4.52,113.256,21.005868911743164,21.005868911743164,1.192,1
140,0.0,0.0,0.0,0.0,0.0,0.0,0,0,0.0,0.0,0.0,0.0,0.0,0.0,0.0,0.0,0.0061440467834472,0.0083446502685546,0.0090599060058593,0.0090599060058593,0.0061988830566406,0.00762939453125,0.0080585479736328,0.00762939453125,0.0,0.0,0.011301040649414,0.0,0.0,0.0214099884033203,0.496,1.36,0.0,0.0,4.232,3.744,112.0,0.0,0.0,0.0,1
141,0.0,0.0,0.0,0.0,0.0,0.0,0,0,0.0,0.0,0.0,0.0,0.0,0.0,0.0,0.0,0.0062831005646814,0.0081062316894531,0.0064373016357421,0.0064373016357421,0.0063419342041015,0.0095367431640625,0.008249282836914,0.0095367431640625,0.0077088673909505,0.0075101852416992,0.0107288360595703,0.009775161743164,0.009775161743164,0.0202178955078125,0.496,1.36,8.192,11.168,4.232,3.744,116.632,21.013259887695312,21.013259887695312,4.344,1
142,0.0,0.0,0.0,0.0,0.0,0.0,0,0,0.0,0.0,0.0,0.0,0.0,0.0,0.0,0.0,0.0063180923461914,0.0085830688476562,0.0085830688476562,0.0085830688476562,0.0059843063354492,0.0100135803222656,0.0081062316894531,0.0100135803222656,0.0069141387939453,0.0056425730387369,0.010228157043457,0.0069141387939453,0.006103515625,0.0241279602050781,0.496,1.424,2.56,13.424,7.736,8.264,112.0,0.0,0.0,0.0,1
143,0.0,0.0,0.0,0.0,0.0,0.0,0,0,0.0,0.0,0.0,0.0,0.0,0.0,0.0,0.0,0.0062152451159907,0.0085830688476562,0.0095367431640625,0.0095367431640625,0.0070095062255859,0.0109672546386718,0.0099658966064453,0.0109672546386718,0.0,0.0,0.0113964080810546,0.0,0.0,0.0208377838134765,0.496,1.36,0.0,0.0,4.232,3.744,128.144,21.007299423217773,21.010255813598636,26.808,1
144,0.0,0.0,0.0,0.0,0.0,0.0,0,0,0.0,0.0,0.0,0.0,0.0,0.0,0.0,0.0,0.0059699067975034,0.0083446502685546,0.0078678131103515,0.0078678131103515,0.005960464477539,0.0157356262207031,0.0074386596679687,0.0157356262207031,0.0077486038208007,0.0066161155700683,0.0113964080810546,0.010085105895996,0.0069141387939453,0.021219253540039,0.496,1.424,5.696,8.608,4.232,3.744,118.448,21.02484703063965,21.06146812438965,35.464,1
145,0.0,0.0,0.0,0.0,0.0,0.0,0,0,0.0,0.0,0.0,0.0,0.0,0.0,0.0,0.0,0.0063708765589775,0.0085830688476562,0.0085830688476562,0.0085830688476562,0.0062465667724609,0.0061988830566406,0.0085830688476562,0.0061988830566406,0.0099658966064453,0.0065803527832031,0.0113725662231445,0.01220703125,0.0088214874267578,0.0278234481811523,0.496,1.424,16.656,5.04,7.736,8.264,114.992,21.013061205546062,21.01147174835205,82.944,1
146,0.0,0.0,0.0,0.0,0.0,0.0,0,0,0.0,0.0,0.0,0.0,0.0,0.0,0.0,0.0,0.0068220761742922,0.0085830688476562,0.0071525573730468,0.0071525573730468,0.0063896179199218,0.0073909759521484,0.0089168548583984,0.0073909759521484,0.0,0.0,0.01068115234375,0.0,0.0,0.0201702117919921,0.496,1.84,0.0,0.0,4.232,3.744,116.096,21.007347106933597,21.009302139282227,10.152,1
147,0.0,0.0,0.0,0.0,0.0,0.0,0,0,0.0,0.0,0.0,0.0,0.0,0.0,0.0,0.0,0.0068220761742922,0.0085830688476562,0.0085830688476562,0.0085830688476562,0.0065803527832031,0.0061988830566406,0.0090599060058593,0.0061988830566406,0.0,0.0,0.012063980102539,0.0,0.0,0.0220298767089843,0.496,1.84,0.0,0.0,4.232,3.744,116.096,21.007347106933597,21.009302139282227,10.152,1
148,0.0,0.0,0.0,0.0,0.0,0.0,0,0,0.0,0.0,0.0,0.0,0.0,0.0,0.0,0.0,0.0068220761742922,0.0085830688476562,0.0064373016357421,0.0064373016357421,0.0057935714721679,0.0066757202148437,0.0079154968261718,0.0066757202148437,0.0,0.0,0.0108003616333007,0.0,0.0,0.0263929367065429,0.496,1.776,0.0,0.0,7.736,8.264,116.096,21.007347106933597,21.009302139282227,10.152,1
149,0.0,0.0,0.0,0.0,0.0,0.0,0,0,0.0,0.0,0.0,0.0,0.0,0.0,0.0,0.0,0.0068220761742922,0.0085830688476562,0.0061988830566406,0.0061988830566406,0.0058174133300781,0.0066757202148437,0.0074386596679687,0.0066757202148437,0.0,0.0,0.0119686126708984,0.0,0.0,0.0237464904785156,0.496,1.776,0.0,0.0,4.232,3.744,116.096,21.007347106933597,21.009302139282227,10.152,1
150,0.0,0.0,0.0,0.0,0.0,0.0,0,0,0.0,0.0,0.0,0.0,0.0,0.0,0.0,0.0,0.0067708527513325,0.0082969665527343,0.0064373016357421,0.0064373016357421,0.0055432319641113,0.0112056732177734,0.0060558319091796,0.0112056732177734,0.0,0.0,0.0100930531819661,0.0,0.0,0.0180006027221679,0.496,1.776,0.0,0.0,3.704,4.272,119.016,21.008968353271484,21.01314067840576,8.128,1
151,0.0,0.0,0.0,0.0,0.0,0.0,0,0,0.0,0.0,0.0,0.0,0.0,0.0,0.0,0.0,0.0067052274647325,0.0083446502685546,0.0078678131103515,0.0078678131103515,0.0066757202148437,0.0143051147460937,0.0092267990112304,0.0143051147460937,0.0,0.0,0.0105857849121093,0.0,0.0,0.0257492065429687,0.496,1.84,0.0,0.0,7.736,8.264,115.52,21.00833257039388,21.011781692504883,18.728,1
152,0.0,0.0,0.0,0.0,0.0,0.0,0,0,0.0,0.0,0.0,0.0,0.0,0.0,0.0,0.0,0.006867878472627,0.0083446502685546,0.0073909759521484,0.0073909759521484,0.0058650970458984,0.0119209289550781,0.0072479248046875,0.0119209289550781,0.0,0.0,0.0109672546386718,0.0,0.0,0.0204086303710937,0.496,1.84,0.0,0.0,4.232,3.744,113.256,21.00825309753418,21.00825309753418,1.192,1
153,0.0,0.0,0.0,0.0,0.0,0.0,0,0,0.0,0.0,0.0,0.0,0.0,0.0,0.0,0.0,0.0068951602005839,0.0088214874267578,0.0078678131103515,0.010538101196289,0.0065326690673828,0.0110864639282226,0.0085830688476562,0.011754035949707,0.0,0.0,0.0103950500488281,0.0,0.0,0.0193119049072265,1.344,2.624,0.0,0.0,4.232,3.744,113.256,21.00658416748047,21.00658416748047,1.192,1
154,0.0,0.0,0.0,0.0,0.0,0.0,0,0,0.0,0.0,0.0,0.0,0.0,0.0,0.0,0.0,0.0068031105340695,0.0085115432739257,0.0073909759521484,0.0073909759521484,0.006270408630371,0.0064373016357421,0.008392333984375,0.0064373016357421,0.0,0.0,0.0110626220703125,0.0,0.0,0.026249885559082,0.496,1.776,0.0,0.0,7.736,8.264,127.232,21.007342772050336,21.00968360900879,47.752,1
155,0.0,0.0,0.0,0.0,0.0,0.0,0,0,0.0,0.0,0.0,0.0,0.0,0.0,0.0,0.0,0.0069022771730944,0.0088214874267578,0.0088214874267578,0.0088214874267578,0.0060558319091796,0.0109672546386718,0.0072479248046875,0.0109672546386718,0.0,0.0,0.0110626220703125,0.0,0.0,0.0203132629394531,0.496,1.84,0.0,0.0,4.232,3.744,117.192,21.00731266869439,21.01058959960937,80.144,1
156,0.0,0.0,0.0,0.0,0.0,0.0,0,0,0.0,0.0,0.0,0.0,0.0,0.0,0.0,0.0,0.0067150592803955,0.0083446502685546,0.0078678131103515,0.0078678131103515,0.0066757202148437,0.0081062316894531,0.009918212890625,0.0081062316894531,0.0,0.0,0.0104904174804687,0.0,0.0,0.019693374633789,0.496,1.84,0.0,0.0,4.232,3.744,112.0,0.0,0.0,0.0,1
157,0.0,0.0,0.0,0.0,0.0,0.0,0,0,0.0,0.0,0.0,0.0,0.0,0.0,0.0,0.0,0.0067746639251708,0.0085830688476562,0.0090599060058593,0.0090599060058593,0.006103515625,0.0119209289550781,0.0084400177001953,0.0119209289550781,0.0,0.0,0.0105619430541992,0.0,0.0,0.0257492065429687,0.496,1.776,0.0,0.0,7.736,8.264,112.0,0.0,0.0,0.0,1
158,0.0,0.0,0.0,0.0,0.0,0.0,0,0,0.0,0.0,0.0,0.0,0.0,0.0,0.0,0.0,0.0067077465911409,0.0083446502685546,0.0071525573730468,0.0071525573730468,0.0059127807617187,0.0107288360595703,0.0074386596679687,0.0107288360595703,0.0,0.0,0.0113964080810546,0.0,0.0,0.020456314086914,0.496,1.776,0.0,0.0,4.232,3.744,113.256,21.010875701904297,21.010875701904297,0.0,1
159,0.0,0.0,0.0,0.0,0.0,0.0,0,0,0.0,0.0,0.0,0.0,0.0,0.0,0.0,0.0,0.0066721617285885,0.0081062316894531,0.0092983245849609,0.0092983245849609,0.0066757202148437,0.00762939453125,0.0088691711425781,0.00762939453125,0.0,0.0,0.0110626220703125,0.0,0.0,0.0203609466552734,0.496,1.776,0.0,0.0,4.232,3.744,113.256,21.007061004638672,21.007061004638672,1.192,1
160,0.0,0.0,0.0,0.0,0.0,0.0,0,0,0.0,0.0,0.0,0.0,0.0,0.0,0.0,0.0,0.0068156873408834,0.0088214874267578,0.0073909759521484,0.0073909759521484,0.0063896179199218,0.0061988830566406,0.0088453292846679,0.0061988830566406,0.0,0.0,0.0110387802124023,0.0,0.0,0.0257730484008789,0.496,1.776,0.0,0.0,7.736,8.264,113.256,21.007776260375977,21.007776260375977,1.192,1
161,0.0,0.0,0.0,0.0,0.0,0.0,0,0,0.0,0.0,0.0,0.0,0.0,0.0,0.0,0.0,0.0067770481109619,0.0085830688476562,0.0081062316894531,0.0081062316894531,0.00762939453125,0.0247955322265625,0.0107288360595703,0.0247955322265625,0.0,0.0,0.0116348266601562,0.0,0.0,0.0218391418457031,0.496,1.776,0.0,0.0,4.232,3.744,112.0,0.0,0.0,1.192,1
162,0.0,0.0,0.0,0.0,0.0,0.0,0,0,0.0,0.0,0.0,0.0,0.0,0.0,0.0,0.0,0.0068952541540164,0.0087976455688476,0.0081062316894531,0.0081062316894531,0.0064849853515625,0.0123977661132812,0.0091075897216796,0.0123977661132812,0.0,0.0,0.0120162963867187,0.0,0.0,0.0226020812988281,0.496,1.776,0.0,0.0,4.232,3.744,119.712,21.00980281829834,21.010470390319824,7.68,1
163,0.0,0.0,0.0,0.0,0.0,0.0,0,0,0.0,0.0,0.0,0.0,0.0,0.0,0.0,0.0,0.0068831443786621,0.0088214874267578,0.0073909759521484,0.0073909759521484,0.006103515625,0.0061988830566406,0.0081300735473632,0.0061988830566406,0.0,0.0,0.0117063522338867,0.0,0.0,0.0259160995483398,0.496,1.84,0.0,0.0,7.736,8.264,112.0,0.0,0.0,0.0,1
164,0.0,0.0,0.0,0.0,0.0,0.0,0,0,0.0,0.0,0.0,0.0,0.0,0.0,0.0,0.0,0.0068223476409912,0.0085830688476562,0.0069141387939453,0.0069141387939453,0.006723403930664,0.0071525573730468,0.0088691711425781,0.0071525573730468,0.0,0.0,0.0110626220703125,0.0,0.0,0.0208377838134765,0.496,1.776,0.0,0.0,4.232,3.744,112.0,0.0,0.0,0.0,1
165,0.0,0.0,0.0,0.0,0.0,0.0,0,0,0.0,0.0,0.0,0.0,0.0,0.0,0.0,0.0,0.0066566467285156,0.0083446502685546,0.00762939453125,0.00762939453125,0.0067949295043945,0.0095367431640625,0.0086784362792968,0.0095367431640625,0.0,0.0,0.0109672546386718,0.0,0.0,0.0199079513549804,0.496,1.776,0.0,0.0,3.704,4.272,112.0,0.0,0.0,0.0,1
166,0.0,0.0,0.0,0.0,0.0,0.0,0,0,0.0,0.0,0.0,0.0,0.0,0.0,0.0,0.0,0.0067825975089237,0.0085830688476562,0.0081062316894531,0.0081062316894531,0.006723403930664,0.0102519989013671,0.0090360641479492,0.0102519989013671,0.0,0.0,0.011301040649414,0.0,0.0,0.0265836715698242,0.496,1.776,0.0,0.0,7.736,8.264,120.856,21.00984255472819,21.01101875305176,8.44,1
167,0.0,0.0,0.0,0.0,0.0,0.0,0,0,0.0,0.0,0.0,0.0,0.0,0.0,0.0,0.0,0.0068792482701743,0.0088214874267578,0.0071525573730468,0.0071525573730468,0.0057220458984375,0.0090599060058593,0.0071525573730468,0.0090599060058593,0.0,0.0,0.011301040649414,0.0,0.0,0.0220298767089843,0.496,1.84,0.0,0.0,4.232,3.744,125.704,21.007100741068523,21.008968353271484,26.576,1
168,0.0,0.0,0.0,0.0,0.0,0.0,0,0,0.0,0.0,0.0,0.0,0.0,0.0,0.0,0.0,0.0067480761020337,0.0085830688476562,0.0069141387939453,0.0069141387939453,0.0062942504882812,0.013589859008789,0.008249282836914,0.013589859008789,0.0,0.0,0.010538101196289,0.0,0.0,0.01983642578125,0.496,1.84,0.0,0.0,4.232,3.744,113.256,21.008729934692383,21.008729934692383,1.192,1
169,0.0,0.0,0.0,0.0,0.0,0.0,0,0,0.0,0.0,0.0,0.0,0.0,0.0,0.0,0.0,0.0067532062530517,0.0083446502685546,0.0071525573730468,0.0071525573730468,0.006270408630371,0.0123977661132812,0.0083446502685546,0.0123977661132812,0.0,0.0,0.0105857849121093,0.0,0.0,0.0267982482910156,0.496,1.776,0.0,0.0,7.736,8.264,112.0,0.0,0.0,0.0,1
170,0.0,0.0,0.0,0.0,0.0,0.0,0,0,0.0,0.0,0.0,0.0,0.0,0.0,0.0,0.0,0.0068557028676949,0.0085830688476562,0.0073909759521484,0.0073909759521484,0.0057697296142578,0.0138282775878906,0.0072479248046875,0.0138282775878906,0.0,0.0,0.0108718872070312,0.0,0.0,0.0209331512451171,0.496,1.776,0.0,0.0,4.232,3.744,123.744,21.007537841796875,21.010947227478027,18.976,1
171,0.0,0.0,0.0,0.0,0.0,0.0,0,0,0.0,0.0,0.0,0.0,0.0,0.0,0.0,0.0,0.0069770053844546,0.0090599060058593,0.0066757202148437,0.0066757202148437,0.0058174133300781,0.0078678131103515,0.0072479248046875,0.0078678131103515,0.0,0.0,0.0107288360595703,0.0,0.0,0.0203609466552734,0.496,1.84,0.0,0.0,4.232,3.744,114.456,21.118900992653582,21.39854431152344,273.464,1
172,0.0,0.0,0.0,0.0,0.0,0.0,0,0,0.0,0.0,0.0,0.0,0.0,0.0,0.0,0.0,0.0067687034606933,0.0086069107055664,0.0069141387939453,0.0069141387939453,0.0059127807617187,0.0092983245849609,0.0073909759521484,0.0092983245849609,0.0,0.0,0.0109672546386718,0.0,0.0,0.0207424163818359,0.496,1.84,0.0,0.0,4.232,3.744,112.0,0.0,0.0,0.0,1
173,0.0,0.0,0.0,0.0,0.0,0.0,0,0,0.0,0.0,0.0,0.0,0.0,0.0,0.0,0.0,0.0067611238849696,0.0083446502685546,0.0090599060058593,0.0090599060058593,0.005960464477539,0.0088214874267578,0.0077247619628906,0.0088214874267578,0.0,0.0,0.0122547149658203,0.0,0.0,0.0229358673095703,0.496,1.776,0.0,0.0,4.232,3.744,113.256,21.007299423217773,21.007299423217773,1.192,1
174,0.0,0.0,0.0,0.0,0.0,0.0,0,0,0.0,0.0,0.0,0.0,0.0,0.0,0.0,0.0,0.0067884056129265,0.0085830688476562,0.0085830688476562,0.0085830688476562,0.0060081481933593,0.0057220458984375,0.0078201293945312,0.0057220458984375,0.0,0.0,0.0109195709228515,0.0,0.0,0.0206470489501953,0.496,1.776,0.0,0.0,4.232,3.744,113.256,21.014928817749023,21.014928817749023,1.192,1
175,0.0,0.0,0.0,0.0,0.0,0.0,0,0,0.0,0.0,0.0,0.0,0.0,0.0,0.0,0.0,0.0066567416214824,0.0083446502685546,0.0066757202148437,0.0066757202148437,0.0062942504882812,0.0078678131103515,0.0082254409790039,0.0078678131103515,0.0081062316894531,0.0095367431640625,0.0118494033813476,0.0094413757324218,0.0127792358398437,0.0262975692749023,0.496,1.776,1.696,1.696,7.736,8.264,113.256,21.007061004638672,21.007061004638672,1.192,1
176,0.0,0.0,0.0,0.0,0.0,0.0,0,0,0.0,0.0,0.0,0.0,0.0,0.0,0.0,0.0,0.0065541267395019,0.0078678131103515,0.00762939453125,0.00762939453125,0.0,0.0064373016357421,0.0,0.0064373016357421,0.0,0.0,0.0,0.0,0.0,0.0,0.496,1.776,0.0,0.0,0.0,0.0,112.0,0.0,0.0,0.0,1
177,0.0,0.0,0.0,0.0,0.0,0.0,0,0,0.0,0.0,0.0,0.0,0.0,0.0,0.0,0.0,0.006725788116455,0.0085830688476562,0.0066757202148437,0.0066757202148437,0.0,0.0088214874267578,0.0,0.0088214874267578,0.0,0.0,0.0,0.0,0.0,0.0,0.496,1.776,0.0,0.0,0.0,0.0,112.0,0.0,0.0,0.0,1
178,0.0,0.0,0.0,0.0,0.0,0.0,0,0,0.0,0.0,0.0,0.0,0.0,0.0,0.0,0.0,0.0067362144811829,0.0081062316894531,0.0081062316894531,0.0081062316894531,0.0,0.0071525573730468,0.0,0.0071525573730468,0.0,0.0,0.0,0.0,0.0,0.0,0.496,1.776,0.0,0.0,0.0,0.0,115.4,21.0111141204834,21.0111141204834,3.112,1
179,0.0,0.0,0.0,0.0,0.0,0.0,0,0,0.0,0.0,0.0,0.0,0.0,0.0,0.0,0.0,0.0065605814863995,0.0080108642578124,0.0071525573730468,0.0071525573730468,0.0061988830566406,0.0147819519042968,0.0076770782470703,0.0147819519042968,0.0,0.0,0.0118732452392578,0.0,0.0,0.0218868255615234,0.496,1.84,0.0,0.0,4.232,3.744,131.832,21.008412043253585,21.010994911193848,39.408,1
180,0.0,0.0,0.0,0.0,0.0,0.0,0,0,0.0,0.0,0.0,0.0,0.0,0.0,0.0,0.0,0.0068061980442028,0.0083446502685546,0.0066757202148437,0.0066757202148437,0.0060081481933593,0.0069141387939453,0.0079631805419921,0.0069141387939453,0.0,0.0,0.0115871429443359,0.0,0.0,0.0218868255615234,0.496,1.84,0.0,0.0,4.232,3.744,113.256,21.00849151611328,21.00849151611328,1.192,1
181,0.0,0.0,0.0,0.0,0.0,0.0,0,0,0.0,0.0,0.0,0.0,0.0,0.0,0.0,0.0,0.0068940738640209,0.0088214874267578,0.0071525573730468,0.0071525573730468,0.0060796737670898,0.0085830688476562,0.0084161758422851,0.0085830688476562,0.0,0.0,0.0105619430541992,0.0,0.0,0.0252246856689453,0.496,1.776,0.0,0.0,7.736,8.264,115.552,21.00813388824463,21.008610725402832,3.2,1
182,0.0,0.0,0.0,0.0,0.0,0.0,0,0,0.0,0.0,0.0,0.0,0.0,0.0,0.0,0.0,0.0067913886344078,0.0083208084106445,0.0081062316894531,0.0081062316894531,0.006564458211263,0.0095367431640625,0.0086784362792968,0.0095367431640625,0.0,0.0,0.0098228454589843,0.0,0.0,0.0203132629394531,0.496,1.84,0.0,0.0,11.312,10.776,118.448,21.00801467895508,21.008968353271484,11.952,1
183,0.0,0.0,0.0,0.0,0.0,0.0,0,0,0.0,0.0,0.0,0.0,0.0,0.0,0.0,0.0,0.0067687034606933,0.0083684921264648,0.00762939453125,0.00762939453125,0.0,0.0078678131103515,0.0,0.0078678131103515,0.0,0.0,0.0,0.0,0.0,0.0,0.496,1.84,0.0,0.0,0.0,0.0,112.0,0.0,0.0,0.0,1
184,0.0,0.0,0.0,0.0,0.0,0.0,0,0,0.0,0.0,0.0,0.0,0.0,0.0,0.0,0.0,0.0066614151000976,0.0083446502685546,0.00762939453125,0.00762939453125,0.0,0.0123977661132812,0.0,0.0123977661132812,0.0,0.0,0.0,0.0,0.0,0.0,0.496,1.776,0.0,0.0,0.0,0.0,112.0,0.0,0.0,0.0,1
185,0.0,0.0,0.0,0.0,0.0,0.0,0,0,0.0,0.0,0.0,0.0,0.0,0.0,0.0,0.0,0.0068163871765136,0.0085830688476562,0.0054836273193359,0.0060558319091796,0.0057697296142578,0.0103712081909179,0.0072479248046875,0.0112295150756835,0.0,0.0,0.0110626220703125,0.0,0.0,0.0210762023925781,1.344,2.624,0.0,0.0,4.232,3.744,112.0,0.0,0.0,0.0,1
186,0.0,0.0,0.0,0.0,0.0,0.0,0,0,0.0,0.0,0.0,0.0,0.0,0.0,0.0,0.0,0.0066804885864257,0.0085830688476562,0.0088214874267578,0.0088214874267578,0.006723403930664,0.0069141387939453,0.0082015991210937,0.0069141387939453,0.0,0.0,0.0109672546386718,0.0,0.0,0.0206947326660156,0.496,1.776,0.0,0.0,4.232,3.744,112.0,0.0,0.0,0.0,1
187,0.0,0.0,0.0,0.0,0.0,0.0,0,0,0.0,0.0,0.0,0.0,0.0,0.0,0.0,0.0,0.0068073842062878,0.0088214874267578,0.0112056732177734,0.0112056732177734,0.0064108106825086,0.0078678131103515,0.0080585479736328,0.0078678131103515,0.0,0.0,0.0104687430641867,0.0,0.0,0.0269412994384765,0.496,1.776,0.0,0.0,7.208,8.792,113.256,21.00849151611328,21.00849151611328,1.192,1
188,0.0,0.0,0.0,0.0,0.0,0.0,0,0,0.0,0.0,0.0,0.0,0.0,0.0,0.0,0.0,0.0067504484262039,0.0083446502685546,0.0069141387939453,0.0069141387939453,0.0,0.0088214874267578,0.0,0.0088214874267578,0.0,0.0,0.0,0.0,0.0,0.0,0.496,1.776,0.0,0.0,0.0,0.0,113.256,21.007299423217773,21.007299423217773,1.192,1
189,0.0,0.0,0.0,0.0,0.0,0.0,0,0,0.0,0.0,0.0,0.0,0.0,0.0,0.0,0.0,0.006636576866036,0.0081062316894531,0.0064373016357421,0.0064373016357421,0.0,0.0123977661132812,0.0,0.0123977661132812,0.0,0.0,0.0,0.0,0.0,0.0,0.496,1.776,0.0,0.0,0.0,0.0,113.256,21.0113525390625,21.0113525390625,1.192,1
190,0.0,0.0,0.0,0.0,0.0,0.0,0,0,0.0,0.0,0.0,0.0,0.0,0.0,0.0,0.0,0.0066363811492919,0.0085830688476562,0.0064373016357421,0.0064373016357421,0.0,0.0073909759521484,0.0,0.0073909759521484,0.0,0.0,0.0,0.0,0.0,0.0,0.496,1.776,0.0,0.0,0.0,0.0,112.0,0.0,0.0,0.0,1
191,0.0,0.0,0.0,0.0,0.0,0.0,0,0,0.0,0.0,0.0,0.0,0.0,0.0,0.0,0.0,0.0065978210751372,0.0083446502685546,0.0104904174804687,0.0104904174804687,0.0062942504882812,0.0121593475341796,0.0081539154052734,0.0121593475341796,0.0,0.0,0.01068115234375,0.0,0.0,0.0194072723388671,0.496,1.776,0.0,0.0,4.232,3.744,118.368,21.008849143981934,21.01123332977295,5.792,1
192,0.0,0.0,0.0,0.0,0.0,0.0,0,0,0.0,0.0,0.0,0.0,0.0,0.0,0.0,0.0,0.0066471099853515,0.0081300735473632,0.0064373016357421,0.0064373016357421,0.0068187713623046,0.0073909759521484,0.0093460083007812,0.0073909759521484,0.0,0.0,0.0105857849121093,0.0,0.0,0.0195503234863281,0.496,1.84,0.0,0.0,4.232,3.744,112.0,0.0,0.0,0.0,1
193,0.0,0.0,0.0,0.0,0.0,0.0,0,0,0.0,0.0,0.0,0.0,0.0,0.0,0.0,0.0,0.006570816040039,0.0078678131103515,0.0078678131103515,0.0078678131103515,0.0067949295043945,0.0104904174804687,0.0086307525634765,0.0104904174804687,0.0,0.0,0.0107049942016601,0.0,0.0,0.0244617462158203,0.496,1.776,0.0,0.0,7.736,8.264,112.0,0.0,0.0,0.0,1
194,0.0,0.0,0.0,0.0,0.0,0.0,0,0,0.0,0.0,0.0,0.0,0.0,0.0,0.0,0.0,0.0066686032423332,0.0083446502685546,0.0078678131103515,0.0078678131103515,0.0,0.0064373016357421,0.0,0.0064373016357421,0.0,0.0,0.0,0.0,0.0,0.0,0.496,1.776,0.0,0.0,0.0,0.0,113.256,21.011829376220703,21.011829376220703,1.192,1
195,0.0,0.0,0.0,0.0,0.0,0.0,0,0,0.0,0.0,0.0,0.0,0.0,0.0,0.0,0.0,0.0066745340527586,0.0083446502685546,0.0066757202148437,0.0066757202148437,0.0,0.0083446502685546,0.0,0.0083446502685546,0.0,0.0,0.0,0.0,0.0,0.0,0.496,1.776,0.0,0.0,0.0,0.0,113.256,21.00658416748047,21.00658416748047,1.192,1
196,0.0,0.0,0.0,0.0,0.0,0.0,0,0,0.0,0.0,0.0,0.0,0.0,0.0,0.0,0.0,0.006622342921015,0.0078678131103515,0.009775161743164,0.009775161743164,0.0,0.0069141387939453,0.0,0.0069141387939453,0.0,0.0,0.0,0.0,0.0,0.0,0.496,1.776,0.0,0.0,0.0,0.0,113.256,21.006345748901367,21.006345748901367,1.192,1
197,0.0,0.0,0.0,0.0,0.0,0.0,0,0,0.0,0.0,0.0,0.0,0.0,0.0,0.0,0.0,0.0066816806793212,0.0083446502685546,0.0066757202148437,0.0066757202148437,0.0061511993408203,0.0069141387939453,0.0079631805419921,0.0069141387939453,0.0,0.0,0.011301040649414,0.0,0.0,0.0220775604248046,0.496,1.776,0.0,0.0,4.232,3.744,112.0,0.0,0.0,0.0,1
198,0.0,0.0,0.0,0.0,0.0,0.0,0,0,0.0,0.0,0.0,0.0,0.0,0.0,0.0,0.0,0.0065696239471435,0.0078916549682617,0.0073909759521484,0.0073909759521484,0.0058174133300781,0.0071525573730468,0.0074386596679687,0.0071525573730468,0.0,0.0,0.0104427337646484,0.0,0.0,0.019693374633789,0.496,1.776,0.0,0.0,4.232,3.744,112.0,0.0,0.0,0.0,1
199,0.0,0.0,0.0,0.0,0.0,0.0,0,0,0.0,0.0,0.0,0.0,0.0,0.0,0.0,0.0,0.0066757202148437,0.0085830688476562,0.0112056732177734,0.0112056732177734,0.0058412551879882,0.0083446502685546,0.0081300735473632,0.0083446502685546,0.0,0.0,0.0103235244750976,0.0,0.0,0.0240564346313476,0.496,1.776,0.0,0.0,7.736,8.264,116.528,21.01278305053711,21.013545989990234,3.952,1
200,0.0,0.0,0.0,0.0,0.0,0.0,0,0,0.0,0.0,0.0,0.0,0.0,0.0,0.0,0.0,0.0067736842844745,0.0087738037109375,0.00762939453125,0.00762939453125,0.0,0.0121593475341796,0.0,0.0121593475341796,0.0,0.0,0.0,0.0,0.0,0.0,0.496,1.84,0.0,0.0,0.0,0.0,119.552,21.036922931671143,21.08147144317627,27.84,1
201,0.0,0.0,0.0,0.0,0.0,0.0,0,0,0.0,0.0,0.0,0.0,0.0,0.0,0.0,0.0,0.0067148635636514,0.0083446502685546,0.00762939453125,0.00762939453125,0.0,0.0083446502685546,0.0,0.0083446502685546,0.0,0.0,0.0,0.0,0.0,0.0,0.496,1.84,0.0,0.0,0.0,0.0,113.256,21.0111141204834,21.0111141204834,1.192,1
202,0.0,0.0,0.0,0.0,0.0,0.0,0,0,0.0,0.0,0.0,0.0,0.0,0.0,0.0,0.0,0.0067540069124591,0.0083446502685546,0.0064373016357421,0.0064373016357421,0.0,0.0083446502685546,0.0,0.0083446502685546,0.0,0.0,0.0,0.0,0.0,0.0,0.496,1.776,0.0,0.0,0.0,0.0,113.256,21.0111141204834,21.0111141204834,1.192,1
203,0.0,0.0,0.0,0.0,0.0,0.0,0,0,0.0,0.0,0.0,0.0,0.0,0.0,0.0,0.0,0.0067508866634274,0.0083446502685546,0.0081062316894531,0.0081062316894531,0.0077724456787109,0.0202655792236328,0.0123023986816406,0.0202655792236328,0.0,0.0,0.0110149383544921,0.0,0.0,0.0202655792236328,0.496,1.776,0.0,0.0,4.232,3.744,119.72,21.007458368937176,21.00839614868164,7.08,1
