time_seconds,a1_retransmissions_ul_count,a1_retransmissions_dl_count,a1_packet_loss_ul_percentage,a1_packet_loss_dl_percentage,e2_du_packet_loss_ul_percentage,e2_du_packet_loss_dl_percentage,e2_du_retransmissions_ul_count,e2_du_retransmissions_dl_count,f1_c_packet_loss_dl_percentage,f1_c_packet_loss_ul_percentage,f1_c_retransmissions_dl_count,f1_c_retransmissions_ul_count,f1_u_retransmissions_dl_count,f1_u_retransmissions_ul_count,f1_u_packet_loss_dl_percentage,f1_u_packet_loss_ul_percentage,f1_u_latency_mean_ul_ms,f1_u_latency_p90_ul_ms,e2_du_latency_p90_ul_ms,e2_du_latency_mean_ul_ms,f1_u_latency_mean_dl_ms,f1_u_latency_p90_dl_ms,e2_du_latency_mean_dl_ms,e2_du_latency_p90_dl_ms,a1_latency_mean_ul_ms,f1_c_latency_mean_ul_ms,f1_c_latency_p90_ul_ms,a1_latency_p90_ul_ms,a1_latency_mean_dl_ms,a1_latency_p90_dl_ms,e2_du_throughput_dl_kbps,e2_du_throughput_ul_kbps,f1_c_throughput_dl_kbps,f1_c_throughput_ul_kbps,f1_u_throughput_ul_kbps,a1_throughput_dl_kbps,a1_throughput_ul_kbps,f1_c_latency_mean_dl_ms,f1_c_latency_p90_dl_ms,f1_u_throughput_dl_kbps,F-node
0,0.0,0.0,0.0,0.0,0.0,0.0,0,0,0.0,0.0,0.0,0.0,0.0,0.0,0.0,0.0,0.0063310755361424,0.0085830688476562,0.0095367431640625,0.0095367431640625,0.007033348083496,0.0078916549682617,0.0073909759521484,0.0073909759521484,0.0061239515032087,0.0100135803222656,0.0100135803222656,0.008249282836914,0.0095435551234654,0.0202655792236328,0.496,1.36,0.848,0.848,119.152,25.152,27.344,0.0095367431640625,0.0095367431640625,6.576,0
1,0.0,0.0,0.0,0.0,0.0,0.0,0,0,0.0,0.0,0.0,0.0,0.0,0.0,0.0,0.0,0.0063872918850038,0.0088214874267578,0.0078678131103515,0.0078678131103515,0.0054306454128689,0.007486343383789,0.0107288360595703,0.0107288360595703,0.0061239515032087,0.0100135803222656,0.0100135803222656,0.008249282836914,0.0095435551234654,0.0202655792236328,0.496,1.424,0.848,0.848,130.984,25.152,27.344,0.0095367431640625,0.0095367431640625,54.896,0
2,0.0,0.0,0.0,0.0,0.0,0.0,0,0,0.0,0.0,0.0,0.0,0.0,0.0,0.0,0.0,0.0061953421866539,0.0085830688476562,0.0085830688476562,0.0085830688476562,0.0049816934685958,0.0057697296142578,0.011444091796875,0.011444091796875,0.0061239515032087,0.0100135803222656,0.0100135803222656,0.008249282836914,0.0095435551234654,0.0202655792236328,0.496,1.424,0.848,0.848,116.352,25.152,27.344,0.0095367431640625,0.0095367431640625,45.72,0
3,0.0,0.0,0.0,0.0,0.0,0.0,0,0,0.0,0.0,0.0,0.0,0.0,0.0,0.0,0.0,0.006095017537032,0.0081062316894531,0.0112056732177734,0.0112056732177734,0.0046399923471304,0.0050067901611328,0.0092983245849609,0.0092983245849609,0.0061239515032087,0.0100135803222656,0.0100135803222656,0.008249282836914,0.0095435551234654,0.0202655792236328,0.496,1.424,0.848,0.848,116.48,25.152,27.344,0.0095367431640625,0.0095367431640625,32.84,0
4,0.0,0.0,0.0,0.0,0.0,0.0,0,0,0.0,0.0,0.0,0.0,0.0,0.0,0.0,0.0,0.0061906210266717,0.0083208084106445,0.0069141387939453,0.0069141387939453,0.00502382005964,0.0059843063354492,0.0090599060058593,0.0090599060058593,0.0061239515032087,0.0100135803222656,0.0100135803222656,0.008249282836914,0.0095435551234654,0.0202655792236328,0.496,1.424,0.848,0.848,116.48,25.152,27.344,0.0095367431640625,0.0095367431640625,32.192,0
5,0.0,0.0,0.0,0.0,0.0,0.0,0,0,0.0,0.0,0.0,0.0,0.0,0.0,0.0,0.0,0.0062000692187257,0.0085830688476562,0.0078678131103515,0.0078678131103515,0.0064373016357421,0.0087499618530273,0.0081062316894531,0.0081062316894531,0.0061239515032087,0.0100135803222656,0.0100135803222656,0.008249282836914,0.0095435551234654,0.0202655792236328,0.496,1.424,0.848,0.848,117.192,25.152,27.344,0.0095367431640625,0.0095367431640625,12.704,0
6,0.0,0.0,0.0,0.0,0.0,0.0,0,0,0.0,0.0,0.0,0.0,0.0,0.0,0.0,0.0,0.0061502504111522,0.0078678131103515,0.0071525573730468,0.0071525573730468,0.0056028366088867,0.007033348083496,0.0131130218505859,0.0131130218505859,0.0061239515032087,0.0100135803222656,0.0100135803222656,0.008249282836914,0.0095435551234654,0.0202655792236328,0.496,1.424,0.848,0.848,115.608,25.152,27.344,0.0095367431640625,0.0095367431640625,13.776,0
7,0.0,0.0,0.0,0.0,0.0,0.0,0,0,0.0,0.0,0.0,0.0,0.0,0.0,0.0,0.0,0.0060844421386718,0.0083446502685546,0.00762939453125,0.00762939453125,0.0052452087402343,0.0058174133300781,0.0081062316894531,0.0081062316894531,0.0061239515032087,0.0100135803222656,0.0100135803222656,0.008249282836914,0.0095435551234654,0.0202655792236328,0.496,1.424,0.848,0.848,112.0,25.152,27.344,0.0095367431640625,0.0095367431640625,4.784,0
8,0.0,0.0,0.0,0.0,0.0,0.0,0,0,0.0,0.0,0.0,0.0,0.0,0.0,0.0,0.0,0.0062779624863426,0.0088214874267578,0.0078678131103515,0.0078678131103515,0.0061307634626116,0.0073432922363281,0.0128746032714843,0.0128746032714843,0.0061239515032087,0.0100135803222656,0.0100135803222656,0.008249282836914,0.0095435551234654,0.0202655792236328,0.496,1.392,0.848,0.848,118.992,25.152,27.344,0.0095367431640625,0.0095367431640625,25.4,0
9,0.0,0.0,0.0,0.0,0.0,0.0,0,0,0.0,0.0,0.0,0.0,0.0,0.0,0.0,0.0,0.0061410488468585,0.0083208084106445,0.00762939453125,0.00762939453125,0.0046094258626302,0.0051498413085937,0.0069141387939453,0.0069141387939453,0.0061239515032087,0.0100135803222656,0.0100135803222656,0.008249282836914,0.0095435551234654,0.0202655792236328,0.496,1.424,0.848,0.848,117.136,25.152,27.344,0.0095367431640625,0.0095367431640625,27.624,0
10,0.0,0.0,0.0,0.0,0.0,0.0,0,0,0.0,0.0,0.0,0.0,0.0,0.0,0.0,0.0,0.0061115415969697,0.0085830688476562,0.0064373016357421,0.0064373016357421,0.0052981906467013,0.0064373016357421,0.0128746032714843,0.0128746032714843,0.0061239515032087,0.0100135803222656,0.0100135803222656,0.008249282836914,0.0095435551234654,0.0202655792236328,0.496,1.424,0.848,0.848,117.136,25.152,27.344,0.0095367431640625,0.0095367431640625,31.08,0
11,0.0,0.0,0.0,0.0,0.0,0.0,0,0,0.0,0.0,0.0,0.0,0.0,0.0,0.0,0.0,0.0058778441778504,0.0078678131103515,0.0066757202148437,0.0066757202148437,0.0053246815999348,0.0064373016357421,0.0126361846923828,0.0126361846923828,0.0061239515032087,0.0100135803222656,0.0100135803222656,0.008249282836914,0.0095435551234654,0.0202655792236328,0.496,1.424,0.848,0.848,117.136,25.152,27.344,0.0095367431640625,0.0095367431640625,37.736,0
12,0.0,0.0,0.0,0.0,0.0,0.0,0,0,0.0,0.0,0.0,0.0,0.0,0.0,0.0,0.0,0.0060956869552384,0.0083446502685546,0.0069141387939453,0.0069141387939453,0.0052303075790405,0.0065565109252929,0.0083446502685546,0.0083446502685546,0.0061239515032087,0.0100135803222656,0.0100135803222656,0.008249282836914,0.0095435551234654,0.0202655792236328,0.496,1.424,0.848,0.848,115.88,25.152,27.344,0.0095367431640625,0.0095367431640625,64.768,0
13,0.0,0.0,0.0,0.0,0.0,0.0,0,0,0.0,0.0,0.0,0.0,0.0,0.0,0.0,0.0,0.0060784816741943,0.0083446502685546,0.0090599060058593,0.0090599060058593,0.0052452087402343,0.0054836273193359,0.0164508819580078,0.0164508819580078,0.0061239515032087,0.0100135803222656,0.0100135803222656,0.008249282836914,0.0095435551234654,0.0202655792236328,0.496,1.424,0.848,0.848,112.0,25.152,27.344,0.0095367431640625,0.0095367431640625,13.6,0
14,0.0,0.0,0.0,0.0,0.0,0.0,0,0,0.0,0.0,0.0,0.0,0.0,0.0,0.0,0.0,0.0061063624140041,0.0085830688476562,0.0069141387939453,0.0069141387939453,0.0061988830566406,0.0061988830566406,0.0104904174804687,0.0104904174804687,0.0061239515032087,0.0100135803222656,0.0100135803222656,0.008249282836914,0.0095435551234654,0.0202655792236328,0.496,1.392,0.848,0.848,115.88,25.152,27.344,0.0095367431640625,0.0095367431640625,3.592,0
15,0.0,0.0,0.0,0.0,0.0,0.0,0,0,0.0,0.0,0.0,0.0,0.0,0.0,0.0,0.0,0.0060902963770498,0.0083446502685546,0.0078678131103515,0.0078678131103515,0.0055432319641113,0.0066041946411132,0.0069141387939453,0.0069141387939453,0.0061239515032087,0.0100135803222656,0.0100135803222656,0.008249282836914,0.0095435551234654,0.0202655792236328,0.496,1.424,0.848,0.848,118.992,25.152,27.344,0.0095367431640625,0.0095367431640625,12.832,0
16,0.0,0.0,0.0,0.0,0.0,0.0,0,0,0.0,0.0,0.0,0.0,0.0,0.0,0.0,0.0,0.0061087347381743,0.0081062316894531,0.0073909759521484,0.0073909759521484,0.0067710876464843,0.0080585479736328,0.009775161743164,0.009775161743164,0.0061239515032087,0.0100135803222656,0.0100135803222656,0.008249282836914,0.0095435551234654,0.0202655792236328,0.496,1.424,0.848,0.848,113.256,25.152,27.344,0.0095367431640625,0.0095367431640625,14.408,0
17,0.0,0.0,0.0,0.0,0.0,0.0,0,0,0.0,0.0,0.0,0.0,0.0,0.0,0.0,0.0,0.0061307634626116,0.0083446502685546,0.00762939453125,0.00762939453125,0.0056624412536621,0.0062942504882812,0.0109672546386718,0.0109672546386718,0.0061239515032087,0.0100135803222656,0.0100135803222656,0.008249282836914,0.0095435551234654,0.0202655792236328,0.496,1.392,0.848,0.848,120.632,25.152,27.344,0.0095367431640625,0.0095367431640625,11.584,0
18,0.0,0.0,0.0,0.0,0.0,0.0,0,0,0.0,0.0,0.0,0.0,0.0,0.0,0.0,0.0,0.0060666905771387,0.0078678131103515,0.0085830688476562,0.0085830688476562,0.0052928924560546,0.0057697296142578,0.0140666961669921,0.0140666961669921,0.0061239515032087,0.0100135803222656,0.0100135803222656,0.008249282836914,0.0095435551234654,0.0202655792236328,0.496,1.424,0.848,0.848,116.752,25.152,27.344,0.0095367431640625,0.0095367431640625,20.808,0
19,0.0,0.0,0.0,0.0,0.0,0.0,0,0,0.0,0.0,0.0,0.0,0.0,0.0,0.0,0.0,0.0059391135600075,0.0081062316894531,0.0073909759521484,0.0073909759521484,0.0054240226745605,0.0063657760620117,0.0083446502685546,0.0083446502685546,0.0061239515032087,0.0100135803222656,0.0100135803222656,0.008249282836914,0.0095435551234654,0.0202655792236328,0.496,1.424,0.848,0.848,115.88,25.152,27.344,0.0095367431640625,0.0095367431640625,13.6,0
20,0.0,0.0,0.0,0.0,0.0,0.0,0,0,0.0,0.0,0.0,0.0,0.0,0.0,0.0,0.0,0.0059926509857177,0.0081300735473632,0.0090599060058593,0.0090599060058593,0.0,0.0,0.0104904174804687,0.0104904174804687,0.0061239515032087,0.0100135803222656,0.0100135803222656,0.008249282836914,0.0095435551234654,0.0202655792236328,0.496,1.424,0.848,0.848,112.0,25.152,27.344,0.0095367431640625,0.0095367431640625,0.0,0
21,0.0,0.0,0.0,0.0,0.0,0.0,0,0,0.0,0.0,0.0,0.0,0.0,0.0,0.0,0.0,0.0060999393463134,0.0081062316894531,0.0078678131103515,0.0078678131103515,0.0,0.0,0.0095367431640625,0.0095367431640625,0.0061239515032087,0.0100135803222656,0.0100135803222656,0.008249282836914,0.0095435551234654,0.0202655792236328,0.496,1.36,0.848,0.848,112.0,25.152,27.344,0.0095367431640625,0.0095367431640625,0.0,0
22,0.0,0.0,0.0,0.0,0.0,0.0,0,0,0.0,0.0,0.0,0.0,0.0,0.0,0.0,0.0,0.0059827795169623,0.0081062316894531,0.0071525573730468,0.0071525573730468,0.0057220458984375,0.0077247619628906,0.0102519989013671,0.0102519989013671,0.0061239515032087,0.0100135803222656,0.0100135803222656,0.008249282836914,0.0095435551234654,0.0202655792236328,0.496,1.36,0.848,0.848,123.256,25.152,27.344,0.0095367431640625,0.0095367431640625,10.392,0
23,0.0,0.0,0.0,0.0,0.0,0.0,0,0,0.0,0.0,0.0,0.0,0.0,0.0,0.0,0.0,0.0061051762519191,0.0081062316894531,0.0064373016357421,0.0064373016357421,0.0083446502685546,0.0083446502685546,0.0081062316894531,0.0081062316894531,0.0061239515032087,0.0100135803222656,0.0100135803222656,0.008249282836914,0.0095435551234654,0.0202655792236328,0.496,1.424,0.848,0.848,113.256,25.152,27.344,0.0095367431640625,0.0095367431640625,1.192,0
24,0.0,0.0,0.0,0.0,0.0,0.0,0,0,0.0,0.0,0.0,0.0,0.0,0.0,0.0,0.0,0.0061929522462152,0.0081062316894531,0.0100135803222656,0.0100135803222656,0.0081062316894531,0.0081062316894531,0.0081062316894531,0.0081062316894531,0.0061239515032087,0.0100135803222656,0.0100135803222656,0.008249282836914,0.0095435551234654,0.0202655792236328,0.496,1.36,0.848,0.848,113.256,25.152,27.344,0.0095367431640625,0.0095367431640625,1.192,0
25,0.0,0.0,0.0,0.0,0.0,0.0,0,0,0.0,0.0,0.0,0.0,0.0,0.0,0.0,0.0,0.0061252537895651,0.0085115432739257,0.0078678131103515,0.0078678131103515,0.0057697296142578,0.0070095062255859,0.00762939453125,0.00762939453125,0.0,0.0100135803222656,0.0100135803222656,0.0,0.0,0.0,0.496,1.36,0.848,0.848,123.744,0.0,0.0,0.0095367431640625,0.0095367431640625,30.448,0
26,0.0,0.0,0.0,0.0,0.0,0.0,0,0,0.0,0.0,0.0,0.0,0.0,0.0,0.0,0.0,0.0060534477233886,0.0081062316894531,0.0092983245849609,0.0092983245849609,0.0,0.0,0.0071525573730468,0.0071525573730468,0.0,0.0042915344238281,0.0042915344238281,0.0,0.0,0.0,0.496,1.424,0.848,0.848,112.0,0.0,0.0,0.0095367431640625,0.0095367431640625,0.0,0
27,0.0,0.0,0.0,0.0,0.0,0.0,0,0,0.0,0.0,0.0,0.0,0.0,0.0,0.0,0.0,0.0060147578173344,0.0081062316894531,0.0078678131103515,0.0078678131103515,0.0055631001790364,0.0061511993408203,0.0107288360595703,0.0107288360595703,0.0063862119402204,0.0,0.0,0.0087499618530273,0.0112652778625488,0.0280141830444335,0.496,1.36,0.0,0.0,118.992,13.312,10.712,0.0,0.0,9.624,0
28,0.0,0.0,0.0,0.0,0.0,0.0,0,0,0.0,0.0,0.0,0.0,0.0,0.0,0.0,0.0,0.0060147578173344,0.0081062316894531,0.0075578689575195,0.0072717666625976,0.0055631001790364,0.0061511993408203,0.0091791152954101,0.0104188919067382,0.0,0.0,0.0,0.0,0.0,0.0,1.344,2.272,0.0,0.0,118.992,0.0,0.0,0.0,0.0,9.624,0
29,0.0,0.0,0.0,0.0,0.0,0.0,0,0,0.0,0.0,0.0,0.0,0.0,0.0,0.0,0.0,0.0060147578173344,0.0081062316894531,0.0066757202148437,0.0066757202148437,0.0055631001790364,0.0061511993408203,0.0100135803222656,0.0100135803222656,0.0,0.0,0.0,0.0,0.0,0.0,0.496,1.36,0.0,0.0,118.992,0.0,0.0,0.0,0.0,9.624,0
30,0.0,0.0,0.0,0.0,0.0,0.0,0,0,0.0,0.0,0.0,0.0,0.0,0.0,0.0,0.0,0.0061372026282163,0.0081062316894531,0.00762939453125,0.00762939453125,0.0090599060058593,0.0090599060058593,0.0085830688476562,0.0085830688476562,0.0,0.0,0.0,0.0,0.0,0.0,0.496,1.36,0.0,0.0,113.256,0.0,0.0,0.0,0.0,1.192,0
31,0.0,0.0,0.0,0.0,0.0,0.0,0,0,0.0,0.0,0.0,0.0,0.0,0.0,0.0,0.0,0.0060577297685158,0.0083446502685546,0.0071525573730468,0.0071525573730468,0.0050067901611328,0.0050067901611328,0.0102519989013671,0.0102519989013671,0.0068902969360351,0.0,0.0,0.0091552734375,0.0117063522338867,0.028395652770996,0.496,1.36,0.0,0.0,113.256,7.488,8.464,0.0,0.0,1.192,0
32,0.0,0.0,0.0,0.0,0.0,0.0,0,0,0.0,0.0,0.0,0.0,0.0,0.0,0.0,0.0,0.0061300856557058,0.0083446502685546,0.0069141387939453,0.0069141387939453,0.0042915344238281,0.0042915344238281,0.0083446502685546,0.0083446502685546,0.0058889389038085,0.0,0.0,0.0083446502685546,0.0107765197753906,0.0277042388916015,0.496,1.36,0.0,0.0,113.256,7.488,8.464,0.0,0.0,1.192,0
33,0.0,0.0,0.0,0.0,0.0,0.0,0,0,0.0,0.0,0.0,0.0,0.0,0.0,0.0,0.0,0.0061398570977368,0.0085830688476562,0.00762939453125,0.00762939453125,0.0049386705671037,0.0063657760620117,0.0104904174804687,0.0104904174804687,0.0062465667724609,0.0,0.0,0.0083684921264648,0.010228157043457,0.0257492065429687,0.496,1.36,0.0,0.0,135.824,16.528,15.472,0.0,0.0,49.2,0
34,0.0,0.0,0.0,0.0,0.0,0.0,0,0,0.0,0.0,0.0,0.0,0.0,0.0,0.0,0.0,0.006035566329956,0.0081300735473632,0.0090599060058593,0.0090599060058593,0.0,0.0,0.00762939453125,0.00762939453125,0.0,0.0,0.0,0.0,0.0,0.0,0.496,1.424,0.0,0.0,112.0,0.0,0.0,0.0,0.0,0.0,0
35,0.0,0.0,0.0,0.0,0.0,0.0,0,0,0.0,0.0,0.0,0.0,0.0,0.0,0.0,0.0,0.0060596088371654,0.0083446502685546,0.0073909759521484,0.0073909759521484,0.0048244700712316,0.0059127807617187,0.011444091796875,0.011444091796875,0.0,0.0,0.0,0.0,0.0,0.0,0.496,1.392,0.0,0.0,118.992,0.0,0.0,0.0,0.0,56.072,0
36,0.0,0.0,0.0,0.0,0.0,0.0,0,0,0.0,0.0,0.0,0.0,0.0,0.0,0.0,0.0,0.006262935809235,0.0083446502685546,0.0119209289550781,0.0119209289550781,0.0053644180297851,0.0066041946411132,0.0078678131103515,0.0078678131103515,0.0,0.0,0.0,0.0,0.0,0.0,0.496,1.424,0.0,0.0,115.496,0.0,0.0,0.0,0.0,89.456,0
37,0.0,0.0,0.0,0.0,0.0,0.0,0,0,0.0,0.0,0.0,0.0,0.0,0.0,0.0,0.0,0.0063015682862536,0.0081062316894531,0.00762939453125,0.00762939453125,0.0053644180297851,0.005650520324707,0.0071525573730468,0.0071525573730468,0.0059127807617187,0.0,0.0,0.0081300735473632,0.0110149383544921,0.0287532806396484,0.496,1.424,0.0,0.0,118.448,7.488,8.464,0.0,0.0,17.344,0
38,0.0,0.0,0.0,0.0,0.0,0.0,0,0,0.0,0.0,0.0,0.0,0.0,0.0,0.0,0.0,0.0061091810169786,0.0081062316894531,0.0088214874267578,0.0088214874267578,0.0068545341491699,0.0085115432739257,0.0064373016357421,0.0064373016357421,0.0060319900512695,0.0,0.0,0.0083684921264648,0.0108718872070312,0.0284910202026367,0.496,1.424,0.0,0.0,116.752,7.488,8.464,0.0,0.0,10.816,0
39,0.0,0.0,0.0,0.0,0.0,0.0,0,0,0.0,0.0,0.0,0.0,0.0,0.0,0.0,0.0,0.0060891160870542,0.0078678131103515,0.00762939453125,0.00762939453125,0.0048436616596422,0.0056743621826171,0.0123977661132812,0.0123977661132812,0.0060558319091796,0.0,0.0,0.0083446502685546,0.0104069709777832,0.025033950805664,0.496,1.424,0.0,0.0,117.136,16.528,15.472,0.0,0.0,63.928,0
40,0.0,0.0,0.0,0.0,0.0,0.0,0,0,0.0,0.0,0.0,0.0,0.0,0.0,0.0,0.0,0.0062024415428958,0.0081062316894531,0.0083446502685546,0.0083446502685546,0.0057419141133626,0.0073671340942382,0.009775161743164,0.009775161743164,0.0,0.0,0.0,0.0,0.0,0.0,0.496,1.424,0.0,0.0,115.496,0.0,0.0,0.0,0.0,57.824,0
41,0.0,0.0,0.0,0.0,0.0,0.0,0,0,0.0,0.0,0.0,0.0,0.0,0.0,0.0,0.0,0.0062309094329378,0.0085830688476562,0.00762939453125,0.00762939453125,0.0044769710964626,0.0056266784667968,0.0102519989013671,0.0102519989013671,0.0,0.0,0.0,0.0,0.0,0.0,0.496,1.424,0.0,0.0,117.192,0.0,0.0,0.0,0.0,63.912,0
42,0.0,0.0,0.0,0.0,0.0,0.0,0,0,0.0,0.0,0.0,0.0,0.0,0.0,0.0,0.0,0.0061443196007268,0.0081062316894531,0.0092983245849609,0.0092983245849609,0.0050067901611328,0.005960464477539,0.0085830688476562,0.0085830688476562,0.0,0.0,0.0,0.0,0.0,0.0,0.496,1.424,0.0,0.0,117.192,0.0,0.0,0.0,0.0,22.016,0
43,0.0,0.0,0.0,0.0,0.0,0.0,0,0,0.0,0.0,0.0,0.0,0.0,0.0,0.0,0.0,0.0067551930745442,0.0090599060058593,0.0095367431640625,0.0095367431640625,0.0039604415133149,0.0047683715820312,0.0088214874267578,0.0088214874267578,0.0063180923461914,0.0,0.0,0.0086784362792968,0.0110864639282226,0.0260829925537109,0.496,1.392,0.0,0.0,117.192,7.488,8.464,0.0,0.0,9273.032,0
44,0.0,0.0,0.0,0.0,0.0,0.0,0,0,0.0,0.0,0.0,0.0,0.0,0.0,0.0,0.0,0.006650810811057,0.0085830688476562,0.0073909759521484,0.0073909759521484,0.0040671099787173,0.0047683715820312,0.0078678131103515,0.0078678131103515,0.0071287155151367,0.0,0.0,0.0091075897216796,0.0114679336547851,0.0278711318969726,0.496,1.424,0.0,0.0,114.712,7.488,8.464,0.0,0.0,4473.28,0
45,0.0,0.0,0.0,0.0,0.0,0.0,0,0,0.0,0.0,0.0,0.0,0.0,0.0,0.0,0.0,0.0064207775758044,0.0088214874267578,0.0116825103759765,0.0116825103759765,0.003999511667546,0.0046014785766601,0.0085830688476562,0.0085830688476562,0.0065207481384277,0.0,0.0,0.0091791152954101,0.0113606452941894,0.0273466110229492,0.496,1.424,0.0,0.0,118.448,16.528,15.472,0.0,0.0,3005.44,0
46,0.0,0.0,0.0,0.0,0.0,0.0,0,0,0.0,0.0,0.0,0.0,0.0,0.0,0.0,0.0,0.0060506127960053,0.0081062316894531,0.0090599060058593,0.0090599060058593,0.0057220458984375,0.0057220458984375,0.0083446502685546,0.0083446502685546,0.0,0.0,0.0,0.0,0.0,0.0,0.496,1.424,0.0,0.0,113.256,0.0,0.0,0.0,0.0,1.192,0
47,0.0,0.0,0.0,0.0,0.0,0.0,0,0,0.0,0.0,0.0,0.0,0.0,0.0,0.0,0.0,0.0060624744168561,0.0083446502685546,0.0085830688476562,0.0085830688476562,0.0054836273193359,0.0054836273193359,0.009775161743164,0.009775161743164,0.0,0.0,0.0,0.0,0.0,0.0,0.496,1.36,0.0,0.0,113.256,0.0,0.0,0.0,0.0,1.192,0
48,0.0,0.0,0.0,0.0,0.0,0.0,0,0,0.0,0.0,0.0,0.0,0.0,0.0,0.0,0.0,0.0060191882654951,0.0082969665527343,0.0069141387939453,0.0069141387939453,0.0049173831939697,0.006723403930664,0.0116825103759765,0.0116825103759765,0.0,0.0,0.0,0.0,0.0,0.0,0.496,1.36,0.0,0.0,127.576,0.0,0.0,0.0,0.0,64.704,0
49,0.0,0.0,0.0,0.0,0.0,0.0,0,0,0.0,0.0,0.0,0.0,0.0,0.0,0.0,0.0,0.0062700527817455,0.0085830688476562,0.00762939453125,0.00762939453125,0.0039632203149013,0.0045299530029296,0.0095367431640625,0.0095367431640625,0.0061511993408203,0.0,0.0,0.0081300735473632,0.0111103057861328,0.0289201736450195,0.496,1.424,0.0,0.0,117.192,7.488,8.464,0.0,0.0,1365.984,0
50,0.0,0.0,0.0,0.0,0.0,0.0,0,0,0.0,0.0,0.0,0.0,0.0,0.0,0.0,0.0,0.0072948968232567,0.009775161743164,0.0109672546386718,0.0109672546386718,0.0038490084264551,0.0045299530029296,0.017404556274414,0.017404556274414,0.0056624412536621,0.0,0.0,0.0061988830566406,0.0105897585550944,0.0264167785644531,0.496,1.424,0.0,0.0,117.192,8.544,7.408,0.0,0.0,24278.272,0
51,0.0,0.0,0.0,0.0,0.0,0.0,0,0,0.0,0.0,0.0,0.0,0.0,0.0,0.0,0.0,0.0061631202697753,0.0081062316894531,0.0095367431640625,0.0095367431640625,0.0,0.0,0.0078678131103515,0.0078678131103515,0.0059843063354492,0.0,0.0,0.0081539154052734,0.0117182731628417,0.0284671783447265,0.496,1.424,0.0,0.0,112.0,16.528,15.472,0.0,0.0,0.0,0
52,0.0,0.0,0.0,0.0,0.0,0.0,0,0,0.0,0.0,0.0,0.0,0.0,0.0,0.0,0.0,0.006103990089834,0.0081062316894531,0.0112056732177734,0.0112056732177734,0.0066757202148437,0.0066757202148437,0.0092983245849609,0.0092983245849609,0.0,0.0,0.0,0.0,0.0,0.0,0.496,1.392,0.0,0.0,113.256,0.0,0.0,0.0,0.0,1.192,0
53,0.0,0.0,0.0,0.0,0.0,0.0,0,0,0.0,0.0,0.0,0.0,0.0,0.0,0.0,0.0,0.0059628368017092,0.0081062316894531,0.0071525573730468,0.0071525573730468,0.0045299530029296,0.0045299530029296,0.0061988830566406,0.0061988830566406,0.0,0.0,0.0,0.0,0.0,0.0,0.496,1.36,0.0,0.0,113.256,0.0,0.0,0.0,0.0,1.192,0
54,0.0,0.0,0.0,0.0,0.0,0.0,0,0,0.0,0.0,0.0,0.0,0.0,0.0,0.0,0.0,0.0061953596293632,0.0085830688476562,0.00762939453125,0.00762939453125,0.0062783559163411,0.0067710876464843,0.0109672546386718,0.0109672546386718,0.0,0.0,0.0,0.0,0.0,0.0,0.496,1.36,0.0,0.0,120.872,0.0,0.0,0.0,0.0,9.992,0
55,0.0,0.0,0.0,0.0,0.0,0.0,0,0,0.0,0.0,0.0,0.0,0.0,0.0,0.0,0.0,0.0063362967204577,0.0088214874267578,0.0071525573730468,0.0071525573730468,0.0039910838614761,0.0047683715820312,0.0081062316894531,0.0081062316894531,0.0062465667724609,0.0,0.0,0.0081300735473632,0.0107049942016601,0.0270605087280273,0.496,1.424,0.0,0.0,127.576,7.488,8.464,0.0,0.0,4599.696,0
56,0.0,0.0,0.0,0.0,0.0,0.0,0,0,0.0,0.0,0.0,0.0,0.0,0.0,0.0,0.0,0.0066448800006316,0.0090599060058593,0.009775161743164,0.009775161743164,0.0039868127732049,0.0047683715820312,0.0102519989013671,0.0102519989013671,0.007033348083496,0.0071525573730468,0.0071525573730468,0.0089883804321289,0.0108003616333007,0.0267505645751953,0.496,1.424,0.848,0.848,117.192,7.488,8.464,0.0104904174804687,0.0104904174804687,5465.88,0
57,0.0,0.0,0.0,0.0,0.0,0.0,0,0,0.0,0.0,0.0,0.0,0.0,0.0,0.0,0.0,0.0060129165649414,0.0078916549682617,0.0078678131103515,0.0078678131103515,0.0,0.0,0.0112056732177734,0.0112056732177734,0.0063061714172363,0.009775161743164,0.009775161743164,0.0085830688476562,0.0110626220703125,0.0268220901489257,0.496,1.424,0.848,0.848,112.0,16.528,15.472,0.0042915344238281,0.0042915344238281,0.0,0
58,0.0,0.0,0.0,0.0,0.0,0.0,0,0,0.0,0.0,0.0,0.0,0.0,0.0,0.0,0.0,0.0067016865947459,0.0090599060058593,0.0121593475341796,0.0121593475341796,0.0039758608322734,0.0047683715820312,0.0126361846923828,0.0126361846923828,0.0,0.0,0.0,0.0,0.0,0.0,0.496,1.36,0.0,0.0,116.688,0.0,0.0,0.0,0.0,6590.76,0
59,0.0,0.0,0.0,0.0,0.0,0.0,0,0,0.0,0.0,0.0,0.0,0.0,0.0,0.0,0.0,0.0061929816066628,0.0081062316894531,0.0067710876464843,0.0061988830566406,0.0041349610285972,0.0050067901611328,0.0128746032714843,0.0132560729980468,0.0,0.0,0.0,0.0,0.0,0.0,1.344,2.272,0.0,0.0,118.448,0.0,0.0,0.0,0.0,667.416,0
60,0.0,0.0,0.0,0.0,0.0,0.0,0,0,0.0,0.0,0.0,0.0,0.0,0.0,0.0,0.0,0.0060292618784738,0.0078678131103515,0.0078678131103515,0.0078678131103515,0.0040531158447265,0.0040531158447265,0.0064373016357421,0.0064373016357421,0.0,0.0,0.0,0.0,0.0,0.0,0.496,1.424,0.0,0.0,113.256,0.0,0.0,0.0,0.0,1.192,0
61,0.0,0.0,0.0,0.0,0.0,0.0,0,0,0.0,0.0,0.0,0.0,0.0,0.0,0.0,0.0,0.0059545336671136,0.0078678131103515,0.0112056732177734,0.0112056732177734,0.0045299530029296,0.0045299530029296,0.0112056732177734,0.0112056732177734,0.0061511993408203,0.0,0.0,0.0083684921264648,0.0108242034912109,0.0263929367065429,0.496,1.36,0.0,0.0,113.256,7.488,8.464,0.0,0.0,1.192,0
62,0.0,0.0,0.0,0.0,0.0,0.0,0,0,0.0,0.0,0.0,0.0,0.0,0.0,0.0,0.0,0.0058603286743164,0.00762939453125,0.0071525573730468,0.0071525573730468,0.0,0.0,0.0102519989013671,0.0102519989013671,0.0061750411987304,0.0,0.0,0.0088930130004882,0.010538101196289,0.0252962112426757,0.496,1.36,0.0,0.0,112.0,7.488,8.464,0.0,0.0,0.0,0
63,0.0,0.0,0.0,0.0,0.0,0.0,0,0,0.0,0.0,0.0,0.0,0.0,0.0,0.0,0.0,0.0060808658599853,0.0078916549682617,0.0071525573730468,0.0071525573730468,0.0,0.0,0.0102519989013671,0.0102519989013671,0.0063538551330566,0.0,0.0,0.0083684921264648,0.0105857849121093,0.0254154205322265,0.496,1.36,0.0,0.0,112.0,16.528,15.472,0.0,0.0,0.0,0
64,0.0,0.0,0.0,0.0,0.0,0.0,0,0,0.0,0.0,0.0,0.0,0.0,0.0,0.0,0.0,0.0059187412261962,0.0081062316894531,0.0066757202148437,0.0066757202148437,0.0,0.0,0.0102519989013671,0.0102519989013671,0.0,0.0,0.0,0.0,0.0,0.0,0.496,1.36,0.0,0.0,112.0,0.0,0.0,0.0,0.0,0.0,0
65,0.0,0.0,0.0,0.0,0.0,0.0,0,0,0.0,0.0,0.0,0.0,0.0,0.0,0.0,0.0,0.0060558319091796,0.0083446502685546,0.0092983245849609,0.0092983245849609,0.0039650180235081,0.0045299530029296,0.0071525573730468,0.0071525573730468,0.0,0.0,0.0,0.0,0.0,0.0,0.496,1.36,0.0,0.0,112.0,0.0,0.0,0.0,0.0,4302.312,0
66,0.0,0.0,0.0,0.0,0.0,0.0,0,0,0.0,0.0,0.0,0.0,0.0,0.0,0.0,0.0,0.0063820161681244,0.0085830688476562,0.0081062316894531,0.0081062316894531,0.0038903335045123,0.0045299530029296,0.0083446502685546,0.0083446502685546,0.0,0.0,0.0,0.0,0.0,0.0,0.496,1.424,0.0,0.0,144.408,0.0,0.0,0.0,0.0,4535.336,0
67,0.0,0.0,0.0,0.0,0.0,0.0,0,0,0.0,0.0,0.0,0.0,0.0,0.0,0.0,0.0,0.0060434958234948,0.0081062316894531,0.0104904174804687,0.0104904174804687,0.0040531158447265,0.0040531158447265,0.0109672546386718,0.0109672546386718,0.0066757202148437,0.0,0.0,0.0087499618530273,0.0107765197753906,0.0268459320068359,0.496,1.424,0.0,0.0,113.256,7.488,8.464,0.0,0.0,1.192,0
68,0.0,0.0,0.0,0.0,0.0,0.0,0,0,0.0,0.0,0.0,0.0,0.0,0.0,0.0,0.0,0.0061443196007268,0.0083446502685546,0.013589859008789,0.013589859008789,0.0064373016357421,0.0064373016357421,0.0088214874267578,0.0088214874267578,0.0063896179199218,0.0,0.0,0.0084161758422851,0.0117063522338867,0.0274181365966796,0.496,1.36,0.0,0.0,113.256,7.488,8.464,0.0,0.0,1.192,0
69,0.0,0.0,0.0,0.0,0.0,0.0,0,0,0.0,0.0,0.0,0.0,0.0,0.0,0.0,0.0,0.0059640407562255,0.0081300735473632,0.0066757202148437,0.0066757202148437,0.0,0.0,0.0121593475341796,0.0121593475341796,0.0064611434936523,0.0,0.0,0.0085830688476562,0.0113368034362792,0.0293970108032226,0.496,1.36,0.0,0.0,112.0,16.528,15.472,0.0,0.0,0.0,0
70,0.0,0.0,0.0,0.0,0.0,0.0,0,0,0.0,0.0,0.0,0.0,0.0,0.0,0.0,0.0,0.0060105323791503,0.0078678131103515,0.0073909759521484,0.0073909759521484,0.0,0.0,0.0112056732177734,0.0112056732177734,0.0,0.0,0.0,0.0,0.0,0.0,0.496,1.36,0.0,0.0,112.0,0.0,0.0,0.0,0.0,0.0,0
71,0.0,0.0,0.0,0.0,0.0,0.0,0,0,0.0,0.0,0.0,0.0,0.0,0.0,0.0,0.0,0.0058531761169433,0.0078916549682617,0.0083446502685546,0.0083446502685546,0.0,0.0,0.0107288360595703,0.0107288360595703,0.0,0.0,0.0,0.0,0.0,0.0,0.496,1.36,0.0,0.0,112.0,0.0,0.0,0.0,0.0,0.0,0
72,0.0,0.0,0.0,0.0,0.0,0.0,0,0,0.0,0.0,0.0,0.0,0.0,0.0,0.0,0.0,0.0060141086578369,0.0081062316894531,0.013589859008789,0.013589859008789,0.0,0.0,0.0083446502685546,0.0083446502685546,0.0,0.0,0.0,0.0,0.0,0.0,0.496,1.36,0.0,0.0,112.0,0.0,0.0,0.0,0.0,0.0,0
73,0.0,0.0,0.0,0.0,0.0,0.0,0,0,0.0,0.0,0.0,0.0,0.0,0.0,0.0,0.0,0.0065018013479629,0.0085830688476562,0.0092983245849609,0.0092983245849609,0.0038726756864029,0.0045299530029296,0.0088214874267578,0.0088214874267578,0.0062227249145507,0.0,0.0,0.0090837478637695,0.0113248825073242,0.0276088714599609,0.496,1.36,0.0,0.0,144.408,7.488,8.464,0.0,0.0,9341.8,0
74,0.0,0.0,0.0,0.0,0.0,0.0,0,0,0.0,0.0,0.0,0.0,0.0,0.0,0.0,0.0,0.006118224034855,0.0081062316894531,0.0085830688476562,0.0085830688476562,0.0069141387939453,0.0069141387939453,0.0119209289550781,0.0119209289550781,0.006866455078125,0.0,0.0,0.0092506408691406,0.011301040649414,0.0300884246826171,0.496,1.424,0.0,0.0,113.256,7.488,8.464,0.0,0.0,1.192,0
75,0.0,0.0,0.0,0.0,0.0,0.0,0,0,0.0,0.0,0.0,0.0,0.0,0.0,0.0,0.0,0.006032820364729,0.0081062316894531,0.0078678131103515,0.0078678131103515,0.0061988830566406,0.0061988830566406,0.0123977661132812,0.0123977661132812,0.0063657760620117,0.0,0.0,0.008392333984375,0.0113368034362792,0.0287771224975585,0.496,1.36,0.0,0.0,113.256,16.528,15.472,0.0,0.0,1.192,0
76,0.0,0.0,0.0,0.0,0.0,0.0,0,0,0.0,0.0,0.0,0.0,0.0,0.0,0.0,0.0,0.005960464477539,0.0078678131103515,0.0066757202148437,0.0066757202148437,0.0,0.0,0.0092983245849609,0.0092983245849609,0.0,0.0,0.0,0.0,0.0,0.0,0.496,1.36,0.0,0.0,112.0,0.0,0.0,0.0,0.0,0.0,0
77,0.0,0.0,0.0,0.0,0.0,0.0,0,0,0.0,0.0,0.0,0.0,0.0,0.0,0.0,0.0,0.0060689449310302,0.0078678131103515,0.0073909759521484,0.0073909759521484,0.0,0.0,0.0104904174804687,0.0104904174804687,0.0,0.0,0.0,0.0,0.0,0.0,0.496,1.36,0.0,0.0,112.0,0.0,0.0,0.0,0.0,0.0,0
78,0.0,0.0,0.0,0.0,0.0,0.0,0,0,0.0,0.0,0.0,0.0,0.0,0.0,0.0,0.0,0.006188154220581,0.0088214874267578,0.0071525573730468,0.0071525573730468,0.0,0.0,0.0102519989013671,0.0102519989013671,0.0,0.0,0.0,0.0,0.0,0.0,0.496,1.36,0.0,0.0,112.0,0.0,0.0,0.0,0.0,0.0,0
79,0.0,0.0,0.0,0.0,0.0,0.0,0,0,0.0,0.0,0.0,0.0,0.0,0.0,0.0,0.0,0.0061011314392089,0.0083446502685546,0.0066757202148437,0.0066757202148437,0.0,0.0,0.0112056732177734,0.0112056732177734,0.0064611434936523,0.0,0.0,0.0097274780273437,0.0111579895019531,0.0280141830444335,0.496,1.36,0.0,0.0,112.0,7.488,8.464,0.0,0.0,0.0,0
80,0.0,0.0,0.0,0.0,0.0,0.0,0,0,0.0,0.0,0.0,0.0,0.0,0.0,0.0,0.0,0.0062000692187257,0.0085830688476562,0.0069141387939453,0.0069141387939453,0.0052111489432198,0.0088214874267578,0.011444091796875,0.011444091796875,0.0069856643676757,0.0,0.0,0.0088214874267578,0.0106096267700195,0.0274419784545898,0.496,1.36,0.0,0.0,113.256,7.488,8.464,0.0,0.0,66.488,0
81,0.0,0.0,0.0,0.0,0.0,0.0,0,0,0.0,0.0,0.0,0.0,0.0,0.0,0.0,0.0,0.006433846294016,0.0086784362792968,0.0088214874267578,0.0088214874267578,0.0039131049341803,0.0045299530029296,0.0157356262207031,0.0157356262207031,0.0064611434936523,0.0,0.0,0.0086069107055664,0.0114321708679199,0.0262022018432617,0.496,1.36,0.0,0.0,144.408,16.528,15.472,0.0,0.0,6475.04,0
82,0.0,0.0,0.0,0.0,0.0,0.0,0,0,0.0,0.0,0.0,0.0,0.0,0.0,0.0,0.0,0.0062973345097024,0.0083446502685546,0.0078678131103515,0.0078678131103515,0.0069141387939453,0.0069141387939453,0.0121593475341796,0.0121593475341796,0.0,0.0,0.0,0.0,0.0,0.0,0.496,1.424,0.0,0.0,113.256,0.0,0.0,0.0,0.0,1.192,0
83,0.0,0.0,0.0,0.0,0.0,0.0,0,0,0.0,0.0,0.0,0.0,0.0,0.0,0.0,0.0,0.0059831142425537,0.0081062316894531,0.0069141387939453,0.0069141387939453,0.0,0.0,0.0073909759521484,0.0073909759521484,0.0,0.0,0.0,0.0,0.0,0.0,0.496,1.36,0.0,0.0,112.0,0.0,0.0,0.0,0.0,0.0,0
84,0.0,0.0,0.0,0.0,0.0,0.0,0,0,0.0,0.0,0.0,0.0,0.0,0.0,0.0,0.0,0.0061666965484619,0.0085830688476562,0.0073909759521484,0.0073909759521484,0.0,0.0,0.0078678131103515,0.0078678131103515,0.0063419342041015,0.0,0.0,0.008392333984375,0.0111103057861328,0.0252723693847656,0.496,1.36,0.0,0.0,112.0,10.776,11.312,0.0,0.0,0.0,0
85,0.0,0.0,0.0,0.0,0.0,0.0,0,0,0.0,0.0,0.0,0.0,0.0,0.0,0.0,0.0,0.0059878826141357,0.0081062316894531,0.0078678131103515,0.0078678131103515,0.0,0.0,0.0178813934326171,0.0178813934326171,0.0061988830566406,0.0,0.0,0.0083446502685546,0.011444091796875,0.0284910202026367,0.496,1.36,0.0,0.0,112.0,7.488,8.464,0.0,0.0,0.0,0
86,0.0,0.0,0.0,0.0,0.0,0.0,0,0,0.0,0.0,0.0,0.0,0.0,0.0,0.0,0.0,0.0061523914337158,0.0083684921264648,0.0078678131103515,0.0078678131103515,0.0,0.0,0.0104904174804687,0.0104904174804687,0.006413459777832,0.0,0.0,0.0084161758422851,0.011301040649414,0.027012825012207,0.496,1.36,0.0,0.0,112.0,7.488,8.464,0.0,0.0,0.0,0
87,0.0,0.0,0.0,0.0,0.0,0.0,0,0,0.0,0.0,0.0,0.0,0.0,0.0,0.0,0.0,0.0060719637135368,0.0081062316894531,0.00762939453125,0.00762939453125,0.0073909759521484,0.0073909759521484,0.0083446502685546,0.0083446502685546,0.0060796737670898,0.0,0.0,0.0086069107055664,0.0108242034912109,0.0256776809692382,0.496,1.36,0.0,0.0,113.256,16.528,15.472,0.0,0.0,1.192,0
88,0.0,0.0,0.0,0.0,0.0,0.0,0,0,0.0,0.0,0.0,0.0,0.0,0.0,0.0,0.0,0.0061827581285854,0.0086784362792968,0.0092983245849609,0.0092983245849609,0.0039342313761282,0.0045299530029296,0.0078678131103515,0.0078678131103515,0.0,0.0045299530029296,0.0045299530029296,0.0,0.0,0.0,0.496,1.36,0.848,0.848,144.408,0.0,0.0,0.0200271606445312,0.0200271606445312,3873.064,0
89,0.0,0.0,0.0,0.0,0.0,0.0,0,0,0.0,0.0,0.0,0.0,0.0,0.0,0.0,0.0,0.0061846491116196,0.0081062316894531,0.0081062316894531,0.0081062316894531,0.0045299530029296,0.0045299530029296,0.0090599060058593,0.0090599060058593,0.0,0.0090599060058593,0.0090599060058593,0.0,0.0,0.0,0.496,1.424,0.848,0.848,113.256,0.0,0.0,0.0052452087402343,0.0052452087402343,1.192,0
90,0.0,0.0,0.0,0.0,0.0,0.0,0,0,0.0,0.0,0.0,0.0,0.0,0.0,0.0,0.0,0.0061846491116196,0.0081062316894531,0.0069141387939453,0.0069141387939453,0.0045299530029296,0.0045299530029296,0.0116825103759765,0.0116825103759765,0.0,0.0,0.0,0.0,0.0,0.0,0.496,1.392,0.0,0.0,113.256,0.0,0.0,0.0,0.0,1.192,0
91,0.0,0.0,0.0,0.0,0.0,0.0,0,0,0.0,0.0,0.0,0.0,0.0,0.0,0.0,0.0,0.0061846491116196,0.0081062316894531,0.0070571899414062,0.0066757202148437,0.0045299530029296,0.0045299530029296,0.0101327896118164,0.0104188919067382,0.0061511993408203,0.0,0.0,0.0090599060058593,0.0110387802124023,0.0275850296020507,1.344,2.208,0.0,0.0,113.256,7.488,8.464,0.0,0.0,1.192,0
92,0.0,0.0,0.0,0.0,0.0,0.0,0,0,0.0,0.0,0.0,0.0,0.0,0.0,0.0,0.0,0.0061846491116196,0.0081062316894531,0.009775161743164,0.009775161743164,0.0045299530029296,0.0045299530029296,0.0073909759521484,0.0073909759521484,0.006413459777832,0.0,0.0,0.0090837478637695,0.0112295150756835,0.0291347503662109,0.496,1.36,0.0,0.0,113.256,7.488,8.464,0.0,0.0,1.192,0
93,0.0,0.0,0.0,0.0,0.0,0.0,0,0,0.0,0.0,0.0,0.0,0.0,0.0,0.0,0.0,0.0061846491116196,0.0081062316894531,0.0088214874267578,0.0088214874267578,0.0045299530029296,0.0045299530029296,0.00762939453125,0.00762939453125,0.0060319900512695,0.0,0.0,0.0081777572631835,0.0112652778625488,0.0288009643554687,0.496,1.36,0.0,0.0,113.256,16.528,15.472,0.0,0.0,1.192,0
94,0.0,0.0,0.0,0.0,0.0,0.0,0,0,0.0,0.0,0.0,0.0,0.0,0.0,0.0,0.0,0.006003166312602,0.0081062316894531,0.0078678131103515,0.0078678131103515,0.0092983245849609,0.0092983245849609,0.0109672546386718,0.0109672546386718,0.0,0.0,0.0,0.0,0.0,0.0,0.496,1.36,0.0,0.0,113.256,0.0,0.0,0.0,0.0,1.192,0
95,0.0,0.0,0.0,0.0,0.0,0.0,0,0,0.0,0.0,0.0,0.0,0.0,0.0,0.0,0.0,0.0059699537742197,0.0078678131103515,0.0078678131103515,0.0078678131103515,0.00762939453125,0.00762939453125,0.0200271606445312,0.0200271606445312,0.0,0.0,0.0,0.0,0.0,0.0,0.496,1.36,0.0,0.0,113.256,0.0,0.0,0.0,0.0,1.192,0
96,0.0,0.0,0.0,0.0,0.0,0.0,0,0,0.0,0.0,0.0,0.0,0.0,0.0,0.0,0.0,0.0065559350350052,0.0088214874267578,0.009775161743164,0.009775161743164,0.0039520196274396,0.0047683715820312,0.0188350677490234,0.0188350677490234,0.0,0.0,0.0,0.0,0.0,0.0,0.496,1.36,0.0,0.0,144.408,0.0,0.0,0.0,0.0,6161.952,0
97,0.0,0.0,0.0,0.0,0.0,0.0,0,0,0.0,0.0,0.0,0.0,0.0,0.0,0.0,0.0,0.0061526227353224,0.0083446502685546,0.0081062316894531,0.0081062316894531,0.0040142624466507,0.0050067901611328,0.009775161743164,0.009775161743164,0.0066757202148437,0.0,0.0,0.0091075897216796,0.0117063522338867,0.0269174575805664,0.496,1.424,0.0,0.0,117.192,7.488,8.464,0.0,0.0,1401.192,0
98,0.0,0.0,0.0,0.0,0.0,0.0,0,0,0.0,0.0,0.0,0.0,0.0,0.0,0.0,0.0,0.0059640407562255,0.0081300735473632,0.0116825103759765,0.0116825103759765,0.0,0.0,0.0116825103759765,0.0116825103759765,0.0062942504882812,0.0,0.0,0.0083446502685546,0.0107765197753906,0.0203609466552734,0.496,1.424,0.0,0.0,112.0,3.744,4.232,0.0,0.0,0.0,1
99,0.0,0.0,0.0,0.0,0.0,0.0,0,0,0.0,0.0,0.0,0.0,0.0,0.0,0.0,0.0,0.0062346458435058,0.0085830688476562,0.0073909759521484,0.0073909759521484,0.0,0.0,0.0119209289550781,0.0119209289550781,0.0062840325491768,0.0,0.0,0.0084638595581054,0.0106841325759887,0.026702880859375,0.496,1.36,0.0,0.0,112.0,12.536,11.44,0.0,0.0,0.0,1
100,0.0,0.0,0.0,0.0,0.0,0.0,0,0,0.0,0.0,0.0,0.0,0.0,0.0,0.0,0.0,0.0061202049255371,0.0083446502685546,0.0071525573730468,0.0071525573730468,0.0,0.0,0.0064373016357421,0.0064373016357421,0.0058412551879882,0.0,0.0,0.0084400177001953,0.0109434127807617,0.0272512435913085,0.496,1.36,0.0,0.0,112.0,8.264,7.736,0.0,0.0,0.0,1
101,0.0,0.0,0.0,0.0,0.0,0.0,0,0,0.0,0.0,0.0,0.0,0.0,0.0,0.0,0.0,0.0060150279334528,0.0081062316894531,0.0100135803222656,0.0100135803222656,0.0109672546386718,0.0109672546386718,0.00762939453125,0.00762939453125,0.0,0.0,0.0,0.0,0.0,0.0,0.496,1.36,0.0,0.0,113.256,0.0,0.0,0.0,0.0,1.192,1
102,0.0,0.0,0.0,0.0,0.0,0.0,0,0,0.0,0.0,0.0,0.0,0.0,0.0,0.0,0.0,0.0057801678406065,0.0078678131103515,0.0092983245849609,0.0092983245849609,0.0057220458984375,0.0057220458984375,0.00762939453125,0.00762939453125,0.0,0.0,0.0,0.0,0.0,0.0,0.496,1.36,0.0,0.0,113.256,0.0,0.0,0.0,0.0,1.192,1
103,0.0,0.0,0.0,0.0,0.0,0.0,0,0,0.0,0.0,0.0,0.0,0.0,0.0,0.0,0.0,0.0060909423068981,0.0081062316894531,0.00762939453125,0.00762939453125,0.0083446502685546,0.0083446502685546,0.0095367431640625,0.0095367431640625,0.0063419342041015,0.0,0.0,0.008249282836914,0.0112056732177734,0.0207901000976562,0.496,1.36,0.0,0.0,113.256,3.744,4.232,0.0,0.0,1.192,1
104,0.0,0.0,0.0,0.0,0.0,0.0,0,0,0.0,0.0,0.0,0.0,0.0,0.0,0.0,0.0,0.0063227218331642,0.0088214874267578,0.0095367431640625,0.0095367431640625,0.004131276652498,0.0050067901611328,0.013589859008789,0.013589859008789,0.006103515625,0.0,0.0,0.0086069107055664,0.0115394592285156,0.0286102294921875,0.496,1.36,0.0,0.0,140.8,7.488,8.464,0.0,0.0,4543.12,1
105,0.0,0.0,0.0,0.0,0.0,0.0,0,0,0.0,0.0,0.0,0.0,0.0,0.0,0.0,0.0,0.0061087347381743,0.0083446502685546,0.0083446502685546,0.0083446502685546,0.0062882900238037,0.0072717666625976,0.0112056732177734,0.0112056732177734,0.0058809916178385,0.0,0.0,0.0080108642578125,0.0106652577718098,0.0272750854492187,0.496,1.424,0.0,0.0,114.952,12.008,11.968,0.0,0.0,21.104,1
106,0.0,0.0,0.0,0.0,0.0,0.0,0,0,0.0,0.0,0.0,0.0,0.0,0.0,0.0,0.0,0.0060292618784738,0.0081062316894531,0.0073909759521484,0.0073909759521484,0.0053814479282924,0.0058889389038085,0.0064373016357421,0.0064373016357421,0.0067949295043945,0.0,0.0,0.0090599060058593,0.0110149383544921,0.0264167785644531,0.496,1.424,0.0,0.0,114.888,8.264,7.736,0.0,0.0,40.88,1
107,0.0,0.0,0.0,0.0,0.0,0.0,0,0,0.0,0.0,0.0,0.0,0.0,0.0,0.0,0.0,0.0062890313751068,0.0085830688476562,0.0071525573730468,0.0071525573730468,0.0057587256798377,0.0072002410888671,0.0128746032714843,0.0128746032714843,0.0,0.0,0.0,0.0,0.0,0.0,0.496,1.424,0.0,0.0,114.888,0.0,0.0,0.0,0.0,35.592,1
108,0.0,0.0,0.0,0.0,0.0,0.0,0,0,0.0,0.0,0.0,0.0,0.0,0.0,0.0,0.0,0.0063641236560179,0.0087976455688476,0.0095367431640625,0.0095367431640625,0.0053114361233181,0.0060319900512695,0.0069141387939453,0.0069141387939453,0.0,0.0,0.0,0.0,0.0,0.0,0.496,1.424,0.0,0.0,116.208,0.0,0.0,0.0,0.0,46.304,1
109,0.0,0.0,0.0,0.0,0.0,0.0,0,0,0.0,0.0,0.0,0.0,0.0,0.0,0.0,0.0,0.006197702766645,0.0083446502685546,0.0066757202148437,0.0066757202148437,0.0054091215133666,0.0064373016357421,0.0095367431640625,0.0095367431640625,0.0061511993408203,0.0,0.0,0.0077247619628906,0.0128746032714843,0.0243663787841796,0.496,1.424,0.0,0.0,116.432,3.744,4.232,0.0,0.0,43.024,1
110,0.0,0.0,0.0,0.0,0.0,0.0,0,0,0.0,0.0,0.0,0.0,0.0,0.0,0.0,0.0,0.00599469288741,0.0078678131103515,0.0073909759521484,0.0073909759521484,0.0058114528656005,0.0068187713623046,0.0133514404296875,0.0133514404296875,0.0059843063354492,0.0,0.0,0.0083684921264648,0.0107765197753906,0.0283718109130859,0.496,1.424,0.0,0.0,116.72,7.488,8.464,0.0,0.0,22.336,1
111,0.0,0.0,0.0,0.0,0.0,0.0,0,0,0.0,0.0,0.0,0.0,0.0,0.0,0.0,0.0,0.0061976968945555,0.0083446502685546,0.0081062316894531,0.0081062316894531,0.0055176871163504,0.0061988830566406,0.005960464477539,0.005960464477539,0.0059971442589393,0.0,0.0,0.0080585479736328,0.0108971315271714,0.026702880859375,0.496,1.424,0.0,0.0,115.464,13.064,10.912,0.0,0.0,21.368,1
112,0.0,0.0,0.0,0.0,0.0,0.0,0,0,0.0,0.0,0.0,0.0,0.0,0.0,0.0,0.0,0.0061265271694505,0.0085830688476562,0.0078678131103515,0.0078678131103515,0.0056982040405273,0.007486343383789,0.0073909759521484,0.0073909759521484,0.0065565109252929,0.0,0.0,0.0091314315795898,0.0104904174804687,0.0246047973632812,0.496,1.424,0.0,0.0,114.264,8.264,7.736,0.0,0.0,22.976,1
113,0.0,0.0,0.0,0.0,0.0,0.0,0,0,0.0,0.0,0.0,0.0,0.0,0.0,0.0,0.0,0.006234467919193,0.0083446502685546,0.0104904174804687,0.0104904174804687,0.0054096353465113,0.0065326690673828,0.0126361846923828,0.0126361846923828,0.0,0.0,0.0,0.0,0.0,0.0,0.496,1.424,0.0,0.0,114.296,0.0,0.0,0.0,0.0,66.168,1
114,0.0,0.0,0.0,0.0,0.0,0.0,0,0,0.0,0.0,0.0,0.0,0.0,0.0,0.0,0.0,0.006133644141961,0.0083446502685546,0.0081062316894531,0.0081062316894531,0.0055101182725694,0.0064373016357421,0.0083446502685546,0.0083446502685546,0.0,0.0,0.0,0.0,0.0,0.0,0.496,1.424,0.0,0.0,114.296,0.0,0.0,0.0,0.0,30.04,1
115,0.0,0.0,0.0,0.0,0.0,0.0,0,0,0.0,0.0,0.0,0.0,0.0,0.0,0.0,0.0,0.0060301015872766,0.0083446502685546,0.0112056732177734,0.0112056732177734,0.0061648232596261,0.0089406967163085,0.009775161743164,0.009775161743164,0.0060558319091796,0.0,0.0,0.0077724456787109,0.0106334686279296,0.0203132629394531,0.496,1.424,0.0,0.0,116.496,3.744,4.232,0.0,0.0,34.992,1
116,0.0,0.0,0.0,0.0,0.0,0.0,0,0,0.0,0.0,0.0,0.0,0.0,0.0,0.0,0.0,0.0060914766670453,0.0083446502685546,0.0085830688476562,0.0085830688476562,0.0053928011939639,0.0066757202148437,0.0078678131103515,0.0078678131103515,0.0059127807617187,0.0,0.0,0.0081539154052734,0.0119447708129882,0.0294446945190429,0.496,1.424,0.0,0.0,116.368,7.488,8.464,0.0,0.0,53.256,1
117,0.0,0.0,0.0,0.0,0.0,0.0,0,0,0.0,0.0,0.0,0.0,0.0,0.0,0.0,0.0,0.0059758082474812,0.0078678131103515,0.0073909759521484,0.0073909759521484,0.0054836273193359,0.0063657760620117,0.0166893005371093,0.0166893005371093,0.0059922536214192,0.0,0.0,0.008249282836914,0.0106016794840494,0.0260829925537109,0.496,1.424,0.0,0.0,116.464,12.008,11.968,0.0,0.0,36.512,1
118,0.0,0.0,0.0,0.0,0.0,0.0,0,0,0.0,0.0,0.0,0.0,0.0,0.0,0.0,0.0,0.0063269885618295,0.0083446502685546,0.0073909759521484,0.0073909759521484,0.0054306454128689,0.0066757202148437,0.00762939453125,0.00762939453125,0.006413459777832,0.0,0.0,0.0082969665527343,0.0109195709228515,0.0256538391113281,0.496,1.424,0.0,0.0,114.6,8.264,7.736,650.0184535980225,650.0184535980225,46.864,1
119,0.0,0.0,0.0,0.0,0.0,0.0,0,0,0.0,0.0,0.0,0.0,0.0,0.0,0.0,0.0,0.0062664942954903,0.0085830688476562,0.0088214874267578,0.0088214874267578,0.0061723921034071,0.0067710876464843,0.0214576721191406,0.0214576721191406,0.0,0.0078678131103515,0.0078678131103515,0.0,0.0,0.0,0.496,1.424,0.848,0.848,114.504,0.0,0.0,0.0,0.0,24.056,1
120,0.0,0.0,0.0,0.0,0.0,0.0,0,0,0.0,0.0,0.0,0.0,0.0,0.0,0.0,0.0,0.0062012553808107,0.0085830688476562,0.0071525573730468,0.0071525573730468,0.0056385993957519,0.0068187713623046,0.0109672546386718,0.0109672546386718,0.0,0.0109672546386718,0.0109672546386718,0.0,0.0,0.0,0.496,1.424,0.848,0.848,114.552,0.0,0.0,650.0084400177002,650.0084400177002,49.6,1
121,0.0,0.0,0.0,0.0,0.0,0.0,0,0,0.0,0.0,0.0,0.0,0.0,0.0,0.0,0.0,0.006233281757108,0.0083446502685546,0.007796287536621,0.0065565109252929,0.0055233637491861,0.0069141387939453,0.0095367431640625,0.0102996826171875,0.00762939453125,0.0,0.0,0.0102996826171875,0.0110149383544921,0.0199317932128906,1.344,2.272,0.0,0.0,115.048,3.744,4.232,0.0,0.0,48.384,1
122,0.0,0.0,0.0,0.0,0.0,0.0,0,0,0.0,0.0,0.0,0.0,0.0,0.0,0.0,0.0,0.006377106845969,0.0085830688476562,0.0085830688476562,0.0085830688476562,0.005801518758138,0.007486343383789,0.0095367431640625,0.0095367431640625,0.0073909759521484,0.0,0.0,0.0099658966064453,0.0111579895019531,0.0267267227172851,0.496,1.424,0.0,0.0,115.648,7.488,8.464,0.0,0.0,34.6,1
123,0.0,0.0,0.0,0.0,0.0,0.0,0,0,0.0,0.0,0.0,0.0,0.0,0.0,0.0,0.0,0.0063712053959912,0.0083446502685546,0.0102519989013671,0.0102519989013671,0.0053882598876953,0.0059843063354492,0.00762939453125,0.00762939453125,0.0061137335641043,0.0,0.0,0.0082731246948242,0.0103563070297241,0.0265836715698242,0.496,1.424,0.0,0.0,116.528,12.536,11.44,0.0,0.0,57.872,1
124,0.0,0.0,0.0,0.0,0.0,0.0,0,0,0.0,0.0,0.0,0.0,0.0,0.0,0.0,0.0,0.0061245247869208,0.0083446502685546,0.0071525573730468,0.0071525573730468,0.0055313110351562,0.0064849853515625,0.0126361846923828,0.0126361846923828,0.0058889389038085,0.0,0.0,0.0077009201049804,0.0100135803222656,0.0242471694946289,0.496,1.424,0.0,0.0,115.984,8.264,7.736,0.0,0.0,68.648,1
125,0.0,0.0,0.0,0.0,0.0,0.0,0,0,0.0,0.0,0.0,0.0,0.0,0.0,0.0,0.0,0.006262935809235,0.0085830688476562,0.00762939453125,0.00762939453125,0.0054334339342619,0.0064373016357421,0.00762939453125,0.00762939453125,0.0,0.0,0.0,0.0,0.0,0.0,0.496,1.424,0.0,0.0,114.6,0.0,0.0,0.0,0.0,52.568,1
126,0.0,0.0,0.0,0.0,0.0,0.0,0,0,0.0,0.0,0.0,0.0,0.0,0.0,0.0,0.0,0.0063554564518715,0.0085830688476562,0.0088214874267578,0.0088214874267578,0.0060984962864925,0.0082015991210937,0.0166893005371093,0.0166893005371093,0.0,0.0,0.0,0.0,0.0,0.0,0.496,1.424,0.0,0.0,115.016,0.0,0.0,0.0,0.0,57.448,1
127,0.0,0.0,0.0,0.0,0.0,0.0,0,0,0.0,0.0,0.0,0.0,0.0,0.0,0.0,0.0,0.0062273509466826,0.0083446502685546,0.0083446502685546,0.0083446502685546,0.0052777203646573,0.0061750411987304,0.0133514404296875,0.0133514404296875,0.0067710876464843,0.0,0.0,0.0092983245849609,0.0109672546386718,0.0203132629394531,0.496,1.424,0.0,0.0,114.536,3.744,4.232,0.0,0.0,59.616,1
128,0.0,0.0,0.0,0.0,0.0,0.0,0,0,0.0,0.0,0.0,0.0,0.0,0.0,0.0,0.0,0.0062251091003417,0.0081062316894531,0.0078678131103515,0.0078678131103515,0.0054286076472355,0.006723403930664,0.0081062316894531,0.0081062316894531,0.0062465667724609,0.0,0.0,0.0081300735473632,0.0110387802124023,0.027775764465332,0.496,1.424,0.0,0.0,112.0,7.488,8.464,0.0,0.0,34.008,1
129,0.0,0.0,0.0,0.0,0.0,0.0,0,0,0.0,0.0,0.0,0.0,0.0,0.0,0.0,0.0,0.0060250606442907,0.0080585479736328,0.0085830688476562,0.0085830688476562,0.0053511725531684,0.0062942504882812,0.0126361846923828,0.0126361846923828,0.0058174133300781,0.0,0.0,0.007486343383789,0.0109195709228515,0.0205039978027343,0.496,1.392,0.0,0.0,118.328,3.744,4.232,0.0,0.0,22.232,1
130,0.0,0.0,0.0,0.0,0.0,0.0,0,0,0.0,0.0,0.0,0.0,0.0,0.0,0.0,0.0,0.006075522199792,0.0078678131103515,0.0078678131103515,0.0078678131103515,0.0056823094685872,0.0064373016357421,0.0102519989013671,0.0102519989013671,0.0061110446327611,0.0,0.0,0.008249282836914,0.0110580807640438,0.0264644622802734,0.496,1.424,0.0,0.0,113.256,17.056,14.944,0.0,0.0,12.768,1
131,0.0,0.0,0.0,0.0,0.0,0.0,0,0,0.0,0.0,0.0,0.0,0.0,0.0,0.0,0.0,0.0062869687385747,0.0088214874267578,0.00762939453125,0.00762939453125,0.005824225289481,0.0076532363891601,0.0143051147460937,0.0143051147460937,0.0,0.0,0.0,0.0,0.0,0.0,0.496,1.392,0.0,0.0,120.952,0.0,0.0,0.0,0.0,55.216,1
132,0.0,0.0,0.0,0.0,0.0,0.0,0,0,0.0,0.0,0.0,0.0,0.0,0.0,0.0,0.0,0.0063234300755742,0.0088214874267578,0.0109672546386718,0.0109672546386718,0.0052165985107421,0.0058650970458984,0.00762939453125,0.00762939453125,0.0,0.0,0.0,0.0,0.0,0.0,0.496,1.424,0.0,0.0,117.16,0.0,0.0,0.0,0.0,97.688,1
133,0.0,0.0,0.0,0.0,0.0,0.0,0,0,0.0,0.0,0.0,0.0,0.0,0.0,0.0,0.0,0.0063862966660836,0.0088214874267578,0.0088214874267578,0.0088214874267578,0.0050181434268043,0.0054836273193359,0.0066757202148437,0.0066757202148437,0.0,0.0,0.0,0.0,0.0,0.0,0.496,1.424,0.0,0.0,114.984,0.0,0.0,0.0,0.0,90.312,1
134,0.0,0.0,0.0,0.0,0.0,0.0,0,0,0.0,0.0,0.0,0.0,0.0,0.0,0.0,0.0,0.0062581911608947,0.0083446502685546,0.00762939453125,0.00762939453125,0.005407766862349,0.0061988830566406,0.0107288360595703,0.0107288360595703,0.0061511993408203,0.0,0.0,0.0086545944213867,0.0108003616333007,0.0265121459960937,0.496,1.424,0.0,0.0,115.496,7.488,8.464,0.0,0.0,97.168,1
135,0.0,0.0,0.0,0.0,0.0,0.0,0,0,0.0,0.0,0.0,0.0,0.0,0.0,0.0,0.0,0.0060553574443456,0.0081062316894531,0.0071525573730468,0.0071525573730468,0.0050862630208333,0.0057220458984375,0.0081062316894531,0.0081062316894531,0.006270408630371,0.0,0.0,0.0086069107055664,0.0110149383544921,0.0271081924438476,0.496,1.424,0.0,0.0,115.496,7.488,8.464,0.0,0.0,67.496,1
136,0.0,0.0,0.0,0.0,0.0,0.0,0,0,0.0,0.0,0.0,0.0,0.0,0.0,0.0,0.0,0.0062697004563737,0.0083446502685546,0.0085830688476562,0.0085830688476562,0.0055233637491861,0.0065803527832031,0.0150203704833984,0.0150203704833984,0.0062346458435058,0.0,0.0,0.0084161758422851,0.0109791755676269,0.0267744064331054,0.496,1.424,0.0,0.0,118.448,16.528,15.472,0.0,0.0,79.344,1
137,0.0,0.0,0.0,0.0,0.0,0.0,0,0,0.0,0.0,0.0,0.0,0.0,0.0,0.0,0.0,0.0063936309059067,0.0083446502685546,0.00762939453125,0.00762939453125,0.0054339567820231,0.0061988830566406,0.0083446502685546,0.0083446502685546,0.0,0.0,0.0,0.0,0.0,0.0,0.496,1.424,0.0,0.0,118.448,0.0,0.0,0.0,0.0,98.24,1
138,0.0,0.0,0.0,0.0,0.0,0.0,0,0,0.0,0.0,0.0,0.0,0.0,0.0,0.0,0.0,0.0064184169958133,0.0088214874267578,0.0102519989013671,0.0102519989013671,0.0053153318517348,0.0062942504882812,0.0073909759521484,0.0073909759521484,0.0,0.0,0.0,0.0,0.0,0.0,0.496,1.424,0.0,0.0,117.328,0.0,0.0,0.0,0.0,63.416,1
139,0.0,0.0,0.0,0.0,0.0,0.0,0,0,0.0,0.0,0.0,0.0,0.0,0.0,0.0,0.0,0.0061431334386417,0.0078678131103515,0.0069141387939453,0.0069141387939453,0.0052690505981445,0.0057935714721679,0.0104904174804687,0.0104904174804687,0.0,0.0,0.0,0.0,0.0,0.0,0.496,1.424,0.0,0.0,114.344,0.0,0.0,0.0,0.0,89.28,1
140,0.0,0.0,0.0,0.0,0.0,0.0,0,0,0.0,0.0,0.0,0.0,0.0,0.0,0.0,0.0,0.0062320955950229,0.0083446502685546,0.0066757202148437,0.0066757202148437,0.0050862630208333,0.0058889389038085,0.009775161743164,0.009775161743164,0.0060319900512695,0.0,0.0,0.0086069107055664,0.0110149383544921,0.0280141830444335,0.496,1.424,0.0,0.0,116.072,7.488,8.464,0.0,0.0,113.664,1
141,0.0,0.0,0.0,0.0,0.0,0.0,0,0,0.0,0.0,0.0,0.0,0.0,0.0,0.0,0.0,0.0061466919248969,0.0083446502685546,0.0083446502685546,0.0083446502685546,0.0061988830566406,0.0082254409790039,0.0126361846923828,0.0126361846923828,0.0070095062255859,0.0073909759521484,0.0073909759521484,0.0092267990112304,0.0113487243652343,0.0294685363769531,0.496,1.424,0.0,3.312,115.176,7.488,8.464,650.0101089477539,650.0101089477539,22.832,1
142,0.0,0.0,0.0,0.0,0.0,0.0,0,0,0.0,0.0,0.0,0.0,0.0,0.0,0.0,0.0,0.0063447809931057,0.0085830688476562,0.0073909759521484,0.0073909759521484,0.0059043659883386,0.0072002410888671,0.0071525573730468,0.0071525573730468,0.006413459777832,0.0067949295043945,0.0068902969360351,0.0088453292846679,0.0109434127807617,0.0263929367065429,0.496,1.424,4.544,2.24,115.624,16.528,15.472,650.0072479248047,650.0072479248047,64.744,1
143,0.0,0.0,0.0,0.0,0.0,0.0,0,0,0.0,0.0,0.0,0.0,0.0,0.0,0.0,0.0,0.0062697004563737,0.0083446502685546,0.0081062316894531,0.0081062316894531,0.005407766862349,0.0059366226196289,0.0071525573730468,0.0071525573730468,0.0,0.0054836273193359,0.0054836273193359,0.0,0.0,0.0,0.496,1.424,1.104,1.552,117.312,0.0,0.0,650.0077247619629,650.0077247619629,76.864,1
144,0.0,0.0,0.0,0.0,0.0,0.0,0,0,0.0,0.0,0.0,0.0,0.0,0.0,0.0,0.0,0.0059781688274723,0.0078678131103515,0.0107288360595703,0.0107288360595703,0.0065803527832031,0.0079631805419921,0.0092983245849609,0.0092983245849609,0.006262461344401,0.0071525573730468,0.0071525573730468,0.0081062316894531,0.0098546346028645,0.0218868255615234,0.496,1.424,1.072,3.248,116.752,10.776,11.312,650.0116586685181,650.0151872634888,14.968,1
145,0.0,0.0,0.0,0.0,0.0,0.0,0,0,0.0,0.0,0.0,0.0,0.0,0.0,0.0,0.0,0.0059414858841777,0.0081062316894531,0.0073909759521484,0.0073909759521484,0.0058412551879882,0.0063180923461914,0.0095367431640625,0.0095367431640625,0.0,0.008702278137207,0.0107049942016601,0.0,0.0,0.0,0.496,1.424,1.84,1.6,113.256,0.0,0.0,650.017499923706,650.017499923706,3.824,1
146,0.0,0.0,0.0,0.0,0.0,0.0,0,0,0.0,0.0,0.0,0.0,0.0,0.0,0.0,0.0,0.0060478059372099,0.0078678131103515,0.0073909759521484,0.0073909759521484,0.0079870223999023,0.0084638595581054,0.0085830688476562,0.0085830688476562,0.006723403930664,0.0,0.0,0.0092029571533203,0.0108242034912109,0.0273466110229492,0.496,1.392,0.496,0.0,118.96,7.488,8.464,650.0115394592285,650.0115394592285,6.384,1
147,0.0,0.0,0.0,0.0,0.0,0.0,0,0,0.0,0.0,0.0,0.0,0.0,0.0,0.0,0.0,0.0059438582083479,0.0081062316894531,0.0085830688476562,0.0085830688476562,0.0061555342240767,0.0078678131103515,0.0107288360595703,0.0107288360595703,0.0066757202148437,0.0,0.0,0.0093936920166015,0.0113964080810546,0.0291109085083007,0.496,1.424,0.0,0.0,117.16,7.488,8.464,0.0,0.0,44.152,1
148,0.0,0.0,0.0,0.0,0.0,0.0,0,0,0.0,0.0,0.0,0.0,0.0,0.0,0.0,0.0,0.0063424086689355,0.0085830688476562,0.0116825103759765,0.0116825103759765,0.0052763068157693,0.0063896179199218,0.00762939453125,0.00762939453125,0.0063419342041015,0.0,0.0,0.0083684921264648,0.0109672546386718,0.0261306762695312,0.496,1.424,0.0,0.0,117.192,16.528,15.472,0.0,0.0,96.536,1
149,0.0,0.0,0.0,0.0,0.0,0.0,0,0,0.0,0.0,0.0,0.0,0.0,0.0,0.0,0.0,0.0060945007931533,0.0078678131103515,0.0078678131103515,0.0078678131103515,0.0050544738769531,0.0057697296142578,0.0104904174804687,0.0104904174804687,0.0,0.0,0.0,0.0,0.0,0.0,0.496,1.424,0.0,0.0,116.904,0.0,0.0,0.0,0.0,116.528,1
150,0.0,0.0,0.0,0.0,0.0,0.0,0,0,0.0,0.0,0.0,0.0,0.0,0.0,0.0,0.0,0.0062850442263159,0.0088214874267578,0.0112056732177734,0.0112056732177734,0.005655288696289,0.0068187713623046,0.0143051147460937,0.0143051147460937,0.0,0.0,0.0,0.0,0.0,0.0,0.496,1.424,0.0,0.0,117.84,0.0,0.0,0.0,0.0,106.776,1
151,0.0,0.0,0.0,0.0,0.0,0.0,0,0,0.0,0.0,0.0,0.0,0.0,0.0,0.0,0.0,0.0061375079768719,0.0085830688476562,0.0088214874267578,0.0088214874267578,0.0053114361233181,0.006103515625,0.0071525573730468,0.0071525573730468,0.0,0.0,0.0,0.0,0.0,0.0,0.496,1.424,0.0,0.0,115.856,0.0,0.0,0.0,0.0,59.664,1
152,0.0,0.0,0.0,0.0,0.0,0.0,0,0,0.0,0.0,0.0,0.0,0.0,0.0,0.0,0.0,0.006174096966734,0.0087976455688476,0.0078916549682617,0.007033348083496,0.0052551428476969,0.0058889389038085,0.0092983245849609,0.0094890594482421,0.0061723921034071,0.0,0.0,0.00762939453125,0.010880556973544,0.0286102294921875,1.344,2.272,0.0,0.0,117.936,8.016,7.936,0.0,0.0,89.424,1
153,0.0,0.0,0.0,0.0,0.0,0.0,0,0,0.0,0.0,0.0,0.0,0.0,0.0,0.0,0.0,0.0065262637921233,0.0088214874267578,0.0131130218505859,0.0131130218505859,0.0052551428476969,0.0061273574829101,0.0090599060058593,0.0090599060058593,0.0061723921034071,0.0,0.0,0.007486343383789,0.0107505104758522,0.0283718109130859,0.496,1.424,0.0,0.0,115.96,8.016,7.936,0.0,0.0,87.952,1
154,0.0,0.0,0.0,0.0,0.0,0.0,0,0,0.0,0.0,0.0,0.0,0.0,0.0,0.0,0.0,0.0059106456699656,0.0078678131103515,0.0107288360595703,0.0107288360595703,0.0052268688495342,0.005960464477539,0.0061988830566406,0.0061988830566406,0.0063061714172363,0.0,0.0,0.0086069107055664,0.0110268592834472,0.027775764465332,0.496,1.424,0.0,0.0,117.192,16.528,15.472,0.0,0.0,117.536,1
155,0.0,0.0,0.0,0.0,0.0,0.0,0,0,0.0,0.0,0.0,0.0,0.0,0.0,0.0,0.0,0.0062107446774914,0.0085830688476562,0.0066757202148437,0.0066757202148437,0.0051573703163548,0.0063896179199218,0.0095367431640625,0.0095367431640625,0.0,0.0088214874267578,0.0088214874267578,0.0,0.0,0.0,0.496,1.424,0.0,3.312,114.472,0.0,0.0,650.0091552734375,650.0091552734375,63.304,1
156,0.0,0.0,0.0,0.0,0.0,0.0,0,0,0.0,0.0,0.0,0.0,0.0,0.0,0.0,0.0,0.0062178616500019,0.0081062316894531,0.0083446502685546,0.0083446502685546,0.0056965010506766,0.0071287155151367,0.0123977661132812,0.0123977661132812,0.0,0.0050067901611328,0.0050067901611328,0.0,0.0,0.0,0.496,1.424,3.28,1.616,116.072,0.0,0.0,650.0101089477539,650.0101089477539,94.864,1
157,0.0,0.0,0.0,0.0,0.0,0.0,0,0,0.0,0.0,0.0,0.0,0.0,0.0,0.0,0.0,0.0061434094268496,0.0083446502685546,0.0071525573730468,0.0071525573730468,0.0052375178183278,0.005960464477539,0.0138282775878906,0.0138282775878906,0.0,0.0053644180297851,0.005650520324707,0.0,0.0,0.0,0.496,1.424,2.368,2.72,118.448,0.0,0.0,650.0071287155151,650.0077962875366,104.552,1
158,0.0,0.0,0.0,0.0,0.0,0.0,0,0,0.0,0.0,0.0,0.0,0.0,0.0,0.0,0.0,0.0062602581364093,0.0083446502685546,0.0083446502685546,0.0083446502685546,0.0057220458984375,0.0066757202148437,0.0116825103759765,0.0116825103759765,0.0061194101969401,0.00762939453125,0.00762939453125,0.0076770782470703,0.010858882557262,0.0283718109130859,0.496,1.424,1.072,3.248,116.112,8.016,7.936,650.0113010406494,650.0113010406494,38.128,1
159,0.0,0.0,0.0,0.0,0.0,0.0,0,0,0.0,0.0,0.0,0.0,0.0,0.0,0.0,0.0,0.0062472749464582,0.0085830688476562,0.0078678131103515,0.0078678131103515,0.0056120065542367,0.0061988830566406,0.013589859008789,0.013589859008789,0.0061511993408203,0.005960464477539,0.005960464477539,0.008392333984375,0.010991096496582,0.0274419784545898,0.496,1.424,0.496,0.816,118.448,7.488,8.464,650.0099897384644,650.0110387802124,103.504,1
160,0.0,0.0,0.0,0.0,0.0,0.0,0,0,0.0,0.0,0.0,0.0,0.0,0.0,0.0,0.0,0.0062131170016616,0.0081062316894531,0.0088214874267578,0.0088214874267578,0.0052377581596374,0.0057220458984375,0.0102519989013671,0.0102519989013671,0.0062346458435058,0.0083446502685546,0.0083446502685546,0.0088453292846679,0.0116825103759765,0.0273704528808593,0.496,1.424,1.344,0.784,115.4,16.528,15.472,650.0139236450195,650.0139236450195,94.96,1
161,0.0,0.0,0.0,0.0,0.0,0.0,0,0,0.0,0.0,0.0,0.0,0.0,0.0,0.0,0.0,0.0061692290045135,0.0085830688476562,0.0078678131103515,0.0078678131103515,0.0054438908894856,0.0065565109252929,0.0109672546386718,0.0109672546386718,0.0,0.0,0.0,0.0,0.0,0.0,0.496,1.424,0.496,0.0,115.912,0.0,0.0,0.0,0.0,92.992,1
162,0.0,0.0,0.0,0.0,0.0,0.0,0,0,0.0,0.0,0.0,0.0,0.0,0.0,0.0,0.0,0.006247515702129,0.0083446502685546,0.0107288360595703,0.0107288360595703,0.0051021575927734,0.006103515625,0.0073909759521484,0.0073909759521484,0.0,0.0,0.0,0.0,0.0,0.0,0.496,1.424,0.0,0.0,115.816,0.0,0.0,0.0,0.0,93.032,1
163,0.0,0.0,0.0,0.0,0.0,0.0,0,0,0.0,0.0,0.0,0.0,0.0,0.0,0.0,0.0,0.0063317332101698,0.0083446502685546,0.0092983245849609,0.0092983245849609,0.005091939653669,0.0059127807617187,0.0143051147460937,0.0143051147460937,0.0,0.0,0.0,0.0,0.0,0.0,0.496,1.424,0.0,0.0,115.816,0.0,0.0,0.0,0.0,50.592,1
164,0.0,0.0,0.0,0.0,0.0,0.0,0,0,0.0,0.0,0.0,0.0,0.0,0.0,0.0,0.0,0.006262935809235,0.0083446502685546,0.0169277191162109,0.0169277191162109,0.0054334339342619,0.0064849853515625,0.0069141387939453,0.0069141387939453,0.0057697296142578,0.0,0.0,0.0074386596679687,0.0109672546386718,0.0201702117919921,0.496,1.424,0.0,0.0,115.512,3.744,4.232,0.0,0.0,67.672,1
165,0.0,0.0,0.0,0.0,0.0,0.0,0,0,0.0,0.0,0.0,0.0,0.0,0.0,0.0,0.0,0.0063074697362314,0.0083446502685546,0.0069141387939453,0.0069141387939453,0.005042552947998,0.005960464477539,0.0131130218505859,0.0131130218505859,0.0060558319091796,0.0,0.0,0.0080108642578125,0.011301040649414,0.0209331512451171,0.496,1.424,0.0,0.0,118.448,3.744,4.232,0.0,0.0,78.448,1
166,0.0,0.0,0.0,0.0,0.0,0.0,0,0,0.0,0.0,0.0,0.0,0.0,0.0,0.0,0.0,0.0059876111474367,0.0080823898315429,0.0085830688476562,0.0085830688476562,0.0053423422354239,0.0064849853515625,0.0116825103759765,0.0116825103759765,0.0063657760620117,0.0,0.0,0.0084638595581054,0.0110387802124023,0.0263452529907226,0.496,1.424,0.0,0.0,117.232,8.264,7.736,0.0,0.0,93.912,1
167,0.0,0.0,0.0,0.0,0.0,0.0,0,0,0.0,0.0,0.0,0.0,0.0,0.0,0.0,0.0,0.0060360030372544,0.0081062316894531,0.0104904174804687,0.0104904174804687,0.0052360387948843,0.0057220458984375,0.0085830688476562,0.0085830688476562,0.0,0.0,0.0,0.0,0.0,0.0,0.496,1.424,0.0,0.0,117.776,0.0,0.0,0.0,0.0,99.952,1
168,0.0,0.0,0.0,0.0,0.0,0.0,0,0,0.0,0.0,0.0,0.0,0.0,0.0,0.0,0.0,0.0063032653201278,0.0085830688476562,0.009775161743164,0.009775161743164,0.0050820802387438,0.0058650970458984,0.0147819519042968,0.0147819519042968,0.0,0.0,0.0,0.0,0.0,0.0,0.496,1.424,0.0,0.0,116.072,0.0,0.0,0.0,0.0,80.984,1
169,0.0,0.0,0.0,0.0,0.0,0.0,0,0,0.0,0.0,0.0,0.0,0.0,0.0,0.0,0.0,0.0059379273979224,0.0081062316894531,0.0073909759521484,0.0073909759521484,0.0057641197653377,0.0072479248046875,0.0083446502685546,0.0083446502685546,0.0,0.0,0.0,0.0,0.0,0.0,0.496,1.424,0.0,0.0,114.984,0.0,0.0,0.0,0.0,80.584,1
170,0.0,0.0,0.0,0.0,0.0,0.0,0,0,0.0,0.0,0.0,0.0,0.0,0.0,0.0,0.0,0.0061051762519191,0.0081062316894531,0.0095367431640625,0.0095367431640625,0.0052452087402343,0.0061988830566406,0.0121593475341796,0.0121593475341796,0.0066757202148437,0.0073909759521484,0.0075817108154296,0.0089645385742187,0.0109195709228515,0.0203609466552734,0.496,1.424,3.28,4.928,116.456,3.744,4.232,650.0087976455688,650.0098466873169,103.056,1
171,0.0,0.0,0.0,0.0,0.0,0.0,0,0,0.0,0.0,0.0,0.0,0.0,0.0,0.0,0.0,0.0064135783940405,0.0088214874267578,0.0071525573730468,0.0071525573730468,0.0057816505432128,0.0069856643676757,0.0109672546386718,0.0109672546386718,0.0062465667724609,0.0064373016357421,0.0064373016357421,0.0079154968261718,0.0115871429443359,0.0219345092773437,0.496,1.424,1.264,1.168,115.88,3.744,4.232,650.0072479248047,650.0072479248047,88.704,1
172,0.0,0.0,0.0,0.0,0.0,0.0,0,0,0.0,0.0,0.0,0.0,0.0,0.0,0.0,0.0,0.0062602581364093,0.008559226989746,0.0081062316894531,0.0081062316894531,0.0055687768118722,0.0061988830566406,0.0085830688476562,0.0085830688476562,0.0060558319091796,0.0088214874267578,0.0088214874267578,0.0084161758422851,0.0107526779174804,0.0256061553955078,0.496,1.424,1.104,1.552,117.904,8.264,7.736,650.0077247619629,650.0077247619629,49.328,1
173,0.0,0.0,0.0,0.0,0.0,0.0,0,0,0.0,0.0,0.0,0.0,0.0,0.0,0.0,0.0,0.0062059647966139,0.0083208084106445,0.0071525573730468,0.0071525573730468,0.0054495675223214,0.005960464477539,0.0181198120117187,0.0181198120117187,0.0,0.0084638595581054,0.008559226989746,0.0,0.0,0.0,0.496,1.424,1.568,4.064,117.52,0.0,0.0,650.010347366333,650.0124454498291,94.808,1
174,0.0,0.0,0.0,0.0,0.0,0.0,0,0,0.0,0.0,0.0,0.0,0.0,0.0,0.0,0.0,0.0062697004563737,0.0085830688476562,0.0078678131103515,0.0078678131103515,0.0056245110251686,0.0066280364990234,0.0150203704833984,0.0150203704833984,0.0,0.0090599060058593,0.0090599060058593,0.0,0.0,0.0,0.496,1.424,1.344,0.784,117.648,0.0,0.0,650.0197649002075,650.0223398208618,96.848,1
175,0.0,0.0,0.0,0.0,0.0,0.0,0,0,0.0,0.0,0.0,0.0,0.0,0.0,0.0,0.0,0.0059282779693603,0.00762939453125,0.0073909759521484,0.0073909759521484,0.0058650970458984,0.0069141387939453,0.0107288360595703,0.0107288360595703,0.0,0.0,0.0,0.0,0.0,0.0,0.496,1.424,0.496,0.0,112.0,0.0,0.0,0.0,0.0,14.408,1
176,0.0,0.0,0.0,0.0,0.0,0.0,0,0,0.0,0.0,0.0,0.0,0.0,0.0,0.0,0.0,0.0061870801566851,0.0083208084106445,0.0088214874267578,0.0088214874267578,0.0057856241861979,0.0066757202148437,0.0157356262207031,0.0157356262207031,0.0072956085205078,0.0,0.0,0.0111579895019531,0.0113964080810546,0.0214576721191406,0.496,1.392,0.0,0.0,118.928,3.744,4.232,0.0,0.0,55.272,1
177,0.0,0.0,0.0,0.0,0.0,0.0,0,0,0.0,0.0,0.0,0.0,0.0,0.0,0.0,0.0,0.0062463295400439,0.0088214874267578,0.0083446502685546,0.0083446502685546,0.0049471855163574,0.0054836273193359,0.0121593475341796,0.0121593475341796,0.0066280364990234,0.0,0.0,0.0090599060058593,0.0111579895019531,0.021219253540039,0.496,1.424,0.0,0.0,115.496,3.744,4.232,0.0,0.0,72.384,1
178,0.0,0.0,0.0,0.0,0.0,0.0,0,0,0.0,0.0,0.0,0.0,0.0,0.0,0.0,0.0,0.0060665607452392,0.0081062316894531,0.0073909759521484,0.0073909759521484,0.0078678131103515,0.0078678131103515,0.0147819519042968,0.0147819519042968,0.0063180923461914,0.0,0.0,0.0088691711425781,0.0119209289550781,0.0279188156127929,0.496,1.424,0.0,0.0,112.0,8.264,7.736,0.0,0.0,3.208,1
179,0.0,0.0,0.0,0.0,0.0,0.0,0,0,0.0,0.0,0.0,0.0,0.0,0.0,0.0,0.0,0.0059118318320506,0.0078678131103515,0.00762939453125,0.00762939453125,0.0092983245849609,0.0092983245849609,0.0092983245849609,0.0092983245849609,0.0,0.0,0.0,0.0,0.0,0.0,0.496,1.392,0.0,0.0,113.256,0.0,0.0,0.0,0.0,1.192,1
180,0.0,0.0,0.0,0.0,0.0,0.0,0,0,0.0,0.0,0.0,0.0,0.0,0.0,0.0,0.0,0.0062152451159907,0.0081062316894531,0.0107288360595703,0.0107288360595703,0.005648686335637,0.006723403930664,0.0100135803222656,0.0100135803222656,0.0,0.0,0.0,0.0,0.0,0.0,0.496,1.36,0.0,0.0,123.68,0.0,0.0,0.0,0.0,39.768,1
181,0.0,0.0,0.0,0.0,0.0,0.0,0,0,0.0,0.0,0.0,0.0,0.0,0.0,0.0,0.0,0.0062484552364538,0.0087976455688476,0.0107288360595703,0.0107288360595703,0.0054511156949129,0.005960464477539,0.0061988830566406,0.0061988830566406,0.0,0.0,0.0,0.0,0.0,0.0,0.496,1.424,0.0,0.0,116.752,0.0,0.0,0.0,0.0,77.28,1
182,0.0,0.0,0.0,0.0,0.0,0.0,0,0,0.0,0.0,0.0,0.0,0.0,0.0,0.0,0.0,0.0061680428424284,0.0083446502685546,0.0095367431640625,0.0095367431640625,0.0054717063903808,0.0063657760620117,0.0133514404296875,0.0133514404296875,0.006723403930664,0.0,0.0,0.0081539154052734,0.0117778778076171,0.0226974487304687,0.496,1.424,0.0,0.0,117.192,3.744,4.232,0.0,0.0,75.2,1
183,0.0,0.0,0.0,0.0,0.0,0.0,0,0,0.0,0.0,0.0,0.0,0.0,0.0,0.0,0.0,0.0061300856557058,0.0083446502685546,0.0083446502685546,0.0083446502685546,0.0050597720675998,0.0057697296142578,0.0066757202148437,0.0066757202148437,0.0059127807617187,0.0,0.0,0.0074386596679687,0.0114917755126953,0.0223159790039062,0.496,1.424,0.0,0.0,117.192,3.744,4.232,0.0,0.0,79.952,1
184,0.0,0.0,0.0,0.0,0.0,0.0,0,0,0.0,0.0,0.0,0.0,0.0,0.0,0.0,0.0,0.0062071861912362,0.0083446502685546,0.0061988830566406,0.0061988830566406,0.0052565620059058,0.005960464477539,0.0118017196655273,0.0134229660034179,0.006270408630371,0.0071525573730468,0.0071525573730468,0.0086069107055664,0.0106096267700195,0.0243663787841796,1.344,2.272,0.0,3.312,116.008,8.264,7.736,650.0091552734375,650.0091552734375,77.64,1
185,0.0,0.0,0.0,0.0,0.0,0.0,0,0,0.0,0.0,0.0,0.0,0.0,0.0,0.0,0.0,0.0061158517106848,0.0081062316894531,0.0081062316894531,0.0081062316894531,0.0056287516718325,0.0066280364990234,0.00762939453125,0.00762939453125,0.0,0.0112056732177734,0.0112056732177734,0.0,0.0,0.0,0.496,1.424,3.28,1.616,116.072,0.0,0.0,650.0093936920166,650.0093936920166,89.144,1
186,0.0,0.0,0.0,0.0,0.0,0.0,0,0,0.0,0.0,0.0,0.0,0.0,0.0,0.0,0.0,0.0064361213457466,0.0088214874267578,0.009775161743164,0.009775161743164,0.0059107939402262,0.0078201293945312,0.0131130218505859,0.0131130218505859,0.0,0.0077486038208007,0.0089883804321289,0.0,0.0,0.0,0.496,1.424,2.368,2.72,118.448,0.0,0.0,650.0086784362793,650.0088691711426,97.632,1
187,0.0,0.0,0.0,0.0,0.0,0.0,0,0,0.0,0.0,0.0,0.0,0.0,0.0,0.0,0.0,0.0063948111959023,0.0085830688476562,0.0100135803222656,0.0100135803222656,0.0057379404703776,0.006866455078125,0.0085830688476562,0.0085830688476562,0.0,0.0066757202148437,0.0066757202148437,0.0,0.0,0.0,0.496,1.424,1.072,3.248,116.336,0.0,0.0,650.0153541564941,650.0153541564941,63.432,1
188,0.0,0.0,0.0,0.0,0.0,0.0,0,0,0.0,0.0,0.0,0.0,0.0,0.0,0.0,0.0,0.0062921259662892,0.0081062316894531,0.0088214874267578,0.0088214874267578,0.0055053017356178,0.0061750411987304,0.011444091796875,0.011444091796875,0.0060081481933593,0.0077486038208007,0.0089883804321289,0.0077724456787109,0.011301040649414,0.0212669372558593,0.496,1.424,1.344,1.6,116.304,3.744,4.232,650.0135660171509,650.0174760818481,76.704,1
189,0.0,0.0,0.0,0.0,0.0,0.0,0,0,0.0,0.0,0.0,0.0,0.0,0.0,0.0,0.0,0.0064088337457002,0.0090599060058593,0.0085830688476562,0.0085830688476562,0.0051558017730712,0.0063657760620117,0.009775161743164,0.009775161743164,0.0059127807617187,0.0,0.0,0.0073909759521484,0.011301040649414,0.0213146209716796,0.496,1.424,0.992,0.0,115.88,3.744,4.232,650.0108242034912,650.0108242034912,99.136,1
190,0.0,0.0,0.0,0.0,0.0,0.0,0,0,0.0,0.0,0.0,0.0,0.0,0.0,0.0,0.0,0.006305637644298,0.0090599060058593,0.0078678131103515,0.0078678131103515,0.0050913903021043,0.0057220458984375,0.0066757202148437,0.0066757202148437,0.0069856643676757,0.0,0.0,0.0088453292846679,0.0121831893920898,0.0295162200927734,0.496,1.424,0.0,0.0,114.808,8.264,7.736,0.0,0.0,111.784,1
191,0.0,0.0,0.0,0.0,0.0,0.0,0,0,0.0,0.0,0.0,0.0,0.0,0.0,0.0,0.0,0.0061762332916259,0.0085830688476562,0.0095367431640625,0.0095367431640625,0.0050306320190429,0.005340576171875,0.009775161743164,0.009775161743164,0.0,0.0,0.0,0.0,0.0,0.0,0.496,1.424,0.0,0.0,112.0,0.0,0.0,0.0,0.0,34.544,1
192,0.0,0.0,0.0,0.0,0.0,0.0,0,0,0.0,0.0,0.0,0.0,0.0,0.0,0.0,0.0,0.0061965224766495,0.008559226989746,0.0109672546386718,0.0109672546386718,0.0042417381383195,0.0050067901611328,0.0104904174804687,0.0104904174804687,0.0,0.0,0.0,0.0,0.0,0.0,0.496,1.392,0.0,0.0,122.384,0.0,0.0,0.0,0.0,1641.936,1
193,0.0,0.0,0.0,0.0,0.0,0.0,0,0,0.0,0.0,0.0,0.0,0.0,0.0,0.0,0.0,0.0064337431494869,0.0088214874267578,0.00762939453125,0.00762939453125,0.0041495548205429,0.0050067901611328,0.0083446502685546,0.0083446502685546,0.0,0.0,0.0,0.0,0.0,0.0,0.496,1.424,0.0,0.0,113.256,0.0,0.0,0.0,0.0,1887.408,1
194,0.0,0.0,0.0,0.0,0.0,0.0,0,0,0.0,0.0,0.0,0.0,0.0,0.0,0.0,0.0,0.0060873838206428,0.0081062316894531,0.0069141387939453,0.0069141387939453,0.0047683715820312,0.0047683715820312,0.0116825103759765,0.0116825103759765,0.006103515625,0.0,0.0,0.0074386596679687,0.01220703125,0.0237941741943359,0.496,1.424,0.0,0.0,113.256,3.744,4.232,0.0,0.0,1.192,1
195,0.0,0.0,0.0,0.0,0.0,0.0,0,0,0.0,0.0,0.0,0.0,0.0,0.0,0.0,0.0,0.0058916670766042,0.0081062316894531,0.00762939453125,0.00762939453125,0.0050067901611328,0.0050067901611328,0.0061988830566406,0.0061988830566406,0.0064849853515625,0.0,0.0,0.0082015991210937,0.0112533569335937,0.0216960906982421,0.496,1.36,0.0,0.0,113.256,3.744,4.232,0.0,0.0,1.192,1
196,0.0,0.0,0.0,0.0,0.0,0.0,0,0,0.0,0.0,0.0,0.0,0.0,0.0,0.0,0.0,0.0060582160949707,0.0081062316894531,0.0073909759521484,0.0073909759521484,0.0,0.0,0.0073909759521484,0.0073909759521484,0.0060081481933593,0.0,0.0,0.0083684921264648,0.011301040649414,0.0265359878540039,0.496,1.36,0.0,0.0,112.0,8.264,7.736,0.0,0.0,0.0,1
197,0.0,0.0,0.0,0.0,0.0,0.0,0,0,0.0,0.0,0.0,0.0,0.0,0.0,0.0,0.0,0.0060665607452392,0.0081300735473632,0.0069141387939453,0.0069141387939453,0.0,0.0,0.0121593475341796,0.0121593475341796,0.0,0.0,0.0,0.0,0.0,0.0,0.496,1.36,0.0,0.0,112.0,0.0,0.0,0.0,0.0,0.0,1
198,0.0,0.0,0.0,0.0,0.0,0.0,0,0,0.0,0.0,0.0,0.0,0.0,0.0,0.0,0.0,0.0062716007232666,0.0083446502685546,0.00762939453125,0.00762939453125,0.0,0.0,0.0104904174804687,0.0104904174804687,0.0,0.0071525573730468,0.0071525573730468,0.0,0.0,0.0,0.496,1.36,0.0,3.312,112.0,0.0,0.0,650.0129699707031,650.0129699707031,0.0,1
199,0.0,0.0,0.0,0.0,0.0,0.0,0,0,0.0,0.0,0.0,0.0,0.0,0.0,0.0,0.0,0.0063192844390869,0.0083446502685546,0.0073909759521484,0.0073909759521484,0.0,0.0,0.0131130218505859,0.0131130218505859,0.0,0.0061988830566406,0.0061988830566406,0.0,0.0,0.0,0.496,1.36,3.28,1.616,112.0,0.0,0.0,650.0110626220703,650.0110626220703,0.0,1
200,0.0,0.0,0.0,0.0,0.0,0.0,0,0,0.0,0.0,0.0,0.0,0.0,0.0,0.0,0.0,0.006219047812087,0.0085830688476562,0.0109672546386718,0.0109672546386718,0.0100135803222656,0.0100135803222656,0.0123977661132812,0.0123977661132812,0.0058650970458984,0.0081062316894531,0.0081062316894531,0.0073909759521484,0.010538101196289,0.0197410583496093,0.496,1.36,2.368,1.168,113.256,3.744,4.232,650.0093936920166,650.0093936920166,1.192,1
201,0.0,0.0,0.0,0.0,0.0,0.0,0,0,0.0,0.0,0.0,0.0,0.0,0.0,0.0,0.0,0.0063685042348074,0.0083446502685546,0.00762939453125,0.00762939453125,0.0054836273193359,0.0054836273193359,0.0104904174804687,0.0104904174804687,0.0072002410888671,0.0064373016357421,0.0068187713623046,0.008392333984375,0.0121116638183593,0.0218391418457031,0.496,1.36,1.072,4.8,113.256,3.744,4.232,650.0120162963867,650.0144958496094,1.192,1
202,0.0,0.0,0.0,0.0,0.0,0.0,0,0,0.0,0.0,0.0,0.0,0.0,0.0,0.0,0.0,0.0061229686831953,0.0083446502685546,0.0064373016357421,0.0064373016357421,0.005960464477539,0.005960464477539,0.009775161743164,0.009775161743164,0.0067949295043945,0.0073909759521484,0.0073909759521484,0.0094413757324218,0.0111818313598632,0.0260353088378906,0.496,1.36,0.496,0.816,113.256,8.264,7.736,650.0122547149658,650.0133991241455,1.192,1
203,0.0,0.0,0.0,0.0,0.0,0.0,0,0,0.0,0.0,0.0,0.0,0.0,0.0,0.0,0.0,0.0060164928436279,0.0081062316894531,0.0061988830566406,0.0061988830566406,0.0,0.0,0.0064373016357421,0.0064373016357421,0.0,0.0138282775878906,0.0138282775878906,0.0,0.0,0.0,0.496,1.36,1.344,0.784,112.0,0.0,0.0,650.0122547149658,650.0122547149658,0.0,1
204,0.0,0.0,0.0,0.0,0.0,0.0,0,0,0.0,0.0,0.0,0.0,0.0,0.0,0.0,0.0,0.0058293342590332,0.00762939453125,0.0073909759521484,0.0073909759521484,0.0,0.0,0.0061988830566406,0.0061988830566406,0.0062147776285807,0.0,0.0,0.0085353851318359,0.0099341074625651,0.0216484069824218,0.496,1.36,0.496,0.0,112.0,10.776,11.312,0.0,0.0,0.0,1
205,0.0,0.0,0.0,0.0,0.0,0.0,0,0,0.0,0.0,0.0,0.0,0.0,0.0,0.0,0.0,0.0060069561004638,0.0081062316894531,0.00762939453125,0.00762939453125,0.0,0.0,0.0121593475341796,0.0121593475341796,0.0,0.0,0.0,0.0,0.0,0.0,0.496,1.36,0.0,0.0,112.0,0.0,0.0,0.0,0.0,0.0,1
206,0.0,0.0,0.0,0.0,0.0,0.0,0,0,0.0,0.0,0.0,0.0,0.0,0.0,0.0,0.0,0.0061047077178955,0.0078678131103515,0.0071525573730468,0.0071525573730468,0.0,0.0,0.0092983245849609,0.0092983245849609,0.0063776969909667,0.0,0.0,0.0075340270996093,0.01068909962972,0.0187158584594726,0.496,1.36,0.0,0.0,112.0,4.272,3.704,0.0,0.0,0.0,1
207,0.0,0.0,0.0,0.0,0.0,0.0,0,0,0.0,0.0,0.0,0.0,0.0,0.0,0.0,0.0,0.0060043524746871,0.0078678131103515,0.0073909759521484,0.0073909759521484,0.0092983245849609,0.0092983245849609,0.0085830688476562,0.0085830688476562,0.0064849853515625,0.0,0.0,0.0076770782470703,0.011444091796875,0.021982192993164,0.496,1.36,0.0,0.0,113.256,3.744,4.232,0.0,0.0,1.192,1
208,0.0,0.0,0.0,0.0,0.0,0.0,0,0,0.0,0.0,0.0,0.0,0.0,0.0,0.0,0.0,0.0063127546168085,0.0085830688476562,0.0071525573730468,0.0071525573730468,0.0054836273193359,0.0054836273193359,0.0083446502685546,0.0083446502685546,0.0069618225097656,0.0,0.0,0.0086069107055664,0.0111818313598632,0.0283718109130859,0.496,1.36,0.0,0.0,113.256,8.264,7.736,0.0,0.0,1.192,1
209,0.0,0.0,0.0,0.0,0.0,0.0,0,0,0.0,0.0,0.0,0.0,0.0,0.0,0.0,0.0,0.0059189488045611,0.0078678131103515,0.00762939453125,0.00762939453125,0.0069141387939453,0.0069141387939453,0.0073909759521484,0.0073909759521484,0.0,0.0,0.0,0.0,0.0,0.0,0.496,1.36,0.0,0.0,113.256,0.0,0.0,0.0,0.0,1.192,1
210,0.0,0.0,0.0,0.0,0.0,0.0,0,0,0.0,0.0,0.0,0.0,0.0,0.0,0.0,0.0,0.0061526227353224,0.0078678131103515,0.0071525573730468,0.0071525573730468,0.0060796737670898,0.0075101852416992,0.0069141387939453,0.0069141387939453,0.0,0.0,0.0,0.0,0.0,0.0,0.496,1.36,0.0,0.0,117.192,0.0,0.0,0.0,0.0,14.896,1
211,0.0,0.0,0.0,0.0,0.0,0.0,0,0,0.0,0.0,0.0,0.0,0.0,0.0,0.0,0.0,0.006036851012591,0.0078678131103515,0.0100135803222656,0.0100135803222656,0.0043279594845241,0.0054836273193359,0.0083446502685546,0.0083446502685546,0.0,0.0,0.0,0.0,0.0,0.0,0.496,1.424,0.0,0.0,134.416,0.0,0.0,0.0,0.0,744.944,1
212,0.0,0.0,0.0,0.0,0.0,0.0,0,0,0.0,0.0,0.0,0.0,0.0,0.0,0.0,0.0,0.0064123922319554,0.0081062316894531,0.0083446502685546,0.0083446502685546,0.0041734462247746,0.0050067901611328,0.0116825103759765,0.0116825103759765,0.0056743621826171,0.0,0.0,0.0071525573730468,0.0109672546386718,0.0207901000976562,0.496,1.424,0.0,0.0,117.192,3.744,4.232,0.0,0.0,3339.432,1
213,0.0,0.0,0.0,0.0,0.0,0.0,0,0,0.0,0.0,0.0,0.0,0.0,0.0,0.0,0.0,0.0061028039277489,0.0083446502685546,0.0112056732177734,0.0112056732177734,0.0046228107653166,0.0056266784667968,0.0126361846923828,0.0126361846923828,0.0069618225097656,0.0,0.0,0.0089168548583984,0.01068115234375,0.019693374633789,0.496,1.424,0.0,0.0,117.192,3.744,4.232,0.0,0.0,615.016,1
214,0.0,0.0,0.0,0.0,0.0,0.0,0,0,0.0,0.0,0.0,0.0,0.0,0.0,0.0,0.0,0.0061587531967918,0.008559226989746,0.0078678131103515,0.0078678131103515,0.0042367109002914,0.0052452087402343,0.0069141387939453,0.0069141387939453,0.0067949295043945,0.0,0.0,0.0088691711425781,0.011301040649414,0.0280380249023437,0.496,1.424,0.0,0.0,116.016,8.264,7.736,0.0,0.0,1890.792,1
215,0.0,0.0,0.0,0.0,0.0,0.0,0,0,0.0,0.0,0.0,0.0,0.0,0.0,0.0,0.0,0.0063511404660668,0.008559226989746,0.0071287155151367,0.0060796737670898,0.0052792685372488,0.005960464477539,0.0109672546386718,0.0132560729980468,0.0,0.0,0.0,0.0,0.0,0.0,1.344,2.272,0.0,0.0,118.448,0.0,0.0,0.0,0.0,69.56,1
216,0.0,0.0,0.0,0.0,0.0,0.0,0,0,0.0,0.0,0.0,0.0,0.0,0.0,0.0,0.0,0.0059497890187733,0.0081062316894531,0.0081062316894531,0.0081062316894531,0.0062465667724609,0.0081062316894531,0.0109672546386718,0.0109672546386718,0.0,0.0,0.0,0.0,0.0,0.0,0.496,1.424,0.0,0.0,113.256,0.0,0.0,0.0,0.0,10.488,1
217,0.0,0.0,0.0,0.0,0.0,0.0,0,0,0.0,0.0,0.0,0.0,0.0,0.0,0.0,0.0,0.0065706744052395,0.0090599060058593,0.0078678131103515,0.0078678131103515,0.004112340842083,0.0050067901611328,0.0069141387939453,0.0069141387939453,0.0,0.0,0.0,0.0,0.0,0.0,0.496,1.392,0.0,0.0,120.304,0.0,0.0,0.0,0.0,3369.824,1
218,0.0,0.0,0.0,0.0,0.0,0.0,0,0,0.0,0.0,0.0,0.0,0.0,0.0,0.0,0.0,0.0063586235046386,0.0083684921264648,0.0088214874267578,0.0088214874267578,0.0044179249958819,0.005960464477539,0.0090599060058593,0.0090599060058593,0.0066757202148437,0.0,0.0,0.0085830688476562,0.0118732452392578,0.0226020812988281,0.496,1.424,0.0,0.0,112.0,3.744,4.232,0.0,0.0,808.872,1
219,0.0,0.0,0.0,0.0,0.0,0.0,0,0,0.0,0.0,0.0,0.0,0.0,0.0,0.0,0.0,0.0059996078263467,0.0081062316894531,0.0090599060058593,0.0090599060058593,0.0064373016357421,0.0064373016357421,0.0073909759521484,0.0073909759521484,0.0058650970458984,0.0,0.0,0.0074386596679687,0.0107765197753906,0.0202655792236328,0.496,1.424,0.0,0.0,115.608,3.744,4.232,0.0,0.0,3.32,1
220,0.0,0.0,0.0,0.0,0.0,0.0,0,0,0.0,0.0,0.0,0.0,0.0,0.0,0.0,0.0,0.0061575729067962,0.0081062316894531,0.0107288360595703,0.0107288360595703,0.004434585571289,0.0061988830566406,0.0145435333251953,0.0145435333251953,0.0064611434936523,0.0,0.0,0.0086545944213867,0.0113964080810546,0.0277519226074218,0.496,1.424,0.0,0.0,119.904,8.264,7.736,0.0,0.0,498.32,1
221,0.0,0.0,0.0,0.0,0.0,0.0,0,0,0.0,0.0,0.0,0.0,0.0,0.0,0.0,0.0,0.0068928935740253,0.0092983245849609,0.0081062316894531,0.0081062316894531,0.0040185653557211,0.0045537948608398,0.0131130218505859,0.0131130218505859,0.0,0.0,0.0,0.0,0.0,0.0,0.496,1.424,0.0,0.0,118.448,0.0,0.0,0.0,0.0,13023.744,1
222,0.0,0.0,0.0,0.0,0.0,0.0,0,0,0.0,0.0,0.0,0.0,0.0,0.0,0.0,0.0,0.0062736112680008,0.0085830688476562,0.0107288360595703,0.0107288360595703,0.0050306320190429,0.0072479248046875,0.011444091796875,0.011444091796875,0.0,0.0,0.0,0.0,0.0,0.0,0.496,1.424,0.0,0.0,113.256,0.0,0.0,0.0,0.0,229.872,1
223,0.0,0.0,0.0,0.0,0.0,0.0,0,0,0.0,0.0,0.0,0.0,0.0,0.0,0.0,0.0,0.0058762469694982,0.0078678131103515,0.0085830688476562,0.0085830688476562,0.0057220458984375,0.0057220458984375,0.0095367431640625,0.0095367431640625,0.0,0.0,0.0,0.0,0.0,0.0,0.496,1.424,0.0,0.0,113.256,0.0,0.0,0.0,0.0,1.192,1
224,0.0,0.0,0.0,0.0,0.0,0.0,0,0,0.0,0.0,0.0,0.0,0.0,0.0,0.0,0.0,0.0062282449506186,0.0085830688476562,0.0085830688476562,0.0085830688476562,0.0041594872107872,0.0047922134399414,0.0109672546386718,0.0109672546386718,0.0062942504882812,0.0,0.0,0.0080108642578125,0.0110626220703125,0.0208854675292968,0.496,1.36,0.0,0.0,126.248,3.744,4.232,0.0,0.0,1442.8,1
225,0.0,0.0,0.0,0.0,0.0,0.0,0,0,0.0,0.0,0.0,0.0,0.0,0.0,0.0,0.0,0.0064598387153587,0.0085830688476562,0.00762939453125,0.00762939453125,0.0042390015165684,0.0052452087402343,0.0102519989013671,0.0102519989013671,0.0066280364990234,0.0,0.0,0.0088691711425781,0.0106334686279296,0.0195026397705078,0.496,1.424,0.0,0.0,115.864,3.744,4.232,0.0,0.0,1826.472,1
226,0.0,0.0,0.0,0.0,0.0,0.0,0,0,0.0,0.0,0.0,0.0,0.0,0.0,0.0,0.0,0.0066852095115244,0.0088214874267578,0.0100135803222656,0.0100135803222656,0.0040986537933349,0.0047683715820312,0.0119209289550781,0.0119209289550781,0.0063657760620117,0.0,0.0,0.0083684921264648,0.0104665756225585,0.0250577926635742,0.496,1.424,0.0,0.0,117.192,8.264,7.736,0.0,0.0,10681.216,1
227,0.0,0.0,0.0,0.0,0.0,0.0,0,0,0.0,0.0,0.0,0.0,0.0,0.0,0.0,0.0,0.0063305470480847,0.0085830688476562,0.0088214874267578,0.0088214874267578,0.0045218019403963,0.0052452087402343,0.0121593475341796,0.0121593475341796,0.0,0.0,0.0,0.0,0.0,0.0,0.496,1.424,0.0,0.0,117.192,0.0,0.0,0.0,0.0,893.736,1
228,0.0,0.0,0.0,0.0,0.0,0.0,0,0,0.0,0.0,0.0,0.0,0.0,0.0,0.0,0.0,0.0060494266339202,0.0083446502685546,0.0078678131103515,0.0078678131103515,0.0046173731486002,0.0057458877563476,0.0069141387939453,0.0069141387939453,0.0,0.0,0.0,0.0,0.0,0.0,0.496,1.424,0.0,0.0,113.256,0.0,0.0,0.0,0.0,198.784,1
229,0.0,0.0,0.0,0.0,0.0,0.0,0,0,0.0,0.0,0.0,0.0,0.0,0.0,0.0,0.0,0.007057424836558,0.009775161743164,0.0092983245849609,0.0092983245849609,0.0040797970381987,0.0047683715820312,0.011444091796875,0.011444091796875,0.0,0.0,0.0,0.0,0.0,0.0,0.496,1.392,0.0,0.0,120.024,0.0,0.0,0.0,0.0,17806.312,1
