time_seconds,a1_retransmissions_ul_count,a1_retransmissions_dl_count,a1_packet_loss_ul_percentage,a1_packet_loss_dl_percentage,e2_du_packet_loss_ul_percentage,e2_du_packet_loss_dl_percentage,e2_du_retransmissions_ul_count,e2_du_retransmissions_dl_count,f1_c_packet_loss_dl_percentage,f1_c_packet_loss_ul_percentage,f1_c_retransmissions_dl_count,f1_c_retransmissions_ul_count,f1_u_retransmissions_dl_count,f1_u_retransmissions_ul_count,f1_u_packet_loss_dl_percentage,f1_u_packet_loss_ul_percentage,f1_u_latency_mean_ul_ms,f1_u_latency_p90_ul_ms,e2_du_latency_p90_ul_ms,e2_du_latency_mean_ul_ms,f1_c_latency_mean_ul_ms,a1_latency_mean_ul_ms,f1_c_latency_p90_ul_ms,e2_du_latency_mean_dl_ms,e2_du_latency_p90_dl_ms,f1_u_latency_mean_dl_ms,f1_u_latency_p90_dl_ms,a1_latency_p90_ul_ms,a1_latency_mean_dl_ms,a1_latency_p90_dl_ms,e2_du_throughput_dl_kbps,e2_du_throughput_ul_kbps,f1_c_throughput_dl_kbps,f1_c_throughput_ul_kbps,a1_throughput_ul_kbps,a1_throughput_dl_kbps,f1_u_throughput_ul_kbps,f1_c_latency_mean_dl_ms,f1_c_latency_p90_dl_ms,f1_u_throughput_dl_kbps,F-node
0,0.0,0.0,0.0,0.0,0.0,0.0,0,0,0.0,0.0,0.0,0.0,0.0,0.0,0.0,0.0,0.0060525270971921,0.0083446502685546,0.0083446502685546,0.0083446502685546,0.0095367431640625,0.0079154968261718,0.01068115234375,0.0109672546386718,0.0109672546386718,0.0084638595581054,0.0091314315795898,0.0108242034912109,0.0123977661132812,0.0233173370361328,0.496,1.36,1.696,1.696,3.504,4.52,118.96,0.0102519989013671,0.0108242034912109,6.384,0
1,0.0,0.0,0.0,0.0,0.0,0.0,0,0,0.0,0.0,0.0,0.0,0.0,0.0,0.0,0.0,0.0060796737670898,0.0083446502685546,0.0073909759521484,0.0073909759521484,0.0095367431640625,0.0079154968261718,0.01068115234375,0.0112056732177734,0.0112056732177734,0.0051856040954589,0.007939338684082,0.0108242034912109,0.0123977661132812,0.0233173370361328,0.496,1.424,1.696,1.696,3.504,4.52,132.768,0.0102519989013671,0.0108242034912109,63.584,0
2,0.0,0.0,0.0,0.0,0.0,0.0,0,0,0.0,0.0,0.0,0.0,0.0,0.0,0.0,0.0,0.0065482488953241,0.0090599060058593,0.0104904174804687,0.0104904174804687,0.0095367431640625,0.0062942504882812,0.01068115234375,0.00762939453125,0.00762939453125,0.003992096852448,0.0047683715820312,0.0079631805419921,0.0113964080810546,0.0211238861083984,0.496,1.424,1.696,1.696,4.232,3.744,122.384,0.0102519989013671,0.0108242034912109,6000.64,0
3,0.0,0.0,0.0,0.0,0.0,0.0,0,0,0.0,0.0,0.0,0.0,0.0,0.0,0.0,0.0,0.006152851746814,0.0081062316894531,0.0073909759521484,0.0073909759521484,0.0095367431640625,0.0059127807617187,0.01068115234375,0.0104904174804687,0.0104904174804687,0.0044703483581542,0.0050306320190429,0.0081539154052734,0.0107526779174804,0.0245571136474609,0.496,1.424,1.696,1.696,7.736,8.264,118.448,0.0102519989013671,0.0108242034912109,10.576,0
4,0.0,0.0,0.0,0.0,0.0,0.0,0,0,0.0,0.0,0.0,0.0,0.0,0.0,0.0,0.0,0.0060832146370765,0.0085830688476562,0.0069141387939453,0.0069141387939453,0.0095367431640625,0.0,0.01068115234375,0.0052452087402343,0.0052452087402343,0.0039518520396242,0.0047683715820312,0.0,0.0,0.0,0.496,1.424,1.696,1.696,0.0,0.0,118.448,0.0102519989013671,0.0108242034912109,2106.352,0
5,0.0,0.0,0.0,0.0,0.0,0.0,0,0,0.0,0.0,0.0,0.0,0.0,0.0,0.0,0.0,0.0061068204369875,0.0078678131103515,0.00762939453125,0.00762939453125,0.0095367431640625,0.0062942504882812,0.01068115234375,0.009775161743164,0.009775161743164,0.0071525573730468,0.0073432922363281,0.008392333984375,0.0104427337646484,0.0196456909179687,0.496,1.424,1.696,1.696,4.232,3.744,116.544,0.0102519989013671,0.0108242034912109,4.192,0
6,0.0,0.0,0.0,0.0,0.0,0.0,0,0,0.0,0.0,0.0,0.0,0.0,0.0,0.0,0.0,0.0062451433779588,0.0083446502685546,0.013589859008789,0.013589859008789,0.0095367431640625,0.0069618225097656,0.01068115234375,0.0143051147460937,0.0143051147460937,0.0050586202870244,0.0063896179199218,0.0101089477539062,0.0110626220703125,0.0214576721191406,0.496,1.392,1.696,1.696,4.232,3.744,117.192,0.0102519989013671,0.0108242034912109,180.936,0
7,0.0,0.0,0.0,0.0,0.0,0.0,0,0,0.0,0.0,0.0,0.0,0.0,0.0,0.0,0.0,0.0059783458709716,0.0081062316894531,0.0069141387939453,0.0069141387939453,0.0095367431640625,0.0060240427652994,0.01068115234375,0.0128746032714843,0.0128746032714843,0.0,0.0,0.0080585479736328,0.0111897786458333,0.0291347503662109,0.496,1.424,1.696,1.696,11.968,12.008,112.0,0.0102519989013671,0.0108242034912109,0.0,0
8,0.0,0.0,0.0,0.0,0.0,0.0,0,0,0.0,0.0,0.0,0.0,0.0,0.0,0.0,0.0,0.0059521198272705,0.0078678131103515,0.0078678131103515,0.0078678131103515,0.0095367431640625,0.006103515625,0.01068115234375,0.0078678131103515,0.0078678131103515,0.0,0.0,0.0077724456787109,0.01068115234375,0.019693374633789,0.496,1.36,1.696,1.696,4.232,3.744,112.0,0.0102519989013671,0.0108242034912109,0.0,0
9,0.0,0.0,0.0,0.0,0.0,0.0,0,0,0.0,0.0,0.0,0.0,0.0,0.0,0.0,0.0,0.0061752772567295,0.0083446502685546,0.0064373016357421,0.0064373016357421,0.0095367431640625,0.006103515625,0.01068115234375,0.005960464477539,0.005960464477539,0.0063180923461914,0.006413459777832,0.0081300735473632,0.0107288360595703,0.0247478485107421,0.496,1.36,1.696,1.696,7.736,8.264,119.776,0.0102519989013671,0.0108242034912109,7.344,0
10,0.0,0.0,0.0,0.0,0.0,0.0,0,0,0.0,0.0,0.0,0.0,0.0,0.0,0.0,0.0,0.0062307508865205,0.0083208084106445,0.0078678131103515,0.0078678131103515,0.0,0.0,0.0,0.0066757202148437,0.0066757202148437,0.0078678131103515,0.008249282836914,0.0,0.0,0.0,0.496,1.424,0.0,0.0,0.0,0.0,118.448,0.0,0.0,7.216,0
11,0.0,0.0,0.0,0.0,0.0,0.0,0,0,0.0,0.0,0.0,0.0,0.0,0.0,0.0,0.0,0.0058560822140518,0.00762939453125,0.0064373016357421,0.0064373016357421,0.0,0.0074386596679687,0.0,0.0159740447998046,0.0159740447998046,0.0071525573730468,0.0071525573730468,0.0085830688476562,0.0119209289550781,0.0231266021728515,0.496,1.424,0.0,0.0,4.232,3.744,113.256,0.0,0.0,1.192,0
12,0.0,0.0,0.0,0.0,0.0,0.0,0,0,0.0,0.0,0.0,0.0,0.0,0.0,0.0,0.0,0.0061882604466806,0.0083446502685546,0.0081062316894531,0.0081062316894531,0.0,0.0055313110351562,0.0,0.0095367431640625,0.0095367431640625,0.0063180923461914,0.0069856643676757,0.0070095062255859,0.0105857849121093,0.020599365234375,0.496,1.36,0.0,0.0,4.232,3.744,118.448,0.0,0.0,6.496,0
13,0.0,0.0,0.0,0.0,0.0,0.0,0,0,0.0,0.0,0.0,0.0,0.0,0.0,0.0,0.0,0.0062084197998046,0.0083446502685546,0.0069141387939453,0.0069141387939453,0.0,0.0064373016357421,0.0,0.0092983245849609,0.0092983245849609,0.0,0.0,0.008702278137207,0.0113248825073242,0.0284910202026367,0.496,1.424,0.0,0.0,11.44,12.536,112.0,0.0,0.0,0.0,0
14,0.0,0.0,0.0,0.0,0.0,0.0,0,0,0.0,0.0,0.0,0.0,0.0,0.0,0.0,0.0,0.006030797958374,0.0076532363891601,0.0069141387939453,0.0069141387939453,0.0,0.006103515625,0.0,0.00762939453125,0.00762939453125,0.0,0.0,0.0075817108154296,0.0111579895019531,0.020599365234375,0.496,1.36,0.0,0.0,4.232,3.744,112.0,0.0,0.0,0.0,0
15,0.0,0.0,0.0,0.0,0.0,0.0,0,0,0.0,0.0,0.0,0.0,0.0,0.0,0.0,0.0,0.0061929816066628,0.0083208084106445,0.0064373016357421,0.0064373016357421,0.0,0.0065803527832031,0.0,0.0085830688476562,0.0085830688476562,0.0069141387939453,0.007486343383789,0.0088214874267578,0.0112295150756835,0.025796890258789,0.496,1.36,0.0,0.0,7.736,8.264,119.024,0.0,0.0,6.448,0
16,0.0,0.0,0.0,0.0,0.0,0.0,0,0,0.0,0.0,0.0,0.0,0.0,0.0,0.0,0.0,0.0059115886688232,0.0078678131103515,0.0073909759521484,0.0073909759521484,0.0,0.0,0.0,0.0116825103759765,0.0116825103759765,0.0,0.0,0.0,0.0,0.0,0.496,1.424,0.0,0.0,0.0,0.0,112.0,0.0,0.0,0.0,0
17,0.0,0.0,0.0,0.0,0.0,0.0,0,0,0.0,0.0,0.0,0.0,0.0,0.0,0.0,0.0,0.0060589159306009,0.0078678131103515,0.0064373016357421,0.0064373016357421,0.0,0.005960464477539,0.0,0.0100135803222656,0.0100135803222656,0.0066757202148437,0.0066757202148437,0.0077247619628906,0.01220703125,0.022745132446289,0.496,1.36,0.0,0.0,4.232,3.744,113.256,0.0,0.0,1.192,0
18,0.0,0.0,0.0,0.0,0.0,0.0,0,0,0.0,0.0,0.0,0.0,0.0,0.0,0.0,0.0,0.00597469842256,0.00762939453125,0.0064373016357421,0.0064373016357421,0.0,0.0073432922363281,0.0,0.0050067901611328,0.0050067901611328,0.0092983245849609,0.0092983245849609,0.0100135803222656,0.0110149383544921,0.0207901000976562,0.496,1.36,0.0,0.0,4.232,3.744,113.256,0.0,0.0,1.192,0
19,0.0,0.0,0.0,0.0,0.0,0.0,0,0,0.0,0.0,0.0,0.0,0.0,0.0,0.0,0.0,0.0060411234993246,0.0078678131103515,0.0066757202148437,0.0066757202148437,0.0,0.0058809916178385,0.0,0.0047683715820312,0.0047683715820312,0.0047683715820312,0.0047683715820312,0.008249282836914,0.0111103057861328,0.0267505645751953,0.496,1.36,0.0,0.0,11.968,12.008,113.256,0.0,0.0,1.192,0
20,0.0,0.0,0.0,0.0,0.0,0.0,0,0,0.0,0.0,0.0,0.0,0.0,0.0,0.0,0.0,0.0060553574443456,0.0083446502685546,0.0071525573730468,0.0071525573730468,0.0,0.0057697296142578,0.0,0.0050067901611328,0.0050067901611328,0.0081062316894531,0.0081062316894531,0.0070095062255859,0.0114917755126953,0.0217437744140625,0.496,1.36,0.0,0.0,4.232,3.744,114.968,0.0,0.0,2.68,0
21,0.0,0.0,0.0,0.0,0.0,0.0,0,0,0.0,0.0,0.0,0.0,0.0,0.0,0.0,0.0,0.0062251091003417,0.0081300735473632,0.0073909759521484,0.0073909759521484,0.0,0.0065088272094726,0.0,0.0050067901611328,0.0050067901611328,0.0,0.0,0.0086069107055664,0.011610984802246,0.0286340713500976,0.496,1.424,0.0,0.0,7.736,8.264,112.0,0.0,0.0,0.0,0
22,0.0,0.0,0.0,0.0,0.0,0.0,0,0,0.0,0.0,0.0,0.0,0.0,0.0,0.0,0.0,0.0061776378367206,0.0078678131103515,0.0066757202148437,0.0066757202148437,0.0,0.0,0.0,0.0092983245849609,0.0092983245849609,0.0071525573730468,0.0071525573730468,0.0,0.0,0.0,0.496,1.36,0.0,0.0,0.0,0.0,120.24,0.0,0.0,9.04,0
23,0.0,0.0,0.0,0.0,0.0,0.0,0,0,0.0,0.0,0.0,0.0,0.0,0.0,0.0,0.0,0.0061631202697753,0.0081062316894531,0.0088214874267578,0.0088214874267578,0.0,0.006103515625,0.0,0.0066757202148437,0.0066757202148437,0.0053644180297851,0.0066041946411132,0.0074386596679687,0.0109195709228515,0.020599365234375,0.496,1.392,0.0,0.0,4.232,3.744,112.0,0.0,0.0,15.872,0
24,0.0,0.0,0.0,0.0,0.0,0.0,0,0,0.0,0.0,0.0,0.0,0.0,0.0,0.0,0.0,0.0061676340195739,0.0079870223999023,0.0073909759521484,0.0073909759521484,0.0,0.005960464477539,0.0,0.0071525573730468,0.0071525573730468,0.0043461720148722,0.0053882598876953,0.00762939453125,0.0112056732177734,0.0201702117919921,0.496,1.392,0.0,0.0,4.232,3.744,139.216,0.0,0.0,427.216,0
25,0.0,0.0,0.0,0.0,0.0,0.0,0,0,0.0,0.0,0.0,0.0,0.0,0.0,0.0,0.0,0.0060584285471699,0.0083446502685546,0.0071525573730468,0.0071525573730468,0.0,0.0061511993408203,0.0,0.0069141387939453,0.0069141387939453,0.0047683715820312,0.0047683715820312,0.0084877014160156,0.0108559926350911,0.0268459320068359,0.496,1.424,0.0,0.0,11.968,12.008,118.448,0.0,0.0,1.192,0
26,0.0,0.0,0.0,0.0,0.0,0.0,0,0,0.0,0.0,0.0,0.0,0.0,0.0,0.0,0.0,0.0060019801505169,0.0081062316894531,0.00762939453125,0.00762939453125,0.0,0.005960464477539,0.0,0.0078678131103515,0.0078678131103515,0.00762939453125,0.00762939453125,0.0074386596679687,0.0109672546386718,0.020599365234375,0.496,1.424,0.0,0.0,4.232,3.744,113.256,0.0,0.0,1.192,0
27,0.0,0.0,0.0,0.0,0.0,0.0,0,0,0.0,0.0,0.0,0.0,0.0,0.0,0.0,0.0,0.0060019801505169,0.0081062316894531,0.0076055526733398,0.0065565109252929,0.0,0.0060319900512695,0.0,0.0085830688476562,0.0095367431640625,0.00762939453125,0.00762939453125,0.0084161758422851,0.0109434127807617,0.0262260437011718,1.344,2.208,0.0,0.0,7.736,8.264,113.256,0.0,0.0,1.192,0
28,0.0,0.0,0.0,0.0,0.0,0.0,0,0,0.0,0.0,0.0,0.0,0.0,0.0,0.0,0.0,0.0060019801505169,0.0081062316894531,0.0073909759521484,0.0073909759521484,0.0,0.0,0.0,0.0085830688476562,0.0085830688476562,0.00762939453125,0.00762939453125,0.0,0.0,0.0,0.496,1.36,0.0,0.0,0.0,0.0,113.256,0.0,0.0,1.192,0
29,0.0,0.0,0.0,0.0,0.0,0.0,0,0,0.0,0.0,0.0,0.0,0.0,0.0,0.0,0.0,0.0060019801505169,0.0081062316894531,0.0071525573730468,0.0071525573730468,0.0,0.0066280364990234,0.0,0.0064373016357421,0.0064373016357421,0.00762939453125,0.00762939453125,0.0089168548583984,0.0117301940917968,0.0227928161621093,0.496,1.36,0.0,0.0,4.232,3.744,113.256,0.0,0.0,1.192,0
30,0.0,0.0,0.0,0.0,0.0,0.0,0,0,0.0,0.0,0.0,0.0,0.0,0.0,0.0,0.0,0.0066155368841967,0.0095367431640625,0.0073909759521484,0.0073909759521484,0.0,0.0064849853515625,0.0,0.0128746032714843,0.0128746032714843,0.0039020758024685,0.0045299530029296,0.0086307525634765,0.0112056732177734,0.0210762023925781,0.496,1.36,0.0,0.0,4.232,3.744,143.152,0.0,0.0,10197.192,0
31,0.0,0.0,0.0,0.0,0.0,0.0,0,0,0.0,0.0,0.0,0.0,0.0,0.0,0.0,0.0,0.0070038408336072,0.0095129013061523,0.0081062316894531,0.0081062316894531,0.0,0.006262461344401,0.0,0.0145435333251953,0.0145435333251953,0.0038771402268182,0.0045299530029296,0.0088691711425781,0.0108718872070312,0.0270366668701171,0.496,1.424,0.0,0.0,11.968,12.008,118.448,0.0,0.0,12593.728,0
32,0.0,0.0,0.0,0.0,0.0,0.0,0,0,0.0,0.0,0.0,0.0,0.0,0.0,0.0,0.0,0.0063578287760416,0.0085830688476562,0.0088214874267578,0.0088214874267578,0.0,0.0063419342041015,0.0,0.0088214874267578,0.0088214874267578,0.0045299530029296,0.0045299530029296,0.008249282836914,0.0118255615234375,0.0219345092773437,0.496,1.424,0.0,0.0,4.232,3.744,113.256,0.0,0.0,1.192,0
33,0.0,0.0,0.0,0.0,0.0,0.0,0,0,0.0,0.0,0.0,0.0,0.0,0.0,0.0,0.0,0.0061280656569074,0.0083208084106445,0.0078678131103515,0.0078678131103515,0.0,0.0057935714721679,0.0,0.0085830688476562,0.0085830688476562,0.0044504801432291,0.0054836273193359,0.0078916549682617,0.010538101196289,0.0258445739746093,0.496,1.424,0.0,0.0,7.736,8.264,118.448,0.0,0.0,52.928,0
34,0.0,0.0,0.0,0.0,0.0,0.0,0,0,0.0,0.0,0.0,0.0,0.0,0.0,0.0,0.0,0.0059167937477036,0.0078678131103515,0.0073909759521484,0.0073909759521484,0.0,0.0,0.0,0.0071525573730468,0.0071525573730468,0.0040695585053542,0.0047683715820312,0.0,0.0,0.0,0.496,1.424,0.0,0.0,0.0,0.0,122.384,0.0,0.0,334.472,0
35,0.0,0.0,0.0,0.0,0.0,0.0,0,0,0.0,0.0,0.0,0.0,0.0,0.0,0.0,0.0,0.0074870550810401,0.0102519989013671,0.0140666961669921,0.0140666961669921,0.0,0.0060081481933593,0.0,0.0090599060058593,0.0090599060058593,0.0038656310414249,0.0045299530029296,0.0077724456787109,0.0107288360595703,0.0202178955078125,0.496,1.392,0.0,0.0,4.232,3.744,117.192,0.0,0.0,33844.92,0
36,0.0,0.0,0.0,0.0,0.0,0.0,0,0,0.0,0.0,0.0,0.0,0.0,0.0,0.0,0.0,0.0065362453460693,0.0090837478637695,0.0085830688476562,0.0085830688476562,0.0,0.005960464477539,0.0,0.0088214874267578,0.0088214874267578,0.0,0.0,0.0073909759521484,0.0120162963867187,0.021982192993164,0.496,1.424,0.0,0.0,4.232,3.744,112.0,0.0,0.0,0.0,0
37,0.0,0.0,0.0,0.0,0.0,0.0,0,0,0.0,0.0,0.0,0.0,0.0,0.0,0.0,0.0,0.0060451030731201,0.0078916549682617,0.0090599060058593,0.0090599060058593,0.0,0.0061194101969401,0.0,0.0119209289550781,0.0119209289550781,0.0,0.0,0.0083446502685546,0.0109672546386718,0.0279903411865234,0.496,1.424,0.0,0.0,11.968,12.008,112.0,0.0,0.0,0.0,0
38,0.0,0.0,0.0,0.0,0.0,0.0,0,0,0.0,0.0,0.0,0.0,0.0,0.0,0.0,0.0,0.0060162140955379,0.0078678131103515,0.0092983245849609,0.0092983245849609,0.0,0.005960464477539,0.0,0.0102519989013671,0.0102519989013671,0.0088214874267578,0.0088214874267578,0.0075340270996093,0.0116825103759765,0.0224113464355468,0.496,1.36,0.0,0.0,4.232,3.744,113.256,0.0,0.0,1.192,0
39,0.0,0.0,0.0,0.0,0.0,0.0,0,0,0.0,0.0,0.0,0.0,0.0,0.0,0.0,0.0,0.006258487701416,0.0085830688476562,0.0119209289550781,0.0119209289550781,0.0,0.0062942504882812,0.0,0.013589859008789,0.013589859008789,0.0044362885611397,0.0053882598876953,0.0093460083007812,0.0103950500488281,0.0239372253417968,0.496,1.36,0.0,0.0,7.736,8.264,120.4,0.0,0.0,145.664,0
40,0.0,0.0,0.0,0.0,0.0,0.0,0,0,0.0,0.0,0.0,0.0,0.0,0.0,0.0,0.0,0.0060997386970142,0.0078678131103515,0.0073909759521484,0.0073909759521484,0.0064373016357421,0.0,0.0064373016357421,0.0061988830566406,0.0061988830566406,0.0061988830566406,0.0073909759521484,0.0,0.0,0.0,0.496,1.424,1.696,1.696,0.0,0.0,117.136,0.0081062316894531,0.0111579895019531,6.888,0
41,0.0,0.0,0.0,0.0,0.0,0.0,0,0,0.0,0.0,0.0,0.0,0.0,0.0,0.0,0.0,0.0060850114964727,0.0078678131103515,0.0066757202148437,0.0066757202148437,0.0,0.0057697296142578,0.0,0.0121593475341796,0.0121593475341796,0.0043336082907284,0.0062942504882812,0.0073909759521484,0.0109195709228515,0.021219253540039,0.496,1.424,0.0,0.0,4.232,3.744,114.984,0.0,0.0,174.472,0
42,0.0,0.0,0.0,0.0,0.0,0.0,0,0,0.0,0.0,0.0,0.0,0.0,0.0,0.0,0.0,0.0061835392866984,0.0083446502685546,0.009775161743164,0.009775161743164,0.0,0.007486343383789,0.0,0.0095367431640625,0.0095367431640625,0.0053644180297851,0.0078439712524414,0.0105857849121093,0.0121593475341796,0.0233650207519531,0.496,1.424,0.0,0.0,4.232,3.744,117.936,0.0,0.0,41.936,0
43,0.0,0.0,0.0,0.0,0.0,0.0,0,0,0.0,0.0,0.0,0.0,0.0,0.0,0.0,0.0,0.0064444541931152,0.0090599060058593,0.0083446502685546,0.0083446502685546,0.0,0.006028584071568,0.0,0.0164508819580078,0.0164508819580078,0.0043725967407226,0.0047922134399414,0.0078201293945312,0.010848045349121,0.026702880859375,0.496,1.424,0.0,0.0,11.44,12.536,112.0,0.0,0.0,230.768,0
44,0.0,0.0,0.0,0.0,0.0,0.0,0,0,0.0,0.0,0.0,0.0,0.0,0.0,0.0,0.0,0.006133644141961,0.0083446502685546,0.00762939453125,0.00762939453125,0.0,0.0059127807617187,0.0,0.0092983245849609,0.0092983245849609,0.0065565109252929,0.0080585479736328,0.0073909759521484,0.0118732452392578,0.0229358673095703,0.496,1.424,0.0,0.0,4.232,3.744,117.192,0.0,0.0,15.904,0
45,0.0,0.0,0.0,0.0,0.0,0.0,0,0,0.0,0.0,0.0,0.0,0.0,0.0,0.0,0.0,0.0061965341051223,0.0082969665527343,0.0109672546386718,0.0109672546386718,0.0,0.0059366226196289,0.0,0.0085830688476562,0.0085830688476562,0.0050258636474609,0.0068187713623046,0.0077009201049804,0.0107765197753906,0.0256538391113281,0.496,1.424,0.0,0.0,7.736,8.264,122.696,0.0,0.0,166.52,0
46,0.0,0.0,0.0,0.0,0.0,0.0,0,0,0.0,0.0,0.0,0.0,0.0,0.0,0.0,0.0,0.0060861976585577,0.0078678131103515,0.0071525573730468,0.0071525573730468,0.0,0.0,0.0,0.0245571136474609,0.0245571136474609,0.0047461931095566,0.0057220458984375,0.0,0.0,0.0,0.496,1.424,0.0,0.0,0.0,0.0,113.256,0.0,0.0,253.384,0
47,0.0,0.0,0.0,0.0,0.0,0.0,0,0,0.0,0.0,0.0,0.0,0.0,0.0,0.0,0.0,0.006311010606218,0.0083446502685546,0.0069141387939453,0.0069141387939453,0.0,0.0060558319091796,0.0,0.0123977661132812,0.0123977661132812,0.0051127539740668,0.0062942504882812,0.00762939453125,0.0125885009765625,0.0240325927734375,0.496,1.424,0.0,0.0,4.232,3.744,115.904,0.0,0.0,28.456,0
48,0.0,0.0,0.0,0.0,0.0,0.0,0,0,0.0,0.0,0.0,0.0,0.0,0.0,0.0,0.0,0.0058252419998396,0.00762939453125,0.0069141387939453,0.0069141387939453,0.0,0.0074386596679687,0.0,0.0133514404296875,0.0133514404296875,0.0057220458984375,0.0069618225097656,0.0093460083007812,0.0109195709228515,0.0205516815185546,0.496,1.424,0.0,0.0,4.232,3.744,114.968,0.0,0.0,27.632,0
49,0.0,0.0,0.0,0.0,0.0,0.0,0,0,0.0,0.0,0.0,0.0,0.0,0.0,0.0,0.0,0.006298027416267,0.0085830688476562,0.0069141387939453,0.0069141387939453,0.0,0.0062306722005208,0.0,0.0109672546386718,0.0109672546386718,0.0046116965157645,0.0054836273193359,0.0087261199951171,0.011142094930013,0.0268459320068359,0.496,1.424,0.0,0.0,11.968,12.008,116.784,0.0,0.0,187.128,0
50,0.0,0.0,0.0,0.0,0.0,0.0,0,0,0.0,0.0,0.0,0.0,0.0,0.0,0.0,0.0,0.0061488151550292,0.0088453292846679,0.0073909759521484,0.0073909759521484,0.0,0.005960464477539,0.0,0.0100135803222656,0.0100135803222656,0.0053511725531684,0.0065326690673828,0.00762939453125,0.0114917755126953,0.0222206115722656,0.496,1.424,0.0,0.0,4.232,3.744,112.0,0.0,0.0,50.52,0
51,0.0,0.0,0.0,0.0,0.0,0.0,0,0,0.0,0.0,0.0,0.0,0.0,0.0,0.0,0.0,0.0060486793518066,0.00762939453125,0.00762939453125,0.00762939453125,0.0,0.0065432654486762,0.0,0.0092983245849609,0.0092983245849609,0.0,0.0,0.0094890594482421,0.0118775801225142,0.0331401824951171,0.496,1.424,0.0,0.0,7.208,8.792,112.0,0.0,0.0,0.0,0
52,0.0,0.0,0.0,0.0,0.0,0.0,0,0,0.0,0.0,0.0,0.0,0.0,0.0,0.0,0.0,0.0059924908538362,0.0083446502685546,0.0071525573730468,0.0071525573730468,0.0,0.0,0.0,0.0088214874267578,0.0088214874267578,0.0081062316894531,0.0081062316894531,0.0,0.0,0.0,0.496,1.36,0.0,0.0,0.0,0.0,113.256,0.0,0.0,1.192,0
53,0.0,0.0,0.0,0.0,0.0,0.0,0,0,0.0,0.0,0.0,0.0,0.0,0.0,0.0,0.0,0.0061063624140041,0.0085830688476562,0.0069141387939453,0.0069141387939453,0.0,0.0066757202148437,0.0,0.0078678131103515,0.0078678131103515,0.0069141387939453,0.0069141387939453,0.0089645385742187,0.011301040649414,0.0213146209716796,0.496,1.36,0.0,0.0,4.232,3.744,113.256,0.0,0.0,1.192,0
54,0.0,0.0,0.0,0.0,0.0,0.0,0,0,0.0,0.0,0.0,0.0,0.0,0.0,0.0,0.0,0.0060541712822605,0.0081062316894531,0.0069141387939453,0.0069141387939453,0.0,0.0075340270996093,0.0,0.0057220458984375,0.0057220458984375,0.0045299530029296,0.0045299530029296,0.0099658966064453,0.0115394592285156,0.0213623046875,0.496,1.36,0.0,0.0,4.232,3.744,113.256,0.0,0.0,1.192,0
55,0.0,0.0,0.0,0.0,0.0,0.0,0,0,0.0,0.0,0.0,0.0,0.0,0.0,0.0,0.0,0.0063759265559734,0.008559226989746,0.0107288360595703,0.0107288360595703,0.0,0.006103515625,0.0,0.0095367431640625,0.0095367431640625,0.0047900459983132,0.0081062316894531,0.0085353851318359,0.0111738840738932,0.0281810760498046,0.496,1.36,0.0,0.0,11.968,12.008,122.384,0.0,0.0,127.496,0
56,0.0,0.0,0.0,0.0,0.0,0.0,0,0,0.0,0.0,0.0,0.0,0.0,0.0,0.0,0.0,0.0061464309692382,0.0083446502685546,0.0069141387939453,0.0069141387939453,0.0,0.0064849853515625,0.0,0.0095367431640625,0.0095367431640625,0.0,0.0,0.0086307525634765,0.0118255615234375,0.0224590301513671,0.496,1.424,0.0,0.0,4.232,3.744,112.0,0.0,0.0,0.0,0
57,0.0,0.0,0.0,0.0,0.0,0.0,0,0,0.0,0.0,0.0,0.0,0.0,0.0,0.0,0.0,0.0060009956359863,0.0078916549682617,0.0083446502685546,0.0083446502685546,0.0,0.0067710876464843,0.0,0.0128746032714843,0.0128746032714843,0.0,0.0,0.012063980102539,0.0111103057861328,0.0268459320068359,0.496,1.36,0.0,0.0,7.736,8.264,112.0,0.0,0.0,0.0,0
58,0.0,0.0,0.0,0.0,0.0,0.0,0,0,0.0,0.0,0.0,0.0,0.0,0.0,0.0,0.0,0.0060915946960449,0.0083446502685546,0.0069141387939453,0.0069141387939453,0.0,0.0,0.0,0.0095367431640625,0.0095367431640625,0.0,0.0,0.0,0.0,0.0,0.496,1.36,0.0,0.0,0.0,0.0,112.0,0.0,0.0,0.0,0
59,0.0,0.0,0.0,0.0,0.0,0.0,0,0,0.0,0.0,0.0,0.0,0.0,0.0,0.0,0.0,0.0061348303040461,0.0085830688476562,0.0071048736572265,0.005960464477539,0.0,0.0064108106825086,0.0,0.010848045349121,0.0136137008666992,0.0083446502685546,0.0083446502685546,0.0081539154052734,0.0102411616932262,0.0229835510253906,1.344,2.208,0.0,0.0,14.488,15.576,113.256,0.0,0.0,1.192,0
60,0.0,0.0,0.0,0.0,0.0,0.0,0,0,0.0,0.0,0.0,0.0,0.0,0.0,0.0,0.0,0.0061360164661312,0.0083446502685546,0.0073909759521484,0.0073909759521484,0.0,0.0062942504882812,0.0,0.0112056732177734,0.0112056732177734,0.0088214874267578,0.0088214874267578,0.0083446502685546,0.0111579895019531,0.0211238861083984,0.496,1.36,0.0,0.0,4.232,3.744,113.256,0.0,0.0,1.192,0
61,0.0,0.0,0.0,0.0,0.0,0.0,0,0,0.0,0.0,0.0,0.0,0.0,0.0,0.0,0.0,0.0060861976585577,0.0081062316894531,0.0078678131103515,0.0078678131103515,0.0,0.0061353047688802,0.0,0.0081062316894531,0.0081062316894531,0.0064373016357421,0.0064373016357421,0.0084877014160156,0.0113646189371744,0.0276565551757812,0.496,1.36,0.0,0.0,11.968,12.008,113.256,0.0,0.0,1.192,0
62,0.0,0.0,0.0,0.0,0.0,0.0,0,0,0.0,0.0,0.0,0.0,0.0,0.0,0.0,0.0,0.0059830015571556,0.0083446502685546,0.0069141387939453,0.0069141387939453,0.0,0.0059127807617187,0.0,0.0090599060058593,0.0090599060058593,0.0050067901611328,0.0060558319091796,0.0073909759521484,0.0112533569335937,0.0210285186767578,0.496,1.36,0.0,0.0,4.232,3.744,117.192,0.0,0.0,40.176,0
63,0.0,0.0,0.0,0.0,0.0,0.0,0,0,0.0,0.0,0.0,0.0,0.0,0.0,0.0,0.0,0.0066966545291063,0.0088214874267578,0.0069141387939453,0.0069141387939453,0.0,0.0063180923461914,0.0,0.0116825103759765,0.0116825103759765,0.0042752449556907,0.0054836273193359,0.0086545944213867,0.0111579895019531,0.0250577926635742,0.496,1.424,0.0,0.0,7.736,8.264,128.896,0.0,0.0,1325.992,0
64,0.0,0.0,0.0,0.0,0.0,0.0,0,0,0.0,0.0,0.0,0.0,0.0,0.0,0.0,0.0,0.0065124034881591,0.0083446502685546,0.0071525573730468,0.0071525573730468,0.0,0.0,0.0,0.013589859008789,0.013589859008789,0.0,0.0,0.0,0.0,0.0,0.496,1.424,0.0,0.0,0.0,0.0,112.0,0.0,0.0,0.0,0
65,0.0,0.0,0.0,0.0,0.0,0.0,0,0,0.0,0.0,0.0,0.0,0.0,0.0,0.0,0.0,0.0064802169799804,0.0083446502685546,0.009775161743164,0.009775161743164,0.0,0.0060558319091796,0.0,0.0057220458984375,0.0057220458984375,0.0,0.0,0.0076770782470703,0.0122547149658203,0.0225067138671875,0.496,1.36,0.0,0.0,4.232,3.744,112.0,0.0,0.0,0.0,0
66,0.0,0.0,0.0,0.0,0.0,0.0,0,0,0.0,0.0,0.0,0.0,0.0,0.0,0.0,0.0,0.0064550940670184,0.0078678131103515,0.00762939453125,0.00762939453125,0.0,0.0071525573730468,0.0,0.009775161743164,0.009775161743164,0.0085830688476562,0.0085830688476562,0.0102043151855468,0.011444091796875,0.0214576721191406,0.496,1.36,0.0,0.0,4.232,3.744,113.256,0.0,0.0,1.192,0
67,0.0,0.0,0.0,0.0,0.0,0.0,0,0,0.0,0.0,0.0,0.0,0.0,0.0,0.0,0.0,0.0059029151653421,0.0080585479736328,0.0069141387939453,0.0069141387939453,0.0,0.0063691820417131,0.0,0.0073909759521484,0.0073909759521484,0.0054836273193359,0.0059127807617187,0.0082731246948242,0.0109225511550903,0.0269412994384765,0.496,1.36,0.0,0.0,11.44,12.536,121.496,0.0,0.0,10.92,0
68,0.0,0.0,0.0,0.0,0.0,0.0,0,0,0.0,0.0,0.0,0.0,0.0,0.0,0.0,0.0,0.0058825653378326,0.0078678131103515,0.0073909759521484,0.0073909759521484,0.0,0.0064373016357421,0.0,0.0176429748535156,0.0176429748535156,0.0048478444417317,0.0054359436035156,0.0078678131103515,0.0102996826171875,0.0193119049072265,0.496,1.424,0.0,0.0,4.232,3.744,118.448,0.0,0.0,15.832,0
69,0.0,0.0,0.0,0.0,0.0,0.0,0,0,0.0,0.0,0.0,0.0,0.0,0.0,0.0,0.0,0.0063950205084138,0.0085830688476562,0.0071525573730468,0.0071525573730468,0.0,0.0060319900512695,0.0,0.0123977661132812,0.0123977661132812,0.004589557647705,0.0055551528930664,0.008392333984375,0.0109195709228515,0.0252008438110351,0.496,1.424,0.0,0.0,7.736,8.264,122.872,0.0,0.0,169.072,0
70,0.0,0.0,0.0,0.0,0.0,0.0,0,0,0.0,0.0,0.0,0.0,0.0,0.0,0.0,0.0,0.0060391426086425,0.0078678131103515,0.0069141387939453,0.0069141387939453,0.0042915344238281,0.0,0.0042915344238281,0.0119209289550781,0.0119209289550781,0.0054836273193359,0.0054836273193359,0.0,0.0,0.0,0.496,1.424,0.848,0.848,0.0,0.0,112.0,0.0073909759521484,0.0073909759521484,2.056,0
71,0.0,0.0,0.0,0.0,0.0,0.0,0,0,0.0,0.0,0.0,0.0,0.0,0.0,0.0,0.0,0.0062382221221923,0.0085830688476562,0.0112056732177734,0.0112056732177734,0.0119209289550781,0.0070571899414062,0.0119209289550781,0.0112056732177734,0.0112056732177734,0.0,0.0,0.0089645385742187,0.0110626220703125,0.0207424163818359,0.496,1.392,0.848,0.848,4.232,3.744,112.0,0.0057220458984375,0.0057220458984375,0.0,0
72,0.0,0.0,0.0,0.0,0.0,0.0,0,0,0.0,0.0,0.0,0.0,0.0,0.0,0.0,0.0,0.006113052368164,0.0083684921264648,0.0066757202148437,0.0066757202148437,0.0,0.0065326690673828,0.0,0.00762939453125,0.00762939453125,0.0,0.0,0.0087261199951171,0.0123023986816406,0.0227928161621093,0.496,1.36,0.0,0.0,4.232,3.744,112.0,0.0,0.0,0.0,0
73,0.0,0.0,0.0,0.0,0.0,0.0,0,0,0.0,0.0,0.0,0.0,0.0,0.0,0.0,0.0,0.006115436553955,0.0083446502685546,0.0069141387939453,0.0069141387939453,0.0,0.0062942504882812,0.0,0.0138282775878906,0.0138282775878906,0.0,0.0,0.0081539154052734,0.01068115234375,0.0195980072021484,0.496,1.36,0.0,0.0,4.232,3.744,112.0,0.0,0.0,0.0,0
74,0.0,0.0,0.0,0.0,0.0,0.0,0,0,0.0,0.0,0.0,0.0,0.0,0.0,0.0,0.0,0.0059474166946031,0.00762939453125,0.0071525573730468,0.0071525573730468,0.0,0.0058650970458984,0.0,0.0052452087402343,0.0052452087402343,0.0078678131103515,0.0078678131103515,0.008249282836914,0.0107288360595703,0.0274658203125,0.496,1.36,0.0,0.0,11.968,12.008,113.256,0.0,0.0,1.192,0
75,0.0,0.0,0.0,0.0,0.0,0.0,0,0,0.0,0.0,0.0,0.0,0.0,0.0,0.0,0.0,0.0060415267944335,0.0078678131103515,0.0071525573730468,0.0071525573730468,0.0,0.006270408630371,0.0,0.0095367431640625,0.0095367431640625,0.0088214874267578,0.0088214874267578,0.0083923339843749,0.0111818313598632,0.0287771224975585,0.496,1.36,0.0,0.0,7.736,8.264,112.696,0.0,0.0,1.192,0
76,0.0,0.0,0.0,0.0,0.0,0.0,0,0,0.0,0.0,0.0,0.0,0.0,0.0,0.0,0.0,0.0061977143381156,0.0081062316894531,0.0090599060058593,0.0090599060058593,0.0,0.0,0.0,0.0123977661132812,0.0123977661132812,0.0069737434387207,0.0084161758422851,0.0,0.0,0.0,0.496,1.36,0.0,0.0,0.0,0.0,122.912,0.0,0.0,9.984,0
77,0.0,0.0,0.0,0.0,0.0,0.0,0,0,0.0,0.0,0.0,0.0,0.0,0.0,0.0,0.0,0.0060481183669146,0.0081062316894531,0.0078678131103515,0.0078678131103515,0.0,0.0,0.0,0.009775161743164,0.009775161743164,0.006103515625,0.0077247619628906,0.0,0.0,0.0,0.496,1.424,0.0,0.0,0.0,0.0,123.952,0.0,0.0,13.912,0
78,0.0,0.0,0.0,0.0,0.0,0.0,0,0,0.0,0.0,0.0,0.0,0.0,0.0,0.0,0.0,0.0060506127960053,0.0078678131103515,0.0069141387939453,0.0069141387939453,0.0,0.0060558319091796,0.0,0.0052452087402343,0.0052452087402343,0.0063180923461914,0.006413459777832,0.0077724456787109,0.0124931335449218,0.0232696533203125,0.496,1.424,0.0,0.0,4.232,3.744,114.344,0.0,0.0,4.48,0
79,0.0,0.0,0.0,0.0,0.0,0.0,0,0,0.0,0.0,0.0,0.0,0.0,0.0,0.0,0.0,0.0059521198272705,0.0078916549682617,0.0073909759521484,0.0073909759521484,0.0,0.0062942504882812,0.0,0.0073909759521484,0.0073909759521484,0.0,0.0,0.008392333984375,0.0109195709228515,0.0275135040283203,0.496,1.424,0.0,0.0,8.464,7.488,112.0,0.0,0.0,0.0,0
80,0.0,0.0,0.0,0.0,0.0,0.0,0,0,0.0,0.0,0.0,0.0,0.0,0.0,0.0,0.0,0.0062537193298339,0.0081300735473632,0.0069141387939453,0.0069141387939453,0.0,0.0064739814171424,0.0,0.0128746032714843,0.0128746032714843,0.0,0.0,0.0094890594482421,0.0108550576602711,0.0272750854492187,0.496,1.36,0.0,0.0,10.912,13.064,112.0,0.0,0.0,0.0,0
81,0.0,0.0,0.0,0.0,0.0,0.0,0,0,0.0,0.0,0.0,0.0,0.0,0.0,0.0,0.0,0.0060257033922185,0.0081062316894531,0.0083446502685546,0.0083446502685546,0.0,0.0060558319091796,0.0,0.0083446502685546,0.0083446502685546,0.0064373016357421,0.0064373016357421,0.0079631805419921,0.0104665756225585,0.0263929367065429,0.496,1.36,0.0,0.0,7.736,8.264,113.256,0.0,0.0,1.192,0
82,0.0,0.0,0.0,0.0,0.0,0.0,0,0,0.0,0.0,0.0,0.0,0.0,0.0,0.0,0.0,0.0059948631780064,0.0081062316894531,0.0145435333251953,0.0145435333251953,0.0,0.0,0.0,0.0052452087402343,0.0052452087402343,0.0066757202148437,0.0066757202148437,0.0,0.0,0.0,0.496,1.36,0.0,0.0,0.0,0.0,113.256,0.0,0.0,1.192,0
83,0.0,0.0,0.0,0.0,0.0,0.0,0,0,0.0,0.0,0.0,0.0,0.0,0.0,0.0,0.0,0.006103990089834,0.0085830688476562,0.00762939453125,0.00762939453125,0.0,0.0,0.0,0.0109672546386718,0.0109672546386718,0.0047683715820312,0.0047683715820312,0.0,0.0,0.0,0.496,1.36,0.0,0.0,0.0,0.0,113.256,0.0,0.0,1.192,0
84,0.0,0.0,0.0,0.0,0.0,0.0,0,0,0.0,0.0,0.0,0.0,0.0,0.0,0.0,0.0,0.0060653686523437,0.0083684921264648,0.0069141387939453,0.0069141387939453,0.0,0.0071525573730468,0.0,0.0052452087402343,0.0052452087402343,0.0,0.0,0.010538101196289,0.0118255615234375,0.0229835510253906,0.496,1.36,0.0,0.0,4.232,3.744,112.0,0.0,0.0,0.0,0
85,0.0,0.0,0.0,0.0,0.0,0.0,0,0,0.0,0.0,0.0,0.0,0.0,0.0,0.0,0.0,0.0062314475454935,0.0085830688476562,0.00762939453125,0.00762939453125,0.0,0.0060081481933593,0.0,0.0085830688476562,0.0085830688476562,0.0071525573730468,0.0094413757324218,0.008392333984375,0.0113964080810546,0.0290155410766601,0.496,1.36,0.0,0.0,8.464,7.488,130.824,0.0,0.0,20.36,0
86,0.0,0.0,0.0,0.0,0.0,0.0,0,0,0.0,0.0,0.0,0.0,0.0,0.0,0.0,0.0,0.006084394927072,0.0081062316894531,0.0071525573730468,0.0071525573730468,0.0,0.006421407063802,0.0,0.00762939453125,0.00762939453125,0.005801518758138,0.0063419342041015,0.0084877014160156,0.011142094930013,0.0266551971435546,0.496,1.424,0.0,0.0,11.968,12.008,120.32,0.0,0.0,17.608,0
87,0.0,0.0,0.0,0.0,0.0,0.0,0,0,0.0,0.0,0.0,0.0,0.0,0.0,0.0,0.0,0.0060069561004638,0.0081062316894531,0.0071525573730468,0.0071525573730468,0.0,0.006413459777832,0.0,0.013589859008789,0.013589859008789,0.0,0.0,0.0086069107055664,0.0109434127807617,0.0259160995483398,0.496,1.424,0.0,0.0,7.736,8.264,112.0,0.0,0.0,0.0,0
88,0.0,0.0,0.0,0.0,0.0,0.0,0,0,0.0,0.0,0.0,0.0,0.0,0.0,0.0,0.0,0.0060494266339202,0.0081062316894531,0.0069141387939453,0.0069141387939453,0.0,0.0,0.0,0.0112056732177734,0.0112056732177734,0.0066757202148437,0.0066757202148437,0.0,0.0,0.0,0.496,1.36,0.0,0.0,0.0,0.0,113.256,0.0,0.0,1.192,0
89,0.0,0.0,0.0,0.0,0.0,0.0,0,0,0.0,0.0,0.0,0.0,0.0,0.0,0.0,0.0,0.0060102832851125,0.0081062316894531,0.0071525573730468,0.0071525573730468,0.0,0.0,0.0,0.0069141387939453,0.0069141387939453,0.0083446502685546,0.0083446502685546,0.0,0.0,0.0,0.496,1.36,0.0,0.0,0.0,0.0,113.256,0.0,0.0,1.192,0
90,0.0,0.0,0.0,0.0,0.0,0.0,0,0,0.0,0.0,0.0,0.0,0.0,0.0,0.0,0.0,0.0060985584070186,0.0081062316894531,0.0082254409790039,0.0067949295043945,0.0,0.0072002410888671,0.0,0.008702278137207,0.0099420547485351,0.0071525573730468,0.0073432922363281,0.0090599060058593,0.012063980102539,0.0232696533203125,1.344,2.208,0.0,0.0,4.232,3.744,118.448,0.0,0.0,11.888,0
91,0.0,0.0,0.0,0.0,0.0,0.0,0,0,0.0,0.0,0.0,0.0,0.0,0.0,0.0,0.0,0.0060665607452392,0.0083446502685546,0.00762939453125,0.00762939453125,0.0,0.0061511993408203,0.0,0.0057220458984375,0.0057220458984375,0.0,0.0,0.0086307525634765,0.0116348266601562,0.029301643371582,0.496,1.424,0.0,0.0,8.464,7.488,112.0,0.0,0.0,0.0,0
92,0.0,0.0,0.0,0.0,0.0,0.0,0,0,0.0,0.0,0.0,0.0,0.0,0.0,0.0,0.0,0.0060486793518066,0.0081300735473632,0.0069141387939453,0.0069141387939453,0.0,0.0060399373372395,0.0,0.0095367431640625,0.0095367431640625,0.0,0.0,0.0081539154052734,0.0109831492106119,0.0266551971435546,0.496,1.36,0.0,0.0,11.968,12.008,112.0,0.0,0.0,0.0,0
93,0.0,0.0,0.0,0.0,0.0,0.0,0,0,0.0,0.0,0.0,0.0,0.0,0.0,0.0,0.0,0.0061977256848974,0.0083446502685546,0.0081062316894531,0.0081062316894531,0.0,0.0059366226196289,0.0,0.0095367431640625,0.0095367431640625,0.0043187822614397,0.0062465667724609,0.0077486038208007,0.0108957290649414,0.0261545181274414,0.496,1.36,0.0,0.0,7.736,8.264,143.152,0.0,0.0,407.0,0
94,0.0,0.0,0.0,0.0,0.0,0.0,0,0,0.0,0.0,0.0,0.0,0.0,0.0,0.0,0.0,0.0060304480405589,0.0081062316894531,0.0081062316894531,0.0081062316894531,0.0,0.0,0.0,0.0128746032714843,0.0128746032714843,0.0042093211206896,0.0050544738769531,0.0,0.0,0.0,0.496,1.424,0.0,0.0,0.0,0.0,117.192,0.0,0.0,672.992,0
95,0.0,0.0,0.0,0.0,0.0,0.0,0,0,0.0,0.0,0.0,0.0,0.0,0.0,0.0,0.0,0.0074145817520594,0.0102519989013671,0.0112056732177734,0.0112056732177734,0.0,0.0,0.0,0.0069141387939453,0.0069141387939453,0.0038600914219568,0.0045299530029296,0.0,0.0,0.0,0.496,1.424,0.0,0.0,0.0,0.0,118.448,0.0,0.0,41434.04,0
96,0.0,0.0,0.0,0.0,0.0,0.0,0,0,0.0,0.0,0.0,0.0,0.0,0.0,0.0,0.0,0.0069331173873066,0.009775161743164,0.013589859008789,0.013589859008789,0.0,0.0058174133300781,0.0,0.0207424163818359,0.0207424163818359,0.0078678131103515,0.0078678131103515,0.0072956085205078,0.0110626220703125,0.0214099884033203,0.496,1.424,0.0,0.0,4.232,3.744,113.256,0.0,0.0,1.192,0
97,0.0,0.0,0.0,0.0,0.0,0.0,0,0,0.0,0.0,0.0,0.0,0.0,0.0,0.0,0.0,0.0061312718177909,0.0081062316894531,0.0104904174804687,0.0104904174804687,0.0,0.0060796737670898,0.0,0.0092983245849609,0.0092983245849609,0.0064373016357421,0.0064373016357421,0.0081777572631835,0.010991096496582,0.0293970108032226,0.496,1.424,0.0,0.0,8.464,7.488,113.256,0.0,0.0,1.192,0
98,0.0,0.0,0.0,0.0,0.0,0.0,0,0,0.0,0.0,0.0,0.0,0.0,0.0,0.0,0.0,0.0060904026031494,0.0078678131103515,0.011444091796875,0.011444091796875,0.0,0.0067075093587239,0.0,0.0088214874267578,0.0088214874267578,0.0,0.0,0.0092506408691406,0.0110308329264322,0.028085708618164,0.496,1.36,0.0,0.0,11.968,12.008,112.0,0.0,0.0,0.0,1
99,0.0,0.0,0.0,0.0,0.0,0.0,0,0,0.0,0.0,0.0,0.0,0.0,0.0,0.0,0.0,0.0060951709747314,0.0083446502685546,0.0066757202148437,0.0066757202148437,0.0,0.0058889389038085,0.0,0.0121593475341796,0.0121593475341796,0.0,0.0,0.0083446502685546,0.0108242034912109,0.0245571136474609,0.496,1.36,0.0,0.0,7.736,8.264,112.0,0.0,0.0,0.0,1
100,0.0,0.0,0.0,0.0,0.0,0.0,0,0,0.0,0.0,0.0,0.0,0.0,0.0,0.0,0.0,0.0061434094268496,0.0085830688476562,0.0066757202148437,0.0066757202148437,0.0,0.0,0.0,0.0119209289550781,0.0119209289550781,0.009775161743164,0.010538101196289,0.0,0.0,0.0,0.496,1.36,0.0,0.0,0.0,0.0,118.16,0.0,0.0,5.584,1
101,0.0,0.0,0.0,0.0,0.0,0.0,0,0,0.0,0.0,0.0,0.0,0.0,0.0,0.0,0.0,0.0060375999001895,0.0083446502685546,0.009775161743164,0.009775161743164,0.0,0.0,0.0,0.0073909759521484,0.0073909759521484,0.0057816505432128,0.0076532363891601,0.0,0.0,0.0,0.496,1.424,0.0,0.0,0.0,0.0,128.448,0.0,0.0,17.376,1
102,0.0,0.0,0.0,0.0,0.0,0.0,0,0,0.0,0.0,0.0,0.0,0.0,0.0,0.0,0.0,0.0059948631780064,0.00762939453125,0.011444091796875,0.011444091796875,0.0078678131103515,0.0065803527832031,0.0078678131103515,0.0078678131103515,0.0078678131103515,0.0068460191999162,0.009775161743164,0.0085353851318359,0.0116348266601562,0.0216484069824218,0.496,1.424,0.848,0.848,4.232,3.744,113.256,35.01248359680176,35.01248359680176,36.6,1
103,0.0,0.0,0.0,0.0,0.0,0.0,0,0,0.0,0.0,0.0,0.0,0.0,0.0,0.0,0.0,0.0058027049202231,0.00762939453125,0.0073909759521484,0.0073909759521484,0.0131130218505859,0.0060796737670898,0.0131130218505859,0.0102519989013671,0.0102519989013671,0.0052452087402343,0.0052452087402343,0.0084161758422851,0.0111103057861328,0.0287055969238281,0.496,1.424,0.848,0.848,8.464,7.488,113.256,35.00819206237793,35.00819206237793,1.192,1
104,0.0,0.0,0.0,0.0,0.0,0.0,0,0,0.0,0.0,0.0,0.0,0.0,0.0,0.0,0.0,0.0058845501040937,0.0078678131103515,0.00762939453125,0.00762939453125,0.0,0.0063419342041015,0.0,0.0071525573730468,0.0071525573730468,0.0061988830566406,0.0061988830566406,0.0090599060058593,0.011142094930013,0.0274658203125,0.496,1.36,0.0,0.0,11.968,12.008,113.256,0.0,0.0,1.192,1
105,0.0,0.0,0.0,0.0,0.0,0.0,0,0,0.0,0.0,0.0,0.0,0.0,0.0,0.0,0.0,0.0060594081878662,0.0081300735473632,0.0069141387939453,0.0069141387939453,0.0,0.0,0.0,0.0140666961669921,0.0140666961669921,0.0,0.0,0.0,0.0,0.0,0.496,1.36,0.0,0.0,0.0,0.0,112.0,0.0,0.0,0.0,1
106,0.0,0.0,0.0,0.0,0.0,0.0,0,0,0.0,0.0,0.0,0.0,0.0,0.0,0.0,0.0,0.0060606002807617,0.0081062316894531,0.009775161743164,0.009775161743164,0.0,0.006413459777832,0.0,0.0100135803222656,0.0100135803222656,0.0,0.0,0.0089168548583984,0.0111579895019531,0.027322769165039,0.496,1.36,0.0,0.0,7.736,8.264,112.0,0.0,0.0,0.0,1
107,0.0,0.0,0.0,0.0,0.0,0.0,0,0,0.0,0.0,0.0,0.0,0.0,0.0,0.0,0.0,0.0061297416687011,0.0083446502685546,0.0073909759521484,0.0073909759521484,0.0,0.0,0.0,0.0052452087402343,0.0052452087402343,0.0,0.0,0.0,0.0,0.0,0.496,1.36,0.0,0.0,0.0,0.0,112.0,0.0,0.0,0.0,1
108,0.0,0.0,0.0,0.0,0.0,0.0,0,0,0.0,0.0,0.0,0.0,0.0,0.0,0.0,0.0,0.006020647808186,0.0081062316894531,0.0069141387939453,0.0069141387939453,0.0,0.0064849853515625,0.0,0.0104904174804687,0.0104904174804687,0.0063578287760416,0.0090599060058593,0.0087261199951171,0.0111579895019531,0.0208854675292968,0.496,1.36,0.0,0.0,4.232,3.744,139.216,0.0,0.0,30.16,1
109,0.0,0.0,0.0,0.0,0.0,0.0,0,0,0.0,0.0,0.0,0.0,0.0,0.0,0.0,0.0,0.006017400257623,0.0081062316894531,0.0102519989013671,0.0102519989013671,0.0,0.005960464477539,0.0,0.0100135803222656,0.0100135803222656,0.0071525573730468,0.0071525573730468,0.00762939453125,0.0106334686279296,0.0199794769287109,0.496,1.424,0.0,0.0,4.232,3.744,113.256,0.0,0.0,1.192,1
110,0.0,0.0,0.0,0.0,0.0,0.0,0,0,0.0,0.0,0.0,0.0,0.0,0.0,0.0,0.0,0.0061016177656638,0.0083446502685546,0.0073909759521484,0.0073909759521484,0.0,0.0061829884847005,0.0,0.0073909759521484,0.0073909759521484,0.0069141387939453,0.0069141387939453,0.0087261199951171,0.0113169352213541,0.0269412994384765,0.496,1.36,0.0,0.0,11.968,12.008,113.256,0.0,0.0,1.192,1
111,0.0,0.0,0.0,0.0,0.0,0.0,0,0,0.0,0.0,0.0,0.0,0.0,0.0,0.0,0.0,0.0062890313751068,0.0088214874267578,0.0064373016357421,0.0064373016357421,0.0,0.005960464477539,0.0,0.0102519989013671,0.0102519989013671,0.0064373016357421,0.0064373016357421,0.0074386596679687,0.0113487243652343,0.0216960906982421,0.496,1.36,0.0,0.0,4.232,3.744,113.256,0.0,0.0,1.192,1
112,0.0,0.0,0.0,0.0,0.0,0.0,0,0,0.0,0.0,0.0,0.0,0.0,0.0,0.0,0.0,0.0062286853790283,0.0081300735473632,0.0102519989013671,0.0102519989013671,0.0,0.006270408630371,0.0,0.0085830688476562,0.0085830688476562,0.0,0.0,0.0086545944213867,0.0107288360595703,0.0249147415161132,0.496,1.36,0.0,0.0,7.736,8.264,112.0,0.0,0.0,0.0,1
113,0.0,0.0,0.0,0.0,0.0,0.0,0,0,0.0,0.0,0.0,0.0,0.0,0.0,0.0,0.0,0.0059962272644042,0.0081062316894531,0.0085830688476562,0.0085830688476562,0.0,0.0,0.0,0.0138282775878906,0.0138282775878906,0.0,0.0,0.0,0.0,0.0,0.496,1.36,0.0,0.0,0.0,0.0,112.0,0.0,0.0,0.0,1
114,0.0,0.0,0.0,0.0,0.0,0.0,0,0,0.0,0.0,0.0,0.0,0.0,0.0,0.0,0.0,0.0059902667999267,0.0081062316894531,0.0073909759521484,0.0073909759521484,0.0,0.0061511993408203,0.0,0.0112056732177734,0.0112056732177734,0.0,0.0,0.0080108642578125,0.0112056732177734,0.0209808349609375,0.496,1.36,0.0,0.0,4.232,3.744,112.0,0.0,0.0,0.0,1
115,0.0,0.0,0.0,0.0,0.0,0.0,0,0,0.0,0.0,0.0,0.0,0.0,0.0,0.0,0.0,0.0061016177656638,0.0083446502685546,0.0073909759521484,0.0073909759521484,0.0,0.0060558319091796,0.0,0.0162124633789062,0.0162124633789062,0.009775161743164,0.0101566314697265,0.0078201293945312,0.0116825103759765,0.0223636627197265,0.496,1.36,0.0,0.0,4.232,3.744,117.192,0.0,0.0,18.192,1
116,0.0,0.0,0.0,0.0,0.0,0.0,0,0,0.0,0.0,0.0,0.0,0.0,0.0,0.0,0.0,0.0072585211859809,0.0100135803222656,0.0085830688476562,0.0085830688476562,0.0,0.0063101450602213,0.0,0.0088214874267578,0.0088214874267578,0.004037857055664,0.0047683715820312,0.0087261199951171,0.0119368235270182,0.0296592712402343,0.496,1.424,0.0,0.0,11.968,12.008,144.408,0.0,0.0,39956.992,1
117,0.0,0.0,0.0,0.0,0.0,0.0,0,0,0.0,0.0,0.0,0.0,0.0,0.0,0.0,0.0,0.0072941921725131,0.009775161743164,0.0102519989013671,0.0102519989013671,0.0,0.005960464477539,0.0,0.0107288360595703,0.0107288360595703,0.0040974533348752,0.0047683715820312,0.0075817108154296,0.0110149383544921,0.0206470489501953,0.496,1.424,0.0,0.0,4.232,3.744,118.448,0.0,0.0,3203.32,1
118,0.0,0.0,0.0,0.0,0.0,0.0,0,0,0.0,0.0,0.0,0.0,0.0,0.0,0.0,0.0,0.0060565436064307,0.0081062316894531,0.0095367431640625,0.0095367431640625,0.0,0.0066280364990234,0.0,0.0138282775878906,0.0138282775878906,0.0078678131103515,0.0078678131103515,0.0089168548583984,0.0108242034912109,0.0260591506958007,0.496,1.424,0.0,0.0,7.736,8.264,113.256,0.0,0.0,1.192,1
119,0.0,0.0,0.0,0.0,0.0,0.0,0,0,0.0,0.0,0.0,0.0,0.0,0.0,0.0,0.0,0.0060565436064307,0.0081062316894531,0.0071525573730468,0.0071525573730468,0.0,0.0066439310709635,0.0,0.0090599060058593,0.0090599060058593,0.0078678131103515,0.0078678131103515,0.0100135803222656,0.0113328297932942,0.027322769165039,0.496,1.392,0.0,0.0,11.312,10.776,113.256,0.0,0.0,1.192,1
120,0.0,0.0,0.0,0.0,0.0,0.0,0,0,0.0,0.0,0.0,0.0,0.0,0.0,0.0,0.0,0.0060565436064307,0.0081062316894531,0.0107288360595703,0.0107288360595703,0.0,0.0060558319091796,0.0,0.0133514404296875,0.0133514404296875,0.0078678131103515,0.0078678131103515,0.0075340270996093,0.0112533569335937,0.0205516815185546,0.496,1.36,0.0,0.0,4.232,3.744,113.256,0.0,0.0,1.192,1
121,0.0,0.0,0.0,0.0,0.0,0.0,0,0,0.0,0.0,0.0,0.0,0.0,0.0,0.0,0.0,0.0059806292329854,0.0083446502685546,0.0082969665527343,0.0071525573730468,0.0,0.0061511993408203,0.0,0.0081062316894531,0.0090599060058593,0.0107288360595703,0.0107288360595703,0.0075340270996093,0.0110149383544921,0.020456314086914,1.344,2.208,0.0,0.0,4.232,3.744,116.552,0.0,0.0,4.264,1
122,0.0,0.0,0.0,0.0,0.0,0.0,0,0,0.0,0.0,0.0,0.0,0.0,0.0,0.0,0.0,0.0061750411987304,0.0083446502685546,0.0066757202148437,0.0066757202148437,0.0,0.0060081481933593,0.0,0.0119209289550781,0.0119209289550781,0.0,0.0,0.0081539154052734,0.0108242034912109,0.0267505645751953,0.496,1.424,0.0,0.0,11.968,12.008,112.0,0.0,0.0,0.0,1
123,0.0,0.0,0.0,0.0,0.0,0.0,0,0,0.0,0.0,0.0,0.0,0.0,0.0,0.0,0.0,0.0058833639420087,0.00762939453125,0.0069141387939453,0.0069141387939453,0.0,0.0060558319091796,0.0,0.00762939453125,0.00762939453125,0.0095367431640625,0.0095367431640625,0.0079154968261718,0.0111103057861328,0.0209808349609375,0.496,1.36,0.0,0.0,4.232,3.744,113.256,0.0,0.0,1.192,1
124,0.0,0.0,0.0,0.0,0.0,0.0,0,0,0.0,0.0,0.0,0.0,0.0,0.0,0.0,0.0,0.006277169754256,0.0083446502685546,0.0071525573730468,0.0071525573730468,0.0,0.0064611434936523,0.0,0.0085830688476562,0.0085830688476562,0.005960464477539,0.005960464477539,0.0088691711425781,0.0104904174804687,0.0247478485107421,0.496,1.36,0.0,0.0,7.736,8.264,113.256,0.0,0.0,1.192,1
125,0.0,0.0,0.0,0.0,0.0,0.0,0,0,0.0,0.0,0.0,0.0,0.0,0.0,0.0,0.0,0.0059343689116672,0.0081062316894531,0.0073909759521484,0.0073909759521484,0.0,0.0,0.0,0.0095367431640625,0.0095367431640625,0.0073909759521484,0.0073909759521484,0.0,0.0,0.0,0.496,1.36,0.0,0.0,0.0,0.0,113.256,0.0,0.0,1.192,1
126,0.0,0.0,0.0,0.0,0.0,0.0,0,0,0.0,0.0,0.0,0.0,0.0,0.0,0.0,0.0,0.0061225891113281,0.0078678131103515,0.0071525573730468,0.0071525573730468,0.0,0.0061988830566406,0.0,0.0057220458984375,0.0057220458984375,0.0,0.0,0.0080108642578125,0.0117778778076171,0.0220298767089843,0.496,1.36,0.0,0.0,4.232,3.744,112.0,0.0,0.0,0.0,1
127,0.0,0.0,0.0,0.0,0.0,0.0,0,0,0.0,0.0,0.0,0.0,0.0,0.0,0.0,0.0,0.0061118602752685,0.0085830688476562,0.0085830688476562,0.0085830688476562,0.0,0.0063896179199218,0.0,0.0085830688476562,0.0085830688476562,0.0,0.0,0.0084877014160156,0.0113487243652343,0.0210762023925781,0.496,1.36,0.0,0.0,4.232,3.744,112.0,0.0,0.0,0.0,1
128,0.0,0.0,0.0,0.0,0.0,0.0,0,0,0.0,0.0,0.0,0.0,0.0,0.0,0.0,0.0,0.0058066844940185,0.0076532363891601,0.0092983245849609,0.0092983245849609,0.0,0.0061829884847005,0.0,0.0069141387939453,0.0069141387939453,0.0,0.0,0.0085353851318359,0.0109354654947916,0.0278472900390625,0.496,1.36,0.0,0.0,11.968,12.008,112.0,0.0,0.0,0.0,1
129,0.0,0.0,0.0,0.0,0.0,0.0,0,0,0.0,0.0,0.0,0.0,0.0,0.0,0.0,0.0,0.0059841877192407,0.0081062316894531,0.0071525573730468,0.0071525573730468,0.0,0.0060558319091796,0.0,0.0050067901611328,0.0050067901611328,0.005960464477539,0.0088214874267578,0.0077247619628906,0.0124931335449218,0.0229835510253906,0.496,1.36,0.0,0.0,4.232,3.744,117.192,0.0,0.0,25.0,1
130,0.0,0.0,0.0,0.0,0.0,0.0,0,0,0.0,0.0,0.0,0.0,0.0,0.0,0.0,0.0,0.006028584071568,0.0081062316894531,0.0102519989013671,0.0102519989013671,0.0,0.0059127807617187,0.0,0.0054836273193359,0.0054836273193359,0.007947285970052,0.0092506408691406,0.0086069107055664,0.0111341476440429,0.026249885559082,0.496,1.424,0.0,0.0,7.736,8.264,118.424,0.0,0.0,5.784,1
131,0.0,0.0,0.0,0.0,0.0,0.0,0,0,0.0,0.0,0.0,0.0,0.0,0.0,0.0,0.0,0.006299887971925,0.0085353851318359,0.0071525573730468,0.0071525573730468,0.0,0.0,0.0,0.0116825103759765,0.0116825103759765,0.0070730845133463,0.0078201293945312,0.0,0.0,0.0,0.496,1.424,0.0,0.0,0.0,0.0,118.488,0.0,0.0,5.848,1
132,0.0,0.0,0.0,0.0,0.0,0.0,0,0,0.0,0.0,0.0,0.0,0.0,0.0,0.0,0.0,0.0059877462054959,0.0081062316894531,0.0073909759521484,0.0073909759521484,0.0,0.0056743621826171,0.0,0.0069141387939453,0.0069141387939453,0.0088214874267578,0.0088214874267578,0.0072002410888671,0.011301040649414,0.0216007232666015,0.496,1.424,0.0,0.0,4.232,3.744,113.256,0.0,0.0,1.192,1
133,0.0,0.0,0.0,0.0,0.0,0.0,0,0,0.0,0.0,0.0,0.0,0.0,0.0,0.0,0.0,0.006037950515747,0.0081062316894531,0.00762939453125,0.00762939453125,0.0071525573730468,0.0059127807617187,0.0071525573730468,0.009775161743164,0.009775161743164,0.0,0.0,0.0075817108154296,0.0104904174804687,0.0193119049072265,0.496,1.36,0.848,0.848,4.232,3.744,112.0,35.01701354980469,35.01701354980469,0.0,1
134,0.0,0.0,0.0,0.0,0.0,0.0,0,0,0.0,0.0,0.0,0.0,0.0,0.0,0.0,0.0,0.0062668323516845,0.0083446502685546,0.0078678131103515,0.0078678131103515,0.0064373016357421,0.006103515625,0.0064373016357421,0.0083446502685546,0.0083446502685546,0.0,0.0,0.008249282836914,0.0111103057861328,0.0256538391113281,0.496,1.36,0.0,0.848,11.968,12.008,112.0,35.007476806640625,35.007476806640625,0.0,1
135,0.0,0.0,0.0,0.0,0.0,0.0,0,0,0.0,0.0,0.0,0.0,0.0,0.0,0.0,0.0,0.0062783559163411,0.0083446502685546,0.00762939453125,0.00762939453125,0.0,0.0061511993408203,0.0,0.00762939453125,0.00762939453125,0.0073909759521484,0.0073909759521484,0.0077247619628906,0.0124454498291015,0.0245094299316406,0.496,1.36,0.848,0.0,4.232,3.744,117.192,0.0,0.0,5.56,1
136,0.0,0.0,0.0,0.0,0.0,0.0,0,0,0.0,0.0,0.0,0.0,0.0,0.0,0.0,0.0,0.006277584335179,0.0085830688476562,0.0109672546386718,0.0109672546386718,0.0,0.0064373016357421,0.0,0.0083446502685546,0.0083446502685546,0.005854500664605,0.0082969665527343,0.0086307525634765,0.011422417380593,0.0271797180175781,0.496,1.424,0.0,0.0,7.208,8.792,134.128,0.0,0.0,34.744,1
137,0.0,0.0,0.0,0.0,0.0,0.0,0,0,0.0,0.0,0.0,0.0,0.0,0.0,0.0,0.0,0.0059592841875435,0.0081062316894531,0.0071525573730468,0.0071525573730468,0.0,0.0,0.0,0.0064373016357421,0.0064373016357421,0.0052849451700846,0.0067949295043945,0.0,0.0,0.0,0.496,1.424,0.0,0.0,0.0,0.0,116.544,0.0,0.0,27.728,1
138,0.0,0.0,0.0,0.0,0.0,0.0,0,0,0.0,0.0,0.0,0.0,0.0,0.0,0.0,0.0,0.0061395749523865,0.0088214874267578,0.0069141387939453,0.0069141387939453,0.0,0.005960464477539,0.0,0.0138282775878906,0.0138282775878906,0.0054836273193359,0.0054836273193359,0.0075340270996093,0.011444091796875,0.0216007232666015,0.496,1.424,0.0,0.0,4.232,3.744,113.256,0.0,0.0,1.192,1
139,0.0,0.0,0.0,0.0,0.0,0.0,0,0,0.0,0.0,0.0,0.0,0.0,0.0,0.0,0.0,0.0061668566803434,0.0081062316894531,0.0078678131103515,0.0078678131103515,0.0,0.0069141387939453,0.0,0.0107288360595703,0.0107288360595703,0.0078678131103515,0.0078678131103515,0.0087738037109375,0.0115394592285156,0.0216007232666015,0.496,1.36,0.0,0.0,4.232,3.744,113.256,0.0,0.0,1.192,1
140,0.0,0.0,0.0,0.0,0.0,0.0,0,0,0.0,0.0,0.0,0.0,0.0,0.0,0.0,0.0,0.0060387511751545,0.0078678131103515,0.00762939453125,0.00762939453125,0.0,0.0062306722005208,0.0,0.0143051147460937,0.0143051147460937,0.00762939453125,0.00762939453125,0.0085830688476562,0.0114917755126953,0.0292778015136718,0.496,1.36,0.0,0.0,11.968,12.008,116.632,0.0,0.0,4.344,1
141,0.0,0.0,0.0,0.0,0.0,0.0,0,0,0.0,0.0,0.0,0.0,0.0,0.0,0.0,0.0,0.0063812732696533,0.0085830688476562,0.0069141387939453,0.0069141387939453,0.0070035457611083,0.0064849853515625,0.0089406967163085,0.0152587890625,0.0152587890625,0.0,0.0,0.0094413757324218,0.012063980102539,0.0230312347412109,0.496,1.424,10.752,24.096,4.232,3.744,112.0,35.01090407371521,35.01577377319336,0.0,1
142,0.0,0.0,0.0,0.0,0.0,0.0,0,0,0.0,0.0,0.0,0.0,0.0,0.0,0.0,0.0,0.0061714649200439,0.0083446502685546,0.0073909759521484,0.0073909759521484,0.0083446502685546,0.0069379806518554,0.0083446502685546,0.0133514404296875,0.0133514404296875,0.0,0.0,0.0108957290649414,0.0112056732177734,0.0284194946289062,0.496,1.36,0.0,0.496,7.736,8.264,112.0,0.0,0.0,0.0,1
143,0.0,0.0,0.0,0.0,0.0,0.0,0,0,0.0,0.0,0.0,0.0,0.0,0.0,0.0,0.0,0.0062454037550019,0.0083446502685546,0.00762939453125,0.00762939453125,0.0,0.0,0.0,0.0133514404296875,0.0133514404296875,0.0057037060077373,0.0079631805419921,0.0,0.0,0.0,0.496,1.36,0.0,0.0,0.0,0.0,133.336,0.0,0.0,61.08,1
144,0.0,0.0,0.0,0.0,0.0,0.0,0,0,0.0,0.0,0.0,0.0,0.0,0.0,0.0,0.0,0.0063405178561069,0.0083208084106445,0.0112056732177734,0.0112056732177734,0.0086307525634765,0.0057816505432128,0.0101089477539062,0.009775161743164,0.009775161743164,0.005650520324707,0.0066757202148437,0.0065565109252929,0.0110467274983723,0.0205039978027343,0.496,1.424,6.192,9.424,3.704,4.272,115.616,35.010337829589844,35.01570224761963,57.296,1
145,0.0,0.0,0.0,0.0,0.0,0.0,0,0,0.0,0.0,0.0,0.0,0.0,0.0,0.0,0.0,0.0065488008717399,0.0088214874267578,0.0081062316894531,0.0081062316894531,0.0069737434387207,0.0070095062255859,0.0078678131103515,0.0140666961669921,0.0140666961669921,0.0059237846961388,0.0075340270996093,0.0080585479736328,0.0113964080810546,0.0226497650146484,0.496,1.424,16.16,4.224,4.232,3.744,115.056,35.01216570536295,35.01620292663574,35.8,1
146,0.0,0.0,0.0,0.0,0.0,0.0,0,0,0.0,0.0,0.0,0.0,0.0,0.0,0.0,0.0,0.006795522585437,0.0085830688476562,0.0092983245849609,0.0092983245849609,0.0,0.0058650970458984,0.0,0.0107288360595703,0.0107288360595703,0.0085830688476562,0.0085830688476562,0.0081539154052734,0.0112374623616536,0.0288963317871093,0.496,1.84,0.0,0.0,11.968,12.008,113.256,0.0,0.0,1.192,1
147,0.0,0.0,0.0,0.0,0.0,0.0,0,0,0.0,0.0,0.0,0.0,0.0,0.0,0.0,0.0,0.0067543983459472,0.0086069107055664,0.0133514404296875,0.0133514404296875,0.0,0.0060081481933593,0.0,0.0085830688476562,0.0085830688476562,0.0,0.0,0.0074386596679687,0.0107288360595703,0.0201225280761718,0.496,1.776,0.0,0.0,4.232,3.744,112.0,0.0,0.0,0.0,1
148,0.0,0.0,0.0,0.0,0.0,0.0,0,0,0.0,0.0,0.0,0.0,0.0,0.0,0.0,0.0,0.0066840648651123,0.0083684921264648,0.00762939453125,0.00762939453125,0.0,0.006413459777832,0.0,0.0069141387939453,0.0069141387939453,0.0,0.0,0.008392333984375,0.0104188919067382,0.023198127746582,0.496,1.776,0.0,0.0,7.736,8.264,112.0,0.0,0.0,0.0,1
149,0.0,0.0,0.0,0.0,0.0,0.0,0,0,0.0,0.0,0.0,0.0,0.0,0.0,0.0,0.0,0.0068190062574565,0.0085830688476562,0.00762939453125,0.00762939453125,0.0,0.0,0.0,0.0083446502685546,0.0083446502685546,0.0072320302327473,0.0080585479736328,0.0,0.0,0.0,0.496,1.776,0.0,0.0,0.0,0.0,119.016,0.0,0.0,6.152,1
150,0.0,0.0,0.0,0.0,0.0,0.0,0,0,0.0,0.0,0.0,0.0,0.0,0.0,0.0,0.0,0.0067445176157785,0.0088214874267578,0.0069141387939453,0.0069141387939453,0.0,0.005960464477539,0.0,0.013589859008789,0.013589859008789,0.005960464477539,0.0078201293945312,0.0075340270996093,0.011444091796875,0.0223159790039062,0.496,1.776,0.0,0.0,4.232,3.744,114.264,0.0,0.0,19.512,1
151,0.0,0.0,0.0,0.0,0.0,0.0,0,0,0.0,0.0,0.0,0.0,0.0,0.0,0.0,0.0,0.0068133150167133,0.0083446502685546,0.0071525573730468,0.0071525573730468,0.0,0.0060081481933593,0.0,0.0102519989013671,0.0102519989013671,0.0095367431640625,0.0095367431640625,0.0077724456787109,0.0119686126708984,0.0231742858886718,0.496,1.84,0.0,0.0,4.232,3.744,113.256,0.0,0.0,1.192,1
152,0.0,0.0,0.0,0.0,0.0,0.0,0,0,0.0,0.0,0.0,0.0,0.0,0.0,0.0,0.0,0.0067362144811829,0.0083446502685546,0.0064373016357421,0.0064373016357421,0.0,0.0062783559163411,0.0,0.0100135803222656,0.0100135803222656,0.0088214874267578,0.0088214874267578,0.0084877014160156,0.0107447306315104,0.0261783599853515,0.496,1.776,0.0,0.0,11.968,12.008,113.256,0.0,0.0,1.192,1
153,0.0,0.0,0.0,0.0,0.0,0.0,0,0,0.0,0.0,0.0,0.0,0.0,0.0,0.0,0.0,0.0067326559949277,0.0083446502685546,0.0064611434936523,0.0056028366088867,0.0,0.005960464477539,0.0,0.0103712081909179,0.0112295150756835,0.0078678131103515,0.0078678131103515,0.0073909759521484,0.0112056732177734,0.0199317932128906,1.344,2.624,0.0,0.0,4.232,3.744,113.256,0.0,0.0,1.192,1
154,0.0,0.0,0.0,0.0,0.0,0.0,0,0,0.0,0.0,0.0,0.0,0.0,0.0,0.0,0.0,0.0066989805640243,0.0083446502685546,0.0071525573730468,0.0071525573730468,0.0,0.0065803527832031,0.0,0.005960464477539,0.005960464477539,0.0052165985107421,0.0062465667724609,0.008392333984375,0.010538101196289,0.0257253646850585,0.496,1.776,0.0,0.0,7.736,8.264,132.424,0.0,0.0,106.936,1
155,0.0,0.0,0.0,0.0,0.0,0.0,0,0,0.0,0.0,0.0,0.0,0.0,0.0,0.0,0.0,0.0068593025207519,0.0088214874267578,0.0071525573730468,0.0071525573730468,0.0,0.0,0.0,0.0138282775878906,0.0138282775878906,0.0059008598327636,0.0071287155151367,0.0,0.0,0.0,0.496,1.84,0.0,0.0,0.0,0.0,112.0,0.0,0.0,20.96,1
156,0.0,0.0,0.0,0.0,0.0,0.0,0,0,0.0,0.0,0.0,0.0,0.0,0.0,0.0,0.0,0.0067579746246337,0.0086069107055664,0.00762939453125,0.00762939453125,0.0,0.0067949295043945,0.0,0.0073909759521484,0.0073909759521484,0.0,0.0,0.0076532363891601,0.0117222468058268,0.0213384628295898,0.496,1.808,0.0,0.0,3.704,4.272,112.0,0.0,0.0,0.0,1
157,0.0,0.0,0.0,0.0,0.0,0.0,0,0,0.0,0.0,0.0,0.0,0.0,0.0,0.0,0.0,0.0065541267395019,0.0081300735473632,0.0064373016357421,0.0064373016357421,0.0,0.0060558319091796,0.0,0.00762939453125,0.00762939453125,0.0,0.0,0.0076770782470703,0.0109195709228515,0.0203609466552734,0.496,1.776,0.0,0.0,4.232,3.744,112.0,0.0,0.0,0.0,1
158,0.0,0.0,0.0,0.0,0.0,0.0,0,0,0.0,0.0,0.0,0.0,0.0,0.0,0.0,0.0,0.0068477137171806,0.0090599060058593,0.0073909759521484,0.0073909759521484,0.0,0.0060717264811197,0.0,0.0090599060058593,0.0090599060058593,0.0057220458984375,0.0057220458984375,0.0086307525634765,0.0107606252034505,0.0265121459960937,0.496,1.776,0.0,0.0,11.968,12.008,113.256,0.0,0.0,1.192,1
159,0.0,0.0,0.0,0.0,0.0,0.0,0,0,0.0,0.0,0.0,0.0,0.0,0.0,0.0,0.0,0.0065369392508891,0.0081062316894531,0.0069141387939453,0.0069141387939453,0.0,0.005960464477539,0.0,0.0069141387939453,0.0069141387939453,0.0102519989013671,0.0102519989013671,0.0080108642578125,0.0108242034912109,0.018930435180664,0.496,1.776,0.0,0.0,4.232,3.744,113.256,0.0,0.0,1.192,1
160,0.0,0.0,0.0,0.0,0.0,0.0,0,0,0.0,0.0,0.0,0.0,0.0,0.0,0.0,0.0,0.0066923264840349,0.0085830688476562,0.00762939453125,0.00762939453125,0.0,0.0061511993408203,0.0,0.0123977661132812,0.0123977661132812,0.0092983245849609,0.0092983245849609,0.0086545944213867,0.0103473663330078,0.0247478485107421,0.496,1.776,0.0,0.0,7.736,8.264,113.256,0.0,0.0,1.192,1
161,0.0,0.0,0.0,0.0,0.0,0.0,0,0,0.0,0.0,0.0,0.0,0.0,0.0,0.0,0.0,0.0067996506643767,0.0085830688476562,0.0057220458984375,0.0057220458984375,0.0,0.0,0.0,0.0066757202148437,0.0066757202148437,0.010848045349121,0.0111341476440429,0.0,0.0,0.0,0.496,1.776,0.0,0.0,0.0,0.0,119.712,0.0,0.0,7.68,1
162,0.0,0.0,0.0,0.0,0.0,0.0,0,0,0.0,0.0,0.0,0.0,0.0,0.0,0.0,0.0,0.006568431854248,0.0081062316894531,0.0092983245849609,0.0092983245849609,0.0,0.0061511993408203,0.0,0.0064373016357421,0.0064373016357421,0.0,0.0,0.0081062316894531,0.0111579895019531,0.0209331512451171,0.496,1.84,0.0,0.0,4.232,3.744,112.0,0.0,0.0,0.0,1
163,0.0,0.0,0.0,0.0,0.0,0.0,0,0,0.0,0.0,0.0,0.0,0.0,0.0,0.0,0.0,0.0066399574279785,0.0083446502685546,0.0050067901611328,0.0050067901611328,0.0,0.005960464477539,0.0,0.0090599060058593,0.0090599060058593,0.0,0.0,0.00762939453125,0.0126361846923828,0.0243663787841796,0.496,1.776,0.0,0.0,4.232,3.744,112.0,0.0,0.0,0.0,1
164,0.0,0.0,0.0,0.0,0.0,0.0,0,0,0.0,0.0,0.0,0.0,0.0,0.0,0.0,0.0,0.0066304206848144,0.0083684921264648,0.0071525573730468,0.0071525573730468,0.0,0.006421407063802,0.0,0.013589859008789,0.013589859008789,0.0,0.0,0.0087261199951171,0.0109672546386718,0.025796890258789,0.496,1.776,0.0,0.0,11.968,12.008,112.0,0.0,0.0,0.0,1
165,0.0,0.0,0.0,0.0,0.0,0.0,0,0,0.0,0.0,0.0,0.0,0.0,0.0,0.0,0.0,0.0066152259485045,0.0083446502685546,0.0069141387939453,0.0069141387939453,0.0,0.0060081481933593,0.0,0.0181198120117187,0.0181198120117187,0.005960464477539,0.005960464477539,0.0076770782470703,0.0108718872070312,0.0203132629394531,0.496,1.776,0.0,0.0,4.232,3.744,113.256,0.0,0.0,1.192,1
166,0.0,0.0,0.0,0.0,0.0,0.0,0,0,0.0,0.0,0.0,0.0,0.0,0.0,0.0,0.0,0.0068957103047393,0.0086784362792968,0.0078678131103515,0.0078678131103515,0.0,0.0061988830566406,0.0,0.0078678131103515,0.0078678131103515,0.0063478946685791,0.0092029571533203,0.0081300735473632,0.010848045349121,0.0258445739746093,0.496,1.776,0.0,0.0,7.736,8.264,133.304,0.0,0.0,33.824,1
167,0.0,0.0,0.0,0.0,0.0,0.0,0,0,0.0,0.0,0.0,0.0,0.0,0.0,0.0,0.0,0.0067350283190978,0.0085830688476562,0.0109672546386718,0.0109672546386718,0.0,0.0,0.0,0.0073909759521484,0.0073909759521484,0.0057220458984375,0.0057220458984375,0.0,0.0,0.0,0.496,1.84,0.0,0.0,0.0,0.0,113.256,0.0,0.0,1.192,1
168,0.0,0.0,0.0,0.0,0.0,0.0,0,0,0.0,0.0,0.0,0.0,0.0,0.0,0.0,0.0,0.0067663192749023,0.0085830688476562,0.0104904174804687,0.0104904174804687,0.0,0.0069141387939453,0.0,0.0083446502685546,0.0083446502685546,0.0,0.0,0.0100612640380859,0.0116825103759765,0.0224113464355468,0.496,1.84,0.0,0.0,4.232,3.744,112.0,0.0,0.0,0.0,1
169,0.0,0.0,0.0,0.0,0.0,0.0,0,0,0.0,0.0,0.0,0.0,0.0,0.0,0.0,0.0,0.0067353248596191,0.0088214874267578,0.009775161743164,0.009775161743164,0.0,0.0063419342041015,0.0,0.00762939453125,0.00762939453125,0.0,0.0,0.0077724456787109,0.0123500823974609,0.0236034393310546,0.496,1.776,0.0,0.0,4.232,3.744,112.0,0.0,0.0,0.0,1
170,0.0,0.0,0.0,0.0,0.0,0.0,0,0,0.0,0.0,0.0,0.0,0.0,0.0,0.0,0.0,0.0068072614998653,0.0082969665527343,0.0081062316894531,0.0081062316894531,0.0,0.0071525573730468,0.0,0.0078678131103515,0.0078678131103515,0.0049710273742675,0.0069379806518554,0.0104904174804687,0.0106175740559895,0.0263214111328125,0.496,1.776,0.0,0.0,11.968,12.008,123.184,0.0,0.0,290.272,1
171,0.0,0.0,0.0,0.0,0.0,0.0,0,0,0.0,0.0,0.0,0.0,0.0,0.0,0.0,0.0,0.0069165111181154,0.0088214874267578,0.0073909759521484,0.0073909759521484,0.0,0.0070095062255859,0.0,0.0112056732177734,0.0112056732177734,0.0054836273193359,0.0054836273193359,0.0100612640380859,0.0116348266601562,0.0225543975830078,0.496,1.84,0.0,0.0,4.232,3.744,114.456,0.0,0.0,2.168,1
172,0.0,0.0,0.0,0.0,0.0,0.0,0,0,0.0,0.0,0.0,0.0,0.0,0.0,0.0,0.0,0.00676586853331,0.0088214874267578,0.0071525573730468,0.0071525573730468,0.0,0.0064373016357421,0.0,0.0095367431640625,0.0095367431640625,0.0092983245849609,0.0092983245849609,0.0073432922363281,0.0110467274983723,0.0199079513549804,0.496,1.84,0.0,0.0,3.704,4.272,113.256,0.0,0.0,1.192,1
173,0.0,0.0,0.0,0.0,0.0,0.0,0,0,0.0,0.0,0.0,0.0,0.0,0.0,0.0,0.0,0.0066769063769288,0.0085830688476562,0.0071525573730468,0.0071525573730468,0.0,0.0,0.0,0.0064373016357421,0.0064373016357421,0.009775161743164,0.009775161743164,0.0,0.0,0.0,0.496,1.776,0.0,0.0,0.0,0.0,113.256,0.0,0.0,1.192,1
174,0.0,0.0,0.0,0.0,0.0,0.0,0,0,0.0,0.0,0.0,0.0,0.0,0.0,0.0,0.0,0.0067302836707575,0.0085830688476562,0.0069141387939453,0.0069141387939453,0.0,0.0062465667724609,0.0,0.009775161743164,0.009775161743164,0.0050067901611328,0.0050067901611328,0.0077247619628906,0.0109672546386718,0.0206947326660156,0.496,1.776,0.0,0.0,4.232,3.744,113.256,0.0,0.0,1.192,1
175,0.0,0.0,0.0,0.0,0.0,0.0,0,0,0.0,0.0,0.0,0.0,0.0,0.0,0.0,0.0,0.0066900253295898,0.0083446502685546,0.0088214874267578,0.0088214874267578,0.0065565109252929,0.0057220458984375,0.0066518783569335,0.0121593475341796,0.0121593475341796,0.0,0.0,0.0072956085205078,0.0115394592285156,0.0215530395507812,0.496,1.776,1.696,1.696,4.232,3.744,112.0,35.012245178222656,35.016632080078125,0.0,1
176,0.0,0.0,0.0,0.0,0.0,0.0,0,0,0.0,0.0,0.0,0.0,0.0,0.0,0.0,0.0,0.0067389011383056,0.0083446502685546,0.009775161743164,0.009775161743164,0.0,0.0060319900512695,0.0,0.0088214874267578,0.0088214874267578,0.0,0.0,0.0086069107055664,0.0108957290649414,0.0256776809692382,0.496,1.776,0.0,0.0,7.736,8.264,112.0,0.0,0.0,0.0,1
177,0.0,0.0,0.0,0.0,0.0,0.0,0,0,0.0,0.0,0.0,0.0,0.0,0.0,0.0,0.0,0.0065879442205476,0.0083446502685546,0.0088214874267578,0.0088214874267578,0.0,0.0,0.0,0.0071525573730468,0.0071525573730468,0.00762939453125,0.00762939453125,0.0,0.0,0.0,0.496,1.776,0.0,0.0,0.0,0.0,115.4,0.0,0.0,3.112,1
178,0.0,0.0,0.0,0.0,0.0,0.0,0,0,0.0,0.0,0.0,0.0,0.0,0.0,0.0,0.0,0.0066082652022198,0.0081062316894531,0.0081062316894531,0.0081062316894531,0.0,0.0,0.0,0.0107288360595703,0.0107288360595703,0.0071525573730468,0.0095367431640625,0.0,0.0,0.0,0.496,1.84,0.0,0.0,0.0,0.0,131.832,0.0,0.0,39.408,1
179,0.0,0.0,0.0,0.0,0.0,0.0,0,0,0.0,0.0,0.0,0.0,0.0,0.0,0.0,0.0,0.0067575653987144,0.0085830688476562,0.0073909759521484,0.0073909759521484,0.0,0.0061670939127604,0.0,0.0140666961669921,0.0140666961669921,0.0064373016357421,0.0064373016357421,0.008392333984375,0.0106493631998697,0.0244140625,0.496,1.84,0.0,0.0,11.312,10.776,113.256,0.0,0.0,1.192,1
180,0.0,0.0,0.0,0.0,0.0,0.0,0,0,0.0,0.0,0.0,0.0,0.0,0.0,0.0,0.0,0.006708932753226,0.0083446502685546,0.0078678131103515,0.0078678131103515,0.0,0.0065803527832031,0.0,0.0073909759521484,0.0073909759521484,0.005960464477539,0.005960464477539,0.009012222290039,0.0110149383544921,0.0205516815185546,0.496,1.776,0.0,0.0,4.232,3.744,113.256,0.0,0.0,1.192,1
181,0.0,0.0,0.0,0.0,0.0,0.0,0,0,0.0,0.0,0.0,0.0,0.0,0.0,0.0,0.0,0.0066993260147547,0.0088214874267578,0.0088214874267578,0.0088214874267578,0.0,0.0055789947509765,0.0,0.0092983245849609,0.0092983245849609,0.0077486038208007,0.0087976455688476,0.0066280364990234,0.0117778778076171,0.0225067138671875,0.496,1.776,0.0,0.0,4.232,3.744,115.552,0.0,0.0,3.2,1
182,0.0,0.0,0.0,0.0,0.0,0.0,0,0,0.0,0.0,0.0,0.0,0.0,0.0,0.0,0.0,0.0067030019428006,0.0083446502685546,0.0050067901611328,0.0050067901611328,0.0,0.0061988830566406,0.0,0.0109672546386718,0.0109672546386718,0.0064373016357421,0.0064373016357421,0.008392333984375,0.0108718872070312,0.0250816345214843,0.496,1.84,0.0,0.0,7.736,8.264,117.192,0.0,0.0,10.76,1
183,0.0,0.0,0.0,0.0,0.0,0.0,0,0,0.0,0.0,0.0,0.0,0.0,0.0,0.0,0.0,0.0066924095153808,0.0083446502685546,0.0069141387939453,0.0069141387939453,0.0,0.0,0.0,0.0052452087402343,0.0052452087402343,0.0,0.0,0.0,0.0,0.0,0.496,1.84,0.0,0.0,0.0,0.0,112.0,0.0,0.0,0.0,1
184,0.0,0.0,0.0,0.0,0.0,0.0,0,0,0.0,0.0,0.0,0.0,0.0,0.0,0.0,0.0,0.0065982341766357,0.0083446502685546,0.0064611434936523,0.0056028366088867,0.0,0.0,0.0,0.0089406967163085,0.0099897384643554,0.0,0.0,0.0,0.0,0.0,1.344,2.624,0.0,0.0,0.0,0.0,112.0,0.0,0.0,0.0,1
185,0.0,0.0,0.0,0.0,0.0,0.0,0,0,0.0,0.0,0.0,0.0,0.0,0.0,0.0,0.0,0.0066661834716796,0.0083446502685546,0.0078678131103515,0.0078678131103515,0.0,0.0,0.0,0.0073909759521484,0.0073909759521484,0.0,0.0,0.0,0.0,0.0,0.496,1.776,0.0,0.0,0.0,0.0,112.0,0.0,0.0,0.0,1
186,0.0,0.0,0.0,0.0,0.0,0.0,0,0,0.0,0.0,0.0,0.0,0.0,0.0,0.0,0.0,0.0065505504608154,0.0081062316894531,0.0095367431640625,0.0095367431640625,0.0,0.0067710876464843,0.0,0.0171661376953125,0.0171661376953125,0.0,0.0,0.0093936920166015,0.0110149383544921,0.0203132629394531,0.496,1.776,0.0,0.0,4.232,3.744,112.0,0.0,0.0,0.0,1
187,0.0,0.0,0.0,0.0,0.0,0.0,0,0,0.0,0.0,0.0,0.0,0.0,0.0,0.0,0.0,0.0067504484262039,0.0085830688476562,0.0052452087402343,0.0052452087402343,0.0,0.0062942504882812,0.0,0.0107288360595703,0.0107288360595703,0.0102519989013671,0.0102519989013671,0.0081062316894531,0.0109672546386718,0.0211238861083984,0.496,1.776,0.0,0.0,4.232,3.744,113.256,0.0,0.0,1.192,1
188,0.0,0.0,0.0,0.0,0.0,0.0,0,0,0.0,0.0,0.0,0.0,0.0,0.0,0.0,0.0,0.0066614862698227,0.0083446502685546,0.0083446502685546,0.0083446502685546,0.0,0.0061988830566406,0.0,0.0100135803222656,0.0100135803222656,0.0085830688476562,0.0085830688476562,0.0088930130004882,0.01068115234375,0.025486946105957,0.496,1.776,0.0,0.0,7.736,8.264,113.256,0.0,0.0,1.192,1
189,0.0,0.0,0.0,0.0,0.0,0.0,0,0,0.0,0.0,0.0,0.0,0.0,0.0,0.0,0.0,0.0066567416214824,0.0081062316894531,0.0107288360595703,0.0107288360595703,0.0,0.0,0.0,0.0092983245849609,0.0092983245849609,0.0090599060058593,0.0090599060058593,0.0,0.0,0.0,0.496,1.776,0.0,0.0,0.0,0.0,113.256,0.0,0.0,1.192,1
190,0.0,0.0,0.0,0.0,0.0,0.0,0,0,0.0,0.0,0.0,0.0,0.0,0.0,0.0,0.0,0.0067807660244479,0.008559226989746,0.0073909759521484,0.0073909759521484,0.0,0.0,0.0,0.0123977661132812,0.0123977661132812,0.0064373016357421,0.0075817108154296,0.0,0.0,0.0,0.496,1.776,0.0,0.0,0.0,0.0,118.368,0.0,0.0,5.792,1
191,0.0,0.0,0.0,0.0,0.0,0.0,0,0,0.0,0.0,0.0,0.0,0.0,0.0,0.0,0.0,0.0068020820617675,0.0086069107055664,0.0073909759521484,0.0073909759521484,0.0,0.0,0.0,0.0147819519042968,0.0147819519042968,0.0,0.0,0.0,0.0,0.0,0.496,1.84,0.0,0.0,0.0,0.0,112.0,0.0,0.0,0.0,1
192,0.0,0.0,0.0,0.0,0.0,0.0,0,0,0.0,0.0,0.0,0.0,0.0,0.0,0.0,0.0,0.0066661834716796,0.0083446502685546,0.0081062316894531,0.0081062316894531,0.0,0.0057697296142578,0.0,0.013589859008789,0.013589859008789,0.0,0.0,0.0075817108154296,0.0112533569335937,0.0207901000976562,0.496,1.776,0.0,0.0,4.232,3.744,112.0,0.0,0.0,0.0,1
193,0.0,0.0,0.0,0.0,0.0,0.0,0,0,0.0,0.0,0.0,0.0,0.0,0.0,0.0,0.0,0.0067031383514404,0.0083446502685546,0.0052452087402343,0.0052452087402343,0.0,0.0058650970458984,0.0,0.011444091796875,0.011444091796875,0.0,0.0,0.0078678131103515,0.0108242034912109,0.0204086303710937,0.496,1.776,0.0,0.0,4.232,3.744,112.0,0.0,0.0,0.0,1
194,0.0,0.0,0.0,0.0,0.0,0.0,0,0,0.0,0.0,0.0,0.0,0.0,0.0,0.0,0.0,0.0067350283190978,0.0083446502685546,0.00762939453125,0.00762939453125,0.0,0.0062465667724609,0.0,0.0069141387939453,0.0069141387939453,0.0061988830566406,0.0061988830566406,0.0086784362792968,0.01068115234375,0.0259876251220703,0.496,1.776,0.0,0.0,7.736,8.264,113.256,0.0,0.0,1.192,1
195,0.0,0.0,0.0,0.0,0.0,0.0,0,0,0.0,0.0,0.0,0.0,0.0,0.0,0.0,0.0,0.0065926888688879,0.0083446502685546,0.0100135803222656,0.0100135803222656,0.0,0.0,0.0,0.0128746032714843,0.0128746032714843,0.005960464477539,0.005960464477539,0.0,0.0,0.0,0.496,1.776,0.0,0.0,0.0,0.0,113.256,0.0,0.0,1.192,1
196,0.0,0.0,0.0,0.0,0.0,0.0,0,0,0.0,0.0,0.0,0.0,0.0,0.0,0.0,0.0,0.0066389491902061,0.0083446502685546,0.0047683715820312,0.0047683715820312,0.0,0.0,0.0,0.0095367431640625,0.0095367431640625,0.0069141387939453,0.0069141387939453,0.0,0.0,0.0,0.496,1.776,0.0,0.0,0.0,0.0,113.256,0.0,0.0,1.192,1
197,0.0,0.0,0.0,0.0,0.0,0.0,0,0,0.0,0.0,0.0,0.0,0.0,0.0,0.0,0.0,0.0066006183624267,0.0081062316894531,0.0069141387939453,0.0069141387939453,0.0,0.0,0.0,0.0128746032714843,0.0128746032714843,0.0,0.0,0.0,0.0,0.0,0.496,1.776,0.0,0.0,0.0,0.0,112.0,0.0,0.0,0.0,1
198,0.0,0.0,0.0,0.0,0.0,0.0,0,0,0.0,0.0,0.0,0.0,0.0,0.0,0.0,0.0,0.0066237874550394,0.0083446502685546,0.0071525573730468,0.0071525573730468,0.0,0.0065326690673828,0.0,0.0095367431640625,0.0095367431640625,0.0096559524536132,0.0101327896118164,0.0077724456787109,0.0123023986816406,0.0241279602050781,0.496,1.776,0.0,0.0,4.232,3.744,116.528,0.0,0.0,3.952,1
199,0.0,0.0,0.0,0.0,0.0,0.0,0,0,0.0,0.0,0.0,0.0,0.0,0.0,0.0,0.0,0.0067689631244923,0.0083208084106445,0.0066757202148437,0.0066757202148437,0.0,0.0068187713623046,0.0,0.0069141387939453,0.0069141387939453,0.0061392784118652,0.007176399230957,0.0095367431640625,0.0117778778076171,0.0224590301513671,0.496,1.84,0.0,0.0,4.232,3.744,119.552,0.0,0.0,27.84,1
200,0.0,0.0,0.0,0.0,0.0,0.0,0,0,0.0,0.0,0.0,0.0,0.0,0.0,0.0,0.0,0.0067555904388427,0.0083446502685546,0.0109672546386718,0.0109672546386718,0.0,0.0063180923461914,0.0,0.0073909759521484,0.0073909759521484,0.0,0.0,0.0088930130004882,0.0106096267700195,0.0257492065429687,0.496,1.84,0.0,0.0,7.736,8.264,112.0,0.0,0.0,0.0,1
201,0.0,0.0,0.0,0.0,0.0,0.0,0,0,0.0,0.0,0.0,0.0,0.0,0.0,0.0,0.0,0.0068263627996492,0.0083446502685546,0.0071525573730468,0.0071525573730468,0.0,0.0,0.0,0.0061988830566406,0.0061988830566406,0.0052452087402343,0.0052452087402343,0.0,0.0,0.0,0.496,1.776,0.0,0.0,0.0,0.0,113.256,0.0,0.0,1.192,1
202,0.0,0.0,0.0,0.0,0.0,0.0,0,0,0.0,0.0,0.0,0.0,0.0,0.0,0.0,0.0,0.0065879442205476,0.0081062316894531,0.009775161743164,0.009775161743164,0.0,0.0,0.0,0.0066757202148437,0.0066757202148437,0.0073909759521484,0.0073909759521484,0.0,0.0,0.0,0.496,1.776,0.0,0.0,0.0,0.0,113.256,0.0,0.0,1.192,1
203,0.0,0.0,0.0,0.0,0.0,0.0,0,0,0.0,0.0,0.0,0.0,0.0,0.0,0.0,0.0,0.0068218100304697,0.0083446502685546,0.0123977661132812,0.0123977661132812,0.0,0.0,0.0,0.0138282775878906,0.0138282775878906,0.005960464477539,0.0067710876464843,0.0,0.0,0.0,0.496,1.776,0.0,0.0,0.0,0.0,122.144,0.0,0.0,9.216,1
204,0.0,0.0,0.0,0.0,0.0,0.0,0,0,0.0,0.0,0.0,0.0,0.0,0.0,0.0,0.0,0.0068271160125732,0.0085830688476562,0.0069141387939453,0.0069141387939453,0.0,0.005960464477539,0.0,0.0069141387939453,0.0069141387939453,0.0,0.0,0.0078201293945312,0.0116348266601562,0.0224590301513671,0.496,1.84,0.0,0.0,4.232,3.744,112.0,0.0,0.0,0.0,1
205,0.0,0.0,0.0,0.0,0.0,0.0,0,0,0.0,0.0,0.0,0.0,0.0,0.0,0.0,0.0,0.0073223579220655,0.0095367431640625,0.00762939453125,0.00762939453125,0.0,0.0061988830566406,0.0,0.0112056732177734,0.0112056732177734,0.0043123458465062,0.0050067901611328,0.0080108642578125,0.010538101196289,0.0194072723388671,0.496,1.84,0.0,0.0,4.232,3.744,135.48,0.0,0.0,5951.272,1
206,0.0,0.0,0.0,0.0,0.0,0.0,0,0,0.0,0.0,0.0,0.0,0.0,0.0,0.0,0.0,0.0077349629568223,0.009775161743164,0.0081062316894531,0.0081062316894531,0.0,0.0069936116536458,0.0,0.0092983245849609,0.0092983245849609,0.0043097506748156,0.0050067901611328,0.0097274780273437,0.0102303244850852,0.0255107879638671,0.496,1.84,0.0,0.0,7.208,8.792,117.192,0.0,0.0,7393.36,1
207,0.0,0.0,0.0,0.0,0.0,0.0,0,0,0.0,0.0,0.0,0.0,0.0,0.0,0.0,0.0,0.0076887026355041,0.0100135803222656,0.0095367431640625,0.0095367431640625,0.0113248825073242,0.0,0.014662742614746,0.0133514404296875,0.0133514404296875,0.0043209284952242,0.0050067901611328,0.0,0.0,0.0,0.496,1.84,1.696,1.696,0.0,0.0,117.192,35.02500057220459,35.02795696258545,6783.32,1
208,0.0,0.0,0.0,0.0,0.0,0.0,0,0,0.0,0.0,0.0,0.0,0.0,0.0,0.0,0.0,0.007484218861797,0.0095129013061523,0.0064373016357421,0.0064373016357421,0.0,0.0,0.0,0.0095367431640625,0.0095367431640625,0.0042801631084496,0.0050067901611328,0.0,0.0,0.0,0.496,1.84,0.0,0.0,0.0,0.0,118.448,0.0,0.0,5125.032,1
209,0.0,0.0,0.0,0.0,0.0,0.0,0,0,0.0,0.0,0.0,0.0,0.0,0.0,0.0,0.0,0.0069896773536606,0.0090599060058593,0.0154972076416015,0.0154972076416015,0.0,0.0,0.0,0.00762939453125,0.00762939453125,0.0043305973548673,0.0052452087402343,0.0,0.0,0.0,0.496,1.84,0.0,0.0,0.0,0.0,118.448,0.0,0.0,1544.296,1
210,0.0,0.0,0.0,0.0,0.0,0.0,0,0,0.0,0.0,0.0,0.0,0.0,0.0,0.0,0.0,0.0069164993739364,0.0085830688476562,0.0073909759521484,0.0073909759521484,0.0,0.0063419342041015,0.0,0.0078678131103515,0.0078678131103515,0.0049001292178505,0.0057935714721679,0.008249282836914,0.011301040649414,0.0216007232666015,0.496,1.84,0.0,0.0,4.232,3.744,115.648,0.0,0.0,163.456,1
211,0.0,0.0,0.0,0.0,0.0,0.0,0,0,0.0,0.0,0.0,0.0,0.0,0.0,0.0,0.0,0.0067126750946044,0.0083446502685546,0.0078678131103515,0.0078678131103515,0.0,0.0063419342041015,0.0,0.0078678131103515,0.0078678131103515,0.0054836273193359,0.0054836273193359,0.0088214874267578,0.0108718872070312,0.0202655792236328,0.496,1.84,0.0,0.0,4.232,3.744,112.0,0.0,0.0,7.48,1
212,0.0,0.0,0.0,0.0,0.0,0.0,0,0,0.0,0.0,0.0,0.0,0.0,0.0,0.0,0.0,0.0069436460438341,0.0090360641479492,0.0078678131103515,0.0078678131103515,0.0,0.006270408630371,0.0,0.0064373016357421,0.0064373016357421,0.0046296995513293,0.0052452087402343,0.0088453292846679,0.0110864639282226,0.0272512435913085,0.496,1.808,0.0,0.0,7.736,8.264,122.384,0.0,0.0,763.888,1
213,0.0,0.0,0.0,0.0,0.0,0.0,0,0,0.0,0.0,0.0,0.0,0.0,0.0,0.0,0.0,0.0070090317607519,0.0085830688476562,0.0085830688476562,0.0085830688476562,0.0,0.0,0.0,0.0185966491699218,0.0185966491699218,0.0048988270309736,0.0057220458984375,0.0,0.0,0.0,0.496,1.84,0.0,0.0,0.0,0.0,117.192,0.0,0.0,859.28,1
214,0.0,0.0,0.0,0.0,0.0,0.0,0,0,0.0,0.0,0.0,0.0,0.0,0.0,0.0,0.0,0.0070054732744966,0.0090599060058593,0.0069141387939453,0.0069141387939453,0.0,0.0,0.0,0.0064373016357421,0.0064373016357421,0.0046920776367187,0.0057220458984375,0.0,0.0,0.0,0.496,1.84,0.0,0.0,0.0,0.0,117.192,0.0,0.0,934.968,1
215,0.0,0.0,0.0,0.0,0.0,0.0,0,0,0.0,0.0,0.0,0.0,0.0,0.0,0.0,0.0,0.0066804413748259,0.0083446502685546,0.0073432922363281,0.0071525573730468,0.0,0.0,0.0,0.0098943710327148,0.0126600265502929,0.0053246815999348,0.0075340270996093,0.0,0.0,0.0,1.344,2.688,0.0,0.0,0.0,0.0,118.448,0.0,0.0,108.456,1
216,0.0,0.0,0.0,0.0,0.0,0.0,0,0,0.0,0.0,0.0,0.0,0.0,0.0,0.0,0.0,0.0070770188133315,0.0092983245849609,0.00762939453125,0.00762939453125,0.0,0.0058174133300781,0.0,0.0073909759521484,0.0073909759521484,0.0044825125713737,0.0056028366088867,0.0072956085205078,0.0112056732177734,0.021219253540039,0.496,1.776,0.0,0.0,4.232,3.744,118.448,0.0,0.0,1736.928,1
217,0.0,0.0,0.0,0.0,0.0,0.0,0,0,0.0,0.0,0.0,0.0,0.0,0.0,0.0,0.0,0.0069271865768812,0.0085830688476562,0.005960464477539,0.005960464477539,0.0,0.0060558319091796,0.0,0.0116825103759765,0.0116825103759765,0.0042873516417386,0.0052452087402343,0.0076770782470703,0.0110626220703125,0.0207901000976562,0.496,1.84,0.0,0.0,4.232,3.744,113.256,0.0,0.0,1045.008,1
218,0.0,0.0,0.0,0.0,0.0,0.0,0,0,0.0,0.0,0.0,0.0,0.0,0.0,0.0,0.0,0.0066781044006347,0.0083446502685546,0.00762939453125,0.00762939453125,0.0,0.005801518758138,0.0,0.0066757202148437,0.0066757202148437,0.0,0.0,0.0071525573730468,0.0120571681431361,0.0266551971435546,0.496,1.808,0.0,0.0,4.824,4.864,112.0,0.0,0.0,0.0,1
219,0.0,0.0,0.0,0.0,0.0,0.0,0,0,0.0,0.0,0.0,0.0,0.0,0.0,0.0,0.0,0.0068414211273193,0.0090599060058593,0.0066757202148437,0.0066757202148437,0.0,0.0071525573730468,0.0,0.0112056732177734,0.0112056732177734,0.0,0.0,0.0095844268798828,0.0082651774088541,0.0089645385742187,0.496,1.776,0.0,0.0,2.912,3.4,112.0,0.0,0.0,0.0,1
220,0.0,0.0,0.0,0.0,0.0,0.0,0,0,0.0,0.0,0.0,0.0,0.0,0.0,0.0,0.0,0.0072390425438974,0.0092983245849609,0.0066757202148437,0.0066757202148437,0.0,0.0,0.0,0.009775161743164,0.009775161743164,0.0043044219145903,0.0052452087402343,0.0,0.0,0.0,0.496,1.776,0.0,0.0,0.0,0.0,132.768,0.0,0.0,5158.976,1
221,0.0,0.0,0.0,0.0,0.0,0.0,0,0,0.0,0.0,0.0,0.0,0.0,0.0,0.0,0.0,0.0074502840564025,0.009775161743164,0.0102519989013671,0.0102519989013671,0.0,0.0,0.0,0.011444091796875,0.011444091796875,0.0042548546424278,0.0050067901611328,0.0,0.0,0.0,0.496,1.84,0.0,0.0,0.0,0.0,117.192,0.0,0.0,8690.416,1
222,0.0,0.0,0.0,0.0,0.0,0.0,0,0,0.0,0.0,0.0,0.0,0.0,0.0,0.0,0.0,0.0076010675713567,0.0095367431640625,0.0088214874267578,0.0088214874267578,0.0,0.0,0.0,0.0126361846923828,0.0126361846923828,0.0042148792964618,0.0050067901611328,0.0,0.0,0.0,0.496,1.84,0.0,0.0,0.0,0.0,118.448,0.0,0.0,11436.568,1
223,0.0,0.0,0.0,0.0,0.0,0.0,0,0,0.0,0.0,0.0,0.0,0.0,0.0,0.0,0.0,0.0067124912394813,0.0081062316894531,0.0112056732177734,0.0112056732177734,0.0,0.0060081481933593,0.0,0.0152587890625,0.0152587890625,0.0044116973876953,0.0052452087402343,0.0077247619628906,0.0110149383544921,0.0208854675292968,0.496,1.84,0.0,0.0,4.232,3.744,113.256,0.0,0.0,991.064,1
224,0.0,0.0,0.0,0.0,0.0,0.0,0,0,0.0,0.0,0.0,0.0,0.0,0.0,0.0,0.0,0.0067018157807155,0.0083446502685546,0.0073909759521484,0.0073909759521484,0.0,0.0057697296142578,0.0,0.0112056732177734,0.0112056732177734,0.0078678131103515,0.0078678131103515,0.0071525573730468,0.0120162963867187,0.0232696533203125,0.496,1.84,0.0,0.0,4.232,3.744,113.256,0.0,0.0,1.192,1
225,0.0,0.0,0.0,0.0,0.0,0.0,0,0,0.0,0.0,0.0,0.0,0.0,0.0,0.0,0.0,0.0071654766063972,0.0088214874267578,0.0071525573730468,0.0071525573730468,0.0,0.0061750411987304,0.0,0.0081062316894531,0.0081062316894531,0.0042680237028333,0.0050067901611328,0.0084638595581054,0.0111341476440429,0.0278472900390625,0.496,1.776,0.0,0.0,7.736,8.264,127.576,0.0,0.0,6426.496,1
226,0.0,0.0,0.0,0.0,0.0,0.0,0,0,0.0,0.0,0.0,0.0,0.0,0.0,0.0,0.0,0.0077907125748212,0.009775161743164,0.0083446502685546,0.0083446502685546,0.0,0.0,0.0,0.011444091796875,0.011444091796875,0.0042514921152316,0.0050067901611328,0.0,0.0,0.0,0.496,1.84,0.0,0.0,0.0,0.0,117.192,0.0,0.0,12417.656,1
227,0.0,0.0,0.0,0.0,0.0,0.0,0,0,0.0,0.0,0.0,0.0,0.0,0.0,0.0,0.0,0.0075973681549527,0.009775161743164,0.009775161743164,0.009775161743164,0.0,0.0,0.0,0.0152587890625,0.0152587890625,0.0043444733952007,0.0050067901611328,0.0,0.0,0.0,0.496,1.84,0.0,0.0,0.0,0.0,117.192,0.0,0.0,5192.68,1
228,0.0,0.0,0.0,0.0,0.0,0.0,0,0,0.0,0.0,0.0,0.0,0.0,0.0,0.0,0.0,0.0069260597229003,0.0090599060058593,0.00762939453125,0.00762939453125,0.0,0.0,0.0,0.0121593475341796,0.0121593475341796,0.0051259994506835,0.0056028366088867,0.0,0.0,0.0,0.496,1.84,0.0,0.0,0.0,0.0,112.0,0.0,0.0,14.288,1
229,0.0,0.0,0.0,0.0,0.0,0.0,0,0,0.0,0.0,0.0,0.0,0.0,0.0,0.0,0.0,0.006989305242529,0.0088214874267578,0.0083446502685546,0.0083446502685546,0.0,0.0061988830566406,0.0,0.00762939453125,0.00762939453125,0.0045374035835266,0.0052452087402343,0.0077724456787109,0.0124454498291015,0.025033950805664,0.496,1.808,0.0,0.0,4.232,3.744,123.64,0.0,0.0,797.152,1
