time_seconds,a1_packet_loss_ul_percentage,e2_du_packet_loss_dl_percentage,e2_du_packet_loss_ul_percentage,f1_c_retransmissions_ul_count,f1_c_packet_loss_dl_percentage,f1_c_packet_loss_ul_percentage,e2_du_retransmissions_ul_count,e2_du_retransmissions_dl_count,f1_c_retransmissions_dl_count,f1_u_retransmissions_ul_count,f1_u_packet_loss_dl_percentage,f1_u_packet_loss_ul_percentage,f1_u_retransmissions_dl_count,f1_u_latency_mean_ul_ms,f1_u_latency_p90_ul_ms,e2_du_latency_mean_ul_ms,e2_du_latency_p90_ul_ms,f1_u_latency_mean_dl_ms,f1_c_latency_mean_dl_ms,f1_u_latency_p90_dl_ms,f1_c_latency_p90_dl_ms,f1_c_latency_mean_ul_ms,f1_c_latency_p90_ul_ms,e2_du_latency_mean_dl_ms,e2_du_latency_p90_dl_ms,e2_du_throughput_dl_kbps,e2_du_throughput_ul_kbps,a1_retransmissions_ul_count,a1_retransmissions_dl_count,f1_c_throughput_dl_kbps,f1_c_throughput_ul_kbps,a1_throughput_ul_kbps,a1_throughput_dl_kbps,f1_u_throughput_ul_kbps,a1_packet_loss_dl_percentage,a1_latency_mean_dl_ms,a1_latency_p90_dl_ms,a1_latency_mean_ul_ms,a1_latency_p90_ul_ms,f1_u_throughput_dl_kbps,F-node
0,0.0,0.0,0.0,0.0,0.0,0.0,0,0,0.0,0.0,0.0,0.0,0.0,0.006215165301067,0.0088214874267578,0.0064373016357421,0.0064373016357421,0.0043450569619937,0.0047683715820312,0.0057697296142578,0.0047683715820312,0.0109672546386718,0.0109672546386718,0.0119209289550781,0.0119209289550781,0.496,1.36,0.0,0.0,0.848,0.848,3.504,4.52,131.984,0.0,0.0126361846923828,0.0245094299316406,0.0062942504882812,0.0079631805419921,479.624,0
1,0.0,0.0,0.0,0.0,0.0,0.0,0,0,0.0,0.0,0.0,0.0,0.0,0.006215165301067,0.0088214874267578,0.0061988830566406,0.0061988830566406,0.0043450569619937,0.0047683715820312,0.0057697296142578,0.0047683715820312,0.0109672546386718,0.0109672546386718,0.013589859008789,0.013589859008789,0.496,1.36,0.0,0.0,0.848,0.848,3.504,4.52,131.984,0.0,0.0126361846923828,0.0245094299316406,0.0062942504882812,0.0079631805419921,479.624,0
2,0.0,0.0,0.0,0.0,0.0,0.0,0,0,0.0,0.0,0.0,0.0,0.0,0.0063910413144239,0.0088214874267578,0.0069141387939453,0.0069141387939453,0.003872061134281,0.0047683715820312,0.0045299530029296,0.0047683715820312,0.0109672546386718,0.0109672546386718,0.0143051147460937,0.0143051147460937,0.496,1.36,0.0,0.0,0.848,0.848,4.232,3.744,114.424,0.0,0.0134468078613281,0.026702880859375,0.0070571899414062,0.0088691711425781,8828.032,0
3,0.0,0.0,0.0,0.0,0.0,0.0,0,0,0.0,0.0,0.0,0.0,0.0,0.0066970711323752,0.0088214874267578,0.013589859008789,0.013589859008789,0.0038974733982226,0.0047683715820312,0.0047683715820312,0.0047683715820312,0.0109672546386718,0.0109672546386718,0.0100135803222656,0.0100135803222656,0.496,1.36,0.0,0.0,0.848,0.848,4.232,3.744,117.192,0.0,0.0117778778076171,0.0215530395507812,0.0061988830566406,0.0075340270996093,4417.192,0
4,0.0,0.0,0.0,0.0,0.0,0.0,0,0,0.0,0.0,0.0,0.0,0.0,0.0063602011002118,0.0081062316894531,0.00762939453125,0.00762939453125,0.0042319297790527,0.0047683715820312,0.0047922134399414,0.0047683715820312,0.0109672546386718,0.0109672546386718,0.011444091796875,0.011444091796875,0.496,1.36,0.0,0.0,0.848,0.848,7.736,8.264,113.256,0.0,0.0106573104858398,0.0259160995483398,0.0059843063354492,0.0081062316894531,29.216,0
5,0.0,0.0,0.0,0.0,0.0,0.0,0,0,0.0,0.0,0.0,0.0,0.0,0.0061150824669564,0.0078678131103515,0.0085830688476562,0.0085830688476562,0.0038558039171942,0.0047683715820312,0.0042915344238281,0.0047683715820312,0.0109672546386718,0.0109672546386718,0.00762939453125,0.00762939453125,0.496,1.36,0.0,0.0,0.848,0.848,4.232,3.744,123.08,0.0,0.0117301940917968,0.0218868255615234,0.0062942504882812,0.0080108642578125,1299.424,0
6,0.0,0.0,0.0,0.0,0.0,0.0,0,0,0.0,0.0,0.0,0.0,0.0,0.006311010606218,0.0085830688476562,0.00762939453125,0.00762939453125,0.0041600820180532,0.0047683715820312,0.0052452087402343,0.0047683715820312,0.0109672546386718,0.0109672546386718,0.0083446502685546,0.0083446502685546,0.496,1.36,0.0,0.0,0.848,0.848,4.232,3.744,115.968,0.0,0.0109195709228515,0.0213623046875,0.0057697296142578,0.0071048736572265,1913.144,0
7,0.0,0.0,0.0,0.0,0.0,0.0,0,0,0.0,0.0,0.0,0.0,0.0,0.0068299212859044,0.0092983245849609,0.0071525573730468,0.0071525573730468,0.0039228031310722,0.0047683715820312,0.0047683715820312,0.0047683715820312,0.0109672546386718,0.0109672546386718,0.0090599060058593,0.0090599060058593,0.496,1.36,0.0,0.0,0.848,0.848,7.736,8.264,117.192,0.0,0.0104427337646484,0.0246524810791015,0.0056266784667968,0.0076770782470703,10479.16,0
8,0.0,0.0,0.0,0.0,0.0,0.0,0,0,0.0,0.0,0.0,0.0,0.0,0.0063625734243819,0.0085830688476562,0.0085830688476562,0.0085830688476562,0.0043415254162203,0.0047683715820312,0.0052452087402343,0.0047683715820312,0.0109672546386718,0.0109672546386718,0.0159740447998046,0.0159740447998046,0.496,1.36,0.0,0.0,0.848,0.848,4.232,3.744,115.16,0.0,0.0102043151855468,0.0194549560546875,0.0056743621826171,0.0074386596679687,954.4,0
9,0.0,0.0,0.0,0.0,0.0,0.0,0,0,0.0,0.0,0.0,0.0,0.0,0.0062937760234472,0.0085830688476562,0.0071525573730468,0.0071525573730468,0.0043756821576286,0.0047683715820312,0.0052452087402343,0.0047683715820312,0.0109672546386718,0.0109672546386718,0.0145435333251953,0.0145435333251953,0.496,1.36,0.0,0.0,0.848,0.848,4.232,3.744,117.192,0.0,0.0123977661132812,0.0238895416259765,0.0057697296142578,0.0072956085205078,385.176,0
10,0.0,0.0,0.0,0.0,0.0,0.0,0,0,0.0,0.0,0.0,0.0,0.0,0.0069781915465397,0.009775161743164,0.00762939453125,0.00762939453125,0.0039027928587469,0.0047683715820312,0.0045299530029296,0.0047683715820312,0.0109672546386718,0.0109672546386718,0.009775161743164,0.009775161743164,0.496,1.36,0.0,0.0,0.848,0.848,7.736,8.264,115.16,0.0,0.0109672546386718,0.0273704528808593,0.0057697296142578,0.007939338684082,17721.544,0
11,0.0,0.0,0.0,0.0,0.0,0.0,0,0,0.0,0.0,0.0,0.0,0.0,0.0061245247869208,0.0081062316894531,0.0102519989013671,0.0102519989013671,0.0047854014805385,0.0121593475341796,0.005650520324707,0.0121593475341796,0.0066757202148437,0.0066757202148437,0.0090599060058593,0.0090599060058593,0.496,1.36,0.0,0.0,0.848,0.848,4.232,3.744,118.448,0.0,0.0108718872070312,0.0216007232666015,0.0057220458984375,0.0072479248046875,98.128,0
12,0.0,0.0,0.0,0.0,0.0,0.0,0,0,0.0,0.0,0.0,0.0,0.0,0.0062213085665561,0.0087976455688476,0.009775161743164,0.009775161743164,0.004210213358088,0.0,0.0052452087402343,0.0,0.0,0.0,0.0116825103759765,0.0116825103759765,0.496,1.36,0.0,0.0,0.0,0.0,4.232,3.744,118.448,0.0,0.0115871429443359,0.0224113464355468,0.0056266784667968,0.0070571899414062,1192.44,0
13,0.0,0.0,0.0,0.0,0.0,0.0,0,0,0.0,0.0,0.0,0.0,0.0,0.0062878452130218,0.0083446502685546,0.0078678131103515,0.0078678131103515,0.0045001506805419,0.0,0.0049829483032226,0.0,0.0,0.0,0.0090599060058593,0.0090599060058593,0.496,1.36,0.0,0.0,0.0,0.0,7.736,8.264,113.256,0.0,0.0105142593383789,0.0260353088378906,0.0056028366088867,0.0078916549682617,21.872,0
14,0.0,0.0,0.0,0.0,0.0,0.0,0,0,0.0,0.0,0.0,0.0,0.0,0.0060784934770942,0.0083208084106445,0.0104904174804687,0.0104904174804687,0.0041148492268153,0.0,0.0052213668823242,0.0,0.0,0.0,0.0073909759521484,0.0073909759521484,0.496,1.36,0.0,0.0,0.0,0.0,4.232,3.744,119.488,0.0,0.0107288360595703,0.0210762023925781,0.0060081481933593,0.0077247619628906,1244.784,0
15,0.0,0.0,0.0,0.0,0.0,0.0,0,0,0.0,0.0,0.0,0.0,0.0,0.0058460235595703,0.0081062316894531,0.0085830688476562,0.0085830688476562,0.0,0.0,0.0,0.0,0.0,0.0,0.00762939453125,0.00762939453125,0.496,1.36,0.0,0.0,0.0,0.0,4.232,3.744,112.0,0.0,0.0123023986816406,0.0238418579101562,0.005960464477539,0.0075817108154296,0.0,0
16,0.0,0.0,0.0,0.0,0.0,0.0,0,0,0.0,0.0,0.0,0.0,0.0,0.0065990013651328,0.0090360641479492,0.0145435333251953,0.0145435333251953,0.0039373023220445,0.0,0.0047683715820312,0.0,0.0,0.0,0.0107288360595703,0.0107288360595703,0.496,1.36,0.0,0.0,0.0,0.0,7.736,8.264,119.776,0.0,0.0101804733276367,0.0237703323364257,0.006103515625,0.0086307525634765,7284.888,0
17,0.0,0.0,0.0,0.0,0.0,0.0,0,0,0.0,0.0,0.0,0.0,0.0,0.006147878086982,0.0081062316894531,0.0078678131103515,0.0078678131103515,0.0044550214494977,0.0,0.0063419342041015,0.0,0.0,0.0,0.0133514404296875,0.0133514404296875,0.496,1.36,0.0,0.0,0.0,0.0,4.232,3.744,114.424,0.0,0.0106334686279296,0.0207424163818359,0.0055313110351562,0.0070095062255859,284.248,0
18,0.0,0.0,0.0,0.0,0.0,0.0,0,0,0.0,0.0,0.0,0.0,0.0,0.0065399868653552,0.0088214874267578,0.00762939453125,0.00762939453125,0.0039667516321569,0.0,0.0045299530029296,0.0,0.0,0.0,0.0088214874267578,0.0088214874267578,0.496,1.36,0.0,0.0,0.0,0.0,4.232,3.744,116.096,0.0,0.0107288360595703,0.0205516815185546,0.0058174133300781,0.0071525573730468,6979.912,0
19,0.0,0.0,0.0,0.0,0.0,0.0,0,0,0.0,0.0,0.0,0.0,0.0,0.0066544749949238,0.0092983245849609,0.0126361846923828,0.0126361846923828,0.0039829458281347,0.0,0.0047683715820312,0.0,0.0,0.0,0.0088214874267578,0.0088214874267578,0.496,1.36,0.0,0.0,0.0,0.0,7.736,8.264,118.448,0.0,0.0103950500488281,0.0244379043579101,0.0059843063354492,0.0085830688476562,5962.48,0
20,0.0,0.0,0.0,0.0,0.0,0.0,0,0,0.0,0.0,0.0,0.0,0.0,0.0060138417713677,0.0081062316894531,0.00762939453125,0.00762939453125,0.0040233135223388,0.0,0.0049829483032226,0.0,0.0,0.0,0.0104904174804687,0.0104904174804687,0.496,1.36,0.0,0.0,0.0,0.0,4.232,3.744,113.256,0.0,0.0104427337646484,0.0195980072021484,0.0060558319091796,0.0076770782470703,327.6,0
21,0.0,0.0,0.0,0.0,0.0,0.0,0,0,0.0,0.0,0.0,0.0,0.0,0.0061011314392089,0.0085830688476562,0.0090599060058593,0.0090599060058593,0.0,0.0,0.0,0.0,0.0,0.0,0.0095367431640625,0.0095367431640625,0.496,1.36,0.0,0.0,0.0,0.0,4.232,3.744,112.0,0.0,0.0113487243652343,0.0216007232666015,0.006103515625,0.0075817108154296,0.0,0
22,0.0,0.0,0.0,0.0,0.0,0.0,0,0,0.0,0.0,0.0,0.0,0.0,0.0063597862356402,0.009012222290039,0.0071525573730468,0.0071525573730468,0.0038955859857229,0.0,0.0045299530029296,0.0,0.0,0.0,0.0061988830566406,0.0061988830566406,0.496,1.36,0.0,0.0,0.0,0.0,7.736,8.264,125.224,0.0,0.011301040649414,0.0280380249023437,0.0058174133300781,0.0083446502685546,14687.368,0
23,0.0,0.0,0.0,0.0,0.0,0.0,0,0,0.0,0.0,0.0,0.0,0.0,0.0066970711323752,0.0090599060058593,0.0131130218505859,0.0131130218505859,0.0039696088297112,0.0,0.0047683715820312,0.0,0.0,0.0,0.0095367431640625,0.0095367431640625,0.496,1.36,0.0,0.0,0.0,0.0,4.232,3.744,117.192,0.0,0.0111103057861328,0.0209808349609375,0.006103515625,0.0077724456787109,2118.392,0
24,0.0,0.0,0.0,0.0,0.0,0.0,0,0,0.0,0.0,0.0,0.0,0.0,0.0061404705047607,0.0083446502685546,0.00762939453125,0.00762939453125,0.0045299530029296,0.0,0.0051021575927734,0.0,0.0,0.0,0.00762939453125,0.00762939453125,0.496,1.36,0.0,0.0,0.0,0.0,4.232,3.744,112.0,0.0,0.010538101196289,0.0201702117919921,0.0056266784667968,0.0071048736572265,13.36,0
25,0.0,0.0,0.0,0.0,0.0,0.0,0,0,0.0,0.0,0.0,0.0,0.0,0.0062534465125544,0.0083446502685546,0.0102519989013671,0.0102519989013671,0.0045299530029296,0.0,0.0045299530029296,0.0,0.0,0.0,0.0143051147460937,0.0143051147460937,0.496,1.36,0.0,0.0,0.0,0.0,7.736,8.264,113.256,0.0,0.0111341476440429,0.0267744064331054,0.0061273574829101,0.0078916549682617,1.192,0
26,0.0,0.0,0.0,0.0,0.0,0.0,0,0,0.0,0.0,0.0,0.0,0.0,0.0061918707454905,0.0083446502685546,0.0088214874267578,0.0088214874267578,0.0044107437133789,0.0,0.0063180923461914,0.0,0.0,0.0,0.0126361846923828,0.0126361846923828,0.496,1.36,0.0,0.0,0.0,0.0,4.232,3.744,124.512,0.0,0.0104904174804687,0.0201225280761718,0.0061988830566406,0.008249282836914,389.552,0
27,0.0,0.0,0.0,0.0,0.0,0.0,0,0,0.0,0.0,0.0,0.0,0.0,0.0061386882668674,0.0085830688476562,0.00762939453125,0.00762939453125,0.0053942203521728,0.0,0.006723403930664,0.0,0.0,0.0,0.011444091796875,0.011444091796875,0.496,1.36,0.0,0.0,0.0,0.0,4.232,3.744,118.448,0.0,0.0105857849121093,0.0203609466552734,0.0069618225097656,0.0095844268798828,38.896,0
28,0.0,0.0,0.0,0.0,0.0,0.0,0,0,0.0,0.0,0.0,0.0,0.0,0.0065808272480371,0.0085830688476562,0.0069141387939453,0.008249282836914,0.004181990752349,0.0,0.0054836273193359,0.0,0.0,0.0,0.0115633010864257,0.0128030776977539,1.344,2.208,0.0,0.0,0.0,0.0,7.736,8.264,114.264,0.0,0.01068115234375,0.0263214111328125,0.0060796737670898,0.0079870223999023,372.664,0
29,0.0,0.0,0.0,0.0,0.0,0.0,0,0,0.0,0.0,0.0,0.0,0.0,0.0066125392913818,0.0085830688476562,0.0071525573730468,0.0071525573730468,0.0044618334089006,0.0,0.0048637390136718,0.0,0.0,0.0,0.0119209289550781,0.0119209289550781,0.496,1.36,0.0,0.0,0.0,0.0,4.232,3.744,112.0,0.0,0.0105857849121093,0.0206470489501953,0.0056743621826171,0.0074386596679687,45.272,0
30,0.0,0.0,0.0,0.0,0.0,0.0,0,0,0.0,0.0,0.0,0.0,0.0,0.006767054695395,0.0088214874267578,0.0073909759521484,0.0073909759521484,0.0038492289238072,0.0,0.0045299530029296,0.0,0.0,0.0,0.0119209289550781,0.0119209289550781,0.496,1.36,0.0,0.0,0.0,0.0,4.232,3.744,121.824,0.0,0.0116825103759765,0.0224590301513671,0.0072002410888671,0.0111579895019531,9011.632,0
31,0.0,0.0,0.0,0.0,0.0,0.0,0,0,0.0,0.0,0.0,0.0,0.0,0.0061488151550292,0.0083446502685546,0.0104904174804687,0.0104904174804687,0.0,0.0,0.0,0.0,0.0,0.0,0.011444091796875,0.011444091796875,0.496,1.36,0.0,0.0,0.0,0.0,7.736,8.264,112.0,0.0,0.0116586685180664,0.0282049179077148,0.0061511993408203,0.0081062316894531,0.0,0
32,0.0,0.0,0.0,0.0,0.0,0.0,0,0,0.0,0.0,0.0,0.0,0.0,0.0060312818772722,0.0081062316894531,0.0073909759521484,0.0073909759521484,0.0084638595581054,0.0,0.0089406967163085,0.0,0.0,0.0,0.0092983245849609,0.0092983245849609,0.496,1.36,0.0,0.0,0.0,0.0,4.232,3.744,116.544,0.0,0.010538101196289,0.0203609466552734,0.0056743621826171,0.0072956085205078,4.192,0
33,0.0,0.0,0.0,0.0,0.0,0.0,0,0,0.0,0.0,0.0,0.0,0.0,0.0059865600434108,0.0083446502685546,0.0071525573730468,0.0071525573730468,0.0045299530029296,0.0,0.0045299530029296,0.0,0.0,0.0,0.0090599060058593,0.0090599060058593,0.496,1.36,0.0,0.0,0.0,0.0,4.232,3.744,113.256,0.0,0.0116825103759765,0.0221729278564453,0.0059127807617187,0.0073909759521484,1.192,0
34,0.0,0.0,0.0,0.0,0.0,0.0,0,0,0.0,0.0,0.0,0.0,0.0,0.0062890313751068,0.0081062316894531,0.0069141387939453,0.0069141387939453,0.005960464477539,0.0,0.005960464477539,0.0,0.0,0.0,0.013589859008789,0.013589859008789,0.496,1.36,0.0,0.0,0.0,0.0,7.736,8.264,113.256,0.0,0.0112771987915039,0.0259399414062499,0.0060558319091796,0.0081300735473632,1.192,0
35,0.0,0.0,0.0,0.0,0.0,0.0,0,0,0.0,0.0,0.0,0.0,0.0,0.0060725212097167,0.0081062316894531,0.00762939453125,0.00762939453125,0.0,0.0,0.0,0.0,0.0,0.0,0.013589859008789,0.013589859008789,0.496,1.36,0.0,0.0,0.0,0.0,4.232,3.744,112.0,0.0,0.0104427337646484,0.01983642578125,0.0056743621826171,0.0073909759521484,0.0,0
36,0.0,0.0,0.0,0.0,0.0,0.0,0,0,0.0,0.0,0.0,0.0,0.0,0.0060093402862548,0.0081062316894531,0.0071525573730468,0.0071525573730468,0.0,0.0,0.0,0.0,0.0,0.0,0.0107288360595703,0.0107288360595703,0.496,1.36,0.0,0.0,0.0,0.0,4.232,3.744,112.0,0.0,0.0105857849121093,0.020456314086914,0.0056743621826171,0.0071525573730468,0.0,0
37,0.0,0.0,0.0,0.0,0.0,0.0,0,0,0.0,0.0,0.0,0.0,0.0,0.0062179565429687,0.0085830688476562,0.0107288360595703,0.0107288360595703,0.0,0.0,0.0,0.0,0.0,0.0,0.0078678131103515,0.0078678131103515,0.496,1.36,0.0,0.0,0.0,0.0,7.736,8.264,112.0,0.0,0.0111579895019531,0.0281572341918945,0.0059366226196289,0.0081062316894531,0.0,0
38,0.0,0.0,0.0,0.0,0.0,0.0,0,0,0.0,0.0,0.0,0.0,0.0,0.0064916981076731,0.0088214874267578,0.0083446502685546,0.0083446502685546,0.0038603722391539,0.0,0.0045299530029296,0.0,0.0,0.0,0.0081062316894531,0.0081062316894531,0.496,1.36,0.0,0.0,0.0,0.0,4.232,3.744,143.152,0.0,0.0110626220703125,0.0205039978027343,0.0061988830566406,0.0080585479736328,11401.048,0
39,0.0,0.0,0.0,0.0,0.0,0.0,0,0,0.0,0.0,0.0,0.0,0.0,0.0061351473968808,0.0083446502685546,0.0092983245849609,0.0092983245849609,0.0039943277019343,0.0,0.0049591064453124,0.0,0.0,0.0,0.0133514404296875,0.0133514404296875,0.496,1.36,0.0,0.0,0.0,0.0,4.232,3.744,118.448,0.0,0.0111579895019531,0.0217914581298828,0.005960464477539,0.0078201293945312,784.072,0
40,0.0,0.0,0.0,0.0,0.0,0.0,0,0,0.0,0.0,0.0,0.0,0.0,0.0060577297685158,0.0083446502685546,0.0107288360595703,0.0107288360595703,0.0042915344238281,0.0,0.0042915344238281,0.0,0.0,0.0,0.0085830688476562,0.0085830688476562,0.496,1.36,0.0,0.0,0.0,0.0,7.736,8.264,113.256,0.0,0.0109672546386718,0.0271081924438476,0.005960464477539,0.008392333984375,1.192,0
41,0.0,0.0,0.0,0.0,0.0,0.0,0,0,0.0,0.0,0.0,0.0,0.0,0.0059853738813257,0.0081062316894531,0.0100135803222656,0.0100135803222656,0.0042915344238281,0.0,0.0042915344238281,0.0,0.0,0.0,0.0154972076416015,0.0154972076416015,0.496,1.36,0.0,0.0,0.0,0.0,4.232,3.744,113.256,0.0,0.0114917755126953,0.0211715698242187,0.0062942504882812,0.0080585479736328,1.192,0
42,0.0,0.0,0.0,0.0,0.0,0.0,0,0,0.0,0.0,0.0,0.0,0.0,0.0060164928436279,0.0083446502685546,0.00762939453125,0.00762939453125,0.0,0.0045299530029296,0.0,0.0045299530029296,0.0133514404296875,0.0133514404296875,0.0152587890625,0.0152587890625,0.496,1.36,0.0,0.0,0.848,0.848,4.232,3.744,112.0,0.0,0.0119686126708984,0.0231266021728515,0.0057697296142578,0.0073432922363281,0.0,0
43,0.0,0.0,0.0,0.0,0.0,0.0,0,0,0.0,0.0,0.0,0.0,0.0,0.0062012672424316,0.0081062316894531,0.0104904174804687,0.0104904174804687,0.0,0.0128746032714843,0.0,0.0128746032714843,0.0054836273193359,0.0054836273193359,0.0069141387939453,0.0069141387939453,0.496,1.36,0.0,0.0,0.848,0.848,7.736,8.264,112.0,0.0,0.010848045349121,0.0270366668701171,0.0057458877563476,0.0077009201049804,0.0,0
44,0.0,0.0,0.0,0.0,0.0,0.0,0,0,0.0,0.0,0.0,0.0,0.0,0.0059747695922851,0.0083446502685546,0.0085830688476562,0.0085830688476562,0.0,0.0,0.0,0.0,0.0,0.0,0.0166893005371093,0.0166893005371093,0.496,1.36,0.0,0.0,0.0,0.0,4.232,3.744,112.0,0.0,0.0102519989013671,0.0197410583496093,0.0061988830566406,0.0078201293945312,0.0,0
45,0.0,0.0,0.0,0.0,0.0,0.0,0,0,0.0,0.0,0.0,0.0,0.0,0.0061595324173714,0.0084638595581054,0.0069141387939453,0.0069141387939453,0.0039471520317925,0.0,0.0046968460083007,0.0,0.0,0.0,0.0154972076416015,0.0154972076416015,0.496,1.36,0.0,0.0,0.0,0.0,4.232,3.744,143.152,0.0,0.0108242034912109,0.0206947326660156,0.0057697296142578,0.0073432922363281,2551.264,0
46,0.0,0.0,0.0,0.0,0.0,0.0,0,0,0.0,0.0,0.0,0.0,0.0,0.0059438582083479,0.0081062316894531,0.0088214874267578,0.0088214874267578,0.0061988830566406,0.0,0.0061988830566406,0.0,0.0,0.0,0.0064373016357421,0.0064373016357421,0.496,1.36,0.0,0.0,0.0,0.0,7.208,8.792,113.256,0.0,0.0107721848921342,0.0290870666503906,0.0061988830566406,0.0086784362792968,1.192,0
47,0.0,0.0,0.0,0.0,0.0,0.0,0,0,0.0,0.0,0.0,0.0,0.0,0.0060079109609423,0.0085830688476562,0.0069141387939453,0.0069141387939453,0.0066757202148437,0.0,0.0066757202148437,0.0,0.0,0.0,0.0085830688476562,0.0085830688476562,0.496,1.36,0.0,0.0,0.0,0.0,4.232,3.744,113.256,0.0,0.012063980102539,0.0239849090576171,0.0064373016357421,0.0081062316894531,1.192,0
48,0.0,0.0,0.0,0.0,0.0,0.0,0,0,0.0,0.0,0.0,0.0,0.0,0.0061322661007151,0.0081062316894531,0.0073909759521484,0.0073909759521484,0.0058809916178385,0.0,0.0082254409790039,0.0,0.0,0.0,0.0116825103759765,0.0116825103759765,0.496,1.36,0.0,0.0,0.0,0.0,4.232,3.744,124.384,0.0,0.0111579895019531,0.0218868255615234,0.0066757202148437,0.0092506408691406,19.392,0
49,0.0,0.0,0.0,0.0,0.0,0.0,0,0,0.0,0.0,0.0,0.0,0.0,0.0059843063354492,0.0081062316894531,0.0088214874267578,0.0088214874267578,0.0,0.0,0.0,0.0,0.0,0.0,0.0112056732177734,0.0112056732177734,0.496,1.36,0.0,0.0,0.0,0.0,7.736,8.264,112.0,0.0,0.0105619430541992,0.0262975692749023,0.0056982040405273,0.0079154968261718,0.0,0
50,0.0,0.0,0.0,0.0,0.0,0.0,0,0,0.0,0.0,0.0,0.0,0.0,0.0059640407562255,0.0078678131103515,0.0073909759521484,0.0073909759521484,0.0,0.0,0.0,0.0,0.0,0.0,0.00762939453125,0.00762939453125,0.496,1.36,0.0,0.0,0.0,0.0,4.232,3.744,112.0,0.0,0.0124454498291015,0.0237464904785156,0.0074386596679687,0.008249282836914,0.0,0
51,0.0,0.0,0.0,0.0,0.0,0.0,0,0,0.0,0.0,0.0,0.0,0.0,0.0059187412261962,0.0081062316894531,0.0069141387939453,0.0069141387939453,0.0,0.0,0.0,0.0,0.0,0.0,0.0073909759521484,0.0073909759521484,0.496,1.36,0.0,0.0,0.0,0.0,4.232,3.744,112.0,0.0,0.01068115234375,0.0202178955078125,0.0058174133300781,0.0073909759521484,0.0,0
52,0.0,0.0,0.0,0.0,0.0,0.0,0,0,0.0,0.0,0.0,0.0,0.0,0.0060558319091796,0.0083446502685546,0.0066757202148437,0.0066757202148437,0.0,0.0,0.0,0.0,0.0,0.0,0.0057220458984375,0.0057220458984375,0.496,1.36,0.0,0.0,0.0,0.0,7.736,8.264,112.0,0.0,0.010991096496582,0.0277519226074218,0.0062227249145507,0.0082015991210937,0.0,0
53,0.0,0.0,0.0,0.0,0.0,0.0,0,0,0.0,0.0,0.0,0.0,0.0,0.0062395886677067,0.0083446502685546,0.0085830688476562,0.0085830688476562,0.003973642985026,0.0,0.0047683715820312,0.0,0.0,0.0,0.0133514404296875,0.0133514404296875,0.496,1.36,0.0,0.0,0.0,0.0,4.232,3.744,134.024,0.0,0.0109672546386718,0.020456314086914,0.0069141387939453,0.0102043151855468,2222.736,0
54,0.0,0.0,0.0,0.0,0.0,0.0,0,0,0.0,0.0,0.0,0.0,0.0,0.0060221449059633,0.0083446502685546,0.0071525573730468,0.0071525573730468,0.0073909759521484,0.0,0.0073909759521484,0.0,0.0,0.0,0.0073909759521484,0.0073909759521484,0.496,1.36,0.0,0.0,0.0,0.0,4.232,3.744,113.256,0.0,0.0112056732177734,0.0212669372558593,0.0059127807617187,0.0075817108154296,1.192,0
55,0.0,0.0,0.0,0.0,0.0,0.0,0,0,0.0,0.0,0.0,0.0,0.0,0.0061810906253643,0.0083446502685546,0.0092983245849609,0.0092983245849609,0.0047683715820312,0.0,0.0047683715820312,0.0,0.0,0.0,0.0104904174804687,0.0104904174804687,0.496,1.36,0.0,0.0,0.0,0.0,7.736,8.264,113.256,0.0,0.0101804733276367,0.0237703323364257,0.0057458877563476,0.0083684921264648,1.192,0
56,0.0,0.0,0.0,0.0,0.0,0.0,0,0,0.0,0.0,0.0,0.0,0.0,0.0060684052272815,0.0083446502685546,0.0073909759521484,0.0073909759521484,0.0090599060058593,0.0,0.0090599060058593,0.0,0.0,0.0,0.0073909759521484,0.0073909759521484,0.496,1.36,0.0,0.0,0.0,0.0,4.232,3.744,115.624,0.0,0.0105857849121093,0.0202178955078125,0.0057220458984375,0.0073432922363281,3.336,0
57,0.0,0.0,0.0,0.0,0.0,0.0,0,0,0.0,0.0,0.0,0.0,0.0,0.0066137781330183,0.0089883804321289,0.0088214874267578,0.0088214874267578,0.0038992828542371,0.0,0.0045299530029296,0.0,0.0,0.0,0.0104904174804687,0.0104904174804687,0.496,1.36,0.0,0.0,0.0,0.0,4.232,3.744,132.768,0.0,0.0108718872070312,0.0210762023925781,0.0056743621826171,0.0071048736572265,11228.008,0
58,0.0,0.0,0.0,0.0,0.0,0.0,0,0,0.0,0.0,0.0,0.0,0.0,0.0064479770945079,0.0088214874267578,0.0131130218505859,0.0131130218505859,0.0040029224596525,0.0,0.0047683715820312,0.0,0.0,0.0,0.0145435333251953,0.0145435333251953,0.496,1.36,0.0,0.0,0.0,0.0,18.52,19.568,117.192,0.0,0.0107930256770207,0.0255107879638671,0.0063876310984293,0.0092983245849609,2824.744,0
59,0.0,0.0,0.0,0.0,0.0,0.0,0,0,0.0,0.0,0.0,0.0,0.0,0.0060939788818359,0.0083684921264648,0.0073909759521484,0.0073909759521484,0.0039884599588685,0.0,0.0050067901611328,0.0,0.0,0.0,0.0071525573730468,0.0071525573730468,0.496,1.36,0.0,0.0,0.0,0.0,4.232,3.744,112.0,0.0,0.0115871429443359,0.0231266021728515,0.0058650970458984,0.007486343383789,626.68,0
60,0.0,0.0,0.0,0.0,0.0,0.0,0,0,0.0,0.0,0.0,0.0,0.0,0.0062143031637466,0.0088214874267578,0.0065565109252929,0.0068426132202148,0.0050067901611328,0.0,0.0050067901611328,0.0,0.0,0.0,0.0115633010864257,0.0149011611938476,1.344,2.208,0.0,0.0,0.0,0.0,4.232,3.744,113.256,0.0,0.0109195709228515,0.0211715698242187,0.0058174133300781,0.0073432922363281,1.192,0
61,0.0,0.0,0.0,0.0,0.0,0.0,0,0,0.0,0.0,0.0,0.0,0.0,0.0061775321391091,0.0083446502685546,0.0083446502685546,0.0083446502685546,0.0069141387939453,0.0,0.0069141387939453,0.0,0.0,0.0,0.0121593475341796,0.0121593475341796,0.496,1.36,0.0,0.0,0.0,0.0,7.736,8.264,113.256,0.0,0.011444091796875,0.0279426574707031,0.006270408630371,0.0084161758422851,1.192,0
62,0.0,0.0,0.0,0.0,0.0,0.0,0,0,0.0,0.0,0.0,0.0,0.0,0.0058999702111998,0.0078678131103515,0.0078678131103515,0.0078678131103515,0.0045299530029296,0.0,0.0045299530029296,0.0,0.0,0.0,0.0109672546386718,0.0109672546386718,0.496,1.36,0.0,0.0,0.0,0.0,4.232,3.744,113.256,0.0,0.010538101196289,0.0202655792236328,0.0056743621826171,0.0073909759521484,1.192,0
63,0.0,0.0,0.0,0.0,0.0,0.0,0,0,0.0,0.0,0.0,0.0,0.0,0.0064547468976276,0.0085830688476562,0.00762939453125,0.00762939453125,0.0040970088048958,0.0,0.0050067901611328,0.0,0.0,0.0,0.0081062316894531,0.0081062316894531,0.496,1.36,0.0,0.0,0.0,0.0,4.232,3.744,137.96,0.0,0.0133514404296875,0.0264167785644531,0.0061988830566406,0.0077247619628906,2411.08,0
64,0.0,0.0,0.0,0.0,0.0,0.0,0,0,0.0,0.0,0.0,0.0,0.0,0.0062191486358642,0.0083446502685546,0.0081062316894531,0.0081062316894531,0.0043937138148716,0.0,0.0057697296142578,0.0,0.0,0.0,0.0066757202148437,0.0066757202148437,0.496,1.36,0.0,0.0,0.0,0.0,7.736,8.264,112.0,0.0,0.0114202499389648,0.028395652770996,0.0066041946411132,0.0088214874267578,343.896,0
65,0.0,0.0,0.0,0.0,0.0,0.0,0,0,0.0,0.0,0.0,0.0,0.0,0.0063051091562403,0.0085830688476562,0.0121593475341796,0.0121593475341796,0.0039541721343994,0.0,0.0047683715820312,0.0,0.0,0.0,0.0069141387939453,0.0069141387939453,0.496,1.36,0.0,0.0,0.0,0.0,4.232,3.744,122.16,0.0,0.0105857849121093,0.0207424163818359,0.0055313110351562,0.0072002410888671,4215.312,0
66,0.0,0.0,0.0,0.0,0.0,0.0,0,0,0.0,0.0,0.0,0.0,0.0,0.0070742706754314,0.0092983245849609,0.0081062316894531,0.0081062316894531,0.0039230369488041,0.0,0.0047683715820312,0.0,0.0,0.0,0.0100135803222656,0.0100135803222656,0.496,1.36,0.0,0.0,0.0,0.0,4.232,3.744,117.192,0.0,0.0110626220703125,0.0210762023925781,0.0059127807617187,0.007486343383789,13742.128,0
67,0.0,0.0,0.0,0.0,0.0,0.0,0,0,0.0,0.0,0.0,0.0,0.0,0.0063281747239146,0.0083446502685546,0.0083446502685546,0.0083446502685546,0.0041318595956224,0.0,0.0050067901611328,0.0,0.0,0.0,0.0123977661132812,0.0123977661132812,0.496,1.36,0.0,0.0,0.0,0.0,7.736,8.264,113.256,0.0,0.0112056732177734,0.028085708618164,0.0058174133300781,0.0079870223999023,1092.328,0
68,0.0,0.0,0.0,0.0,0.0,0.0,0,0,0.0,0.0,0.0,0.0,0.0,0.0061929522462152,0.0088214874267578,0.00762939453125,0.00762939453125,0.0066757202148437,0.0,0.0066757202148437,0.0,0.0,0.0,0.0090599060058593,0.0090599060058593,0.496,1.36,0.0,0.0,0.0,0.0,4.232,3.744,113.256,0.0,0.0123500823974609,0.0244140625,0.0060558319091796,0.00762939453125,1.192,0
69,0.0,0.0,0.0,0.0,0.0,0.0,0,0,0.0,0.0,0.0,0.0,0.0,0.00610609947167,0.0083446502685546,0.0066757202148437,0.0066757202148437,0.0061194101969401,0.0,0.0077724456787109,0.0,0.0,0.0,0.00762939453125,0.00762939453125,0.496,1.36,0.0,0.0,0.0,0.0,4.232,3.744,123.64,0.0,0.0111579895019531,0.0212669372558593,0.0056743621826171,0.0071048736572265,11.704,0
70,0.0,0.0,0.0,0.0,0.0,0.0,0,0,0.0,0.0,0.0,0.0,0.0,0.0059260657770716,0.0081062316894531,0.0069141387939453,0.0069141387939453,0.005960464477539,0.0,0.005960464477539,0.0,0.0,0.0,0.0090599060058593,0.0090599060058593,0.496,1.36,0.0,0.0,0.0,0.0,7.736,8.264,117.192,0.0,0.0111341476440429,0.0281095504760742,0.005960464477539,0.0081300735473632,5.256,0
71,0.0,0.0,0.0,0.0,0.0,0.0,0,0,0.0,0.0,0.0,0.0,0.0,0.0061988830566406,0.0085830688476562,0.0069141387939453,0.0069141387939453,0.0,0.0,0.0,0.0,0.0,0.0,0.0131130218505859,0.0131130218505859,0.496,1.36,0.0,0.0,0.0,0.0,4.232,3.744,112.0,0.0,0.0113964080810546,0.0225067138671875,0.0065803527832031,0.0088691711425781,0.0,0
72,0.0,0.0,0.0,0.0,0.0,0.0,0,0,0.0,0.0,0.0,0.0,0.0,0.0062634792233922,0.0085830688476562,0.0100135803222656,0.0100135803222656,0.0039466416981925,0.0,0.0045299530029296,0.0,0.0,0.0,0.0112056732177734,0.0112056732177734,0.496,1.36,0.0,0.0,0.0,0.0,4.232,3.744,127.576,0.0,0.011444091796875,0.0221729278564453,0.0060558319091796,0.00762939453125,5836.216,0
73,0.0,0.0,0.0,0.0,0.0,0.0,0,0,0.0,0.0,0.0,0.0,0.0,0.0065950611930581,0.0092983245849609,0.0112056732177734,0.0112056732177734,0.0041056620447259,0.005960464477539,0.0050067901611328,0.005960464477539,0.013589859008789,0.013589859008789,0.0138282775878906,0.0138282775878906,0.496,1.36,0.0,0.0,0.848,0.848,7.208,8.792,117.192,0.0,0.0109239058061079,0.0283718109130859,0.0063313378228081,0.0085353851318359,3025.6,0
74,0.0,0.0,0.0,0.0,0.0,0.0,0,0,0.0,0.0,0.0,0.0,0.0,0.0062214201362571,0.0085830688476562,0.0083446502685546,0.0083446502685546,0.0042099701730828,0.0102519989013671,0.0053167343139648,0.0102519989013671,0.0050067901611328,0.0050067901611328,0.0131130218505859,0.0131130218505859,0.496,1.36,0.0,0.0,0.848,0.848,4.232,3.744,113.256,0.0,0.0107288360595703,0.0208854675292968,0.0061511993408203,0.0077724456787109,380.416,0
75,0.0,0.0,0.0,0.0,0.0,0.0,0,0,0.0,0.0,0.0,0.0,0.0,0.0063069348264797,0.0085830688476562,0.0085830688476562,0.0085830688476562,0.0042062606254633,0.0,0.0050067901611328,0.0,0.0,0.0,0.0143051147460937,0.0143051147460937,0.496,1.36,0.0,0.0,0.0,0.0,4.232,3.744,121.048,0.0,0.01220703125,0.0225543975830078,0.0062942504882812,0.0080108642578125,1061.32,0
76,0.0,0.0,0.0,0.0,0.0,0.0,0,0,0.0,0.0,0.0,0.0,0.0,0.0062649792963915,0.0083208084106445,0.0121593475341796,0.0121593475341796,0.0040250666001263,0.0,0.0047683715820312,0.0,0.0,0.0,0.0112056732177734,0.0112056732177734,0.496,1.36,0.0,0.0,0.0,0.0,7.736,8.264,115.6,0.0,0.0111103057861328,0.0282526016235351,0.0064849853515625,0.0087738037109375,1756.232,0
77,0.0,0.0,0.0,0.0,0.0,0.0,0,0,0.0,0.0,0.0,0.0,0.0,0.0060856342315673,0.0083446502685546,0.0100135803222656,0.0100135803222656,0.004887580871582,0.0,0.0072717666625976,0.0,0.0,0.0,0.0088214874267578,0.0088214874267578,0.496,1.36,0.0,0.0,0.0,0.0,4.232,3.744,112.0,0.0,0.0110626220703125,0.0215530395507812,0.005960464477539,0.0076770782470703,142.736,0
78,0.0,0.0,0.0,0.0,0.0,0.0,0,0,0.0,0.0,0.0,0.0,0.0,0.0060808658599853,0.0086069107055664,0.0109672546386718,0.0109672546386718,0.0,0.0,0.0,0.0,0.0,0.0,0.0081062316894531,0.0081062316894531,0.496,1.36,0.0,0.0,0.0,0.0,4.232,3.744,112.0,0.0,0.0124454498291015,0.0248432159423828,0.006103515625,0.00762939453125,0.0,0
79,0.0,0.0,0.0,0.0,0.0,0.0,0,0,0.0,0.0,0.0,0.0,0.0,0.0060021877288818,0.0076532363891601,0.0121593475341796,0.0121593475341796,0.0,0.0,0.0,0.0,0.0,0.0,0.0083446502685546,0.0083446502685546,0.496,1.36,0.0,0.0,0.0,0.0,7.736,8.264,112.0,0.0,0.010848045349121,0.0259160995483398,0.005960464477539,0.0081062316894531,0.0,0
80,0.0,0.0,0.0,0.0,0.0,0.0,0,0,0.0,0.0,0.0,0.0,0.0,0.0061452388763427,0.0086069107055664,0.0081062316894531,0.0081062316894531,0.0,0.0,0.0,0.0,0.0,0.0,0.0088214874267578,0.0088214874267578,0.496,1.36,0.0,0.0,0.0,0.0,4.232,3.744,112.0,0.0,0.0108242034912109,0.0210762023925781,0.0059127807617187,0.00762939453125,0.0,0
81,0.0,0.0,0.0,0.0,0.0,0.0,0,0,0.0,0.0,0.0,0.0,0.0,0.0059806292329854,0.0078678131103515,0.0088214874267578,0.0088214874267578,0.0085830688476562,0.0,0.0085830688476562,0.0,0.0,0.0,0.0119209289550781,0.0119209289550781,0.496,1.36,0.0,0.0,0.0,0.0,4.232,3.744,113.256,0.0,0.0108242034912109,0.0207424163818359,0.0057697296142578,0.0072002410888671,1.192,0
82,0.0,0.0,0.0,0.0,0.0,0.0,0,0,0.0,0.0,0.0,0.0,0.0,0.0059142041562208,0.0083446502685546,0.0078678131103515,0.0078678131103515,0.0066757202148437,0.0,0.0066757202148437,0.0,0.0,0.0,0.0078678131103515,0.0078678131103515,0.496,1.36,0.0,0.0,0.0,0.0,7.736,8.264,113.256,0.0,0.0113964080810546,0.0304460525512695,0.0061273574829101,0.0079631805419921,1.192,0
83,0.0,0.0,0.0,0.0,0.0,0.0,0,0,0.0,0.0,0.0,0.0,0.0,0.0058833639420087,0.00762939453125,0.0066757202148437,0.0066757202148437,0.005960464477539,0.0,0.005960464477539,0.0,0.0,0.0,0.013589859008789,0.013589859008789,0.496,1.36,0.0,0.0,0.0,0.0,4.232,3.744,113.256,0.0,0.0108718872070312,0.0211238861083984,0.005960464477539,0.0077724456787109,1.192,0
84,0.0,0.0,0.0,0.0,0.0,0.0,0,0,0.0,0.0,0.0,0.0,0.0,0.0061716013286837,0.0083446502685546,0.0107288360595703,0.0107288360595703,0.004132588704427,0.0,0.0047683715820312,0.0,0.0,0.0,0.0095367431640625,0.0095367431640625,0.496,1.36,0.0,0.0,0.0,0.0,4.232,3.744,117.192,0.0,0.0107288360595703,0.0206470489501953,0.0056743621826171,0.0072956085205078,30.328,0
85,0.0,0.0,0.0,0.0,0.0,0.0,0,0,0.0,0.0,0.0,0.0,0.0,0.0061571598052978,0.0085830688476562,0.0071525573730468,0.0071525573730468,0.0,0.0,0.0,0.0,0.0,0.0,0.0092983245849609,0.0092983245849609,0.496,1.36,0.0,0.0,0.0,0.0,7.208,8.792,112.0,0.0,0.010880556973544,0.0262260437011718,0.0061459011501736,0.0080108642578125,0.0,0
86,0.0,0.0,0.0,0.0,0.0,0.0,0,0,0.0,0.0,0.0,0.0,0.0,0.0059960493400915,0.0083446502685546,0.0078678131103515,0.0078678131103515,0.0058412551879882,0.0,0.0070810317993164,0.0,0.0,0.0,0.0078678131103515,0.0078678131103515,0.496,1.36,0.0,0.0,0.0,0.0,4.232,3.744,117.192,0.0,0.0119686126708984,0.0238418579101562,0.0061511993408203,0.0086784362792968,17.456,0
87,0.0,0.0,0.0,0.0,0.0,0.0,0,0,0.0,0.0,0.0,0.0,0.0,0.0061538088974074,0.0083446502685546,0.009775161743164,0.009775161743164,0.00457763671875,0.0,0.0062465667724609,0.0,0.0,0.0,0.0119209289550781,0.0119209289550781,0.496,1.36,0.0,0.0,0.0,0.0,4.232,3.744,117.192,0.0,0.0110149383544921,0.0201225280761718,0.0063419342041015,0.009012222290039,52.712,0
88,0.0,0.0,0.0,0.0,0.0,0.0,0,0,0.0,0.0,0.0,0.0,0.0,0.0064951702229027,0.0089406967163085,0.0107288360595703,0.0107288360595703,0.004026111653949,0.0,0.0047683715820312,0.0,0.0,0.0,0.009775161743164,0.009775161743164,0.496,1.36,0.0,0.0,0.0,0.0,7.736,8.264,143.152,0.0,0.010538101196289,0.0254631042480468,0.0060081481933593,0.0081539154052734,6409.352,0
89,0.0,0.0,0.0,0.0,0.0,0.0,0,0,0.0,0.0,0.0,0.0,0.0,0.0072505214426777,0.0095367431640625,0.0100135803222656,0.0100135803222656,0.0040314960239516,0.0,0.0045299530029296,0.0,0.0,0.0,0.0112056732177734,0.0112056732177734,0.496,1.36,0.0,0.0,0.0,0.0,4.232,3.744,118.448,0.0,0.0113964080810546,0.0210762023925781,0.0066280364990234,0.0088214874267578,9724.456,1
90,0.0,0.0,0.0,0.0,0.0,0.0,0,0,0.0,0.0,0.0,0.0,0.0,0.0069589898137762,0.0092983245849609,0.0147819519042968,0.0147819519042968,0.0040545978560962,0.0,0.0047683715820312,0.0,0.0,0.0,0.0109672546386718,0.0109672546386718,0.496,1.36,0.0,0.0,0.0,0.0,0.0,0.0,118.448,100.0,0.0,0.0,0.0,0.0,10854.296,1
91,0.0,0.0,0.0,0.0,0.0,0.0,0,0,0.0,0.0,0.0,0.0,0.0,0.0067623100470547,0.0092983245849609,0.0094175338745117,0.0129461288452148,0.0040622582112936,0.0,0.0047683715820312,0.0,0.0,0.0,0.0104904174804687,0.0110626220703125,1.344,2.208,0.0,1.0,0.0,0.0,0.592,0.592,117.888,66.66666666666666,0.0233650207519531,0.0233650207519531,0.0083446502685546,0.0083446502685546,11279.728,1
92,0.0,0.0,0.0,0.0,0.0,0.0,0,0,0.0,0.0,0.0,0.0,0.0,0.0068773677693077,0.0090599060058593,0.0131130218505859,0.0131130218505859,0.0041084086641352,0.0,0.0047683715820312,0.0,0.0,0.0,0.0090599060058593,0.0090599060058593,0.496,1.36,0.0,4.0,0.0,0.0,3.112,1.568,117.192,85.71428571428571,0.0138282775878906,0.0138282775878906,0.0068346659342447,0.0084877014160156,7976.736,1
93,0.0,0.0,0.0,0.0,0.0,0.0,0,0,0.0,0.0,0.0,0.0,0.0,0.0069900531673905,0.0092983245849609,0.0085830688476562,0.0085830688476562,0.0040408460692127,0.0,0.0047683715820312,0.0,0.0,0.0,0.0128746032714843,0.0128746032714843,0.496,1.36,2.0,5.0,0.0,0.0,9.056,7.12,117.192,52.63157894736842,0.0143051147460937,0.0295162200927734,85.32917499542236,0.0143051147460937,8605.416,1
94,0.0,0.0,0.0,0.0,0.0,0.0,0,0,0.0,0.0,0.0,0.0,0.0,0.0064467909324228,0.0085830688476562,0.0092983245849609,0.0092983245849609,0.0042045285916441,0.0,0.0050067901611328,0.0,0.0,0.0,0.0164508819580078,0.0164508819580078,0.496,1.36,3.0,9.0,0.0,0.0,5.232,1.216,117.192,86.66666666666667,0.0213384628295898,0.0324964523315429,0.0109076499938964,0.0143766403198242,1533.48,1
95,0.0,0.0,0.0,0.0,0.0,0.0,0,0,0.0,0.0,0.0,0.0,0.0,0.0071917007218545,0.0095367431640625,0.0126361846923828,0.0126361846923828,0.0041009538767793,0.0,0.0047683715820312,0.0,0.0,0.0,0.0090599060058593,0.0090599060058593,0.496,1.36,2.0,7.0,0.0,0.0,6.288,2.624,117.192,72.72727272727273,0.0147024790445963,0.0226974487304687,-146.25631059919084,0.0148296356201171,7263.752,1
96,0.0,0.0,0.0,0.0,0.0,0.0,0,0,0.0,0.0,0.0,0.0,0.0,0.0070841005533048,0.0095367431640625,0.0085830688476562,0.0085830688476562,0.0041597825283319,0.0,0.0050067901611328,0.0,0.0,0.0,0.0138282775878906,0.0138282775878906,0.496,1.36,0.0,2.0,0.0,0.0,0.0,0.0,118.448,100.0,0.0,0.0,0.0,0.0,8925.352,1
97,0.0,0.0,0.0,0.0,0.0,0.0,0,0,0.0,0.0,0.0,0.0,0.0,0.0070038408336072,0.0097513198852539,0.0131130218505859,0.0131130218505859,0.0041093973361159,0.0,0.0047683715820312,0.0,0.0,0.0,0.013589859008789,0.013589859008789,0.496,1.36,2.0,4.0,0.0,0.0,2.584,0.0,118.448,100.0,0.0,0.0,0.0137090682983398,0.0153303146362304,6376.76,1
98,0.0,0.0,0.0,0.0,0.0,0.0,0,0,0.0,0.0,0.0,0.0,0.0,0.0071997689728689,0.0095367431640625,0.0085830688476562,0.0085830688476562,0.0040227275783732,0.0,0.0047683715820312,0.0,0.0,0.0,0.0102519989013671,0.0102519989013671,0.496,1.36,0.0,3.0,0.0,0.0,4.232,2.688,118.448,62.5,0.0194708506266276,0.0220298767089843,0.0066280364990234,0.0085353851318359,13004.712,1
99,0.0,0.0,0.0,0.0,0.0,0.0,0,0,0.0,0.0,0.0,0.0,0.0,0.0066804885864257,0.0090837478637695,0.0092983245849609,0.0092983245849609,0.0041138892080269,0.0,0.0047683715820312,0.0,0.0,0.0,0.0145435333251953,0.0145435333251953,0.496,1.36,1.0,4.0,0.0,0.0,1.056,1.152,112.0,60.0,0.0107288360595703,0.012826919555664,0.0602006912231445,0.1045465469360351,1950.336,1
100,0.0,0.0,0.0,0.0,0.0,0.0,0,0,0.0,0.0,0.0,0.0,0.0,0.006233281757108,0.0085830688476562,0.013589859008789,0.013589859008789,0.0051259994506835,0.0,0.0054121017456054,0.0,0.0,0.0,0.0147819519042968,0.0147819519042968,0.496,1.36,1.0,3.0,0.0,0.0,2.648,0.592,115.672,83.33333333333334,0.0221729278564453,0.0221729278564453,0.0094175338745117,0.012373924255371,6.768,1
101,0.0,0.0,0.0,0.0,0.0,0.0,0,0,0.0,0.0,0.0,0.0,0.0,0.0060939788818359,0.0081062316894531,0.0073909759521484,0.0073909759521484,0.0,0.0,0.0,0.0,0.0,0.0,0.0081062316894531,0.0081062316894531,0.496,1.36,0.0,4.0,0.0,0.0,2.384,2.344,112.0,83.33333333333334,0.0185966491699218,0.0185966491699218,0.0062783559163411,0.0080585479736328,0.0,1
102,0.0,0.0,0.0,0.0,0.0,0.0,0,0,0.0,0.0,0.0,0.0,0.0,0.0061495550747575,0.0083446502685546,0.0069141387939453,0.0069141387939453,0.0042055473952996,0.0,0.0052452087402343,0.0,0.0,0.0,0.0159740447998046,0.0159740447998046,0.496,1.36,1.0,1.0,0.0,0.0,0.528,0.0,122.456,100.0,0.0,0.0,0.017404556274414,0.017404556274414,1149.808,1
103,0.0,0.0,0.0,0.0,0.0,0.0,0,0,0.0,0.0,0.0,0.0,0.0,0.0060749526071076,0.0083446502685546,0.00762939453125,0.00762939453125,0.004887580871582,0.0,0.0060319900512695,0.0,0.0,0.0,0.0107288360595703,0.0107288360595703,0.496,1.36,0.0,1.0,0.0,0.0,0.0,0.0,115.76,100.0,0.0,0.0,0.0,0.0,38.544,1
104,0.0,0.0,0.0,0.0,0.0,0.0,0,0,0.0,0.0,0.0,0.0,0.0,0.0059616506396241,0.0078678131103515,0.0081062316894531,0.0081062316894531,0.0073909759521484,0.0,0.0073909759521484,0.0,0.0,0.0,0.0081062316894531,0.0081062316894531,0.496,1.36,0.0,1.0,0.0,0.0,0.528,0.528,113.256,0.0,0.0181198120117187,0.0181198120117187,0.0088214874267578,0.0088214874267578,1.192,1
105,0.0,0.0,0.0,0.0,0.0,0.0,0,0,0.0,0.0,0.0,0.0,0.0,0.0060482404718351,0.0078678131103515,0.0073909759521484,0.0073909759521484,0.0045299530029296,0.0060796737670898,0.0045299530029296,0.0061750411987304,0.0088214874267578,0.0114917755126953,0.0131130218505859,0.0131130218505859,0.496,1.36,0.0,0.0,1.696,1.696,0.0,0.0,113.256,100.0,0.0,0.0,0.0,0.0,1.192,1
106,0.0,0.0,0.0,0.0,0.0,0.0,0,0,0.0,0.0,0.0,0.0,0.0,0.0062107446774914,0.0081062316894531,0.00762939453125,0.00762939453125,0.0064373016357421,0.0,0.0064373016357421,0.0,0.0,0.0,0.0123977661132812,0.0123977661132812,0.496,1.36,0.0,2.0,0.0,0.0,0.0,0.0,116.248,100.0,0.0,0.0,0.0,0.0,3.96,1
107,0.0,0.0,0.0,0.0,0.0,0.0,0,0,0.0,0.0,0.0,0.0,0.0,0.0060636605789412,0.0083446502685546,0.0073909759521484,0.0073909759521484,0.0066757202148437,0.0,0.0066757202148437,0.0,0.0,0.0,0.0081062316894531,0.0081062316894531,0.496,1.36,1.0,3.0,0.0,0.0,2.584,0.528,117.192,75.0,0.025033950805664,0.025033950805664,0.0126361846923828,0.014352798461914,6.2,1
108,0.0,0.0,0.0,0.0,0.0,0.0,0,0,0.0,0.0,0.0,0.0,0.0,0.0060685162473781,0.0083446502685546,0.0143051147460937,0.0143051147460937,0.0063010624476841,0.0,0.0081062316894531,0.0,0.0,0.0,0.0078678131103515,0.0078678131103515,0.496,1.36,1.0,3.0,0.0,0.0,4.232,2.16,125.16,75.0,0.0150203704833984,0.0190258026123046,0.0063896179199218,0.008392333984375,30.856,1
109,0.0,0.0,0.0,0.0,0.0,0.0,0,0,0.0,0.0,0.0,0.0,0.0,0.0062000692187257,0.0081062316894531,0.0073909759521484,0.0073909759521484,0.0043737477269665,0.0,0.0052452087402343,0.0,0.0,0.0,0.0078678131103515,0.0078678131103515,0.496,1.36,0.0,1.0,0.0,0.0,0.0,0.0,117.192,100.0,0.0,0.0,0.0,0.0,431.28,1
110,0.0,0.0,0.0,0.0,0.0,0.0,0,0,0.0,0.0,0.0,0.0,0.0,0.0064195972858089,0.0087976455688476,0.0088214874267578,0.0088214874267578,0.004280767133159,0.0,0.0052452087402343,0.0,0.0,0.0,0.0126361846923828,0.0126361846923828,0.496,1.36,0.0,2.0,0.0,0.0,1.056,1.056,118.448,33.33333333333333,0.0177621841430664,0.0205278396606445,0.0255107879638671,0.0390529632568359,1290.856,1
111,0.0,0.0,0.0,0.0,0.0,0.0,0,0,0.0,0.0,0.0,0.0,0.0,0.0068374199442344,0.0092983245849609,0.0073909759521484,0.0073909759521484,0.004099908276139,0.0,0.0047683715820312,0.0,0.0,0.0,0.0140666961669921,0.0140666961669921,0.496,1.36,0.0,1.0,0.0,0.0,0.0,0.0,118.448,100.0,0.0,0.0,0.0,0.0,1834.888,1
112,0.0,0.0,0.0,0.0,0.0,0.0,0,0,0.0,0.0,0.0,0.0,0.0,0.0065104796154664,0.0088214874267578,0.0102519989013671,0.0102519989013671,0.0043815666145378,0.0,0.0054836273193359,0.0,0.0,0.0,0.0154972076416015,0.0154972076416015,0.496,1.36,0.0,3.0,0.0,0.0,0.592,0.592,118.448,80.0,0.0195503234863281,0.0195503234863281,5362.993383407593,12210.588455200195,1279.552,1
113,0.0,0.0,0.0,0.0,0.0,0.0,0,0,0.0,0.0,0.0,0.0,0.0,0.006291403699277,0.0085830688476562,0.009775161743164,0.009775161743164,0.0042498829853103,0.0,0.0052452087402343,0.0,0.0,0.0,0.0073909759521484,0.0073909759521484,0.496,1.36,1.0,1.0,0.0,0.0,0.592,0.0,116.248,100.0,0.0,0.0,4339.013719558716,11186.608791351318,1444.224,1
114,0.0,0.0,0.0,0.0,0.0,0.0,0,0,0.0,0.0,0.0,0.0,0.0,0.0066057366518238,0.0090599060058593,0.0078678131103515,0.0078678131103515,0.0041831623424183,0.0,0.0050067901611328,0.0,0.0,0.0,0.0088214874267578,0.0088214874267578,0.496,1.36,0.0,1.0,0.0,0.0,0.0,0.0,117.192,100.0,0.0,0.0,0.0,0.0,2242.872,1
115,0.0,0.0,0.0,0.0,0.0,0.0,0,0,0.0,0.0,0.0,0.0,0.0,0.006867878472627,0.0092983245849609,0.0085830688476562,0.0085830688476562,0.0041253130200883,0.0,0.0047683715820312,0.0,0.0,0.0,0.0102519989013671,0.0102519989013671,0.496,1.36,1.0,1.0,0.0,0.0,0.592,0.0,114.712,100.0,0.0,0.0,2291.0200595855717,9138.615131378174,2382.656,1
116,0.0,0.0,0.0,0.0,0.0,0.0,0,0,0.0,0.0,0.0,0.0,0.0,0.0069687022498591,0.0092983245849609,0.0078678131103515,0.0078678131103515,0.0041718752879016,0.0,0.0050067901611328,0.0,0.0,0.0,0.0123977661132812,0.0123977661132812,0.496,1.36,0.0,0.0,0.0,0.0,0.0,0.0,117.192,100.0,0.0,0.0,0.0,0.0,2338.392,1
117,0.0,0.0,0.0,0.0,0.0,0.0,0,0,0.0,0.0,0.0,0.0,0.0,0.0063535010460579,0.0088214874267578,0.0095367431640625,0.0095367431640625,0.0043211604011129,0.0,0.0052928924560546,0.0,0.0,0.0,0.011444091796875,0.011444091796875,0.496,1.36,0.0,0.0,0.0,0.0,0.0,0.0,116.544,100.0,0.0,0.0,0.0,0.0,1449.256,1
118,0.0,0.0,0.0,0.0,0.0,0.0,0,0,0.0,0.0,0.0,0.0,0.0,0.0066285086150216,0.0092744827270507,0.0078678131103515,0.0078678131103515,0.0042222795032319,0.0,0.0050306320190429,0.0,0.0,0.0,0.0071525573730468,0.0071525573730468,0.496,1.36,0.0,0.0,0.0,0.0,0.0,0.0,118.448,100.0,0.0,0.0,0.0,0.0,1815.376,1
119,0.0,0.0,0.0,0.0,0.0,0.0,0,0,0.0,0.0,0.0,0.0,0.0,0.0063912703259156,0.0085830688476562,0.0081062316894531,0.0081062316894531,0.0042266184740727,0.0,0.0050067901611328,0.0,0.0,0.0,0.0145435333251953,0.0145435333251953,0.496,1.36,1.0,2.0,0.0,0.0,0.592,0.0,118.448,100.0,0.0,0.0,-1740.9780979156494,5106.616973876954,1728.512,1
120,0.0,0.0,0.0,0.0,0.0,0.0,0,0,0.0,0.0,0.0,0.0,0.0,0.0063934136385941,0.0090599060058593,0.00762939453125,0.00762939453125,0.0042728755785071,0.0,0.0050067901611328,0.0,0.0,0.0,0.0109672546386718,0.0109672546386718,0.496,1.36,0.0,1.0,0.0,0.0,0.0,0.0,117.192,100.0,0.0,0.0,0.0,0.0,998.6,1
121,0.0,0.0,0.0,0.0,0.0,0.0,0,0,0.0,0.0,0.0,0.0,0.0,0.0064871204433156,0.0085830688476562,0.009775161743164,0.009775161743164,0.0042640801632043,0.0,0.0052452087402343,0.0,0.0,0.0,0.0112056732177734,0.0112056732177734,0.496,1.36,0.0,0.0,0.0,0.0,0.0,0.0,117.192,100.0,0.0,0.0,0.0,0.0,1477.496,1
122,0.0,0.0,0.0,0.0,0.0,0.0,0,0,0.0,0.0,0.0,0.0,0.0,0.006535753088804,0.0083446502685546,0.0066757202148437,0.008392333984375,0.0042012963162,0.0,0.0050067901611328,0.0,0.0,0.0,0.0101327896118164,0.0121355056762695,1.344,2.208,0.0,0.0,0.0,0.0,0.0,0.0,117.192,100.0,0.0,0.0,0.0,0.0,2208.536,1
123,0.0,0.0,0.0,0.0,0.0,0.0,0,0,0.0,0.0,0.0,0.0,0.0,0.0061561812215776,0.0083446502685546,0.0083446502685546,0.0083446502685546,0.0043883919715881,0.0,0.0054121017456054,0.0,0.0,0.0,0.0112056732177734,0.0112056732177734,0.496,1.36,0.0,0.0,0.0,0.0,0.0,0.0,117.192,100.0,0.0,0.0,0.0,0.0,516.064,1
124,0.0,0.0,0.0,0.0,0.0,0.0,0,0,0.0,0.0,0.0,0.0,0.0,0.0059793491174678,0.0078678131103515,0.00762939453125,0.00762939453125,0.0052154064178466,0.0,0.0066280364990234,0.0,0.0,0.0,0.0395774841308593,0.0395774841308593,0.496,1.36,0.0,0.0,0.0,0.0,3.776,3.024,118.448,42.857142857142854,0.0149011611938476,0.0284194946289062,0.0066280364990234,0.0088691711425781,55.728,1
125,0.0,0.0,0.0,0.0,0.0,0.0,0,0,0.0,0.0,0.0,0.0,0.0,0.0061241548452804,0.0083446502685546,0.0116825103759765,0.0116825103759765,0.0054836273193359,0.0,0.0054836273193359,0.0,0.0,0.0,0.0128746032714843,0.0128746032714843,0.496,1.36,1.0,3.0,0.0,0.0,4.816,3.144,113.256,60.0,0.0143051147460937,0.0207185745239257,0.0108991350446428,0.0199317932128906,1.192,1
126,0.0,0.0,0.0,0.0,0.0,0.0,0,0,0.0,0.0,0.0,0.0,0.0,0.006133644141961,0.0083446502685546,0.00762939453125,0.00762939453125,0.0051259994506835,0.0,0.0066041946411132,0.0,0.0,0.0,0.0078678131103515,0.0078678131103515,0.496,1.36,0.0,2.0,0.0,0.0,3.776,3.024,113.256,33.33333333333333,0.0143647193908691,0.0223159790039062,0.0071048736572265,0.0102519989013671,9.808,1
127,0.0,0.0,0.0,0.0,0.0,0.0,0,0,0.0,0.0,0.0,0.0,0.0,0.0060537073871876,0.0083446502685546,0.0085830688476562,0.0085830688476562,0.0052452087402343,0.0,0.0052452087402343,0.0,0.0,0.0,0.0090599060058593,0.0090599060058593,0.496,1.36,0.0,0.0,0.0,0.0,0.0,0.0,118.32,33.33333333333333,0.0,0.0,0.0,0.0,2.872,1
128,0.0,0.0,0.0,0.0,0.0,0.0,0,0,0.0,0.0,0.0,0.0,0.0,0.0060200691223144,0.0078678131103515,0.0066757202148437,0.0066757202148437,0.0,0.0,0.0,0.0,0.0,0.0,0.0083446502685546,0.0083446502685546,0.496,1.36,1.0,0.0,0.0,0.0,0.592,0.528,112.0,50.0,0.0107288360595703,0.0107288360595703,-10251.979207992554,-3404.3841361999503,0.0,1
129,0.0,0.0,0.0,0.0,0.0,0.0,0,0,0.0,0.0,0.0,0.0,0.0,0.0060141086578369,0.0081062316894531,0.0092983245849609,0.0092983245849609,0.0,0.0,0.0,0.0,0.0,0.0,0.0073909759521484,0.0073909759521484,0.496,1.36,0.0,1.0,0.0,0.0,0.0,0.0,112.0,100.0,0.0,0.0,0.0,0.0,0.0,1
130,0.0,0.0,0.0,0.0,0.0,0.0,0,0,0.0,0.0,0.0,0.0,0.0,0.0061566019293122,0.0078678131103515,0.0073909759521484,0.0073909759521484,0.0045733018354936,0.0,0.0073909759521484,0.0,0.0,0.0,0.0081062316894531,0.0081062316894531,0.496,1.36,0.0,1.0,0.0,0.0,0.0,0.0,127.576,100.0,0.0,0.0,0.0,0.0,122.376,1
131,0.0,0.0,0.0,0.0,0.0,0.0,0,0,0.0,0.0,0.0,0.0,0.0,0.0060391543534001,0.0083446502685546,0.0090599060058593,0.0090599060058593,0.0053644180297851,0.0,0.0071525573730468,0.0,0.0,0.0,0.0100135803222656,0.0100135803222656,0.496,1.36,0.0,1.0,0.0,0.0,0.0,0.0,123.64,100.0,0.0,0.0,0.0,0.0,26.176,1
132,0.0,0.0,0.0,0.0,0.0,0.0,0,0,0.0,0.0,0.0,0.0,0.0,0.0060123972373433,0.0083446502685546,0.0071525573730468,0.0071525573730468,0.0049386705671037,0.0,0.0064373016357421,0.0,0.0,0.0,0.0073909759521484,0.0073909759521484,0.496,1.36,0.0,1.0,0.0,0.0,0.0,0.0,118.448,100.0,0.0,0.0,0.0,0.0,50.2,1
133,0.0,0.0,0.0,0.0,0.0,0.0,0,0,0.0,0.0,0.0,0.0,0.0,0.0064892343955464,0.0088214874267578,0.0085830688476562,0.0085830688476562,0.0043173631032307,0.0,0.0050306320190429,0.0,0.0,0.0,0.0128746032714843,0.0128746032714843,0.496,1.36,0.0,1.0,0.0,0.0,0.0,0.0,118.448,100.0,0.0,0.0,0.0,0.0,942.048,1
134,0.0,0.0,0.0,0.0,0.0,0.0,0,0,0.0,0.0,0.0,0.0,0.0,0.0060033798217773,0.0078678131103515,0.0078678131103515,0.0078678131103515,0.0,0.0,0.0,0.0,0.0,0.0,0.0085830688476562,0.0085830688476562,0.496,1.36,0.0,0.0,0.0,0.0,0.0,0.0,112.0,100.0,0.0,0.0,0.0,0.0,0.0,1
135,0.0,0.0,0.0,0.0,0.0,0.0,0,0,0.0,0.0,0.0,0.0,0.0,0.0074063197220906,0.009775161743164,0.0119209289550781,0.0119209289550781,0.0038858166895469,0.0,0.0045299530029296,0.0,0.0,0.0,0.0252723693847656,0.0252723693847656,0.496,1.36,0.0,1.0,0.0,0.0,0.0,0.0,122.384,100.0,0.0,0.0,0.0,0.0,30983.176,1
136,0.0,0.0,0.0,0.0,0.0,0.0,0,0,0.0,0.0,0.0,0.0,0.0,0.0070893764495849,0.009322166442871,0.0092983245849609,0.0092983245849609,0.0039386749267578,0.0064373016357421,0.0047683715820312,0.0079631805419921,0.0057220458984375,0.006866455078125,0.0138282775878906,0.0138282775878906,0.496,1.36,0.0,0.0,1.696,1.696,0.0,0.0,112.0,100.0,0.0,0.0,0.0,0.0,857.864,1
137,0.0,0.0,0.0,0.0,0.0,0.0,0,0,0.0,0.0,0.0,0.0,0.0,0.0064468383789062,0.0083446502685546,0.00762939453125,0.00762939453125,0.0,0.0,0.0,0.0,0.0,0.0,0.0138282775878906,0.0138282775878906,0.496,1.36,0.0,0.0,0.0,0.0,0.0,0.0,112.0,100.0,0.0,0.0,0.0,0.0,0.0,1
138,0.0,0.0,0.0,0.0,0.0,0.0,0,0,0.0,0.0,0.0,0.0,0.0,0.0063514709472656,0.0083446502685546,0.00762939453125,0.00762939453125,0.0047683715820312,0.0,0.0047683715820312,0.0,0.0,0.0,0.011444091796875,0.011444091796875,0.496,1.36,0.0,1.0,0.0,0.0,3.112,2.096,112.696,33.33333333333333,0.0139474868774414,0.0199556350708007,0.0051657358805338,0.0056743621826171,1.192,1
139,0.0,0.0,0.0,0.0,0.0,0.0,0,0,0.0,0.0,0.0,0.0,0.0,0.0060268895543036,0.0081062316894531,0.0071525573730468,0.0071525573730468,0.0057220458984375,0.0,0.0057220458984375,0.0,0.0,0.0,0.0069141387939453,0.0069141387939453,0.496,1.36,0.0,1.0,0.0,0.0,1.12,1.12,113.256,60.0,0.0243186950683593,0.0309944152832031,1031.688630580902,2472.7698087692265,1.192,1
140,0.0,0.0,0.0,0.0,0.0,0.0,0,0,0.0,0.0,0.0,0.0,0.0,0.0059970534674011,0.0083446502685546,0.0069141387939453,0.0069141387939453,0.0061988830566406,0.0,0.0072002410888671,0.0,0.0,0.0,0.0116825103759765,0.0116825103759765,0.496,1.36,1.0,4.0,0.0,0.0,1.12,0.528,118.448,83.33333333333334,0.0181198120117187,0.0181198120117187,251.81472301483157,1432.934427261353,16.552,1
141,0.0,0.0,0.0,0.0,0.0,0.0,0,0,0.0,0.0,0.0,0.0,0.0,0.006108283996582,0.0081062316894531,0.00762939453125,0.00762939453125,0.0,0.0,0.0,0.0,0.0,0.0,0.005960464477539,0.005960464477539,0.496,1.36,0.0,5.0,0.0,0.0,0.592,0.592,112.0,85.71428571428571,0.0226497650146484,0.0226497650146484,5286.786842346191,11981.78243637085,0.0,1
142,0.0,0.0,0.0,0.0,0.0,0.0,0,0,0.0,0.0,0.0,0.0,0.0,0.0065808157319004,0.0088214874267578,0.0083446502685546,0.0083446502685546,0.0038840801331524,0.0061392784118652,0.0045299530029296,0.0075340270996093,0.0065962473551432,0.0078678131103515,0.0081062316894531,0.0081062316894531,0.496,1.36,1.0,1.0,10.752,24.592,0.592,0.0,143.152,100.0,0.0,0.0,4262.818145751953,10957.813739776611,23683.928,1
143,0.0,0.0,0.0,0.0,0.0,0.0,0,0,0.0,0.0,0.0,0.0,0.0,0.0070083141326904,0.009775161743164,0.0171661376953125,0.0171661376953125,0.0038615540961998,0.0,0.0045299530029296,0.0,0.0,0.0,0.0205039978027343,0.0205039978027343,0.496,1.36,1.0,1.0,0.0,0.0,0.592,0.528,112.0,50.0,0.0090599060058593,0.0090599060058593,-1711.273193359375,-409.3846797943115,3845.2,1
144,0.0,0.0,0.0,0.0,0.0,0.0,0,0,0.0,0.0,0.0,0.0,0.0,0.0059294700622558,0.0078916549682617,0.0092983245849609,0.0092983245849609,0.0,0.0,0.0,0.0,0.0,0.0,0.009775161743164,0.009775161743164,0.496,1.36,1.0,1.0,0.0,0.0,0.592,0.0,112.0,100.0,0.0,0.0,2214.8201942443848,8909.815788269043,0.0,1
145,0.0,0.0,0.0,0.0,0.0,0.0,0,0,0.0,0.0,0.0,0.0,0.0,0.0064384819257377,0.0083446502685546,0.0107288360595703,0.0107288360595703,0.0052452087402343,0.0072419643402099,0.0052452087402343,0.0094175338745117,0.0066492292616102,0.0085353851318359,0.0104904174804687,0.0104904174804687,0.496,1.36,0.0,1.0,21.856,13.648,0.528,0.528,113.752,0.0,0.0207424163818359,0.0207424163818359,0.0050067901611328,0.0050067901611328,1.192,1
146,0.0,0.0,0.0,0.0,0.0,0.0,0,0,0.0,0.0,0.0,0.0,0.0,0.006575584411621,0.0090599060058593,0.0095367431640625,0.0095367431640625,0.0052452087402343,0.0140666961669921,0.0052452087402343,0.0140666961669921,0.0,0.0,0.019073486328125,0.019073486328125,0.496,1.36,0.0,2.0,0.496,0.0,0.0,0.0,112.696,100.0,0.0,0.0,0.0,0.0,1.192,1
147,0.0,0.0,0.0,0.0,0.0,0.0,0,0,0.0,0.0,0.0,0.0,0.0,0.0066330183797807,0.0083446502685546,0.0088214874267578,0.0088214874267578,0.0071525573730468,0.0,0.0071525573730468,0.0,0.0,0.0,0.0090599060058593,0.0090599060058593,0.496,1.776,0.0,1.0,0.0,0.0,0.0,0.0,113.256,100.0,0.0,0.0,0.0,0.0,1.192,1
148,0.0,0.0,0.0,0.0,0.0,0.0,0,0,0.0,0.0,0.0,0.0,0.0,0.0066330183797807,0.0083446502685546,0.0095367431640625,0.0095367431640625,0.0071525573730468,0.0,0.0071525573730468,0.0,0.0,0.0,0.0162124633789062,0.0162124633789062,0.496,1.776,1.0,0.0,0.0,0.0,0.592,0.0,113.256,100.0,0.0,0.0,-1818.1716918945312,4876.823902130128,1.192,1
149,0.0,0.0,0.0,0.0,0.0,0.0,0,0,0.0,0.0,0.0,0.0,0.0,0.0066330183797807,0.0083446502685546,0.0071525573730468,0.0071525573730468,0.0071525573730468,0.0,0.0071525573730468,0.0,0.0,0.0,0.0100135803222656,0.0100135803222656,0.496,1.776,0.0,0.0,0.0,0.0,0.0,0.0,113.256,100.0,0.0,0.0,0.0,0.0,1.192,1
150,0.0,0.0,0.0,0.0,0.0,0.0,0,0,0.0,0.0,0.0,0.0,0.0,0.0073076451866372,0.0092983245849609,0.0069141387939453,0.0069141387939453,0.0038698005966287,0.0,0.0045299530029296,0.0,0.0,0.0,0.0131130218505859,0.0131130218505859,0.496,1.776,0.0,0.0,0.0,0.0,0.0,0.0,143.152,100.0,0.0,0.0,0.0,0.0,22319.0,1
151,0.0,0.0,0.0,0.0,0.0,0.0,0,0,0.0,0.0,0.0,0.0,0.0,0.0071430206298828,0.0085830688476562,0.0112056732177734,0.0112056732177734,0.0,0.0,0.0,0.0,0.0,0.0,0.0138282775878906,0.0138282775878906,0.496,1.776,0.0,0.0,0.0,0.0,0.0,0.0,112.0,100.0,0.0,0.0,0.0,0.0,0.0,1
152,0.0,0.0,0.0,0.0,0.0,0.0,0,0,0.0,0.0,0.0,0.0,0.0,0.0067634962091398,0.0085830688476562,0.0126361846923828,0.0126361846923828,0.0078678131103515,0.0,0.0078678131103515,0.0,0.0,0.0,0.0112056732177734,0.0112056732177734,0.496,1.776,0.0,0.0,0.0,0.0,0.0,0.0,113.256,100.0,0.0,0.0,0.0,0.0,1.192,1
153,0.0,0.0,0.0,0.0,0.0,0.0,0,0,0.0,0.0,0.0,0.0,0.0,0.0066840233494393,0.0083446502685546,0.0056028366088867,0.0060796737670898,0.0064373016357421,0.0,0.0064373016357421,0.0,0.0,0.0,0.0095367431640625,0.009918212890625,1.344,2.624,0.0,1.0,0.0,0.0,3.64,2.624,113.256,25.0,0.015417734781901,0.0249385833740234,0.007033348083496,0.008559226989746,1.192,1
154,0.0,0.0,0.0,0.0,0.0,0.0,0,0,0.0,0.0,0.0,0.0,0.0,0.0065630348167609,0.0081062316894531,0.0073909759521484,0.0073909759521484,0.0061988830566406,0.0,0.0061988830566406,0.0,0.0,0.0,0.0109672546386718,0.0109672546386718,0.496,1.776,0.0,2.0,0.0,0.0,0.0,0.0,113.256,100.0,0.0,0.0,0.0,0.0,1.192,1
155,0.0,0.0,0.0,0.0,0.0,0.0,0,0,0.0,0.0,0.0,0.0,0.0,0.0066196918487548,0.0083446502685546,0.0071525573730468,0.0071525573730468,0.0,0.0,0.0,0.0,0.0,0.0,0.0123977661132812,0.0123977661132812,0.496,1.776,0.0,3.0,0.0,0.0,0.592,0.592,112.0,80.0,0.0209808349609375,0.0209808349609375,512.0044946670532,921.6033220291138,0.0,1
156,0.0,0.0,0.0,0.0,0.0,0.0,0,0,0.0,0.0,0.0,0.0,0.0,0.0066757202148437,0.0083684921264648,0.0069141387939453,0.0069141387939453,0.0,0.0,0.0,0.0,0.0,0.0,0.0107288360595703,0.0107288360595703,0.496,1.776,2.0,2.0,0.0,0.0,4.096,2.344,112.0,85.71428571428571,0.0219345092773437,0.0219345092773437,-4614.067511125045,0.0307559967041015,0.0,1
157,0.0,0.0,0.0,0.0,0.0,0.0,0,0,0.0,0.0,0.0,0.0,0.0,0.0066971778869628,0.0088214874267578,0.0069141387939453,0.0069141387939453,0.0,0.0,0.0,0.0,0.0,0.0,0.0071525573730468,0.0071525573730468,0.496,1.776,0.0,3.0,0.0,0.0,0.528,0.528,112.0,66.66666666666666,0.0159740447998046,0.0159740447998046,0.0100135803222656,0.0100135803222656,0.0,1
158,0.0,0.0,0.0,0.0,0.0,0.0,0,0,0.0,0.0,0.0,0.0,0.0,0.0077983708057588,0.009775161743164,0.0128746032714843,0.0128746032714843,0.0038696430461431,0.0,0.0045299530029296,0.0,0.0,0.0,0.0116825103759765,0.0116825103759765,0.496,1.776,0.0,0.0,0.0,0.0,0.0,0.0,143.152,66.66666666666666,0.0,0.0,0.0,0.0,42401.608,1
159,0.0,0.0,0.0,0.0,0.0,0.0,0,0,0.0,0.0,0.0,0.0,0.0,0.0074240240720239,0.0092983245849609,0.0181198120117187,0.0181198120117187,0.0040034453074137,0.0,0.0049352645874023,0.0,0.0,0.0,0.0207424163818359,0.0207424163818359,0.496,1.776,0.0,0.0,0.0,0.0,0.0,0.0,118.448,66.66666666666666,0.0,0.0,0.0,0.0,261.776,1
160,0.0,0.0,0.0,0.0,0.0,0.0,0,0,0.0,0.0,0.0,0.0,0.0,0.006565407140931,0.0081062316894531,0.0078678131103515,0.0078678131103515,0.0071525573730468,0.0,0.0071525573730468,0.0,0.0,0.0,0.0078678131103515,0.0078678131103515,0.496,1.776,0.0,0.0,0.0,0.0,0.592,0.592,113.256,66.66666666666666,0.0429153442382812,0.0429153442382812,520.0358629226685,936.0586404800416,1.192,1
161,0.0,0.0,0.0,0.0,0.0,0.0,0,0,0.0,0.0,0.0,0.0,0.0,0.0066875818356945,0.0083446502685546,0.0095367431640625,0.0095367431640625,0.0071525573730468,0.0,0.0071525573730468,0.0,0.0,0.0,0.0107288360595703,0.0107288360595703,0.496,1.776,0.0,3.0,0.0,0.0,0.0,0.0,113.256,100.0,0.0,0.0,0.0,0.0,1.192,1
162,0.0,0.0,0.0,0.0,0.0,0.0,0,0,0.0,0.0,0.0,0.0,0.0,0.0067314698328426,0.0085830688476562,0.0078678131103515,0.0078678131103515,0.0073909759521484,0.0,0.0073909759521484,0.0,0.0,0.0,0.0083446502685546,0.0083446502685546,0.496,1.776,1.0,1.0,0.0,0.0,0.592,0.528,117.192,50.0,0.0109672546386718,0.0109672546386718,-520.0084447860718,-103.98566722869872,9.784,1
163,0.0,0.0,0.0,0.0,0.0,0.0,0,0,0.0,0.0,0.0,0.0,0.0,0.0065946578979492,0.0083446502685546,0.0057220458984375,0.0057220458984375,0.0,0.0,0.0,0.0,0.0,0.0,0.0083446502685546,0.0083446502685546,0.496,1.776,0.0,0.0,0.0,0.0,0.0,0.0,112.0,50.0,0.0,0.0,0.0,0.0,0.0,1
164,0.0,0.0,0.0,0.0,0.0,0.0,0,0,0.0,0.0,0.0,0.0,0.0,0.0067150592803955,0.0085830688476562,0.0081062316894531,0.0081062316894531,0.0,0.0,0.0,0.0,0.0,0.0,0.0112056732177734,0.0112056732177734,0.496,1.776,0.0,1.0,0.0,0.0,0.0,0.0,112.0,100.0,0.0,0.0,0.0,0.0,0.0,1
165,0.0,0.0,0.0,0.0,0.0,0.0,0,0,0.0,0.0,0.0,0.0,0.0,0.006975778719274,0.0088214874267578,0.0054836273193359,0.0054836273193359,0.003883786219983,0.0,0.0045299530029296,0.0,0.0,0.0,0.0066757202148437,0.0066757202148437,0.496,1.776,0.0,0.0,0.0,0.0,0.0,0.0,137.96,100.0,0.0,0.0,0.0,0.0,17454.144,1
166,0.0,0.0,0.0,0.0,0.0,0.0,0,0,0.0,0.0,0.0,0.0,0.0,0.0074476298719349,0.0095367431640625,0.0071525573730468,0.0071525573730468,0.0038621246173817,0.0,0.0045299530029296,0.0,0.0,0.0,0.011444091796875,0.011444091796875,0.496,1.776,0.0,0.0,0.0,0.0,0.0,0.0,118.448,100.0,0.0,0.0,0.0,0.0,8457.52,1
167,0.0,0.0,0.0,0.0,0.0,0.0,0,0,0.0,0.0,0.0,0.0,0.0,0.0067646823712249,0.0088214874267578,0.0085830688476562,0.0085830688476562,0.0066757202148437,0.0,0.0066757202148437,0.0,0.0,0.0,0.0102519989013671,0.0102519989013671,0.496,1.776,0.0,3.0,0.0,0.0,3.112,2.096,113.256,60.0,0.0145435333251953,0.0214099884033203,0.0056425730387369,0.0067710876464843,1.192,1
168,0.0,0.0,0.0,0.0,0.0,0.0,0,0,0.0,0.0,0.0,0.0,0.0,0.0067457037778636,0.0085830688476562,0.0081062316894531,0.0081062316894531,0.0047683715820312,0.0,0.0047683715820312,0.0,0.0,0.0,0.013589859008789,0.013589859008789,0.496,1.776,0.0,2.0,0.0,0.0,0.0,0.0,113.256,100.0,0.0,0.0,0.0,0.0,1.192,1
169,0.0,0.0,0.0,0.0,0.0,0.0,0,0,0.0,0.0,0.0,0.0,0.0,0.0066494941711425,0.0085830688476562,0.0092983245849609,0.0092983245849609,0.0,0.0,0.0,0.0,0.0,0.0,0.0078678131103515,0.0078678131103515,0.496,1.776,0.0,2.0,0.0,0.0,0.0,0.0,112.0,100.0,0.0,0.0,0.0,0.0,0.0,1
170,0.0,0.0,0.0,0.0,0.0,0.0,0,0,0.0,0.0,0.0,0.0,0.0,0.006564691954968,0.0081062316894531,0.00762939453125,0.00762939453125,0.0043908754984537,0.0,0.006413459777832,0.0,0.0,0.0,0.0123977661132812,0.0123977661132812,0.496,1.776,0.0,2.0,0.0,0.0,0.0,0.0,132.768,100.0,0.0,0.0,0.0,0.0,270.336,1
171,0.0,0.0,0.0,0.0,0.0,0.0,0,0,0.0,0.0,0.0,0.0,0.0,0.0064599514007568,0.0078678131103515,0.00762939453125,0.00762939453125,0.0,0.0,0.0,0.0,0.0,0.0,0.0078678131103515,0.0078678131103515,0.496,1.776,0.0,1.0,0.0,0.0,0.528,0.0,112.0,100.0,0.0,0.0,0.0882148742675781,0.0882148742675781,0.0,1
172,0.0,0.0,0.0,0.0,0.0,0.0,0,0,0.0,0.0,0.0,0.0,0.0,0.0066936016082763,0.0085830688476562,0.0071525573730468,0.0071525573730468,0.0,0.0,0.0,0.0,0.0,0.0,0.0116825103759765,0.0116825103759765,0.496,1.776,0.0,1.0,0.0,0.0,0.0,0.0,112.0,100.0,0.0,0.0,0.0,0.0,0.0,1
173,0.0,0.0,0.0,0.0,0.0,0.0,0,0,0.0,0.0,0.0,0.0,0.0,0.0072518984476725,0.0095367431640625,0.0083446502685546,0.0083446502685546,0.0038895121128092,0.0,0.0045299530029296,0.0,0.0,0.0,0.0102519989013671,0.0102519989013671,0.496,1.776,0.0,1.0,0.0,0.0,0.0,0.0,128.832,100.0,0.0,0.0,0.0,0.0,24182.128,1
174,0.0,0.0,0.0,0.0,0.0,0.0,0,0,0.0,0.0,0.0,0.0,0.0,0.0070250860535272,0.0092744827270507,0.0100135803222656,0.0100135803222656,0.0064373016357421,0.0,0.0064373016357421,0.0,0.0,0.0,0.0100135803222656,0.0100135803222656,0.496,1.776,0.0,2.0,0.0,0.0,0.0,0.0,118.448,100.0,0.0,0.0,0.0,0.0,1.192,1
175,0.0,0.0,0.0,0.0,0.0,0.0,0,0,0.0,0.0,0.0,0.0,0.0,0.0066745340527586,0.0083446502685546,0.0069141387939453,0.0069141387939453,0.0042915344238281,0.0,0.0042915344238281,0.0,0.0,0.0,0.0085830688476562,0.0085830688476562,0.496,1.776,0.0,2.0,0.0,0.0,0.592,0.592,113.256,75.0,0.025033950805664,0.025033950805664,511.9985342025757,921.5925931930542,1.192,1
176,0.0,0.0,0.0,0.0,0.0,0.0,0,0,0.0,0.0,0.0,0.0,0.0,0.0066745340527586,0.0083446502685546,0.0104904174804687,0.0104904174804687,0.0042915344238281,0.0109672546386718,0.0042915344238281,0.0128746032714843,0.0107288360595703,0.0116825103759765,0.0092983245849609,0.0092983245849609,0.496,1.776,1.0,2.0,1.696,1.696,0.592,0.528,113.256,66.66666666666666,0.0107288360595703,0.0107288360595703,-511.9763612747192,-102.38230228424072,1.192,1
177,0.0,0.0,0.0,0.0,0.0,0.0,0,0,0.0,0.0,0.0,0.0,0.0,0.0066745340527586,0.0083446502685546,0.0052452087402343,0.0052452087402343,0.0042915344238281,0.0,0.0042915344238281,0.0,0.0,0.0,0.0121593475341796,0.0121593475341796,0.496,1.776,0.0,1.0,0.0,0.0,0.528,0.528,113.256,50.0,0.0095367431640625,0.0095367431640625,0.0152587890625,0.0152587890625,1.192,1
178,0.0,0.0,0.0,0.0,0.0,0.0,0,0,0.0,0.0,0.0,0.0,0.0,0.0066745340527586,0.0083446502685546,0.0073909759521484,0.0073909759521484,0.0042915344238281,0.0,0.0042915344238281,0.0,0.0,0.0,0.0092983245849609,0.0092983245849609,0.496,1.776,0.0,0.0,0.0,0.0,0.0,0.0,113.256,100.0,0.0,0.0,0.0,0.0,1.192,1
179,0.0,0.0,0.0,0.0,0.0,0.0,0,0,0.0,0.0,0.0,0.0,0.0,0.0066745340527586,0.0083446502685546,0.0069141387939453,0.0069141387939453,0.0042915344238281,0.0,0.0042915344238281,0.0,0.0,0.0,0.0126361846923828,0.0126361846923828,0.496,1.776,0.0,2.0,0.0,0.0,4.232,2.688,113.256,50.0,0.0196297963460286,0.0258922576904296,0.0076770782470703,0.0115394592285156,1.192,1
180,0.0,0.0,0.0,0.0,0.0,0.0,0,0,0.0,0.0,0.0,0.0,0.0,0.006650810811057,0.0083446502685546,0.00762939453125,0.00762939453125,0.0085830688476562,0.0,0.0085830688476562,0.0,0.0,0.0,0.0071525573730468,0.0071525573730468,0.496,1.776,1.0,5.0,0.0,0.0,7.472,5.672,113.256,50.0,0.0167233603341238,0.0249385833740234,0.0078916549682617,0.0115871429443359,1.192,1
181,0.0,0.0,0.0,0.0,0.0,0.0,0,0,0.0,0.0,0.0,0.0,0.0,0.0076478230204559,0.0096321105957031,0.0078678131103515,0.0078678131103515,0.0038886676223313,0.0,0.0045299530029296,0.0,0.0,0.0,0.009775161743164,0.009775161743164,0.496,1.776,0.0,2.0,0.0,0.0,0.528,0.528,144.408,50.0,0.026702880859375,0.026702880859375,0.0050067901611328,0.0050067901611328,38381.256,1
182,0.0,0.0,0.0,0.0,0.0,0.0,0,0,0.0,0.0,0.0,0.0,0.0,0.0072776681125754,0.0095129013061523,0.0095367431640625,0.0095367431640625,0.0039976696635401,0.0,0.0049114227294921,0.0,0.0,0.0,0.0150203704833984,0.0150203704833984,0.496,1.776,0.0,1.0,0.0,0.0,0.0,0.0,118.448,100.0,0.0,0.0,0.0,0.0,471.672,1
183,0.0,0.0,0.0,0.0,0.0,0.0,0,0,0.0,0.0,0.0,0.0,0.0,0.0067055225372314,0.0083446502685546,0.0088214874267578,0.0088214874267578,0.0,0.0,0.0,0.0,0.0,0.0,0.0119209289550781,0.0119209289550781,0.496,1.776,0.0,1.0,0.0,0.0,0.0,0.0,112.0,100.0,0.0,0.0,0.0,0.0,0.0,1
184,0.0,0.0,0.0,0.0,0.0,0.0,0,0,0.0,0.0,0.0,0.0,0.0,0.0065386295318603,0.0083446502685546,0.00762939453125,0.00762939453125,0.0,0.0,0.0,0.0,0.0,0.0,0.0083446502685546,0.0083446502685546,0.496,1.776,0.0,3.0,0.0,0.0,3.248,2.496,112.0,62.5,0.0147024790445963,0.0194072723388671,0.00762939453125,0.0100374221801757,0.0,1
185,0.0,0.0,0.0,0.0,0.0,0.0,0,0,0.0,0.0,0.0,0.0,0.0,0.0067484378814697,0.0085830688476562,0.0090599060058593,0.0098228454589843,0.0,0.0,0.0,0.0,0.0,0.0,0.0079870223999023,0.0094175338745117,1.344,2.624,1.0,4.0,0.0,0.0,1.12,1.12,112.0,71.42857142857143,0.0110864639282226,0.015568733215332,0.0101327896118164,0.0138521194458007,0.0,1
186,0.0,0.0,0.0,0.0,0.0,0.0,0,0,0.0,0.0,0.0,0.0,0.0,0.0067043304443359,0.0083446502685546,0.0092983245849609,0.0092983245849609,0.0,0.0,0.0,0.0,0.0,0.0,0.0100135803222656,0.0100135803222656,0.496,1.776,0.0,4.0,0.0,0.0,0.0,0.0,112.0,100.0,0.0,0.0,0.0,0.0,0.0,1
187,0.0,0.0,0.0,0.0,0.0,0.0,0,0,0.0,0.0,0.0,0.0,0.0,0.0067314698328426,0.0090599060058593,0.0104904174804687,0.0104904174804687,0.0050067901611328,0.0,0.0050067901611328,0.0,0.0,0.0,0.0166893005371093,0.0166893005371093,0.496,1.776,2.0,3.0,0.0,0.0,4.496,3.4,113.256,62.5,0.0184377034505208,0.0261306762695312,0.0124318259102957,0.0247955322265625,1.192,1
188,0.0,0.0,0.0,0.0,0.0,0.0,0,0,0.0,0.0,0.0,0.0,0.0,0.0069314155025758,0.0088214874267578,0.0066757202148437,0.0066757202148437,0.0038633621278613,0.0,0.0045299530029296,0.0,0.0,0.0,0.0123977661132812,0.0123977661132812,0.496,1.776,0.0,1.0,0.0,0.0,0.0,0.0,144.408,100.0,0.0,0.0,0.0,0.0,13737.992,1
189,0.0,0.0,0.0,0.0,0.0,0.0,0,0,0.0,0.0,0.0,0.0,0.0,0.0074052098971694,0.0092983245849609,0.0092983245849609,0.0092983245849609,0.0038784329253848,0.0,0.0045299530029296,0.0,0.0,0.0,0.0100135803222656,0.0100135803222656,0.496,1.776,1.0,0.0,0.0,0.0,0.528,0.0,113.256,100.0,0.0,0.0,0.013589859008789,0.013589859008789,6813.696,1
190,0.0,0.0,0.0,0.0,0.0,0.0,0,0,0.0,0.0,0.0,0.0,0.0,0.0067347347146213,0.0083446502685546,0.0138282775878906,0.0138282775878906,0.0041647390885786,0.0,0.0047683715820312,0.0,0.0,0.0,0.0071525573730468,0.0071525573730468,0.496,1.776,0.0,0.0,0.0,0.0,0.0,0.0,122.384,100.0,0.0,0.0,0.0,0.0,2093.648,1
191,0.0,0.0,0.0,0.0,0.0,0.0,0,0,0.0,0.0,0.0,0.0,0.0,0.0070607662200927,0.0088214874267578,0.0095367431640625,0.0095367431640625,0.0042036959999486,0.0,0.0052452087402343,0.0,0.0,0.0,0.0088214874267578,0.0088214874267578,0.496,1.776,0.0,1.0,0.0,0.0,0.0,0.0,112.0,100.0,0.0,0.0,0.0,0.0,2169.256,1
192,0.0,0.0,0.0,0.0,0.0,0.0,0,0,0.0,0.0,0.0,0.0,0.0,0.0067031383514404,0.0081300735473632,0.0092983245849609,0.0092983245849609,0.0,0.0,0.0,0.0,0.0,0.0,0.0138282775878906,0.0138282775878906,0.496,1.776,0.0,3.0,0.0,0.0,4.76,3.216,112.0,55.55555555555556,0.018775463104248,0.0311136245727539,0.009775161743164,0.0157356262207031,0.0,1
193,0.0,0.0,0.0,0.0,0.0,0.0,0,0,0.0,0.0,0.0,0.0,0.0,0.0066065788269042,0.0083446502685546,0.00762939453125,0.00762939453125,0.0,0.0,0.0,0.0,0.0,0.0,0.0100135803222656,0.0100135803222656,0.496,1.776,0.0,2.0,0.0,0.0,3.704,2.16,112.0,71.42857142857143,0.0216960906982421,0.0236034393310546,0.0056624412536621,0.0068187713623046,0.0,1
194,0.0,0.0,0.0,0.0,0.0,0.0,0,0,0.0,0.0,0.0,0.0,0.0,0.006641149520874,0.0083446502685546,0.0100135803222656,0.0100135803222656,0.0050067901611328,0.0,0.0050067901611328,0.0,0.0,0.0,0.0085830688476562,0.0085830688476562,0.496,1.776,1.0,2.0,0.0,0.0,1.056,0.528,112.696,75.0,0.0162124633789062,0.0162124633789062,0.0101327896118164,0.0104188919067382,1.192,1
195,0.0,0.0,0.0,0.0,0.0,0.0,0,0,0.0,0.0,0.0,0.0,0.0,0.0066697894044183,0.0083446502685546,0.0081062316894531,0.0081062316894531,0.0054836273193359,0.0,0.0054836273193359,0.0,0.0,0.0,0.0081062316894531,0.0081062316894531,0.496,1.776,0.0,2.0,0.0,0.0,0.0,0.0,113.256,100.0,0.0,0.0,0.0,0.0,1.192,1
196,0.0,0.0,0.0,0.0,0.0,0.0,0,0,0.0,0.0,0.0,0.0,0.0,0.0067463198911796,0.0083446502685546,0.0078678131103515,0.0078678131103515,0.0039488077163696,0.0,0.0047683715820312,0.0,0.0,0.0,0.011444091796875,0.011444091796875,0.496,1.776,1.0,2.0,0.0,0.0,4.232,2.784,139.216,57.14285714285714,0.013430913289388,0.0209331512451171,0.006723403930664,0.0088214874267578,3167.824,1
197,0.0,0.0,0.0,0.0,0.0,0.0,0,0,0.0,0.0,0.0,0.0,0.0,0.0066256523132324,0.0085830688476562,0.0092983245849609,0.0092983245849609,0.0,0.0,0.0,0.0,0.0,0.0,0.0131130218505859,0.0131130218505859,0.496,1.776,0.0,4.0,0.0,0.0,0.0,0.0,112.0,100.0,0.0,0.0,0.0,0.0,0.0,1
198,0.0,0.0,0.0,0.0,0.0,0.0,0,0,0.0,0.0,0.0,0.0,0.0,0.0066769063769288,0.0085830688476562,0.0078678131103515,0.0078678131103515,0.00762939453125,0.0,0.00762939453125,0.0,0.0,0.0,0.0100135803222656,0.0100135803222656,0.496,1.776,0.0,4.0,0.0,0.0,0.0,0.0,117.192,100.0,0.0,0.0,0.0,0.0,17.408,1
199,0.0,0.0,0.0,0.0,0.0,0.0,0,0,0.0,0.0,0.0,0.0,0.0,0.0068131338786609,0.0085830688476562,0.011444091796875,0.011444091796875,0.0044416498254846,0.0,0.0060081481933593,0.0,0.0,0.0,0.0081062316894531,0.0081062316894531,0.496,1.776,0.0,1.0,0.0,0.0,0.0,0.0,127.576,100.0,0.0,0.0,0.0,0.0,245.192,1
200,0.0,0.0,0.0,0.0,0.0,0.0,0,0,0.0,0.0,0.0,0.0,0.0,0.0067682408574801,0.0083446502685546,0.00762939453125,0.00762939453125,0.0043779939085572,0.0,0.0057220458984375,0.0,0.0,0.0,0.0092983245849609,0.0092983245849609,0.496,1.776,0.0,2.0,0.0,0.0,0.528,0.528,114.6,50.0,0.0185966491699218,0.0185966491699218,0.0052452087402343,0.0052452087402343,810.888,1
201,0.0,0.0,0.0,0.0,0.0,0.0,0,0,0.0,0.0,0.0,0.0,0.0,0.0067305564880371,0.0083446502685546,0.0073909759521484,0.0073909759521484,0.004438253549429,0.0,0.005960464477539,0.0,0.0,0.0,0.0140666961669921,0.0140666961669921,0.496,1.776,0.0,4.0,0.0,0.0,3.704,2.16,112.0,77.77777777777779,0.0209808349609375,0.025177001953125,0.0058412551879882,0.006866455078125,265.92,1
202,0.0,0.0,0.0,0.0,0.0,0.0,0,0,0.0,0.0,0.0,0.0,0.0,0.0067065604290558,0.0083446502685546,0.0085830688476562,0.0085830688476562,0.0052452087402343,0.0,0.0052452087402343,0.0,0.0,0.0,0.0083446502685546,0.0083446502685546,0.496,1.776,0.0,2.0,0.0,0.0,1.056,0.528,113.256,33.33333333333333,7680.014729499817,13824.013924598694,0.0321865081787109,0.0501155853271484,1.192,1
