time_seconds,a1_retransmissions_ul_count,a1_retransmissions_dl_count,a1_packet_loss_ul_percentage,a1_packet_loss_dl_percentage,e2_du_packet_loss_ul_percentage,e2_du_packet_loss_dl_percentage,e2_du_retransmissions_ul_count,e2_du_retransmissions_dl_count,f1_c_retransmissions_ul_count,f1_c_retransmissions_dl_count,f1_u_packet_loss_dl_percentage,f1_u_packet_loss_ul_percentage,f1_u_retransmissions_dl_count,f1_u_retransmissions_ul_count,f1_u_latency_mean_ul_ms,f1_u_latency_p90_ul_ms,f1_u_latency_mean_dl_ms,f1_u_latency_p90_dl_ms,a1_latency_mean_ul_ms,a1_latency_p90_ul_ms,a1_latency_mean_dl_ms,e2_du_latency_mean_dl_ms,e2_du_latency_p90_dl_ms,a1_latency_p90_dl_ms,e2_du_throughput_dl_kbps,e2_du_throughput_ul_kbps,f1_c_throughput_dl_kbps,f1_c_throughput_ul_kbps,a1_throughput_ul_kbps,a1_throughput_dl_kbps,f1_c_packet_loss_ul_percentage,f1_u_throughput_ul_kbps,f1_c_packet_loss_dl_percentage,f1_c_latency_p90_dl_ms,f1_c_latency_p90_ul_ms,f1_c_latency_mean_ul_ms,f1_c_latency_mean_dl_ms,e2_du_latency_mean_ul_ms,e2_du_latency_p90_ul_ms,f1_u_throughput_dl_kbps,F-node
0,0.0,0.0,0.0,0.0,0.0,0.0,0.0,0.0,0,0,0.0,0.0,0.0,0.0,0.0075526353789538,0.0100135803222656,0.0038823182715915,0.0045299530029296,0.0072956085205078,0.0100612640380859,0.0150203704833984,0.0169277191162109,0.0211238861083984,0.0299453735351562,1.696,1.696,8.88,9.04,3.504,4.52,20.0,142.592,40.0,-73.37188720703125,423.7464904785156,210.0142240524292,-266.6451930999756,0.0170469284057617,0.0228643417358398,36954.648,0
1,0.0,0.0,0.0,0.0,0.0,0.0,0.0,0.0,0,0,0.0,0.0,0.0,0.0,0.0075526353789538,0.0100135803222656,0.0038823182715915,0.0045299530029296,0.0072956085205078,0.0100612640380859,0.0150203704833984,0.0169277191162109,0.0211238861083984,0.0299453735351562,1.696,1.696,6.576,6.864,3.504,4.52,20.0,142.592,20.0,-43.13197135925293,423.4500169754028,268.25231313705444,-210.61909198760983,0.0170469284057617,0.0228643417358398,36954.648,0
2,0.0,0.0,0.0,0.0,0.0,0.0,0.0,0.0,0,0,0.0,0.0,0.0,0.0,0.0072901521749164,0.009775161743164,0.0042120615641276,0.0054836273193359,0.0072956085205078,0.0100612640380859,0.0150203704833984,0.0169277191162109,0.0211238861083984,0.0299453735351562,1.696,1.696,6.448,7.008,3.504,4.52,33.33333333333333,117.192,20.0,-93.23201179504392,480.7277202606201,321.7546343803406,-253.05217504501343,0.0170469284057617,0.0228643417358398,181.072,0
3,0.0,0.0,0.0,0.0,0.0,0.0,0.0,0.0,0,0,0.0,0.0,0.0,0.0,0.0069330234338741,0.0088214874267578,0.0041119846296899,0.0050067901611328,0.0061511993408203,0.0080108642578125,0.0118255615234375,0.0169277191162109,0.0211238861083984,0.02288818359375,1.696,1.696,6.096,5.728,4.232,3.744,25.0,118.448,40.0,-75.9237289428711,442.51537322998047,266.6650613149007,-263.66106669108075,0.0170469284057617,0.0228643417358398,859.208,0
4,0.0,0.0,0.0,0.0,0.0,0.0,0.0,0.0,0,0,0.0,0.0,0.0,0.0,0.0067777301541608,0.0085830688476562,0.0083446502685546,0.0083446502685546,0.0064373016357421,0.008559226989746,0.0115394592285156,0.0169277191162109,0.0211238861083984,0.0268936157226562,1.696,1.696,8.88,9.04,7.736,8.264,20.0,113.256,20.0,-95.03335952758786,419.964337348938,211.26967668533325,-338.56749534606934,0.0170469284057617,0.0228643417358398,1.192,0
5,0.0,0.0,0.0,0.0,0.0,0.0,0.0,0.0,0,0,0.0,0.0,0.0,0.0,0.0066509341249371,0.0085830688476562,0.0045597553253173,0.0055551528930664,0.0,0.0,0.0,0.0169277191162109,0.0211238861083984,0.0,1.696,1.696,6.576,6.864,0.0,0.0,20.0,117.912,20.0,-47.76191711425781,419.27878856658936,268.5147523880005,-212.13197708129883,0.0170469284057617,0.0228643417358398,23.008,0
6,0.0,0.0,0.0,0.0,0.0,0.0,0.0,0.0,0,0,0.0,0.0,0.0,0.0,0.0068700313568115,0.0088214874267578,0.0054836273193359,0.0054836273193359,0.0062942504882812,0.008249282836914,0.0110626220703125,0.0169277191162109,0.0211238861083984,0.0222206115722656,1.696,1.696,6.448,7.008,4.232,3.744,33.33333333333333,112.0,20.0,-96.30985260009764,480.9510231018066,320.2356696128845,-251.53380632400516,0.0170469284057617,0.0228643417358398,7.216,0
7,0.0,0.0,0.0,0.0,0.0,0.0,0.0,0.0,0,0,0.0,0.0,0.0,0.0,0.0066852569580078,0.0083446502685546,0.0,0.0,0.0059008598327636,0.0066995620727539,0.0122388203938802,0.0169277191162109,0.0211238861083984,0.0236034393310546,1.696,1.696,6.096,5.728,3.704,4.272,25.0,112.0,40.0,-81.65249824523926,438.3174896240234,266.68230692545575,-266.6606108347575,0.0170469284057617,0.0228643417358398,0.0,0
8,0.0,0.0,0.0,0.0,0.0,0.0,0.0,0.0,0,0,0.0,0.0,0.0,0.0,0.006793737411499,0.0083684921264648,0.0,0.0,0.0056902567545572,0.0075340270996093,0.0114281972249348,0.0169277191162109,0.0211238861083984,0.0301837921142578,1.696,1.696,8.88,9.04,11.968,12.008,20.0,112.0,20.0,-96.30119800567624,417.1635389328003,212.5184535980225,-336.30508184432983,0.0170469284057617,0.0228643417358398,0.0,0
9,0.0,0.0,0.0,0.0,0.0,0.0,0.0,0.0,0,0,0.0,0.0,0.0,0.0,0.0068295001983642,0.0088453292846679,0.0,0.0,0.006103515625,0.0076770782470703,0.0128746032714843,0.0169277191162109,0.0211238861083984,0.0245571136474609,1.696,1.696,6.576,6.864,4.232,3.744,20.0,112.0,20.0,-52.36945152282715,416.437554359436,268.2539820671081,-213.1088376045227,0.0170469284057617,0.0228643417358398,0.0,0
10,0.0,0.0,0.0,0.0,0.0,0.0,0.0,0.0,0,0,0.0,0.0,0.0,0.0,0.0068477137171806,0.0088214874267578,0.0085830688476562,0.0085830688476562,0.0058650970458984,0.0081539154052734,0.0112056732177734,0.0169277191162109,0.0211238861083984,0.0266075134277343,1.696,1.696,6.448,7.008,7.736,8.264,33.33333333333333,113.256,20.0,-97.71821498870848,476.4506101608277,319.25415992736816,-250.56838989257807,0.0170469284057617,0.0228643417358398,1.192,0
11,0.0,0.0,0.0,0.0,0.0,0.0,0.0,0.0,0,0,0.0,0.0,0.0,0.0,0.0060541712822605,0.0083446502685546,0.0041723251342773,0.0048637390136718,0.0,0.0,0.0,0.0169277191162109,0.0211238861083984,0.0,1.696,1.696,6.096,5.728,0.0,0.0,25.0,117.888,40.0,-68.64986419677734,450.563383102417,266.6698296864828,-261.32718722025555,0.0170469284057617,0.0228643417358398,33.056,0
12,0.0,0.0,0.0,0.0,0.0,0.0,0.0,0.0,0,0,0.0,0.0,0.0,0.0,0.0066247152451852,0.0085830688476562,0.0045299530029296,0.0057220458984375,0.0062465667724609,0.0079154968261718,0.0127315521240234,0.0169277191162109,0.0211238861083984,0.0247478485107421,1.696,1.696,8.88,9.04,4.232,3.744,20.0,113.256,20.0,-85.55734157562253,427.741003036499,208.7693810462952,-340.3269052505493,0.0170469284057617,0.0228643417358398,55.568,0
13,0.0,0.0,0.0,0.0,0.0,0.0,0.0,0.0,0,0,0.0,0.0,0.0,0.0,0.0065187128578744,0.0085830688476562,0.0043897067799287,0.0061988830566406,0.0061988830566406,0.0079154968261718,0.0119209289550781,0.0169277191162109,0.0211238861083984,0.024271011352539,1.696,1.696,6.576,6.864,4.232,3.744,20.0,142.592,20.0,-38.09995651245117,426.3616323471069,268.51415634155273,-209.7834348678589,0.0170469284057617,0.0228643417358398,392.592,0
14,0.0,0.0,0.0,0.0,0.0,0.0,0.0,0.0,0,0,0.0,0.0,0.0,0.0,0.0062286853790283,0.0083446502685546,0.0041567760965098,0.0058650970458984,0.0057856241861979,0.0080108642578125,0.0106970469156901,0.0169277191162109,0.0211238861083984,0.0277996063232421,1.696,1.696,6.448,7.008,11.968,12.008,33.33333333333333,112.0,20.0,-89.04147148132321,490.8813238143921,322.72064685821533,-251.87164545059204,0.0170469284057617,0.0228643417358398,265.176,0
15,0.0,0.0,0.0,0.0,0.0,0.0,0.0,0.0,0,0,0.0,0.0,0.0,0.0,0.0065871984651773,0.0092744827270507,0.0039396747466056,0.0047683715820312,0.0077724456787109,0.0103950500488281,0.0110626220703125,0.0169277191162109,0.0211238861083984,0.0216007232666015,1.696,1.696,6.096,5.728,4.232,3.744,25.0,122.384,40.0,-72.92280197143555,446.58336639404297,266.7080561319987,-266.3282553354899,0.0170469284057617,0.0228643417358398,4218.128,0
16,0.0,0.0,0.0,0.0,0.0,0.0,0.0,0.0,0,0,0.0,0.0,0.0,0.0,0.0062000751495361,0.0081062316894531,0.0,0.0,0.0063896179199218,0.0083684921264648,0.0113248825073242,0.0169277191162109,0.0211238861083984,0.0267982482910156,1.696,1.696,8.88,9.04,7.736,8.264,20.0,112.0,20.0,-90.0372505187988,423.825740814209,210.00772714614868,-338.5704755783081,0.0170469284057617,0.0228643417358398,0.0,0
17,0.0,0.0,0.0,0.0,0.0,0.0,0.0,0.0,0,0,0.0,0.0,0.0,0.0,0.0061583518981933,0.0083446502685546,0.0,0.0,0.0,0.0,0.0,0.0169277191162109,0.0211238861083984,0.0,1.696,1.696,6.576,6.864,0.0,0.0,20.0,112.0,20.0,-43.02835464477539,422.7394104003906,268.24265718460083,-210.78723669052124,0.0170469284057617,0.0228643417358398,0.0,0
18,0.0,0.0,0.0,0.0,0.0,0.0,0.0,0.0,0,0,0.0,0.0,0.0,0.0,0.0061111070623445,0.0085830688476562,0.0071525573730468,0.0071525573730468,0.0062465667724609,0.008249282836914,0.011301040649414,0.0169277191162109,0.0211238861083984,0.022745132446289,1.696,1.696,6.448,7.008,4.232,3.744,33.33333333333333,113.256,20.0,-91.12513065338132,486.4522933959961,321.76023721694946,-250.62596797943115,0.0170469284057617,0.0228643417358398,1.192,0
19,0.0,0.0,0.0,0.0,0.0,0.0,0.0,0.0,0,0,0.0,0.0,0.0,0.0,0.0069367885589599,0.0090599060058593,0.0057220458984375,0.0057220458984375,0.0059127807617187,0.0073432922363281,0.01220703125,0.0169277191162109,0.0211238861083984,0.0243186950683593,1.696,1.696,6.096,5.728,4.232,3.744,25.0,112.696,40.0,-75.9244441986084,442.5196170806885,266.67038599650067,-266.99360211690265,0.0170469284057617,0.0228643417358398,1.192,0
20,0.0,0.0,0.0,0.0,0.0,0.0,0.0,0.0,0,0,0.0,0.0,0.0,0.0,0.0068322936100746,0.0088214874267578,0.0073909759521484,0.0073909759521484,0.0065962473551432,0.0085830688476562,0.0118096669514973,0.0169277191162109,0.0211238861083984,0.0312328338623046,1.696,1.696,8.88,9.04,11.968,12.008,20.0,113.256,20.0,-95.04210948944088,419.9816703796387,211.00753545761108,-338.3111953735352,0.0170469284057617,0.0228643417358398,1.192,0
21,0.0,0.0,0.0,0.0,0.0,0.0,0.0,0.0,0,0,0.0,0.0,0.0,0.0,0.0068370382584149,0.0083446502685546,0.0054836273193359,0.0054836273193359,0.0061511993408203,0.0077247619628906,0.0117778778076171,0.0169277191162109,0.0211238861083984,0.023651123046875,1.696,1.696,6.576,6.864,4.232,3.744,20.0,117.192,20.0,-47.05581665039063,419.61727142333984,268.5093879699707,-211.87233924865723,0.0170469284057617,0.0228643417358398,4.968,0
22,0.0,0.0,0.0,0.0,0.0,0.0,0.0,0.0,0,0,0.0,0.0,0.0,0.0,0.0060224533081054,0.0081062316894531,0.0,0.0,0.0062465667724609,0.0081062316894531,0.0113248825073242,0.0169277191162109,0.0211238861083984,0.0298023223876953,1.696,1.696,6.448,7.008,7.736,8.264,33.33333333333333,112.0,20.0,-96.09367847442624,481.73203468322754,320.5046057701111,-251.79779529571533,0.0170469284057617,0.0228643417358398,0.0,0
23,0.0,0.0,0.0,0.0,0.0,0.0,0.0,0.0,0,0,0.0,0.0,0.0,0.0,0.0060260295867919,0.0081300735473632,0.0,0.0,0.0,0.0,0.0,0.0169277191162109,0.0211238861083984,0.0,1.696,1.696,6.096,5.728,0.0,0.0,25.0,112.0,40.0,-80.42850494384766,437.9591464996338,266.68357849121094,-266.3280169169108,0.0170469284057617,0.0228643417358398,0.0,0
24,0.0,0.0,0.0,0.0,0.0,0.0,0.0,0.0,0,0,0.0,0.0,0.0,0.0,0.0061628295154106,0.0081062316894531,0.0039381139418658,0.0047683715820312,0.0056266784667968,0.0072956085205078,0.011301040649414,0.0169277191162109,0.0211238861083984,0.0225067138671875,1.696,1.696,8.88,9.04,4.232,3.744,20.0,140.432,20.0,-96.57049179077146,416.8635368347168,212.24910020828247,-336.59887313842773,0.0170469284057617,0.0228643417358398,2791.112,0
25,0.0,0.0,0.0,0.0,0.0,0.0,0.0,0.0,0,0,0.0,0.0,0.0,0.0,0.0063281747239146,0.0085830688476562,0.0049591064453125,0.0069141387939453,0.0062465667724609,0.0077247619628906,0.0136375427246093,0.0169277191162109,0.0211238861083984,0.025796890258789,1.696,1.696,6.576,6.864,4.232,3.744,20.0,113.256,20.0,-51.795291900634766,416.0541296005249,268.53322982788086,-213.14078569412231,0.0170469284057617,0.0228643417358398,31.24,0
26,0.0,0.0,0.0,0.0,0.0,0.0,0.0,0.0,0,0,0.0,0.0,0.0,0.0,0.0064526454056843,0.0087976455688476,0.0039619557997759,0.0047683715820312,0.0059445699055989,0.0080585479736328,0.0110785166422526,0.0169277191162109,0.0211238861083984,0.0292301177978515,1.696,1.696,6.448,7.008,11.968,12.008,33.33333333333333,123.08,20.0,-83.65619182586667,490.2697801589966,319.2528486251831,-246.49423360824585,0.0170469284057617,0.0228643417358398,1447.536,0
27,0.0,0.0,0.0,0.0,0.0,0.0,0.0,0.0,0,0,0.0,0.0,0.0,0.0,0.0067563792366293,0.0092983245849609,0.0041492799016911,0.0052452087402343,0.0066280364990234,0.0087261199951171,0.0125885009765625,0.0169277191162109,0.0211238861083984,0.0248908996582031,1.696,1.696,6.096,5.728,4.232,3.744,25.0,117.888,40.0,-68.02287101745605,450.5558490753174,266.657034556071,-266.3257916768392,0.0170469284057617,0.0228643417358398,3959.528,0
28,0.0,0.0,0.0,0.0,0.0,0.0,0.0,0.0,0,0,0.0,0.0,0.0,0.0,0.0069010910110094,0.0088214874267578,0.004389514661815,0.0057220458984375,0.0060319900512695,0.0079154968261718,0.0116586685180664,0.0169277191162109,0.0211238861083984,0.031590461730957,1.696,1.696,8.88,9.04,7.736,8.264,20.0,117.192,20.0,-86.1462593078613,427.6591300964356,208.5015773773193,-340.5551314353943,0.0170469284057617,0.0228643417358398,642.168,0
29,0.0,0.0,0.0,0.0,0.0,0.0,0.0,0.0,0,0,0.0,0.0,0.0,0.0,0.0070416927337646,0.0095367431640625,0.0041643778483072,0.0052452087402343,0.0,0.0,0.0,0.0169277191162109,0.0211238861083984,0.0,1.696,1.696,6.576,6.864,0.0,0.0,20.0,112.0,20.0,-36.86566352844238,426.6058206558228,268.50032806396484,-209.37508344650269,0.0170469284057617,0.0228643417358398,456.424,0
30,0.0,0.0,0.0,0.0,0.0,0.0,0.0,0.0,0,0,0.0,0.0,0.0,0.0,0.0068050118821177,0.0090599060058593,0.0053644180297851,0.0065565109252929,0.0059127807617187,0.0073432922363281,0.011301040649414,0.0,0.0,0.0223636627197265,0.0,0.0,6.448,7.008,4.232,3.744,33.33333333333333,117.192,20.0,-87.48421669006345,491.6877746582031,323.00084829330444,-252.0543336868286,0.0,0.0,45.552,0
31,0.0,0.0,0.0,0.0,0.0,0.0,0.0,0.0,0,0,0.0,0.0,0.0,0.0,0.0067305564880371,0.0085830688476562,0.0044981638590494,0.0060081481933593,0.0061988830566406,0.007486343383789,0.0124931335449218,0.0,0.0,0.0243663787841796,0.0,0.0,6.096,5.728,4.232,3.744,25.0,114.472,40.0,-74.9361515045166,445.79687118530273,266.7098840077718,-266.9938405354817,0.0,0.0,147.64,0
32,0.0,0.0,0.0,0.0,0.0,0.0,0.0,0.0,0,0,0.0,0.0,0.0,0.0,0.0066923264840349,0.0083446502685546,0.0049173831939697,0.0063180923461914,0.0061194101969401,0.008249282836914,0.0118732452392578,0.0,0.0,0.0326156616210937,0.0,0.0,8.88,9.04,11.968,12.008,20.0,117.888,20.0,-90.6440734863281,423.23830127716064,210.02143621444705,-338.31703662872314,0.0,0.0,66.752,0
33,0.0,0.0,0.0,0.0,0.0,0.0,0.0,0.0,0,0,0.0,0.0,0.0,0.0,0.0062897653862981,0.0081062316894531,0.0049471855163574,0.0064849853515625,0.005960464477539,0.0078678131103515,0.0127792358398437,0.0,0.0,0.0261306762695312,0.0,0.0,6.576,6.864,4.232,3.744,20.0,118.448,20.0,-42.72935390472412,448.5775947570801,289.7540330886841,-210.61187982559204,0.0,0.0,34.976,0
34,0.0,0.0,0.0,0.0,0.0,0.0,0.0,0.0,0,0,0.0,0.0,0.0,0.0,0.0067853927612304,0.0090599060058593,0.0057220458984375,0.0057220458984375,0.0065803527832031,0.0090599060058593,0.0117778778076171,0.0,0.0,0.0295162200927734,0.0,0.0,6.448,7.008,7.736,8.264,33.33333333333333,112.696,20.0,-91.35167598724362,460.45334339141846,300.2414107322693,-251.0541081428528,0.0,0.0,1.192,0
35,0.0,0.0,0.0,0.0,0.0,0.0,0.0,0.0,0,0,0.0,0.0,0.0,0.0,0.0068044662475585,0.0090599060058593,0.0,0.0,0.0,0.0,0.0,0.0,0.0,0.0,0.0,0.0,6.096,5.728,0.0,0.0,25.0,112.0,40.0,-75.99716186523438,442.64960289001465,266.678253809611,-266.663392384847,0.0,0.0,0.0,0
36,0.0,0.0,0.0,0.0,0.0,0.0,0.0,0.0,0,0,0.0,0.0,0.0,0.0,0.0066604520299751,0.0085830688476562,0.0049046107700892,0.006103515625,0.0061988830566406,0.0079631805419921,0.0124931335449218,0.0,0.0,0.0250816345214843,0.0,0.0,8.88,9.04,4.232,3.744,20.0,122.632,20.0,-94.87042427062984,420.2951669692993,211.26055717468265,-338.3216857910156,0.0,0.0,44.104,0
37,0.0,0.0,0.0,0.0,0.0,0.0,0.0,0.0,0,0,0.0,0.0,0.0,0.0,0.0063400363447654,0.0083446502685546,0.0049517704890324,0.0075101852416992,0.0063896179199218,0.0083446502685546,0.0108718872070312,0.0,0.0,0.0211238861083984,0.0,0.0,6.576,6.864,4.232,3.744,20.0,114.712,20.0,-49.29132461547852,419.2817687988281,268.48089694976807,-213.1800651550293,0.0,0.0,222.256,0
38,0.0,0.0,0.0,0.0,0.0,0.0,0.0,0.0,0,0,0.0,0.0,0.0,0.0,0.0062890313751068,0.0085830688476562,0.0060200691223144,0.0072717666625976,0.0065326690673828,0.0083446502685546,0.0116825103759765,0.0,0.0,0.0306606292724609,0.0,0.0,6.448,7.008,11.968,12.008,33.33333333333333,117.192,20.0,-94.55609321594235,480.7286262512207,320.2604055404663,-250.47874450683597,0.0,0.0,29.232,0
39,0.0,0.0,0.0,0.0,0.0,0.0,0.0,0.0,0,0,0.0,0.0,0.0,0.0,0.006118224034855,0.0081062316894531,0.0054836273193359,0.0054836273193359,0.0060081481933593,0.0075340270996093,0.01220703125,0.0,0.0,0.024271011352539,0.0,0.0,6.096,5.728,4.232,3.744,25.0,113.256,40.0,-81.17380142211914,438.43679428100586,266.7050361633301,-266.6591008504232,0.0,0.0,1.192,0
40,0.0,0.0,0.0,0.0,0.0,0.0,0.0,0.0,0,0,0.0,0.0,0.0,0.0,0.0064727103356087,0.0088214874267578,0.0048279762268066,0.0057697296142578,0.0058889389038085,0.0079870223999023,0.0126123428344726,0.0,0.0,0.0353813171386718,0.0,0.0,8.88,9.04,7.736,8.264,20.0,120.6,20.0,-96.57475948333736,417.16392040252686,212.25333213806152,-336.3120555877685,0.0,0.0,26.4,0
41,0.0,0.0,0.0,0.0,0.0,0.0,0.0,0.0,0,0,0.0,0.0,0.0,0.0,0.0067043304443359,0.0085830688476562,0.0042915344238281,0.0042915344238281,0.0,0.0,0.0,0.0,0.0,0.0,0.0,0.0,6.576,6.864,0.0,0.0,20.0,112.696,20.0,-51.87044143676758,416.0954475402832,268.5178518295288,-213.13446760177607,0.0,0.0,1.192,0
42,0.0,0.0,0.0,0.0,0.0,0.0,0.0,0.0,0,0,0.0,0.0,0.0,0.0,0.006800889968872,0.0086069107055664,0.0,0.0,0.0059127807617187,0.0073909759521484,0.0122547149658203,0.0,0.0,0.0236988067626953,0.0,0.0,6.448,7.008,4.232,3.744,33.33333333333333,112.0,20.0,-84.89634990692136,490.29884338378906,319.2623853683472,-246.53583765029907,0.0,0.0,0.0,0
43,0.0,0.0,0.0,0.0,0.0,0.0,0.0,0.0,0,0,0.0,0.0,0.0,0.0,0.0068211555480957,0.0088214874267578,0.0,0.0,0.0068187713623046,0.009012222290039,0.0108718872070312,0.0,0.0,0.0211238861083984,0.0,0.0,6.096,5.728,4.232,3.744,25.0,112.0,40.0,-68.60194206237793,450.44803619384766,266.6507562001546,-266.329288482666,0.0,0.0,0.0,0
44,0.0,0.0,0.0,0.0,0.0,0.0,0.0,0.0,0,0,0.0,0.0,0.0,0.0,0.0065950786366182,0.0087499618530273,0.0047343117850167,0.0058174133300781,0.006103515625,0.0084877014160156,0.012365976969401,0.0,0.0,0.0305652618408203,0.0,0.0,8.88,9.04,11.968,12.008,20.0,133.784,20.0,-85.56187152862546,427.6513576507568,208.5047960281372,-340.56735038757324,0.0,0.0,125.952,0
45,0.0,0.0,0.0,0.0,0.0,0.0,0.0,0.0,0,0,0.0,0.0,0.0,0.0,0.0068438053131103,0.0085830688476562,0.0047385692596435,0.0058412551879882,0.0066757202148437,0.0086307525634765,0.0127315521240234,0.0,0.0,0.0235557556152343,0.0,0.0,6.576,6.864,4.232,3.744,20.0,112.0,20.0,-37.11233139038086,426.6033411026001,268.75096559524536,-209.6102237701416,0.0,0.0,73.696,0
46,0.0,0.0,0.0,0.0,0.0,0.0,0.0,0.0,0,0,0.0,0.0,0.0,0.0,0.0066757202148437,0.0083446502685546,0.0050067901611328,0.0053882598876953,0.007486343383789,0.0096082687377929,0.011444091796875,0.0,0.0,0.0283718109130859,0.0,0.0,6.448,7.008,7.736,8.264,33.33333333333333,118.448,20.0,-90.3665781021118,490.7307624816895,322.76415824890137,-251.80476903915405,0.0,0.0,11.616,0
47,0.0,0.0,0.0,0.0,0.0,0.0,0.0,0.0,0,0,0.0,0.0,0.0,0.0,0.0067172358878216,0.0085830688476562,0.0081062316894531,0.0081062316894531,0.0,0.0,0.0,0.0,0.0,0.0,0.0,0.0,6.096,5.728,0.0,0.0,25.0,113.256,40.0,-72.77612686157227,445.9170341491699,266.6498025258382,-266.6603724161784,0.0,0.0,1.192,0
48,0.0,0.0,0.0,0.0,0.0,0.0,0.0,0.0,0,0,0.0,0.0,0.0,0.0,0.0063613872622969,0.0081062316894531,0.0050067901611328,0.0050067901611328,0.0066757202148437,0.0090599060058593,0.0115394592285156,0.0,0.0,0.0227928161621093,0.0,0.0,8.88,9.04,4.232,3.744,20.0,113.256,20.0,-90.52796363830564,424.2074728012085,210.0391983985901,-338.5867476463318,0.0,0.0,1.192,0
49,0.0,0.0,0.0,0.0,0.0,0.0,0.0,0.0,0,0,0.0,0.0,0.0,0.0,0.0063133239746093,0.0086069107055664,0.0,0.0,0.0058650970458984,0.0074386596679687,0.0111103057861328,0.0,0.0,0.0220775604248046,0.0,0.0,6.576,6.864,4.232,3.744,20.0,112.0,20.0,-42.51236915588379,422.76086807250977,268.25499534606934,-210.61712503433228,0.0,0.0,0.0,0
50,0.0,0.0,0.0,0.0,0.0,0.0,0.0,0.0,0,0,0.0,0.0,0.0,0.0,0.00640869140625,0.0086069107055664,0.0,0.0,0.006103515625,0.0083446502685546,0.0115235646565755,0.0,0.0,0.0314712524414062,0.0,0.0,6.448,7.008,11.968,12.008,33.33333333333333,112.0,20.0,-91.79465770721433,486.3589763641357,321.7589259147644,-251.0276436805725,0.0,0.0,0.0,0
51,0.0,0.0,0.0,0.0,0.0,0.0,0.0,0.0,0,0,0.0,0.0,0.0,0.0,0.0061452388763427,0.0081062316894531,0.0,0.0,0.0075817108154296,0.0095367431640625,0.0124454498291015,0.0,0.0,0.0245571136474609,0.0,0.0,6.096,5.728,4.232,3.744,25.0,112.0,40.0,-75.73723793029785,441.9924259185791,266.6629950205485,-266.33238792419434,0.0,0.0,0.0,0
52,0.0,0.0,0.0,0.0,0.0,0.0,0.0,0.0,0,0,0.0,0.0,0.0,0.0,0.0060975551605224,0.0086069107055664,0.0,0.0,0.0062465667724609,0.0083923339843749,0.0112295150756835,0.0,0.0,0.0267744064331054,0.0,0.0,8.88,9.04,7.736,8.264,20.0,112.0,20.0,-94.63019371032712,420.37761211395264,210.999608039856,-338.56481313705444,0.0,0.0,0.0,0
53,0.0,0.0,0.0,0.0,0.0,0.0,0.0,0.0,0,0,0.0,0.0,0.0,0.0,0.0065052509307861,0.0085830688476562,0.0064373016357421,0.0064373016357421,0.0,0.0,0.0,0.0,0.0,0.0,0.0,0.0,6.576,6.864,0.0,0.0,20.0,112.696,20.0,-46.996235847473145,419.6103096008301,268.75030994415283,-212.05824613571167,0.0,0.0,1.192,0
54,0.0,0.0,0.0,0.0,0.0,0.0,0.0,0.0,0,0,0.0,0.0,0.0,0.0,0.0062902175371919,0.0083446502685546,0.0073909759521484,0.0073909759521484,0.0063419342041015,0.0081062316894531,0.0129222869873046,0.0,0.0,0.0263214111328125,0.0,0.0,6.448,7.008,4.232,3.744,33.33333333333333,113.256,20.0,-96.21515274047847,481.0057163238525,320.2562928199768,-251.60473585128784,0.0,0.0,1.192,0
55,0.0,0.0,0.0,0.0,0.0,0.0,0.0,0.0,0,0,0.0,0.0,0.0,0.0,0.0065422058105468,0.0085830688476562,0.0042915344238281,0.0042915344238281,0.0058174133300781,0.0073909759521484,0.0121116638183593,0.0,0.0,0.0244140625,0.0,0.0,6.096,5.728,4.232,3.744,25.0,112.696,40.0,-81.03079795837402,437.7120018005371,266.66259765625,-266.329288482666,0.0,0.0,1.192,0
56,0.0,0.0,0.0,0.0,0.0,0.0,0.0,0.0,0,0,0.0,0.0,0.0,0.0,0.0065422058105468,0.0085830688476562,0.0042915344238281,0.0042915344238281,0.0065326690673828,0.0084877014160156,0.0115235646565755,0.0,0.0,0.0308036804199218,0.0,0.0,8.88,9.04,11.968,12.008,20.0,112.696,20.0,-96.64344787597652,416.78974628448486,212.52065896987915,-336.56758069992065,0.0,0.0,1.192,0
57,0.0,0.0,0.0,0.0,0.0,0.0,0.0,0.0,0,0,0.0,0.0,0.0,0.0,0.0065422058105468,0.0085830688476562,0.0042915344238281,0.0042915344238281,0.005960464477539,0.0073909759521484,0.0118732452392578,0.0,0.0,0.0240325927734375,0.0,0.0,6.576,6.864,4.232,3.744,20.0,112.696,20.0,-52.59518623352051,415.754771232605,268.2681083679199,-213.28341960906985,0.0,0.0,1.192,0
58,0.0,0.0,0.0,0.0,0.0,0.0,0.0,0.0,0,0,0.0,0.0,0.0,0.0,0.0065422058105468,0.0085830688476562,0.0042915344238281,0.0042915344238281,0.006570816040039,0.0091075897216796,0.0108051300048828,0.0,0.0,0.0257015228271484,0.0,0.0,6.448,7.008,19.048,19.04,33.33333333333333,112.696,20.0,-84.12418365478513,490.26079177856445,319.25255060195923,-246.1312413215637,0.0,0.0,1.192,0
59,0.0,0.0,0.0,0.0,0.0,0.0,0.0,0.0,0,0,0.0,0.0,0.0,0.0,0.0065422058105468,0.0085830688476562,0.0042915344238281,0.0042915344238281,0.0,0.0,0.0,0.0047683715820312,0.0047683715820312,0.0,0.848,0.848,6.096,5.728,0.0,0.0,25.0,112.696,40.0,-68.44668388366699,450.60510635375977,266.6650613149007,-266.6611671447754,0.0128746032714843,0.0128746032714843,1.192,0
60,0.0,0.0,0.0,0.0,0.0,0.0,0.0,0.0,0,0,0.0,0.0,0.0,0.0,0.0063803658556582,0.0081062316894531,0.0045299530029296,0.0045299530029296,0.0060081481933593,0.00762939453125,0.0122547149658203,0.0104904174804687,0.0104904174804687,0.0247478485107421,0.848,0.848,8.88,9.04,4.232,3.744,20.0,113.256,20.0,-85.5335474014282,427.67980098724365,208.75930786132807,-340.5730724334717,0.0054836273193359,0.0054836273193359,1.192,0
61,0.0,0.0,0.0,0.0,0.0,0.0,0.0,0.0,0,0,0.0,0.0,0.0,0.0,0.0064266261769764,0.0085830688476562,0.0047683715820312,0.0047683715820312,0.0070095062255859,0.0082969665527343,0.0112056732177734,0.0,0.0,0.0218391418457031,0.0,0.0,6.576,6.864,4.232,3.744,20.0,113.256,20.0,-37.95919418334961,426.2727975845337,268.50587129592896,-209.6035480499268,0.0,0.0,1.192,0
62,0.0,0.0,0.0,0.0,0.0,0.0,0.0,0.0,0,0,0.0,0.0,0.0,0.0,0.0062498880262991,0.0083446502685546,0.0050067901611328,0.0050067901611328,0.006096703665597,0.0084400177001953,0.0114738941192626,0.0,0.0,0.0311136245727539,0.0,0.0,6.448,7.008,11.44,12.536,33.33333333333333,113.256,20.0,-89.20593261718747,464.29922580718994,322.7502107620239,-251.80554389953613,0.0,0.0,1.192,0
63,0.0,0.0,0.0,0.0,0.0,0.0,0.0,0.0,0,0,0.0,0.0,0.0,0.0,0.0059103965759277,0.0076532363891601,0.0,0.0,0.0061511993408203,0.0080108642578125,0.0120162963867187,0.0,0.0,0.0225067138671875,0.0,0.0,6.096,5.728,4.232,3.744,25.0,112.0,40.0,-73.48947525024414,445.7496643066406,266.6870752970378,-266.9948736826579,0.0,0.0,0.0,0
64,0.0,0.0,0.0,0.0,0.0,0.0,0.0,0.0,0,0,0.0,0.0,0.0,0.0,0.0061500072479248,0.0085830688476562,0.0,0.0,0.006270408630371,0.0081539154052734,0.0114917755126953,0.0,0.0,0.0297307968139648,0.0,0.0,8.88,9.04,7.736,8.264,20.0,112.0,20.0,-89.83383178710935,423.7756013870239,210.0011706352234,-338.3221626281738,0.0,0.0,0.0,0
65,0.0,0.0,0.0,0.0,0.0,0.0,0.0,0.0,0,0,0.0,0.0,0.0,0.0,0.0059818153950705,0.0081062316894531,0.0069141387939453,0.0069141387939453,0.0,0.0,0.0,0.0,0.0,0.0,0.0,0.0,6.576,6.864,0.0,0.0,20.0,117.192,20.0,-42.49982833862305,423.5339641571045,268.26685667037964,-210.7953429222107,0.0,0.0,8.904,0
66,0.0,0.0,0.0,0.0,0.0,0.0,0.0,0.0,0,0,0.0,0.0,0.0,0.0,0.0063478946685791,0.0086069107055664,0.0,0.0,0.005960464477539,0.007486343383789,0.0118732452392578,0.0,0.0,0.0239372253417968,0.0,0.0,6.448,7.008,4.232,3.744,33.33333333333333,112.0,20.0,-91.06798171997067,486.6719961166382,321.7546343803406,-250.6149411201477,0.0,0.0,0.0,0
67,0.0,0.0,0.0,0.0,0.0,0.0,0.0,0.0,0,0,0.0,0.0,0.0,0.0,0.0070078859051454,0.0092983245849609,0.0039473977734737,0.0047683715820312,0.0059127807617187,0.007486343383789,0.0108718872070312,0.0,0.0,0.0208377838134765,0.0,0.0,6.096,5.728,4.232,3.744,25.0,142.904,40.0,-75.94528198242188,442.6769256591797,266.6960557301839,-266.66259765625,0.0,0.0,17711.416,0
68,0.0,0.0,0.0,0.0,0.0,0.0,0.0,0.0,0,0,0.0,0.0,0.0,0.0,0.0080386204506034,0.0102519989013671,0.0038948725369642,0.0045299530029296,0.0058650970458984,0.008249282836914,0.0112692515055338,0.0,0.0,0.0284671783447265,0.0,0.0,8.88,9.04,11.968,12.008,20.0,117.888,20.0,-94.652247428894,420.6970691680908,210.99787950515747,-338.5847806930542,0.0,0.0,53316.672,0
69,0.0,0.0,0.0,0.0,0.0,0.0,0.0,0.0,0,0,0.0,0.0,0.0,0.0,0.0079091232601958,0.0100135803222656,0.0038829584608056,0.0045299530029296,0.0058174133300781,0.0071525573730468,0.0110149383544921,0.0,0.0,0.0208854675292968,0.0,0.0,6.576,6.864,4.232,3.744,20.0,118.448,20.0,-46.91998958587647,419.9788093566895,268.513023853302,-211.8401527404785,0.0,0.0,40822.144,0
70,0.0,0.0,0.0,0.0,0.0,0.0,0.0,0.0,0,0,0.0,0.0,0.0,0.0,0.0080492959093691,0.0100135803222656,0.0039354936611017,0.0047683715820312,0.0062227249145507,0.0088930130004882,0.0114679336547851,0.0,0.0,0.0295162200927734,0.0,0.0,6.448,7.008,7.736,8.264,33.33333333333333,117.192,20.0,-95.46463489532468,481.6721677780152,320.5164074897766,-251.5618205070496,0.0,0.0,30409.792,0
71,0.0,0.0,0.0,0.0,0.0,0.0,0.0,0.0,0,0,0.0,0.0,0.0,0.0,0.0079810619354248,0.0100135803222656,0.0039799603824585,0.0048160552978515,0.0,0.0,0.0,0.0,0.0,0.0,0.0,0.0,5.6,5.728,0.0,0.0,25.0,116.632,25.0,-80.3462028503418,386.9992733001709,266.64527257283527,-266.6590213775635,0.0,0.0,7068.76,0
72,0.0,0.0,0.0,0.0,0.0,0.0,0.0,0.0,0,0,0.0,0.0,0.0,0.0,0.0077764786298002,0.009775161743164,0.0053977966308593,0.0069141387939453,0.0062942504882812,0.0077724456787109,0.0123977661132812,0.0,0.0,0.0240802764892578,0.0,0.0,9.376,9.04,4.232,3.744,20.0,117.192,33.33333333333333,-96.3097810745239,417.192816734314,212.50516176223755,-336.5894556045532,0.0,0.0,135.528,0
73,0.0,0.0,0.0,0.0,0.0,0.0,0.0,0.0,0,0,0.0,0.0,0.0,0.0,0.0067114830017089,0.0092983245849609,0.00435214931682,0.0050067901611328,0.0059127807617187,0.0072479248046875,0.0121116638183593,0.0,0.0,0.0229835510253906,0.0,0.0,6.576,6.864,4.232,3.744,20.0,116.632,20.0,-52.62818336486816,416.51628017425537,268.27484369277954,-213.11324834823608,0.0,0.0,519.296,1
74,0.0,0.0,0.0,0.0,0.0,0.0,0.0,0.0,0,0,0.0,0.0,0.0,0.0,0.0067687034606933,0.0086069107055664,0.0048542022705078,0.0058650970458984,0.0060876210530598,0.0084877014160156,0.0118573506673177,0.0,0.0,0.0298023223876953,0.0,0.0,6.448,7.008,11.968,12.008,33.33333333333333,114.088,20.0,-98.00195693969724,476.2858867645264,319.2223906517029,-252.2808313369751,0.0,0.0,150.984,1
75,0.0,0.0,0.0,0.0,0.0,0.0,0.0,0.0,0,0,0.0,0.0,0.0,0.0,0.0066935126461199,0.0085830688476562,0.0058412551879882,0.0061273574829101,0.0058174133300781,0.0072002410888671,0.0113487243652343,0.0,0.0,0.0219345092773437,0.0,0.0,6.096,5.728,4.232,3.744,25.0,113.256,40.0,-68.43037605285645,450.59924125671387,266.7009830474853,-258.6626211802165,0.0,0.0,12.08,1
76,0.0,0.0,0.0,0.0,0.0,0.0,0.0,0.0,0,0,0.0,0.0,0.0,0.0,0.0060513468071965,0.0081062316894531,0.0050408499581473,0.0061511993408203,0.0065565109252929,0.0086069107055664,0.0118970870971679,0.0,0.0,0.0275135040283203,0.0,0.0,8.88,9.04,7.736,8.264,20.0,118.448,20.0,-85.71922779083249,427.677321434021,208.50461721420288,-340.56854248046875,0.0,0.0,14.744,1
77,0.0,0.0,0.0,0.0,0.0,0.0,0.0,0.0,0,0,0.0,0.0,0.0,0.0,0.0063044514822129,0.0088214874267578,0.0045299530029296,0.0045299530029296,0.0,0.0,0.0,0.0,0.0,0.0,0.0,0.0,6.576,6.864,0.0,0.0,20.0,113.256,20.0,-37.52439022064209,426.9920825958252,268.5098648071289,-209.88672971725464,0.0,0.0,1.192,1
78,0.0,0.0,0.0,0.0,0.0,0.0,0.0,0.0,0,0,0.0,0.0,0.0,0.0,0.006181001663208,0.0081062316894531,0.0,0.0,0.0061511993408203,0.00762939453125,0.0122547149658203,0.0,0.0,0.0239849090576171,0.0,0.0,6.448,7.008,4.232,3.744,33.33333333333333,112.0,20.0,-88.78526687622067,491.73600673675537,323.0026960372925,-251.52641534805295,0.0,0.0,0.0,1
79,0.0,0.0,0.0,0.0,0.0,0.0,0.0,0.0,0,0,0.0,0.0,0.0,0.0,0.0062227249145507,0.0086069107055664,0.0,0.0,0.0063419342041015,0.008249282836914,0.0131607055664062,0.0,0.0,0.0249862670898437,0.0,0.0,6.096,5.728,4.232,3.744,25.0,112.0,40.0,-73.04291725158691,434.554386138916,266.6635513305664,-266.9948736826579,0.0,0.0,0.0,1
80,0.0,0.0,0.0,0.0,0.0,0.0,0.0,0.0,0,0,0.0,0.0,0.0,0.0,0.0064051151275634,0.0086069107055664,0.0,0.0,0.0064531962076822,0.0100612640380859,0.012667973836263,0.0,0.0,0.0336170196533203,0.0,0.0,8.88,9.04,11.968,12.008,20.0,112.0,20.0,-90.01343250274655,423.833441734314,210.01160144805908,-338.33491802215576,0.0,0.0,0.0,1
81,0.0,0.0,0.0,0.0,0.0,0.0,0.0,0.0,0,0,0.0,0.0,0.0,0.0,0.0065094087182021,0.0088214874267578,0.0051657358805338,0.0055313110351562,0.0063896179199218,0.008249282836914,0.0125885009765625,0.0,0.0,0.023651123046875,0.0,0.0,6.576,6.864,4.232,3.744,20.0,133.36,20.0,-42.48046875,422.7728128433228,268.2753801345825,-210.5787992477417,0.0,0.0,29.768,1
82,0.0,0.0,0.0,0.0,0.0,0.0,0.0,0.0,0,0,0.0,0.0,0.0,0.0,0.0062394142150878,0.0083446502685546,0.0054836273193359,0.0054836273193359,0.0062465667724609,0.0086307525634765,0.0118732452392578,0.0,0.0,0.0302076339721679,0.0,0.0,6.448,7.008,7.736,8.264,33.33333333333333,112.696,20.0,-93.5885906219482,486.64612770080566,321.7320442199707,-252.81691551208496,0.0,0.0,1.192,1
83,0.0,0.0,0.0,0.0,0.0,0.0,0.0,0.0,0,0,0.0,0.0,0.0,0.0,0.0067919640991818,0.0090599060058593,0.0045299530029296,0.0045299530029296,0.0,0.0,0.0,0.0,0.0,0.0,0.0,0.0,6.096,5.728,0.0,0.0,25.0,113.256,40.0,-80.36494255065918,442.5769329071045,266.6890621185303,-266.6584650675456,0.0,0.0,1.192,1
84,0.0,0.0,0.0,0.0,0.0,0.0,0.0,0.0,0,0,0.0,0.0,0.0,0.0,0.0063435948310206,0.0083446502685546,0.0052452087402343,0.0061988830566406,0.0064373016357421,0.0086307525634765,0.0134944915771484,0.0,0.0,0.0267505645751953,0.0,0.0,8.88,9.04,4.232,3.744,20.0,117.088,20.0,-92.2131776809692,420.3318595886231,211.262047290802,-336.58647537231445,0.0,0.0,5.296,1
85,0.0,0.0,0.0,0.0,0.0,0.0,0.0,0.0,0,0,0.0,0.0,0.0,0.0,0.0067599377228846,0.0088214874267578,0.0054836273193359,0.0054836273193359,0.0063896179199218,0.008249282836914,0.0134944915771484,0.0,0.0,0.0254154205322265,0.0,0.0,6.576,6.864,4.232,3.744,20.0,114.568,20.0,-47.52140045166016,419.9812889099121,268.26369762420654,-211.8550539016724,0.0,0.0,2.28,1
86,0.0,0.0,0.0,0.0,0.0,0.0,0.0,0.0,0,0,0.0,0.0,0.0,0.0,0.0067651271820068,0.0085830688476562,0.0,0.0,0.007025400797526,0.0100612640380859,0.0119368235270182,0.0,0.0,0.0304698944091796,0.0,0.0,6.448,7.008,11.968,12.008,33.33333333333333,112.0,20.0,-95.990514755249,481.7365884780884,320.50448656082153,-251.54167413711548,0.0,0.0,0.0,1
87,0.0,0.0,0.0,0.0,0.0,0.0,0.0,0.0,0,0,0.0,0.0,0.0,0.0,0.0068044662475585,0.0085830688476562,0.0,0.0,0.0066757202148437,0.0093460083007812,0.0133514404296875,0.0,0.0,0.0269412994384765,0.0,0.0,6.096,5.728,4.232,3.744,25.0,112.0,40.0,-80.74746131896973,437.9623889923096,266.64932568868,-266.66076978047687,0.0,0.0,0.0,1
88,0.0,0.0,0.0,0.0,0.0,0.0,0.0,0.0,0,0,0.0,0.0,0.0,0.0,0.0067396861750905,0.0085830688476562,0.0048314823823816,0.0054836273193359,0.0068187713623046,0.0084161758422851,0.0126838684082031,0.0,0.0,0.0314235687255859,0.0,0.0,8.88,9.04,7.736,8.264,20.0,137.96,20.0,-96.68438434600829,416.7536735534668,212.5229835510254,-336.55673265457153,0.0,0.0,158.096,1
89,0.0,0.0,0.0,0.0,0.0,0.0,0.0,0.0,0,0,0.0,0.0,0.0,0.0,0.0066780925390139,0.0090599060058593,0.0048130750656127,0.0065803527832031,0.0,0.0,0.0,0.0,0.0,0.0,0.0,0.0,6.576,6.864,0.0,0.0,20.0,117.888,20.0,-52.75657176971436,415.815806388855,268.2684063911438,-213.19139003753665,0.0,0.0,233.024,1
90,0.0,0.0,0.0,0.0,0.0,0.0,0.0,0.0,0,0,0.0,0.0,0.0,0.0,0.0067919640991818,0.0088214874267578,0.0061194101969401,0.0073909759521484,0.0077247619628906,0.0093936920166015,0.01373291015625,0.0,0.0,0.0266551971435546,0.0,0.848,6.448,7.008,4.232,3.744,33.33333333333333,115.12,20.0,-98.41699600219724,476.3312816619873,319.2274570465088,-252.23439931869507,1674.020290374756,1674.020290374756,12.616,1
91,0.0,0.0,0.0,0.0,0.0,0.0,0.0,0.0,0,0,0.0,0.0,0.0,0.0,0.0068468622641988,0.0085830688476562,0.0057021776835123,0.0066518783569335,0.006103515625,0.0073909759521484,0.0135421752929687,0.0,0.0,0.0271320343017578,0.0,0.0,6.096,5.728,4.232,3.744,25.0,118.448,40.0,-68.33500862121582,450.5877494812012,266.70201619466144,-258.6612701416016,0.0,0.0,45.824,1
92,0.0,0.0,0.0,0.0,0.0,0.0,0.0,0.0,0,0,0.0,0.0,0.0,0.0,0.0070031009503264,0.0092983245849609,0.0057037060077373,0.0067710876464843,0.0065008799235026,0.0088691711425781,0.0123182932535807,0.0121593475341796,0.0140666961669921,0.0320911407470703,1.696,0.848,8.88,9.04,11.968,12.008,20.0,114.76,20.0,-86.21368408203122,427.66592502594,208.50718021392825,-340.56997299194336,1674.0107536315918,1674.0107536315918,79.336,1
93,0.0,0.0,0.0,0.0,0.0,0.0,0.0,0.0,0,0,0.0,0.0,0.0,0.0,0.0067222118377685,0.0088214874267578,0.005197525024414,0.0060558319091796,0.0061511993408203,0.0076770782470703,0.0130653381347656,0.0,0.0,0.0260829925537109,0.0,0.0,6.576,6.864,4.232,3.744,20.0,112.0,20.0,-37.274980545043945,426.9906282424927,268.7499523162842,-209.64252948760983,0.0,0.0,21.928,1
94,0.0,0.0,0.0,0.0,0.0,0.0,0.0,0.0,0,0,0.0,0.0,0.0,0.0,0.0065718546952351,0.0080823898315429,0.0047882397969563,0.005650520324707,0.0062465667724609,0.0088930130004882,0.0120878219604492,0.0,0.0,0.0287055969238281,0.0,0.0,6.448,7.008,7.736,8.264,33.33333333333333,119.488,20.0,-89.45498466491696,491.0606861114502,322.7618336677551,-251.77085399627688,0.0,0.0,56.016,1
95,0.0,0.0,0.0,0.0,0.0,0.0,0.0,0.0,0,0,0.0,0.0,0.0,0.0,0.0063693523406982,0.0083446502685546,0.0054836273193359,0.0067949295043945,0.0,0.0,0.0,0.0,0.0,0.0,0.0,0.0,6.096,5.728,0.0,0.0,25.0,116.632,40.0,-73.46839904785156,446.6132164001465,266.6816711425781,-266.9920921325684,0.0,0.0,27.936,1
96,0.0,0.0,0.0,0.0,0.0,0.0,0.0,0.0,0,0,0.0,0.0,0.0,0.0,0.0067480761020337,0.0088214874267578,0.0064373016357421,0.0064373016357421,0.0068187713623046,0.0092029571533203,0.0131607055664062,0.0,0.0,0.025796890258789,0.0,0.0,8.88,9.04,4.232,3.744,20.0,113.256,20.0,-90.96245765686032,423.1513023376465,209.994375705719,-338.3175730705261,0.0,0.0,1.192,1
97,0.0,0.0,0.0,0.0,0.0,0.0,0.0,0.0,0,0,0.0,0.0,0.0,0.0,0.0068192458271387,0.0085830688476562,0.0045299530029296,0.0045299530029296,0.0061511993408203,0.0079154968261718,0.012826919555664,0.0,0.0,0.0255584716796875,0.0,0.0,6.576,6.864,4.232,3.744,20.0,113.256,20.0,-42.946743965148926,423.0705499649048,268.5081362724304,-211.01927757263184,0.0,0.0,1.192,1
98,0.0,0.0,0.0,0.0,0.0,0.0,0.0,0.0,0,0,0.0,0.0,0.0,0.0,0.0063535010460579,0.0083446502685546,0.0053087870279947,0.0075340270996093,0.0065905707223074,0.009012222290039,0.0114589929580688,0.0,0.0,0.0286102294921875,0.0,0.0,6.448,7.008,11.44,12.536,33.33333333333333,125.888,20.0,-91.56324863433836,485.9862565994263,321.5007781982422,-250.39666891098025,0.0,0.0,84.504,1
99,0.0,0.0,0.0,0.0,0.0,0.0,0.0,0.0,0,0,0.0,0.0,0.0,0.0,0.0062581911608947,0.0081062316894531,0.0066280364990234,0.0075340270996093,0.0066280364990234,0.0091552734375,0.0113964080810546,0.0,0.0,0.0218868255615234,0.0,0.0,6.096,5.728,4.232,3.744,25.0,117.192,40.0,-75.87957382202148,442.5918102264404,266.6940689086914,-266.6639486948649,0.0,0.0,19.848,1
100,0.0,0.0,0.0,0.0,0.0,0.0,0.0,0.0,0,0,0.0,0.0,0.0,0.0,0.0067245960235595,0.0092983245849609,0.0041244376418936,0.0051021575927734,0.0064373016357421,0.0088691711425781,0.0115394592285156,0.0,0.0,0.0292062759399414,0.0,0.0,8.88,9.04,7.736,8.264,20.0,113.736,20.0,-92.11421012878417,420.6895589828491,211.24935150146484,-338.5692238807678,0.0,0.0,1172.728,1
101,0.0,0.0,0.0,0.0,0.0,0.0,0.0,0.0,0,0,0.0,0.0,0.0,0.0,0.0068700313568115,0.0083446502685546,0.0046281253590303,0.0062942504882812,0.0,0.0,0.0,0.0,0.0,0.0,0.0,0.0,6.576,6.864,0.0,0.0,20.0,112.0,20.0,-47.55549430847168,419.61920261383057,268.50903034210205,-211.87007427215576,0.0,0.0,117.736,1
102,0.0,0.0,0.0,0.0,0.0,0.0,0.0,0.0,0,0,0.0,0.0,0.0,0.0,0.0064986767155109,0.0085830688476562,0.0052452087402343,0.006723403930664,0.0065326690673828,0.0086307525634765,0.0115394592285156,0.0,0.0,0.0223159790039062,0.0,0.0,6.448,7.008,4.232,3.744,33.33333333333333,122.384,20.0,-95.67286968231198,481.0469388961792,320.2628493309021,-251.54513120651245,0.0,0.0,20.632,1
103,0.0,0.0,0.0,0.0,0.0,0.0,0.0,0.0,0,0,0.0,0.0,0.0,0.0,0.0060790806860473,0.0081062316894531,0.0048398971557617,0.0066757202148437,0.0066757202148437,0.0086784362792968,0.0144481658935546,0.0,0.0,0.0298023223876953,0.0,0.0,6.096,5.728,4.232,3.744,25.0,114.296,40.0,-81.47425651550293,437.7410411834717,266.6615645090739,-266.9900258382161,0.0,0.0,162.768,1
104,0.0,0.0,0.0,0.0,0.0,0.0,0.0,0.0,0,0,0.0,0.0,0.0,0.0,0.0068795680999755,0.0088453292846679,0.0042915344238281,0.0042915344238281,0.0059127807617187,0.0081062316894531,0.0116825103759765,0.0,0.0,0.0298500061035156,0.0,0.0,8.88,9.04,11.968,12.008,20.0,112.696,20.0,-97.16119766235347,416.88079833984375,212.2702598571777,-336.30651235580444,0.0,0.0,1.192,1
105,0.0,0.0,0.0,0.0,0.0,0.0,0.0,0.0,0,0,0.0,0.0,0.0,0.0,0.0062756019063515,0.008559226989746,0.0043329985245414,0.0052452087402343,0.005960464477539,0.0075340270996093,0.0118255615234375,0.0,0.0,0.0230312347412109,0.0,0.0,6.576,6.864,4.232,3.744,20.0,118.448,20.0,-51.85132026672363,416.5564298629761,268.52792501449585,-213.10901641845703,0.0,0.0,234.6,1
106,0.0,0.0,0.0,0.0,0.0,0.0,0.0,0.0,0,0,0.0,0.0,0.0,0.0,0.0063210577514041,0.0088214874267578,0.005960464477539,0.005960464477539,0.0060319900512695,0.0086069107055664,0.011444091796875,0.0,0.0,0.0284194946289062,0.0,0.0,6.448,7.008,7.736,8.264,33.33333333333333,113.256,20.0,-85.81116199493405,489.50345516204834,319.2275166511536,-246.3173270225525,0.0,0.0,1.192,1
107,0.0,0.0,0.0,0.0,0.0,0.0,0.0,0.0,0,0,0.0,0.0,0.0,0.0,0.0063526630401611,0.0088214874267578,0.0,0.0,0.0,0.0,0.0,0.0,0.0,0.0,0.0,0.0,6.096,5.728,0.0,0.0,25.0,112.0,40.0,-68.75643730163574,449.8507499694824,266.6870752970378,-266.6636308034261,0.0,0.0,0.0,1
108,0.0,0.0,0.0,0.0,0.0,0.0,0.0,0.0,0,0,0.0,0.0,0.0,0.0,0.0064337954801671,0.0088214874267578,0.0039507181216508,0.0047683715820312,0.005960464477539,0.0077724456787109,0.0117301940917968,0.0,0.0,0.0226020812988281,0.0,0.0,8.88,9.04,4.232,3.744,20.0,132.064,20.0,-85.95445156097409,427.01778411865234,208.99522304534912,-340.5953049659729,0.0,0.0,3400.816,1
109,0.0,0.0,0.0,0.0,0.0,0.0,0.0,0.0,0,0,0.0,0.0,0.0,0.0,0.0063061714172363,0.0088214874267578,0.0056425730387369,0.0069141387939453,0.0064849853515625,0.0087738037109375,0.011301040649414,0.0,0.0,0.0218391418457031,0.0,0.0,6.576,6.864,4.232,3.744,20.0,116.632,20.0,-39.37520980834961,425.99287033081055,268.26953887939453,-210.00432968139648,0.0,0.0,23.984,1
110,0.0,0.0,0.0,0.0,0.0,0.0,0.0,0.0,0,0,0.0,0.0,0.0,0.0,0.007083759972112,0.0090599060058593,0.0045014851128877,0.0054836273193359,0.0063419342041015,0.0088691711425781,0.0118255615234375,0.0,0.0,0.0220775604248046,0.0,0.0,6.448,7.008,4.232,3.744,33.33333333333333,114.328,20.0,-89.51156139373776,490.6053066253662,322.74627685546875,-251.3793706893921,0.0,0.0,450.2,1
111,0.0,0.0,0.0,0.0,0.0,0.0,0.0,0.0,0,0,0.0,0.0,0.0,0.0,0.0067196082119917,0.0088214874267578,0.0043452954759784,0.0052452087402343,0.0061194101969401,0.0086307525634765,0.0111262003580729,0.0,0.0,0.0286579132080078,0.0,0.0,6.096,5.728,11.968,12.008,25.0,115.328,40.0,-74.60761070251465,444.8321342468262,266.6765054066976,-266.6629950205485,0.0,0.0,676.048,1
112,0.0,0.0,0.0,0.0,0.0,0.0,0.0,0.0,0,0,0.0,0.0,0.0,0.0,0.0069212205339186,0.0092744827270507,0.0045399705902868,0.0055313110351562,0.0060319900512695,0.0085830688476562,0.0112771987915039,0.0,0.0,0.0272274017333984,0.0,0.0,8.88,9.04,7.736,8.264,20.0,115.888,20.0,-90.83168506622312,422.7309703826904,210.0090980529785,-338.5670781135559,0.0,0.0,729.016,1
113,0.0,0.0,0.0,0.0,0.0,0.0,0.0,0.0,0,0,0.0,0.0,0.0,0.0,0.0067978949096072,0.0088214874267578,0.0044906840604894,0.0056266784667968,0.0,0.0,0.0,0.0,0.0,0.0,0.0,0.0,6.576,6.864,0.0,0.0,20.0,115.328,20.0,-42.88313388824463,422.83549308776855,268.51433515548706,-210.8597755432129,0.0,0.0,479.688,1
114,0.0,0.0,0.0,0.0,0.0,0.0,0.0,0.0,0,0,0.0,0.0,0.0,0.0,0.0067302836707575,0.0090599060058593,0.0045098454119211,0.0057220458984375,0.0,0.0,0.0,0.0,0.0,0.0,0.0,0.0,6.448,7.008,0.0,0.0,33.33333333333333,114.6,20.0,-91.4602756500244,485.65385341644287,321.4874267578125,-250.55742263793945,0.0,0.0,541.864,1
115,0.0,0.0,0.0,0.0,0.0,0.0,0.0,0.0,0,0,0.0,0.0,0.0,0.0,0.0066069228139089,0.0088214874267578,0.0043395739882739,0.0054121017456054,0.0063776969909667,0.0078439712524414,0.0111659367879231,0.0,0.0,0.0202655792236328,0.0,0.0,6.096,5.728,3.704,4.272,25.0,115.528,40.0,-78.36308479309082,441.1271095275879,266.66585604349774,-269.3273226420085,0.0,0.0,994.608,1
116,0.0,0.0,0.0,0.0,0.0,0.0,0.0,0.0,0,0,0.0,0.0,0.0,0.0,0.0066900253295898,0.0088453292846679,0.0045423706372578,0.0053644180297851,0.0060319900512695,0.0088453292846679,0.0115394592285156,0.0,0.0,0.0299692153930664,0.0,0.0,8.88,9.04,8.464,7.488,20.0,114.776,20.0,-95.69821357727048,419.3210124969482,211.5206718444824,-336.58409118652344,0.0,0.0,541.024,1
117,0.0,0.0,0.0,0.0,0.0,0.0,0.0,0.0,0,0,0.0,0.0,0.0,0.0,0.0070090317607519,0.0088214874267578,0.0047432748894942,0.006270408630371,0.0062465667724609,0.0087261199951171,0.0115394592285156,0.0,0.0,0.0279426574707031,0.0,0.0,6.576,6.864,11.968,12.008,20.0,117.192,20.0,-51.77116394042969,418.57430934906006,268.2710289955139,-213.07647228240967,0.0,0.0,307.328,1
118,0.0,0.0,0.0,0.0,0.0,0.0,0.0,0.0,0,0,0.0,0.0,0.0,0.0,0.006332255826138,0.0081062316894531,0.0042915344238281,0.0055789947509765,0.006265640258789,0.0085830688476562,0.0112247467041015,0.0,0.0,0.0271320343017578,0.0,0.0,6.448,7.008,19.048,19.04,33.33333333333333,118.448,20.0,-96.3541269302368,480.361008644104,320.27173042297363,-250.32347440719604,0.0,0.0,159.064,1
119,0.0,0.0,0.0,0.0,0.0,0.0,0.0,0.0,0,0,0.0,0.0,0.0,0.0,0.0066448800006316,0.0085830688476562,0.0044932732215294,0.0058174133300781,0.0,0.0,0.0,0.0,0.0,0.0,0.0,0.0,6.096,5.728,0.0,0.0,25.0,115.872,40.0,-81.29086494445801,437.7525329589844,266.6366895039876,-266.6604518890381,0.0,0.0,95.96,1
120,0.0,0.0,0.0,0.0,0.0,0.0,0.0,0.0,0,0,0.0,0.0,0.0,0.0,0.0068216181513088,0.0085830688476562,0.0042915344238281,0.0054121017456054,0.0,0.0,0.0,0.0,0.0,0.0,0.0,0.0,8.88,9.04,0.0,0.0,20.0,113.256,20.0,-97.08766937255857,416.0886764526367,212.51410245895383,-336.57556772232056,0.0,0.0,129.552,1
121,0.0,0.0,0.0,0.0,0.0,0.0,0.0,0.0,0,0,0.0,0.0,0.0,0.0,0.0066887034047948,0.0087976455688476,0.0045068802372101,0.0064373016357421,0.0064849853515625,0.0087738037109375,0.0113964080810546,0.0,0.0,0.0216484069824218,0.0,0.0,6.576,6.864,4.232,3.744,20.0,120.048,20.0,-53.06389331817627,415.8370494842529,268.5110569000244,-213.6356830596924,0.0,0.0,303.8,1
122,0.0,0.0,0.0,0.0,0.0,0.0,0.0,0.0,0,0,0.0,0.0,0.0,0.0,0.0062394142150878,0.0088214874267578,0.0041007995605468,0.0055313110351562,0.0063896179199218,0.0090599060058593,0.0125646591186523,0.0,0.0,0.0331878662109375,0.0,0.0,6.448,7.008,8.464,7.488,33.33333333333333,112.0,20.0,-85.09335517883298,489.2448663711548,318.99094581604004,-245.77343463897705,0.0,0.0,154.264,1
123,0.0,0.0,0.0,0.0,0.0,0.0,0.0,0.0,0,0,0.0,0.0,0.0,0.0,0.0064373016357421,0.0083446502685546,0.0041673991305768,0.0052452087402343,0.0064849853515625,0.0086307525634765,0.0118732452392578,0.0,0.0,0.0297069549560546,0.0,0.0,6.096,5.728,11.968,12.008,25.0,119.968,40.0,-68.89691352844238,449.7986316680908,266.68254534403485,-266.6624387105306,0.0,0.0,1098.808,1
124,0.0,0.0,0.0,0.0,0.0,0.0,0.0,0.0,0,0,0.0,0.0,0.0,0.0,0.0072367748810877,0.0092983245849609,0.0039163413356938,0.0045299530029296,0.006103515625,0.0084400177001953,0.0111818313598632,0.0209808349609375,0.0209808349609375,0.0278711318969726,0.848,1.696,8.88,9.04,7.736,8.264,20.0,117.192,20.0,-86.63280010223386,426.7124652862549,208.7723016738892,-340.6020998954773,1674.0171909332275,1674.0225315093994,11282.448,1
125,0.0,0.0,0.0,0.0,0.0,0.0,0.0,0.0,0,0,0.0,0.0,0.0,0.0,0.0071029851932336,0.0090599060058593,0.0039447028681917,0.0047683715820312,0.0,0.0,0.0,0.0104904174804687,0.0104904174804687,0.0,0.848,0.0,6.576,6.864,0.0,0.0,20.0,118.448,20.0,-38.324809074401855,426.5810489654541,268.7448263168335,-209.6201777458191,0.0,0.0,5846.944,1
126,0.0,0.0,0.0,0.0,0.0,0.0,0.0,0.0,0,0,0.0,0.0,0.0,0.0,0.0062107446774914,0.0083446502685546,0.0050067901611328,0.0058650970458984,0.0,0.0,0.0,0.0,0.0,0.0,0.0,0.0,6.448,7.008,0.0,0.0,33.33333333333333,113.256,20.0,-89.94650840759275,489.6941900253296,322.5127458572388,-251.75899267196652,0.0,0.0,35.24,1
127,0.0,0.0,0.0,0.0,0.0,0.0,0.0,0.0,0,0,0.0,0.0,0.0,0.0,0.0069722607361143,0.0095367431640625,0.0042238018729469,0.0052452087402343,0.0066757202148437,0.0088214874267578,0.0130653381347656,0.0,0.0,0.0262737274169921,0.0,0.0,6.096,5.728,4.232,3.744,25.0,122.52,40.0,-73.6757755279541,445.2253818511963,266.6746775309245,-266.6632334391276,0.0,0.0,1509.648,1
128,0.0,0.0,0.0,0.0,0.0,0.0,0.0,0.0,0,0,0.0,0.0,0.0,0.0,0.0066733478906735,0.0088214874267578,0.0044698113793725,0.0057220458984375,0.0060796737670898,0.0084161758422851,0.0115871429443359,0.0,0.0,0.0309944152832031,0.0,0.0,8.88,9.04,8.464,7.488,20.0,117.192,20.0,-91.09816551208492,423.2034206390381,210.00707149505612,-338.59783411026,0.0,0.0,912.552,1
129,0.0,0.0,0.0,0.0,0.0,0.0,0.0,0.0,0,0,0.0,0.0,0.0,0.0,0.0063827381798283,0.0088214874267578,0.0048339366912841,0.0061988830566406,0.006103515625,0.0084877014160156,0.0114599863688151,0.0,0.0,0.0297069549560546,0.0,0.0,6.576,6.864,11.968,12.008,20.0,117.192,20.0,-43.41230392456055,422.7687120437622,268.7528133392334,-211.13181114196777,0.0,0.0,296.08,1
130,0.0,0.0,0.0,0.0,0.0,0.0,0.0,0.0,0,0,0.0,0.0,0.0,0.0,0.0065374374389648,0.0085830688476562,0.0045442581176757,0.0057458877563476,0.0066041946411132,0.0090837478637695,0.0123262405395507,0.0,0.0,0.0319480895996093,0.0,0.0,6.448,7.008,7.736,8.264,33.33333333333333,114.6,20.0,-91.56911373138423,485.03923416137695,321.25377655029297,-250.5054473876953,0.0,0.0,347.04,1
131,0.0,0.0,0.0,0.0,0.0,0.0,0.0,0.0,0,0,0.0,0.0,0.0,0.0,0.0068370382584149,0.0083446502685546,0.0044302506880326,0.0058650970458984,0.0,0.0,0.0,0.0,0.0,0.0,0.0,0.0,6.096,5.728,0.0,0.0,25.0,117.192,40.0,-78.58266830444336,441.1670207977295,266.6698296864828,-268.99178822835285,0.0,0.0,488.536,1
132,0.0,0.0,0.0,0.0,0.0,0.0,0.0,0.0,0,0,0.0,0.0,0.0,0.0,0.0067836609645862,0.0083446502685546,0.0049273173014322,0.0058650970458984,0.0,0.0,0.0,0.0,0.0,0.0,0.0,0.0,8.88,9.04,0.0,0.0,20.0,113.256,20.0,-95.19906044006343,419.6775674819946,211.2777829170227,-336.5901112556457,0.0,0.0,15.448,1
133,0.0,0.0,0.0,0.0,0.0,0.0,0.0,0.0,0,0,0.0,0.0,0.0,0.0,0.0067949295043945,0.0085830688476562,0.0052213668823242,0.0062465667724609,0.0072956085205078,0.0098228454589843,0.0124454498291015,0.0,0.0,0.0243186950683593,0.0,0.0,6.576,6.864,4.232,3.744,20.0,117.48,20.0,-35.37261486053467,418.8837766647339,263.74971866607666,-207.47220516204837,0.0,0.0,42.064,1
134,0.0,0.0,0.0,0.0,0.0,0.0,0.0,0.0,0,0,0.0,0.0,0.0,0.0,0.0062854728888516,0.0083446502685546,0.0042915344238281,0.0042915344238281,0.0076770782470703,0.0096797943115234,0.0128746032714843,0.0,0.0,0.0252246856689453,0.0,0.0,6.448,7.008,4.232,3.744,33.33333333333333,113.256,20.0,-95.87779045104978,493.6873197555542,325.01721382141113,-255.92225790023804,0.0,0.0,1.192,1
135,0.0,0.0,0.0,0.0,0.0,0.0,0.0,0.0,0,0,0.0,0.0,0.0,0.0,0.0063347816467285,0.0083684921264648,0.0047683715820312,0.0047683715820312,0.0062159129551478,0.0082969665527343,0.0114291906356811,0.0,0.0,0.0306367874145507,0.0,0.0,6.096,5.728,11.44,12.536,25.0,113.832,40.0,-80.94706535339355,437.7470016479492,266.65759086608887,-266.65838559468585,0.0,0.0,2.104,1
136,0.0,0.0,0.0,0.0,0.0,0.0,0.0,0.0,0,0,0.0,0.0,0.0,0.0,0.0063676645260046,0.0088214874267578,0.0047922134399414,0.0054836273193359,0.0068187713623046,0.0102996826171875,0.0111579895019531,0.0,0.0,0.0216007232666015,0.0,0.0,8.88,9.04,4.232,3.744,20.0,116.784,20.0,-96.702766418457,416.4718151092529,212.5153541564941,-336.56901121139526,0.0,0.0,43.04,1
137,0.0,0.0,0.0,0.0,0.0,0.0,0.0,0.0,0,0,0.0,0.0,0.0,0.0,0.006219047812087,0.0083446502685546,0.0050663948059082,0.0060081481933593,0.0066280364990234,0.0092983245849609,0.0120401382446289,0.0,0.0,0.0279903411865234,0.0,0.0,6.576,6.864,7.736,8.264,20.0,114.392,20.0,-53.41484546661377,416.0898208618164,268.75126361846924,-213.58966827392575,0.0,0.0,42.08,1
138,0.0,0.0,0.0,0.0,0.0,0.0,0.0,0.0,0,0,0.0,0.0,0.0,0.0,0.0065875053405761,0.0088214874267578,0.005275011062622,0.005960464477539,0.0,0.0,0.0,0.0,0.0,0.0,0.0,0.0,6.448,7.008,0.0,0.0,33.33333333333333,113.832,20.0,-85.1293087005615,489.0024662017822,318.7563419342041,-245.8246350288391,0.0,0.0,35.072,1
139,0.0,0.0,0.0,0.0,0.0,0.0,0.0,0.0,0,0,0.0,0.0,0.0,0.0,0.0065942802051506,0.0092983245849609,0.0048104454489315,0.0060558319091796,0.0066757202148437,0.0080108642578125,0.0119209289550781,0.0,0.0,0.0230312347412109,0.0,0.0,6.096,5.728,4.232,3.744,25.0,115.648,40.0,-68.77889633178711,449.74069595336914,266.66537920633954,-266.6640281677246,0.0,0.0,34.856,1
140,0.0,0.0,0.0,0.0,0.0,0.0,0.0,0.0,0,0,0.0,0.0,0.0,0.0,0.0065784549238669,0.0088214874267578,0.0053185683030348,0.006723403930664,0.0059127807617187,0.0077247619628906,0.0116348266601562,0.0,0.0,0.0230789184570312,0.0,0.0,8.88,9.04,4.232,3.744,20.0,115.088,20.0,-86.24591827392575,426.6307592391968,209.0117335319519,-340.58791399002075,0.0,0.0,26.44,1
141,0.0,0.0,0.0,0.0,0.0,0.0,0.0,0.0,0,0,0.0,0.0,0.0,0.0,0.0064728864982946,0.0083446502685546,0.0052928924560546,0.0062942504882812,0.0061829884847005,0.0084877014160156,0.011142094930013,0.0,0.0,0.0277996063232421,0.0,0.0,6.576,6.864,11.968,12.008,20.0,115.088,20.0,-38.83965015411377,426.070237159729,268.26924085617065,-209.92451906204224,0.0,0.0,9.608,1
142,0.0,0.0,0.0,0.0,0.0,0.0,0.0,0.0,0,0,0.0,0.0,0.0,0.0,0.0067540069124591,0.0081062316894531,0.0056823094685872,0.0067949295043945,0.006103515625,0.0080585479736328,0.0118255615234375,0.0,0.0,0.0226020812988281,0.0,0.0,16.832,30.24,4.232,3.744,16.666666666666664,114.392,25.0,-35.657691955566406,238.0019187927245,125.37236213684082,-106.34287198384602,0.0,0.0,12.624,1
143,0.0,0.0,0.0,0.0,0.0,0.0,0.0,0.0,0,0,0.0,0.0,0.0,0.0,0.0064942374158261,0.0081062316894531,0.0049591064453125,0.0053882598876953,0.0057697296142578,0.0076770782470703,0.0112533569335937,0.0,0.0,0.0287294387817382,0.0,0.0,5.6,6.224,7.736,8.264,40.0,114.392,25.0,-74.82872009277344,444.8519229888916,266.6848500569661,-258.2501570383708,0.0,0.0,12.184,1
144,0.0,0.0,0.0,0.0,0.0,0.0,0.0,0.0,0,0,0.0,0.0,0.0,0.0,0.0063717365264892,0.0083684921264648,0.0050067901611328,0.0055789947509765,0.0,0.0,0.0,0.0,0.0,0.0,0.0,0.0,8.88,9.04,0.0,0.0,20.0,113.832,20.0,-90.64459800720212,422.74458408355713,210.24835109710693,-338.3250832557678,0.0,0.0,4.208,1
145,0.0,0.0,0.0,0.0,0.0,0.0,0.0,0.0,0,0,0.0,0.0,0.0,0.0,0.0066887679977796,0.0083446502685546,0.0061459011501736,0.0081062316894531,0.0065326690673828,0.0082969665527343,0.0123977661132812,0.0,0.0,0.0241756439208984,0.0,0.0,12.464,16.4,4.232,3.744,22.22222222222222,114.392,22.22222222222222,-33.113861083984375,223.87957572937012,132.39853722708563,-137.41387639726912,0.0,0.0,18.936,1
146,0.0,0.0,0.0,0.0,0.0,0.0,0.0,0.0,0,0,0.0,0.0,0.0,0.0,0.0068536445276061,0.0088214874267578,0.0042915344238281,0.0042915344238281,0.0066280364990234,0.0089645385742187,0.0117301940917968,0.0,0.0,0.022745132446289,0.0,0.0,22.048,10.624,4.232,3.744,30.0,113.192,25.0,-28.213024139404297,366.34402275085455,199.4328498840332,-181.6453536351522,0.0,0.0,1.192,1
147,0.0,0.0,0.0,0.0,0.0,0.0,0.0,0.0,0,0,0.0,0.0,0.0,0.0,0.0068445016842077,0.008559226989746,0.0052452087402343,0.0058174133300781,0.0061353047688802,0.008249282836914,0.0115553538004557,0.0,0.0,0.0306606292724609,0.0,0.0,6.096,5.728,11.968,12.008,25.0,115.712,40.0,-80.17411231994629,439.54687118530273,266.66903495788574,-266.9971783955892,0.0,0.0,3.36,1
148,0.0,0.0,0.0,0.0,0.0,0.0,0.0,0.0,0,0,0.0,0.0,0.0,0.0,0.0070066594365817,0.0083446502685546,0.0042915344238281,0.0054597854614257,0.0065803527832031,0.0088214874267578,0.0116348266601562,0.0,0.0,0.0230312347412109,0.0,0.0,8.88,9.04,4.232,3.744,20.0,117.888,20.0,-96.171498298645,418.3750629425049,211.7723226547241,-336.3803029060364,0.0,0.0,552.608,1
149,0.0,0.0,0.0,0.0,0.0,0.0,0.0,0.0,0,0,0.0,0.0,0.0,0.0,0.0073484855123085,0.0092983245849609,0.0039623629662298,0.0047683715820312,0.0060558319091796,0.0082254409790039,0.0109672546386718,0.0,0.0,0.0284194946289062,0.0,0.0,6.576,6.864,7.736,8.264,20.0,122.384,20.0,-50.58536529541016,417.88933277130127,268.76312494277954,-212.98032999038696,0.0,0.0,6842.784,1
150,0.0,0.0,0.0,0.0,0.0,0.0,0.0,0.0,0,0,0.0,0.0,0.0,0.0,0.0073484855123085,0.0092983245849609,0.0039623629662298,0.0047683715820312,0.0,0.0,0.0,0.0,0.0,0.0,0.0,0.0,6.448,7.008,0.0,0.0,33.33333333333333,122.384,20.0,-96.44589424133298,477.9346466064453,319.47922706604004,-250.62084197998047,0.0,0.0,6842.784,1
151,0.0,0.0,0.0,0.0,0.0,0.0,0.0,0.0,0,0,0.0,0.0,0.0,0.0,0.0073484855123085,0.0092983245849609,0.0039623629662298,0.0047683715820312,0.0064849853515625,0.0081539154052734,0.0118255615234375,0.0,0.0,0.0228404998779296,0.0,0.0,6.096,5.728,4.232,3.744,25.0,122.384,40.0,-82.41128921508789,436.2257480621338,266.71234766642254,-266.6622002919515,0.0,0.0,6842.784,1
152,0.0,0.0,0.0,0.0,0.0,0.0,0.0,0.0,0,0,0.0,0.0,0.0,0.0,0.0073484855123085,0.0092983245849609,0.0039623629662298,0.0047683715820312,0.0060558319091796,0.0077247619628906,0.0124454498291015,0.0,0.0,0.0234127044677734,0.0,0.0,8.88,9.04,4.232,3.744,20.0,122.384,20.0,-99.97296333312984,415.0672912597656,207.9889178276062,-336.34501695632935,0.0,0.0,6842.784,1
153,0.0,0.0,0.0,0.0,0.0,0.0,0.0,0.0,0,0,0.0,0.0,0.0,0.0,0.0071011337579465,0.0087499618530273,0.0043373107910156,0.0052452087402343,0.0058753149850027,0.0079631805419921,0.0110417604446411,0.0,0.0,0.0298023223876953,0.0,0.0,6.576,6.864,11.44,12.536,20.0,133.464,20.0,-34.59658622741699,428.3694505691528,268.5052752494812,-208.8165283203125,0.0,0.0,1127.112,1
154,0.0,0.0,0.0,0.0,0.0,0.0,0.0,0.0,0,0,0.0,0.0,0.0,0.0,0.0071808843329401,0.0092744827270507,0.0048160552978515,0.0065803527832031,0.0059127807617187,0.0072479248046875,0.012826919555664,0.0,0.0,0.0261306762695312,0.0,0.0,6.448,7.008,4.232,3.744,33.33333333333333,118.448,20.0,-86.55540943145749,493.72572898864746,323.51571321487427,-250.82021951675412,0.0,0.0,40.552,1
155,0.0,0.0,0.0,0.0,0.0,0.0,0.0,0.0,0,0,0.0,0.0,0.0,0.0,0.0068263627996492,0.0088214874267578,0.0050067901611328,0.0050067901611328,0.006103515625,0.0083446502685546,0.0111341476440429,0.0,0.0,0.0281810760498046,0.0,0.0,6.096,5.728,7.736,8.264,25.0,113.256,40.0,-72.57227897644043,448.0013847351074,266.6751543680827,-269.3263689676921,0.0,0.0,1.192,1
156,0.0,0.0,0.0,0.0,0.0,0.0,0.0,0.0,0,0,0.0,0.0,0.0,0.0,0.0068724155426025,0.0088214874267578,0.0,0.0,0.0,0.0,0.0,0.0,0.0,0.0,0.0,0.0,8.88,9.04,0.0,0.0,20.0,112.0,20.0,-89.47310447692868,425.1451253890991,209.51849222183228,-338.3237719535828,0.0,0.0,0.0,1
157,0.0,0.0,0.0,0.0,0.0,0.0,0.0,0.0,0,0,0.0,0.0,0.0,0.0,0.0068926811218261,0.0085830688476562,0.0,0.0,0.0062942504882812,0.0078201293945312,0.0116825103759765,0.0,0.0,0.0234127044677734,0.0,0.0,6.576,6.864,4.232,3.744,20.0,112.0,20.0,-40.93465805053711,425.2087593078613,268.5335874557495,-210.16478538513184,0.0,0.0,0.0,1
158,0.0,0.0,0.0,0.0,0.0,0.0,0.0,0.0,0,0,0.0,0.0,0.0,0.0,0.0070221905637844,0.0088214874267578,0.0040401784024497,0.0047683715820312,0.0060081481933593,0.007486343383789,0.0115871429443359,0.0,0.0,0.0230312347412109,0.0,0.0,6.448,7.008,4.232,3.744,33.33333333333333,132.208,20.0,-90.80619812011716,487.5617265701294,321.9519257545471,-251.2456774711609,0.0,0.0,1368.616,1
159,0.0,0.0,0.0,0.0,0.0,0.0,0.0,0.0,0,0,0.0,0.0,0.0,0.0,0.0068151950836181,0.0088214874267578,0.0,0.0,0.0060717264811197,0.0081539154052734,0.0108877817789713,0.0,0.0,0.0280380249023437,0.0,0.0,6.096,5.728,11.968,12.008,25.0,112.0,40.0,-75.10290145874023,444.2071437835693,266.7110761006673,-266.9920126597087,0.0,0.0,0.0,1
160,0.0,0.0,0.0,0.0,0.0,0.0,0.0,0.0,0,0,0.0,0.0,0.0,0.0,0.0067350283190978,0.0078678131103515,0.0045299530029296,0.0045299530029296,0.0056743621826171,0.0071525573730468,0.0110626220703125,0.0,0.0,0.0217437744140625,0.0,0.0,8.88,9.04,4.232,3.744,20.0,113.256,20.0,-91.4912700653076,421.7113256454468,210.49225330352783,-338.3413553237915,0.0,0.0,1.192,1
161,0.0,0.0,0.0,0.0,0.0,0.0,0.0,0.0,0,0,0.0,0.0,0.0,0.0,0.0069367885589599,0.0085830688476562,0.0064373016357421,0.0064373016357421,0.0063419342041015,0.0081539154052734,0.0119924545288085,0.0202655792236328,0.0202655792236328,0.0309228897094726,0.848,1.696,6.576,6.864,7.736,8.264,20.0,112.696,20.0,-45.10734081268311,421.4120626449585,268.7525749206543,-211.72082424163816,1674.028754234314,1674.0292310714722,1.192,1
162,0.0,0.0,0.0,0.0,0.0,0.0,0.0,0.0,0,0,0.0,0.0,0.0,0.0,0.0068548306896911,0.0083446502685546,0.0061988830566406,0.0061988830566406,0.0,0.0,0.0,0.0100135803222656,0.0100135803222656,0.0,0.848,0.0,6.448,7.008,0.0,0.0,33.33333333333333,113.256,20.0,-95.3362703323364,482.7724695205689,320.76865434646606,-251.6707181930542,0.0,0.0,1.192,1
163,0.0,0.0,0.0,0.0,0.0,0.0,0.0,0.0,0,0,0.0,0.0,0.0,0.0,0.0068509578704833,0.0086069107055664,0.0,0.0,0.0066280364990234,0.0090599060058593,0.011444091796875,0.0,0.0,0.0221729278564453,0.0,0.0,6.096,5.728,4.232,3.744,25.0,112.0,40.0,-79.85601425170898,439.3348217010498,266.6622002919515,-266.660213470459,0.0,0.0,0.0,1
164,0.0,0.0,0.0,0.0,0.0,0.0,0.0,0.0,0,0,0.0,0.0,0.0,0.0,0.0068283081054687,0.0083446502685546,0.0,0.0,0.0064373016357421,0.00762939453125,0.011301040649414,0.0,0.0,0.022125244140625,0.0,0.0,8.88,9.04,4.232,3.744,20.0,112.0,20.0,-95.55864334106442,418.1743860244751,212.0264172554016,-336.5671634674072,0.0,0.0,0.0,1
165,0.0,0.0,0.0,0.0,0.0,0.0,0.0,0.0,0,0,0.0,0.0,0.0,0.0,0.0069916248321533,0.0083684921264648,0.0,0.0,0.0064556415264423,0.0087261199951171,0.011458116419175,0.0,0.0,0.0302791595458984,0.0,0.0,6.576,6.864,10.912,13.064,20.0,112.0,20.0,-51.05252265930176,417.1962738037109,268.2483196258545,-212.88299560546875,0.0,0.0,0.0,1
166,0.0,0.0,0.0,0.0,0.0,0.0,0.0,0.0,0,0,0.0,0.0,0.0,0.0,0.0068056583404541,0.0085830688476562,0.0,0.0,0.0070095062255859,0.0101566314697265,0.0113487243652343,0.0,0.0,0.0219345092773437,0.0,0.0,6.448,7.008,4.232,3.744,33.33333333333333,112.0,20.0,-96.56505584716794,478.3719062805176,319.7380304336548,-250.53399801254272,0.0,0.0,0.0,1
167,0.0,0.0,0.0,0.0,0.0,0.0,0.0,0.0,0,0,0.0,0.0,0.0,0.0,0.0069294069788138,0.0085830688476562,0.0048417311448317,0.0072002410888671,0.006270408630371,0.0088453292846679,0.0112295150756835,0.0,0.0,0.0281095504760742,0.0,0.0,6.096,5.728,7.736,8.264,25.0,123.64,40.0,-82.15808868408203,436.1681938171387,266.6964530944824,-266.6606903076172,0.0,0.0,137.768,1
168,0.0,0.0,0.0,0.0,0.0,0.0,0.0,0.0,0,0,0.0,0.0,0.0,0.0,0.0070858001708984,0.0095367431640625,0.0042915344238281,0.0042915344238281,0.0,0.0,0.0,0.0,0.0,0.0,0.0,0.0,8.88,9.04,0.0,0.0,20.0,112.696,20.0,-100.24783611297605,414.7800922393799,208.00036191940308,-336.59183979034424,0.0,0.0,1.192,1
169,0.0,0.0,0.0,0.0,0.0,0.0,0.0,0.0,0,0,0.0,0.0,0.0,0.0,0.0071003662413032,0.0088214874267578,0.0050067901611328,0.0050067901611328,0.0064849853515625,0.0085830688476562,0.0117301940917968,0.0,0.0,0.0235557556152343,0.0,0.0,6.576,6.864,4.232,3.744,20.0,113.256,20.0,-35.05911827087402,428.3759117126465,268.51558685302734,-208.9061141014099,0.0,0.0,1.192,1
170,0.0,0.0,0.0,0.0,0.0,0.0,0.0,0.0,0,0,0.0,0.0,0.0,0.0,0.0069391727447509,0.0085830688476562,0.0,0.0,0.005960464477539,0.0074386596679687,0.0111579895019531,0.0,0.0,0.0216484069824218,0.0,0.0,6.448,7.008,4.232,3.744,33.33333333333333,112.0,20.0,-87.26618289947507,493.64869594573975,323.50629568099976,-252.4856328964233,0.0,0.0,0.0,1
171,0.0,0.0,0.0,0.0,0.0,0.0,0.0,0.0,0,0,0.0,0.0,0.0,0.0,0.006803274154663,0.0083446502685546,0.0,0.0,0.0058174133300781,0.0081062316894531,0.0109195709228515,0.0,0.0,0.0290393829345703,0.0,0.0,6.096,5.728,11.968,12.008,25.0,112.0,40.0,-72.90477752685547,448.19369316101074,266.6693528493245,-266.9917742411296,0.0,0.0,0.0,1
172,0.0,0.0,0.0,0.0,0.0,0.0,0.0,0.0,0,0,0.0,0.0,0.0,0.0,0.0068330764770507,0.0083684921264648,0.0,0.0,0.0061988830566406,0.0081062316894531,0.0109195709228515,0.0,0.0,0.0214099884033203,0.0,0.0,8.88,9.04,4.232,3.744,20.0,112.0,20.0,-89.29612636566159,425.5618095397949,209.5208764076233,-338.3280634880066,0.0,0.0,0.0,1
173,0.0,0.0,0.0,0.0,0.0,0.0,0.0,0.0,0,0,0.0,0.0,0.0,0.0,0.0068509578704833,0.0088214874267578,0.0,0.0,0.0062942504882812,0.0080108642578125,0.0119686126708984,0.0,0.0,0.0239372253417968,0.0,0.0,6.576,6.864,4.232,3.744,20.0,112.0,20.0,-41.52786731719971,424.2244482040405,268.4944272041321,-210.7835412025452,0.0,0.0,0.0,1
174,0.0,0.0,0.0,0.0,0.0,0.0,0.0,0.0,0,0,0.0,0.0,0.0,0.0,0.0069427490234375,0.0085830688476562,0.0042915344238281,0.0042915344238281,0.0,0.0,0.0,0.0,0.0,0.0,0.0,0.0,6.448,7.072,0.0,0.0,33.33333333333333,112.696,20.0,-90.57164192199704,487.97760009765625,321.99805974960327,-250.8711814880371,0.0,0.0,1.192,1
175,0.0,0.0,0.0,0.0,0.0,0.0,0.0,0.0,0,0,0.0,0.0,0.0,0.0,0.0068939740384989,0.0081062316894531,0.0040531158447265,0.0040531158447265,0.0061511993408203,0.0076770782470703,0.0130176544189453,0.0,0.0,0.026702880859375,0.0,0.0,6.096,5.792,4.232,3.744,25.0,113.256,40.0,-74.54595565795898,444.2215442657471,266.69152577718097,-266.3296063741048,0.0,0.0,1.192,1
176,0.0,0.0,0.0,0.0,0.0,0.0,0.0,0.0,0,0,0.0,0.0,0.0,0.0,0.0069520959806679,0.0090599060058593,0.0042915344238281,0.0042915344238281,0.0060558319091796,0.0078201293945312,0.0118732452392578,0.0,0.0,0.0238895416259765,0.0,0.0,8.88,9.104,4.232,3.744,20.0,113.256,20.0,-91.34225845336913,422.1150875091553,210.50620079040527,-338.5903835296631,0.0,0.0,1.192,1
177,0.0,0.0,0.0,0.0,0.0,0.0,0.0,0.0,0,0,0.0,0.0,0.0,0.0,0.0069520959806679,0.0090599060058593,0.0042915344238281,0.0042915344238281,0.0064611434936523,0.0084877014160156,0.0113964080810546,0.0,0.0,0.0277280807495117,0.0,0.0,6.576,6.96,7.736,8.264,20.0,113.256,20.0,-47.06580638885498,421.3839292526245,268.5083746910095,-212.16297149658203,0.0,0.0,1.192,1
178,0.0,0.0,0.0,0.0,0.0,0.0,0.0,0.0,0,0,0.0,0.0,0.0,0.0,0.0069520959806679,0.0090599060058593,0.0042915344238281,0.0042915344238281,0.0063260396321614,0.0090599060058593,0.010236104329427,0.0,0.0,0.0214576721191406,0.0,0.0,6.448,7.104,11.312,10.776,33.33333333333333,113.256,20.0,-95.8248138427734,483.3665609359741,321.00850343704224,-251.2274384498596,0.0,0.0,1.192,1
179,0.0,0.0,0.0,0.0,0.0,0.0,0.0,0.0,0,0,0.0,0.0,0.0,0.0,0.0069520959806679,0.0090599060058593,0.0042915344238281,0.0042915344238281,0.0,0.0,0.0,0.0,0.0,0.0,0.0,0.0,6.096,5.792,0.0,0.0,25.0,113.256,40.0,-79.12993431091309,439.5411014556885,266.65306091308594,-266.66076978047687,0.0,0.0,1.192,1
180,0.0,0.0,0.0,0.0,0.0,0.0,0.0,0.0,0,0,0.0,0.0,0.0,0.0,0.0069520959806679,0.0090599060058593,0.0042915344238281,0.0042915344238281,0.0,0.0,0.0,0.0,0.0,0.0,0.0,0.0,8.88,9.104,0.0,0.0,20.0,113.256,20.0,-96.82800769805904,417.8310871124268,211.7713093757629,-336.5628719329834,0.0,0.0,1.192,1
181,0.0,0.0,0.0,0.0,0.0,0.0,0.0,0.0,0,0,0.0,0.0,0.0,0.0,0.0068500860413508,0.0083446502685546,0.0052452087402343,0.0052452087402343,0.0057697296142578,0.0073909759521484,0.01220703125,0.0,0.0,0.0239372253417968,0.0,0.0,6.576,6.96,4.232,3.744,20.0,113.256,20.0,-50.04630088806152,418.2190179824829,268.7389850616455,-212.60982751846316,0.0,0.0,1.192,1
182,0.0,0.0,0.0,0.0,0.0,0.0,0.0,0.0,0,0,0.0,0.0,0.0,0.0,0.0069366758735618,0.0088214874267578,0.0045299530029296,0.0045299530029296,0.0065326690673828,0.0085353851318359,0.011444091796875,0.0,0.0,0.0223636627197265,0.0,0.0,6.448,7.104,4.232,3.744,33.33333333333333,113.256,20.0,-96.6642379760742,477.7411937713623,319.5264339447021,-250.8115768432617,0.0,0.0,1.192,1
183,0.0,0.0,0.0,0.0,0.0,0.0,0.0,0.0,0,0,0.0,0.0,0.0,0.0,0.0068026395579475,0.0083446502685546,0.0052452087402343,0.0052452087402343,0.0058412551879882,0.0081777572631835,0.0113725662231445,0.0,0.0,0.0279903411865234,0.0,0.0,5.6,5.792,7.736,8.264,25.0,113.256,25.0,-82.2044849395752,386.2695693969727,266.6447162628174,-266.66029294331867,0.0,0.0,1.192,1
184,0.0,0.0,0.0,0.0,0.0,0.0,0.0,0.0,0,0,0.0,0.0,0.0,0.0,0.0068199634552001,0.0083446502685546,0.0,0.0,0.0,0.0,0.0,0.0,0.0,0.0,0.0,0.0,9.376,9.104,0.0,0.0,20.0,112.0,33.33333333333333,-100.41606426239012,414.7054433822632,208.02372694015503,-336.5829586982727,0.0,0.0,0.0,1
185,0.0,0.0,0.0,0.0,0.0,0.0,0.0,0.0,0,0,0.0,0.0,0.0,0.0,0.0069773197174072,0.0088214874267578,0.0,0.0,0.0,0.0,0.0,0.0,0.0,0.0,0.0,0.0,6.576,6.96,0.0,0.0,20.0,112.0,20.0,-34.766364097595215,428.40559482574463,268.51922273635864,-208.81307125091556,0.0,0.0,0.0,1
186,0.0,0.0,0.0,0.0,0.0,0.0,0.0,0.0,0,0,0.0,0.0,0.0,0.0,0.0069177150726318,0.0088214874267578,0.0,0.0,0.0,0.0,0.0,0.0,0.0,0.0,0.0,0.0,6.448,7.104,0.0,0.0,33.33333333333333,112.0,20.0,-85.91797351837155,493.668794631958,323.49807024002075,-250.5895495414734,0.0,0.0,0.0,1
187,0.0,0.0,0.0,0.0,0.0,0.0,0.0,0.0,0,0,0.0,0.0,0.0,0.0,0.0070881843566894,0.0095367431640625,0.0,0.0,0.0061988830566406,0.0077724456787109,0.0127792358398437,0.0,0.0,0.0252723693847656,0.0,0.0,6.096,5.792,4.232,3.744,25.0,112.0,40.0,-72.50475883483887,447.9769229888916,266.6629950205485,-269.32207743326825,0.0,0.0,0.0,1
188,0.0,0.0,0.0,0.0,0.0,0.0,0.0,0.0,0,0,0.0,0.0,0.0,0.0,0.0070607662200927,0.0088214874267578,0.0050067901611328,0.0050067901611328,0.0060558319091796,0.0076770782470703,0.011444091796875,0.0,0.0,0.0226497650146484,0.0,0.0,8.88,9.104,4.232,3.744,20.0,112.696,20.0,-89.50901031494138,425.2816200256348,209.5083594322205,-338.5891318321228,0.0,0.0,1.192,1
189,0.0,0.0,0.0,0.0,0.0,0.0,0.0,0.0,0,0,0.0,0.0,0.0,0.0,0.0070327550024535,0.0090599060058593,0.0052452087402343,0.0052452087402343,0.0061273574829101,0.008392333984375,0.011444091796875,0.0,0.0,0.0284194946289062,0.0,0.0,6.576,6.96,7.736,8.264,20.0,113.256,20.0,-40.27025699615479,424.9366998672485,268.2654857635498,-210.0964188575745,0.0,0.0,1.192,1
190,0.0,0.0,0.0,0.0,0.0,0.0,0.0,0.0,0,0,0.0,0.0,0.0,0.0,0.006823990475479,0.0081062316894531,0.0073909759521484,0.0073909759521484,0.0,0.0,0.0,0.0,0.0,0.0,0.0,0.0,6.448,7.104,0.0,0.0,33.33333333333333,113.256,20.0,-90.69373607635497,488.660454750061,322.2506642341614,-251.29657983779907,0.0,0.0,1.192,1
191,0.0,0.0,0.0,0.0,0.0,0.0,0.0,0.0,0,0,0.0,0.0,0.0,0.0,0.006798505783081,0.0083446502685546,0.0,0.0,0.0,0.0,0.0,0.0,0.0,0.0,0.0,0.0,6.096,5.792,0.0,0.0,25.0,112.0,40.0,-74.91860389709473,444.06914710998535,266.65616035461426,-266.9943968454997,0.0,0.0,0.0,1
192,0.0,0.0,0.0,0.0,0.0,0.0,0.0,0.0,0,0,0.0,0.0,0.0,0.0,0.0068402290344238,0.0083446502685546,0.0,0.0,0.0,0.0,0.0,0.0,0.0,0.0,0.0,0.0,8.88,9.104,0.0,0.0,20.0,112.0,20.0,-91.16795063018796,422.1062183380127,210.52563190460205,-338.3437395095825,0.0,0.0,0.0,1
193,0.0,0.0,0.0,0.0,0.0,0.0,0.0,0.0,0,0,0.0,0.0,0.0,0.0,0.0070920804651772,0.0089645385742187,0.0039999743542039,0.0047683715820312,0.0058650970458984,0.0075340270996093,0.0115871429443359,0.0,0.0,0.0229835510253906,0.0,0.0,6.576,6.96,4.232,3.744,20.0,142.592,20.0,-44.75066661834717,421.4423418045044,268.51528882980347,-211.44068241119385,0.0,0.0,1813.36,1
194,0.0,0.0,0.0,0.0,0.0,0.0,0.0,0.0,0,0,0.0,0.0,0.0,0.0,0.0073257370374689,0.0092983245849609,0.0039728219844093,0.0047683715820312,0.0065326690673828,0.0080108642578125,0.0113964080810546,0.0,0.0,0.0229358673095703,0.0,0.0,6.448,7.104,4.232,3.744,33.33333333333333,117.192,20.0,-94.74513530731198,483.6683511734009,321.00963592529297,-251.94954872131348,0.0,0.0,5367.088,1
195,0.0,0.0,0.0,0.0,0.0,0.0,0.0,0.0,0,0,0.0,0.0,0.0,0.0,0.0074429087119527,0.0097513198852539,0.0038853459354906,0.0045299530029296,0.0062465667724609,0.0083684921264648,0.0111579895019531,0.0,0.0,0.0292062759399414,0.0,0.0,6.096,5.792,7.736,8.264,25.0,118.448,40.0,-79.79636192321777,439.9768829345703,266.6618824005127,-266.6591008504232,0.0,0.0,16260.952,1
196,0.0,0.0,0.0,0.0,0.0,0.0,0.0,0.0,0,0,0.0,0.0,0.0,0.0,0.0071667913180678,0.0090599060058593,0.0042806972156871,0.0063180923461914,0.0,0.0,0.0,0.0,0.0,0.0,0.0,0.0,8.88,9.104,0.0,0.0,20.0,113.256,20.0,-96.1248159408569,417.8483724594116,212.0116353034973,-336.5809917449951,0.0,0.0,197.312,1
197,0.0,0.0,0.0,0.0,0.0,0.0,0.0,0.0,0,0,0.0,0.0,0.0,0.0,0.0079657771799824,0.0102519989013671,0.0039069321903869,0.0045299530029296,0.0,0.0,0.0,0.0,0.0,0.0,0.0,0.0,6.576,6.96,0.0,0.0,20.0,123.08,20.0,-52.10230350494385,417.9157495498657,268.5132026672363,-213.71054649353027,0.0,0.0,37578.144,1
198,0.0,0.0,0.0,0.0,0.0,0.0,0.0,0.0,0,0,0.0,0.0,0.0,0.0,0.0082509434638331,0.0104904174804687,0.0039355499494113,0.0047683715820312,0.0,0.0,0.0,0.0302791595458984,0.0302791595458984,0.0,0.848,1.696,6.448,7.104,0.0,0.0,33.33333333333333,117.192,20.0,-102.18760967254636,472.0092535018921,319.494903087616,-251.9388198852539,1674.0285158157349,1674.0358591079712,21564.752,1
199,0.0,0.0,0.0,0.0,0.0,0.0,0.0,0.0,0,0,0.0,0.0,0.0,0.0,0.0077080726623535,0.009775161743164,0.0046094258626302,0.0054836273193359,0.0063896179199218,0.0082969665527343,0.01220703125,0.0085830688476562,0.0085830688476562,0.0229835510253906,0.848,0.0,6.096,5.792,4.232,3.744,25.0,112.0,40.0,-82.27572441101074,436.17329597473145,266.66537920633954,-263.6647224426269,0.0,0.0,20.856,1
200,0.0,0.0,0.0,0.0,0.0,0.0,0.0,0.0,0,0,0.0,0.0,0.0,0.0,0.0069069862365722,0.0086069107055664,0.0,0.0,0.0062465667724609,0.0080585479736328,0.0120162963867187,0.0,0.0,0.0239372253417968,0.0,0.0,8.88,9.104,4.232,3.744,20.0,112.0,20.0,-99.96302127838132,415.06712436676025,208.01597833633423,-336.58361434936523,0.0,0.0,0.0,1
201,0.0,0.0,0.0,0.0,0.0,0.0,0.0,0.0,0,0,0.0,0.0,0.0,0.0,0.0069832801818847,0.0081300735473632,0.0,0.0,0.005960464477539,0.0075340270996093,0.0110539523037997,0.0,0.0,0.0278949737548828,0.0,0.0,6.576,6.96,7.208,8.792,20.0,112.0,20.0,-34.793639183044434,428.3892631530762,268.5069441795349,-208.8615894317627,0.0,0.0,0.0,1
202,0.0,0.0,0.0,0.0,0.0,0.0,0.0,0.0,0,0,0.0,0.0,0.0,0.0,0.0069320201873779,0.0085830688476562,0.0,0.0,0.0,0.0,0.0,0.0,0.0,0.0,0.0,0.0,6.448,7.104,0.0,0.0,33.33333333333333,112.0,20.0,-85.93237400054929,493.3803081512451,323.51285219192505,-250.5360245704651,0.0,0.0,0.0,1
203,0.0,0.0,0.0,0.0,0.0,0.0,0.0,0.0,0,0,0.0,0.0,0.0,0.0,0.0071839588444407,0.0092983245849609,0.0039356342260388,0.0047683715820312,0.0,0.0,0.0,0.0,0.0,0.0,0.0,0.0,6.096,5.792,0.0,0.0,25.0,134.024,40.0,-72.94921875,448.0093479156494,266.6618824005127,-269.32668685913086,0.0,0.0,3852.184,1
204,0.0,0.0,0.0,0.0,0.0,0.0,0.0,0.0,0,0,0.0,0.0,0.0,0.0,0.0069790547437006,0.0090360641479492,0.0057220458984375,0.0061511993408203,0.0,0.0,0.0,0.0,0.0,0.0,0.0,0.0,8.88,9.104,0.0,0.0,20.0,116.864,20.0,-89.54741954803464,425.5662441253662,209.52147245407104,-338.5876417160034,0.0,0.0,7.768,1
205,0.0,0.0,0.0,0.0,0.0,0.0,0.0,0.0,0,0,0.0,0.0,0.0,0.0,0.0069519080738029,0.008559226989746,0.0055338207044099,0.0063419342041015,0.0058174133300781,0.0072956085205078,0.0111103057861328,0.0,0.0,0.0213146209716796,0.0,0.0,6.576,6.96,4.232,3.744,20.0,119.4,20.0,-41.13919734954834,424.5898246765137,268.2662010192871,-210.61831712722775,0.0,0.0,56.088,1
206,0.0,0.0,0.0,0.0,0.0,0.0,0.0,0.0,0,0,0.0,0.0,0.0,0.0,0.0069473513323276,0.0083446502685546,0.0052452087402343,0.0064373016357421,0.0061511993408203,0.0073909759521484,0.0114917755126953,0.0,0.0,0.0225543975830078,0.0,0.0,6.448,7.104,4.232,3.744,33.33333333333333,114.84,20.0,-90.79468250274655,488.31396102905273,322.2341537475586,-250.77825784683228,0.0,0.0,44.528,1
207,0.0,0.0,0.0,0.0,0.0,0.0,0.0,0.0,0,0,0.0,0.0,0.0,0.0,0.0069808959960937,0.0088214874267578,0.0051856040954589,0.0057220458984375,0.006270408630371,0.008392333984375,0.0112771987915039,0.0,0.0,0.028085708618164,0.0,0.0,6.096,5.792,7.736,8.264,25.0,113.832,40.0,-74.95040893554688,444.12474632263184,266.65735244750977,-266.9946352640788,0.0,0.0,31.648,1
208,0.0,0.0,0.0,0.0,0.0,0.0,0.0,0.0,0,0,0.0,0.0,0.0,0.0,0.0071169725104944,0.0088214874267578,0.0058504251333383,0.0078201293945312,0.0,0.0,0.0,0.0,0.0,0.0,0.0,0.0,8.88,9.104,0.0,0.0,20.0,114.392,20.0,-91.78893566131588,421.3659286499024,210.53040027618408,-338.3450508117676,0.0,0.0,31.0,1
209,0.0,0.0,0.0,0.0,0.0,0.0,0.0,0.0,0,0,0.0,0.0,0.0,0.0,0.0069781915465397,0.0085830688476562,0.0066161155700683,0.0076055526733398,0.0,0.0,0.0,0.0,0.0,0.0,0.0,0.0,6.576,6.96,0.0,0.0,20.0,117.192,20.0,-44.85225677490234,421.4157104492188,263.7389898300171,-211.33816242218015,0.0,0.0,12.704,1
210,0.0,0.0,0.0,0.0,0.0,0.0,0.0,0.0,0,0,0.0,0.0,0.0,0.0,0.00680673240435,0.0083208084106445,0.0050749097551618,0.0060558319091796,0.0,0.0,0.0,0.0,0.0,0.0,0.0,0.0,6.448,7.104,0.0,0.0,33.33333333333333,116.864,20.0,-93.18528175354,497.0085144042969,325.753390789032,-252.29984521865845,0.0,0.0,14.968,1
211,0.0,0.0,0.0,0.0,0.0,0.0,0.0,0.0,0,0,0.0,0.0,0.0,0.0,0.0069746330602845,0.0085830688476562,0.0051657358805338,0.0053882598876953,0.0060558319091796,0.0075817108154296,0.011444091796875,0.0,0.0,0.0215530395507812,0.0,0.0,6.096,5.792,4.232,3.744,25.0,113.256,40.0,-80.0466537475586,439.40839767456055,266.6940689086914,-266.3303216298421,0.0,0.0,5.976,1
212,0.0,0.0,0.0,0.0,0.0,0.0,0.0,0.0,0,0,0.0,0.0,0.0,0.0,0.0070475115634427,0.0090599060058593,0.0056539263044084,0.006866455078125,0.0069618225097656,0.0085830688476562,0.0123500823974609,0.0,0.0,0.0230312347412109,0.0,0.0,8.88,9.104,4.232,3.744,20.0,119.688,20.0,-95.49973011016844,418.5164213180542,212.0092511177063,-336.5877866744995,0.0,0.0,23.384,1
213,0.0,0.0,0.0,0.0,0.0,0.0,0.0,0.0,0,0,0.0,0.0,0.0,0.0,0.0069947978157309,0.0085830688476562,0.0061723921034071,0.0079154968261718,0.005960464477539,0.0083446502685546,0.0110864639282226,0.0,0.0,0.0278472900390625,0.0,0.0,6.576,6.96,7.736,8.264,20.0,115.88,20.0,-50.70977210998535,417.5980567932129,268.2613134384155,-212.8936052322388,0.0,0.0,29.64,1
214,0.0,0.0,0.0,0.0,0.0,0.0,0.0,0.0,0,0,0.0,0.0,0.0,0.0,0.0067520141601562,0.0081300735473632,0.0053346157073974,0.0069141387939453,0.0,0.0,0.0,0.0,0.0,0.0,0.0,0.0,6.448,7.104,0.0,0.0,33.33333333333333,112.0,20.0,-96.96950912475585,478.6878108978272,319.74273920059204,-250.75006484985352,0.0,0.0,29.888,1
215,0.0,0.0,0.0,0.0,0.0,0.0,0.0,0.0,0,0,0.0,0.0,0.0,0.0,0.0071110417000689,0.0090599060058593,0.0051558017730712,0.0064373016357421,0.0,0.0,0.0,0.0,0.0,0.0,0.0,0.0,6.096,5.792,0.0,0.0,25.0,115.88,40.0,-82.29694366455078,436.1440181732178,266.6746775309245,-266.3280169169108,0.0,0.0,36.544,1
216,0.0,0.0,0.0,0.0,0.0,0.0,0.0,0.0,0,0,0.0,0.0,0.0,0.0,0.0070873184583673,0.0090599060058593,0.0050514936447143,0.0054836273193359,0.0,0.0,0.0,0.0,0.0,0.0,0.0,0.0,8.88,9.104,0.0,0.0,20.0,119.2,20.0,-84.684944152832,429.1281461715698,208.01448822021484,-336.6110920906067,0.0,0.0,64.768,1
