time_seconds,a1_packet_loss_ul_percentage,e2_du_packet_loss_dl_percentage,e2_du_packet_loss_ul_percentage,f1_c_retransmissions_ul_count,f1_c_packet_loss_dl_percentage,f1_c_packet_loss_ul_percentage,e2_du_retransmissions_ul_count,e2_du_retransmissions_dl_count,f1_c_retransmissions_dl_count,f1_u_retransmissions_ul_count,f1_u_packet_loss_dl_percentage,f1_u_packet_loss_ul_percentage,f1_u_retransmissions_dl_count,f1_u_latency_mean_ul_ms,f1_u_latency_p90_ul_ms,e2_du_latency_mean_ul_ms,e2_du_latency_p90_ul_ms,f1_u_latency_mean_dl_ms,f1_u_latency_p90_dl_ms,a1_latency_mean_ul_ms,e2_du_latency_mean_dl_ms,e2_du_latency_p90_dl_ms,a1_latency_p90_ul_ms,f1_c_latency_mean_ul_ms,f1_c_latency_mean_dl_ms,f1_c_latency_p90_ul_ms,f1_c_latency_p90_dl_ms,a1_latency_mean_dl_ms,a1_latency_p90_dl_ms,a1_retransmissions_ul_count,e2_du_throughput_dl_kbps,e2_du_throughput_ul_kbps,a1_retransmissions_dl_count,f1_c_throughput_dl_kbps,f1_c_throughput_ul_kbps,a1_throughput_dl_kbps,a1_throughput_ul_kbps,f1_u_throughput_ul_kbps,a1_packet_loss_dl_percentage,f1_u_throughput_dl_kbps,F-node
0,0.0,0.0,0.0,0.0,0.0,0.0,0,0,0.0,0,0.0,0.0,0.0,0.006159722517078,0.0085830688476562,0.00762939453125,0.00762939453125,0.0042542308366217,0.0052452087402343,0.0065735408238002,0.0088214874267578,0.0088214874267578,0.0094890594482421,0.0140666961669921,0.014662742614746,0.0169277191162109,0.0168561935424804,0.009291512625558,0.0173091888427734,0.0,0.496,1.36,0.0,1.696,1.696,25.152,27.344,132.296,0.0,1133.608,0
1,0.0,0.0,0.0,0.0,0.0,0.0,0,0,0.0,0,0.0,0.0,0.0,0.0063086500262269,0.0083208084106445,0.0133514404296875,0.0133514404296875,0.0041000178602875,0.0050067901611328,0.0065735408238002,0.00762939453125,0.00762939453125,0.0094890594482421,0.0140666961669921,0.014662742614746,0.0169277191162109,0.0168561935424804,0.009291512625558,0.0173091888427734,0.0,0.496,1.424,0.0,1.696,1.696,25.152,27.344,118.448,0.0,1740.92,0
2,0.0,0.0,0.0,0.0,0.0,0.0,0,0,0.0,0,0.0,0.0,0.0,0.0060820579528808,0.0083446502685546,0.0081062316894531,0.0081062316894531,0.0045516274192116,0.0057220458984375,0.0065735408238002,0.0104904174804687,0.0104904174804687,0.0094890594482421,0.0140666961669921,0.014662742614746,0.0169277191162109,0.0168561935424804,0.009291512625558,0.0173091888427734,0.0,0.496,1.424,0.0,1.696,1.696,25.152,27.344,112.696,0.0,86.952,0
3,0.0,0.0,0.0,0.0,0.0,0.0,0,0,0.0,0,0.0,0.0,0.0,0.0058197975158691,0.0078678131103515,0.0073909759521484,0.0073909759521484,0.0,0.0,0.0065735408238002,0.0119209289550781,0.0119209289550781,0.0094890594482421,0.0140666961669921,0.014662742614746,0.0169277191162109,0.0168561935424804,0.009291512625558,0.0173091888427734,0.0,0.496,1.392,0.0,1.696,1.696,25.152,27.344,112.0,0.0,0.0,0
4,0.0,0.0,0.0,0.0,0.0,0.0,0,0,0.0,0,0.0,0.0,0.0,0.0059926509857177,0.0081062316894531,0.0071525573730468,0.0071525573730468,0.0,0.0,0.0065735408238002,0.0102519989013671,0.0102519989013671,0.0094890594482421,0.0140666961669921,0.014662742614746,0.0169277191162109,0.0168561935424804,0.009291512625558,0.0173091888427734,0.0,0.496,1.36,0.0,1.696,1.696,25.152,27.344,112.0,0.0,0.0,0
5,0.0,0.0,0.0,0.0,0.0,0.0,0,0,0.0,0,0.0,0.0,0.0,0.0060856342315673,0.0083446502685546,0.0078678131103515,0.0078678131103515,0.0,0.0,0.0065735408238002,0.0078678131103515,0.0078678131103515,0.0094890594482421,0.0140666961669921,0.014662742614746,0.0169277191162109,0.0168561935424804,0.009291512625558,0.0173091888427734,0.0,0.496,1.36,0.0,1.696,1.696,25.152,27.344,112.0,0.0,0.0,0
6,0.0,0.0,0.0,0.0,0.0,0.0,0,0,0.0,0,0.0,0.0,0.0,0.0060176849365234,0.0078916549682617,0.0069141387939453,0.0069141387939453,0.0,0.0,0.0065735408238002,0.0064373016357421,0.0064373016357421,0.0094890594482421,0.0140666961669921,0.014662742614746,0.0169277191162109,0.0168561935424804,0.009291512625558,0.0173091888427734,0.0,0.496,1.36,0.0,1.696,1.696,25.152,27.344,112.0,0.0,0.0,0
7,0.0,0.0,0.0,0.0,0.0,0.0,0,0,0.0,0,0.0,0.0,0.0,0.0060553574443456,0.0081062316894531,0.0083446502685546,0.0083446502685546,0.0085830688476562,0.0085830688476562,0.0065735408238002,0.0107288360595703,0.0107288360595703,0.0094890594482421,0.0140666961669921,0.014662742614746,0.0169277191162109,0.0168561935424804,0.009291512625558,0.0173091888427734,0.0,0.496,1.36,0.0,1.696,1.696,25.152,27.344,113.256,0.0,1.192,0
8,0.0,0.0,0.0,0.0,0.0,0.0,0,0,0.0,0,0.0,0.0,0.0,0.006103990089834,0.0083446502685546,0.0078678131103515,0.0078678131103515,0.0088214874267578,0.0088214874267578,0.0065735408238002,0.0073909759521484,0.0073909759521484,0.0094890594482421,0.0140666961669921,0.014662742614746,0.0169277191162109,0.0168561935424804,0.009291512625558,0.0173091888427734,0.0,0.496,1.36,0.0,1.696,1.696,25.152,27.344,113.256,0.0,1.192,0
9,0.0,0.0,0.0,0.0,0.0,0.0,0,0,0.0,0,0.0,0.0,0.0,0.0060454453572188,0.0081062316894531,0.0071525573730468,0.0071525573730468,0.0048279762268066,0.006103515625,0.0065735408238002,0.0085830688476562,0.0085830688476562,0.0094890594482421,0.0140666961669921,0.014662742614746,0.0169277191162109,0.0168561935424804,0.009291512625558,0.0173091888427734,0.0,0.496,1.36,0.0,1.696,1.696,25.152,27.344,118.448,0.0,31.52,0
10,0.0,0.0,0.0,0.0,0.0,0.0,0,0,0.0,0,0.0,0.0,0.0,0.0059401988983154,0.00762939453125,0.0092983245849609,0.0092983245849609,0.0,0.0,0.0065735408238002,0.0088214874267578,0.0088214874267578,0.0094890594482421,0.0140666961669921,0.014662742614746,0.0169277191162109,0.0168561935424804,0.009291512625558,0.0173091888427734,0.0,0.496,1.424,0.0,1.696,1.696,25.152,27.344,112.0,0.0,0.0,0
11,0.0,0.0,0.0,0.0,0.0,0.0,0,0,0.0,0,0.0,0.0,0.0,0.0059972355021766,0.0083446502685546,0.0100135803222656,0.0100135803222656,0.0054836273193359,0.0068187713623046,0.0065735408238002,0.0121593475341796,0.0121593475341796,0.0094890594482421,0.0140666961669921,0.014662742614746,0.0169277191162109,0.0168561935424804,0.009291512625558,0.0173091888427734,0.0,0.496,1.36,0.0,1.696,1.696,25.152,27.344,117.192,0.0,17.456,0
12,0.0,0.0,0.0,0.0,0.0,0.0,0,0,0.0,0,0.0,0.0,0.0,0.0060304480405589,0.0078678131103515,0.0069141387939453,0.0069141387939453,0.0046730041503906,0.005960464477539,0.0065735408238002,0.0100135803222656,0.0100135803222656,0.0094890594482421,0.0140666961669921,0.014662742614746,0.0169277191162109,0.0168561935424804,0.009291512625558,0.0173091888427734,0.0,0.496,1.424,0.0,1.696,1.696,25.152,27.344,117.192,0.0,52.712,0
13,0.0,0.0,0.0,0.0,0.0,0.0,0,0,0.0,0,0.0,0.0,0.0,0.0064153115726211,0.0088214874267578,0.0081062316894531,0.0081062316894531,0.0040539119000824,0.0047683715820312,0.0,0.0119209289550781,0.0119209289550781,0.0,0.0140666961669921,0.014662742614746,0.0169277191162109,0.0168561935424804,0.0,0.0,0.0,0.496,1.424,0.0,1.696,1.696,0.0,0.0,143.152,0.0,5750.008,0
14,0.0,0.0,0.0,0.0,0.0,0.0,0,0,0.0,0,0.0,0.0,0.0,0.0070227254735361,0.0092983245849609,0.0092983245849609,0.0092983245849609,0.0040527114026924,0.0047683715820312,0.0065803527832031,0.0100135803222656,0.0100135803222656,0.0084877014160156,0.0140666961669921,0.014662742614746,0.0169277191162109,0.0168561935424804,0.0123977661132812,0.0214576721191406,0.0,0.496,1.424,0.0,1.696,1.696,4.52,3.504,118.448,0.0,9581.608,0
15,0.0,0.0,0.0,0.0,0.0,0.0,0,0,0.0,0,0.0,0.0,0.0,0.0071690814329846,0.0095367431640625,0.009775161743164,0.009775161743164,0.004071051588899,0.0047683715820312,0.0,0.0143051147460937,0.0143051147460937,0.0,0.0140666961669921,0.014662742614746,0.0169277191162109,0.0168561935424804,0.0,0.0,0.0,0.496,1.424,0.0,1.696,1.696,0.0,0.0,118.448,0.0,11199.584,0
16,0.0,0.0,0.0,0.0,0.0,0.0,0,0,0.0,0,0.0,0.0,0.0,0.0073031999578523,0.0092983245849609,0.0104904174804687,0.0104904174804687,0.0040607837571434,0.0047683715820312,0.0,0.011444091796875,0.011444091796875,0.0,0.0140666961669921,0.014662742614746,0.0169277191162109,0.0168561935424804,0.0,0.0,0.0,0.496,1.424,0.0,1.696,1.696,0.0,0.0,117.888,0.0,11358.84,0
17,0.0,0.0,0.0,0.0,0.0,0.0,0,0,0.0,0,0.0,0.0,0.0,0.0068038257200326,0.0092983245849609,0.0140666961669921,0.0140666961669921,0.0040905434300289,0.0047683715820312,0.0,0.0131130218505859,0.0131130218505859,0.0,0.0140666961669921,0.014662742614746,0.0169277191162109,0.0168561935424804,0.0,0.0,0.0,0.496,1.424,0.0,1.696,1.696,0.0,0.0,117.192,0.0,8303.848,0
18,0.0,0.0,0.0,0.0,0.0,0.0,0,0,0.0,0,0.0,0.0,0.0,0.0069710745740292,0.0092983245849609,0.009775161743164,0.009775161743164,0.0040410379025228,0.0047683715820312,0.0064373016357421,0.00762939453125,0.00762939453125,0.007486343383789,0.0140666961669921,0.014662742614746,0.0169277191162109,0.0168561935424804,0.010538101196289,0.0185489654541015,0.0,0.496,1.424,0.0,1.696,1.696,3.744,4.232,117.192,0.0,8568.392,0
19,0.0,0.0,0.0,0.0,0.0,0.0,0,0,0.0,0,0.0,0.0,0.0,0.0064337431494869,0.0088214874267578,0.0104904174804687,0.0104904174804687,0.0042319297790527,0.0050067901611328,0.006103515625,0.0081062316894531,0.0081062316894531,0.0076770782470703,0.0140666961669921,0.014662742614746,0.0169277191162109,0.0168561935424804,0.0122547149658203,0.0231742858886718,0.0,0.496,1.424,0.0,1.696,1.696,3.744,4.232,117.192,0.0,1584.64,0
20,0.0,0.0,0.0,0.0,0.0,0.0,0,0,0.0,0,0.0,0.0,0.0,0.0068631338242867,0.0088214874267578,0.0123977661132812,0.0123977661132812,0.0041145471925767,0.0047683715820312,0.006103515625,0.0133514404296875,0.0133514404296875,0.0083684921264648,0.0140666961669921,0.014662742614746,0.0169277191162109,0.0168561935424804,0.0102996826171875,0.0221014022827148,0.0,0.496,1.424,0.0,1.696,1.696,8.264,7.736,117.192,0.0,6917.352,0
21,0.0,0.0,0.0,0.0,0.0,0.0,0,0,0.0,0,0.0,0.0,0.0,0.0071006246132425,0.0095367431640625,0.0085830688476562,0.0085830688476562,0.0041202262595847,0.0047683715820312,0.0,0.0152587890625,0.0152587890625,0.0,0.0,0.0,0.0,0.0,0.0,0.0,0.0,0.496,1.424,0.0,0.0,0.0,0.0,0.0,118.448,0.0,8799.648,0
22,0.0,0.0,0.0,0.0,0.0,0.0,0,0,0.0,0,0.0,0.0,0.0,0.0069625306837629,0.0090599060058593,0.0092983245849609,0.0092983245849609,0.0041609392067368,0.0047683715820312,0.0,0.0121593475341796,0.0121593475341796,0.0,0.0,0.0,0.0,0.0,0.0,0.0,0.0,0.496,1.424,0.0,0.0,0.0,0.0,0.0,118.448,0.0,6627.256,0
23,0.0,0.0,0.0,0.0,0.0,0.0,0,0,0.0,0,0.0,0.0,0.0,0.0074688750918548,0.0104665756225585,0.0133514404296875,0.0133514404296875,0.0040644843599154,0.0047683715820312,0.0,0.0112056732177734,0.0112056732177734,0.0,0.0,0.0,0.0,0.0,0.0,0.0,0.0,0.496,1.424,0.0,0.0,0.0,0.0,0.0,118.448,0.0,13063.4,0
24,0.0,0.0,0.0,0.0,0.0,0.0,0,0,0.0,0,0.0,0.0,0.0,0.0070846080780029,0.0090599060058593,0.009775161743164,0.009775161743164,0.0042495031849591,0.0048160552978515,0.0058650970458984,0.0112056732177734,0.0112056732177734,0.007486343383789,0.0,0.0,0.0,0.0,0.0103950500488281,0.0197410583496093,0.0,0.496,1.424,0.0,0.0,0.0,3.744,4.232,112.0,0.0,2136.904,0
25,0.0,0.0,0.0,0.0,0.0,0.0,0,0,0.0,0,0.0,0.0,0.0,0.0062048435211181,0.0088214874267578,0.00762939453125,0.00762939453125,0.0067949295043945,0.0070810317993164,0.0078678131103515,0.0081062316894531,0.0081062316894531,0.011444091796875,0.0,0.0,0.0,0.0,0.0107288360595703,0.0197410583496093,0.0,0.496,1.392,0.0,0.0,0.0,3.744,4.232,115.112,0.0,6.768,0
26,0.0,0.0,0.0,0.0,0.0,0.0,0,0,0.0,0,0.0,0.0,0.0,0.0058412551879882,0.0081062316894531,0.0066757202148437,0.0066757202148437,0.0,0.0,0.0063896179199218,0.0095367431640625,0.0095367431640625,0.0087261199951171,0.0,0.0,0.0,0.0,0.0100374221801757,0.0239372253417968,0.0,0.496,1.424,0.0,0.0,0.0,8.264,7.736,112.0,0.0,0.0,0
27,0.0,0.0,0.0,0.0,0.0,0.0,0,0,0.0,0,0.0,0.0,0.0,0.0060868263244628,0.0081062316894531,0.0071525573730468,0.0071525573730468,0.0,0.0,0.0,0.0100135803222656,0.0100135803222656,0.0,0.0,0.0,0.0,0.0,0.0,0.0,0.0,0.496,1.36,0.0,0.0,0.0,0.0,0.0,112.0,0.0,0.0,0
28,0.0,0.0,0.0,0.0,0.0,0.0,0,0,0.0,0,0.0,0.0,0.0,0.0060351926888992,0.0083446502685546,0.005960464477539,0.0069141387939453,0.0050067901611328,0.0050067901611328,0.0,0.0118017196655273,0.0124692916870117,0.0,0.0,0.0,0.0,0.0,0.0,0.0,0.0,1.344,2.208,0.0,0.0,0.0,0.0,0.0,113.256,0.0,1.192,0
29,0.0,0.0,0.0,0.0,0.0,0.0,0,0,0.0,0,0.0,0.0,0.0,0.0060090971230274,0.0081062316894531,0.0078678131103515,0.0078678131103515,0.0083446502685546,0.0083446502685546,0.0,0.009775161743164,0.009775161743164,0.0,0.0,0.0,0.0,0.0,0.0,0.0,0.0,0.496,1.36,0.0,0.0,0.0,0.0,0.0,113.256,0.0,1.192,0
30,0.0,0.0,0.0,0.0,0.0,0.0,0,0,0.0,0,0.0,0.0,0.0,0.0058501514036263,0.0078678131103515,0.0092983245849609,0.0092983245849609,0.0047683715820312,0.0047683715820312,0.005960464477539,0.0095367431640625,0.0095367431640625,0.00762939453125,0.0,0.0,0.0,0.0,0.0102996826171875,0.0195026397705078,0.0,0.496,1.36,0.0,0.0,0.0,3.744,4.232,113.256,0.0,1.192,0
31,0.0,0.0,0.0,0.0,0.0,0.0,0,0,0.0,0,0.0,0.0,0.0,0.006028413772583,0.0078916549682617,0.0057220458984375,0.0057220458984375,0.0,0.0,0.0058174133300781,0.0069141387939453,0.0069141387939453,0.0075817108154296,0.0,0.0,0.0,0.0,0.009918212890625,0.0185012817382812,0.0,0.496,1.36,0.0,0.0,0.0,3.744,4.232,112.0,0.0,0.0,0
32,0.0,0.0,0.0,0.0,0.0,0.0,0,0,0.0,0,0.0,0.0,0.0,0.0059330463409423,0.0078678131103515,0.0071525573730468,0.0071525573730468,0.0,0.0,0.0060081481933593,0.0073909759521484,0.0073909759521484,0.0078916549682617,0.0,0.0,0.0,0.0,0.0099897384643554,0.0226974487304687,0.0,0.496,1.36,0.0,0.0,0.0,8.264,7.736,112.0,0.0,0.0,0
33,0.0,0.0,0.0,0.0,0.0,0.0,0,0,0.0,0,0.0,0.0,0.0,0.0061225891113281,0.0088214874267578,0.0069141387939453,0.0069141387939453,0.0,0.0,0.0,0.0143051147460937,0.0143051147460937,0.0,0.0,0.0,0.0,0.0,0.0,0.0,0.0,0.496,1.36,0.0,0.0,0.0,0.0,0.0,112.0,0.0,0.0,0
34,0.0,0.0,0.0,0.0,0.0,0.0,0,0,0.0,0,0.0,0.0,0.0,0.005885362625122,0.0078678131103515,0.0073909759521484,0.0073909759521484,0.0,0.0,0.0,0.005960464477539,0.005960464477539,0.0,0.0,0.0,0.0,0.0,0.0,0.0,0.0,0.496,1.36,0.0,0.0,0.0,0.0,0.0,112.0,0.0,0.0,0
35,0.0,0.0,0.0,0.0,0.0,0.0,0,0,0.0,0,0.0,0.0,0.0,0.0060921284689832,0.0085830688476562,0.0069141387939453,0.0069141387939453,0.0052452087402343,0.0052452087402343,0.0,0.0121593475341796,0.0121593475341796,0.0,0.0,0.0,0.0,0.0,0.0,0.0,0.0,0.496,1.36,0.0,0.0,0.0,0.0,0.0,113.256,0.0,1.192,0
36,0.0,0.0,0.0,0.0,0.0,0.0,0,0,0.0,0,0.0,0.0,0.0,0.0059853738813257,0.0078678131103515,0.011444091796875,0.011444091796875,0.0045299530029296,0.0045299530029296,0.0059127807617187,0.0169277191162109,0.0169277191162109,0.0075340270996093,0.0,0.0,0.0,0.0,0.0110626220703125,0.0208377838134765,0.0,0.496,1.36,0.0,0.0,0.0,3.744,4.232,113.256,0.0,1.192,0
37,0.0,0.0,0.0,0.0,0.0,0.0,0,0,0.0,0,0.0,0.0,0.0,0.0059794430709003,0.0078678131103515,0.0069141387939453,0.0069141387939453,0.0050067901611328,0.0050067901611328,0.0072479248046875,0.011444091796875,0.011444091796875,0.0100612640380859,0.0,0.0,0.0,0.0,0.01068115234375,0.0201225280761718,0.0,0.496,1.36,0.0,0.0,0.0,3.744,4.232,113.256,0.0,1.192,0
38,0.0,0.0,0.0,0.0,0.0,0.0,0,0,0.0,0,0.0,0.0,0.0,0.0058591365814208,0.0073909759521484,0.0085830688476562,0.0085830688476562,0.0,0.0,0.006413459777832,0.0069141387939453,0.0069141387939453,0.0083446502685546,0.0,0.0,0.0,0.0,0.0103712081909179,0.0239849090576171,0.0,0.496,1.36,0.0,0.0,0.0,8.264,7.736,112.0,0.0,0.0,0
39,0.0,0.0,0.0,0.0,0.0,0.0,0,0,0.0,0,0.0,0.0,0.0,0.0061011314392089,0.0088214874267578,0.0066757202148437,0.0066757202148437,0.0,0.0,0.0,0.009775161743164,0.009775161743164,0.0,0.0,0.0,0.0,0.0,0.0,0.0,0.0,0.496,1.36,0.0,0.0,0.0,0.0,0.0,112.0,0.0,0.0,0
40,0.0,0.0,0.0,0.0,0.0,0.0,0,0,0.0,0,0.0,0.0,0.0,0.0058269500732421,0.0078678131103515,0.0069141387939453,0.0069141387939453,0.0,0.0,0.0,0.0121593475341796,0.0121593475341796,0.0,0.0,0.0,0.0,0.0,0.0,0.0,0.0,0.496,1.36,0.0,0.0,0.0,0.0,0.0,112.0,0.0,0.0,0
41,0.0,0.0,0.0,0.0,0.0,0.0,0,0,0.0,0,0.0,0.0,0.0,0.0059650939645119,0.0081062316894531,0.0088214874267578,0.0088214874267578,0.0042872769492013,0.0052452087402343,0.0,0.0107288360595703,0.0107288360595703,0.0,0.0,0.0,0.0,0.0,0.0,0.0,0.0,0.496,1.36,0.0,0.0,0.0,0.0,0.0,138.928,0.0,1083.28,0
42,0.0,0.0,0.0,0.0,0.0,0.0,0,0,0.0,0,0.0,0.0,0.0,0.006108000726983,0.008559226989746,0.0064373016357421,0.0064373016357421,0.004834598965115,0.0058412551879882,0.0066280364990234,0.0109672546386718,0.0109672546386718,0.0089645385742187,0.0,0.0,0.0,0.0,0.0111103057861328,0.020599365234375,0.0,0.496,1.424,0.0,0.0,0.0,3.744,4.232,115.632,0.0,105.072,0
43,0.0,0.0,0.0,0.0,0.0,0.0,0,0,0.0,0,0.0,0.0,0.0,0.0060114694471976,0.0078678131103515,0.0073909759521484,0.0073909759521484,0.0078678131103515,0.0078678131103515,0.005960464477539,0.0119209289550781,0.0119209289550781,0.0077724456787109,0.0,0.0,0.0,0.0,0.011444091796875,0.0209808349609375,0.0,0.496,1.424,0.0,0.0,0.0,3.744,4.232,113.256,0.0,1.192,0
44,0.0,0.0,0.0,0.0,0.0,0.0,0,0,0.0,0,0.0,0.0,0.0,0.0058181250273291,0.0078678131103515,0.0078678131103515,0.0078678131103515,0.0052452087402343,0.0052452087402343,0.0070571899414062,0.0126361846923828,0.0126361846923828,0.009322166442871,0.0,0.0,0.0,0.0,0.0108242034912109,0.0251293182373046,0.0,0.496,1.36,0.0,0.0,0.0,8.264,7.736,113.256,0.0,1.192,0
45,0.0,0.0,0.0,0.0,0.0,0.0,0,0,0.0,0,0.0,0.0,0.0,0.0060007939884318,0.0078678131103515,0.0073909759521484,0.0073909759521484,0.0071525573730468,0.0071525573730468,0.0,0.0071525573730468,0.0071525573730468,0.0,0.0,0.0,0.0,0.0,0.0,0.0,0.0,0.496,1.36,0.0,0.0,0.0,0.0,0.0,116.248,0.0,3.96,0
46,0.0,0.0,0.0,0.0,0.0,0.0,0,0,0.0,0,0.0,0.0,0.0,0.005988932367581,0.0081062316894531,0.0078678131103515,0.0078678131103515,0.0081062316894531,0.0081062316894531,0.0,0.0088214874267578,0.0088214874267578,0.0,0.0,0.0,0.0,0.0,0.0,0.0,0.0,0.496,1.424,0.0,0.0,0.0,0.0,0.0,117.192,0.0,6.2,0
47,0.0,0.0,0.0,0.0,0.0,0.0,0,0,0.0,0,0.0,0.0,0.0,0.0060696907231373,0.0083446502685546,0.0102519989013671,0.0102519989013671,0.0059264046805245,0.0073432922363281,0.0,0.0092983245849609,0.0092983245849609,0.0,0.0,0.0,0.0,0.0,0.0,0.0,0.0,0.496,1.424,0.0,0.0,0.0,0.0,0.0,127.576,0.0,30.856,0
48,0.0,0.0,0.0,0.0,0.0,0.0,0,0,0.0,0,0.0,0.0,0.0,0.0058584545382219,0.0078678131103515,0.0061988830566406,0.0061988830566406,0.0047787376072095,0.0066280364990234,0.0078678131103515,0.0128746032714843,0.0128746032714843,0.0104427337646484,0.0,0.0,0.0,0.0,0.0110626220703125,0.0205516815185546,0.0,0.496,1.424,0.0,0.0,0.0,3.744,4.232,117.192,0.0,162.088,0
49,0.0,0.0,0.0,0.0,0.0,0.0,0,0,0.0,0,0.0,0.0,0.0,0.0065812970151995,0.0092983245849609,0.00762939453125,0.00762939453125,0.0042794625970381,0.0052452087402343,0.0061988830566406,0.0123977661132812,0.0123977661132812,0.0078201293945312,0.0,0.0,0.0,0.0,0.01220703125,0.0233650207519531,0.0,0.496,1.424,0.0,0.0,0.0,3.744,4.232,115.552,0.0,1283.648,0
50,0.0,0.0,0.0,0.0,0.0,0.0,0,0,0.0,0,0.0,0.0,0.0,0.0065942802051506,0.0087976455688476,0.0083446502685546,0.0083446502685546,0.0042276519337339,0.0052452087402343,0.0070571899414062,0.0140666961669921,0.0140666961669921,0.0093460083007812,0.0,0.0,0.0,0.0,0.0112771987915039,0.027632713317871,0.0,0.496,1.424,0.0,0.0,0.0,8.264,7.736,118.448,0.0,1795.448,0
51,0.0,0.0,0.0,0.0,0.0,0.0,0,0,0.0,0,0.0,0.0,0.0,0.006445563665711,0.0090360641479492,0.00762939453125,0.00762939453125,0.0042340841638036,0.0052452087402343,0.0,0.0128746032714843,0.0128746032714843,0.0,0.0112056732177734,0.0110864639282226,0.0136852264404296,0.0142335891723632,0.0,0.0,0.0,0.496,1.424,0.0,1.696,1.696,0.0,0.0,115.552,0.0,1459.984,0
52,0.0,0.0,0.0,0.0,0.0,0.0,0,0,0.0,0,0.0,0.0,0.0,0.0061965107324704,0.0085830688476562,0.0078678131103515,0.0078678131103515,0.0043498145209418,0.0054836273193359,0.0,0.011444091796875,0.011444091796875,0.0,0.0,0.0,0.0,0.0,0.0,0.0,0.0,0.496,1.424,0.0,0.0,0.0,0.0,0.0,117.192,0.0,1208.376,0
53,0.0,0.0,0.0,0.0,0.0,0.0,0,0,0.0,0,0.0,0.0,0.0,0.0065037267125068,0.0088214874267578,0.0109672546386718,0.0109672546386718,0.0042283712927974,0.0052452087402343,0.0,0.0128746032714843,0.0128746032714843,0.0,0.0,0.0,0.0,0.0,0.0,0.0,0.0,0.496,1.424,0.0,0.0,0.0,0.0,0.0,117.192,0.0,2376.736,0
54,0.0,0.0,0.0,0.0,0.0,0.0,0,0,0.0,0,0.0,0.0,0.0,0.0064871204433156,0.0083446502685546,0.0095367431640625,0.0095367431640625,0.0043283716291828,0.0054359436035156,0.0062465667724609,0.0126361846923828,0.0126361846923828,0.0076770782470703,0.0,0.0,0.0,0.0,0.0108242034912109,0.0193595886230468,0.0,0.496,1.424,0.0,0.0,0.0,3.744,4.232,117.192,0.0,1924.488,0
55,0.0,0.0,0.0,0.0,0.0,0.0,0,0,0.0,0,0.0,0.0,0.0,0.0066413215143763,0.0085830688476562,0.0133514404296875,0.0133514404296875,0.0042131072596499,0.0050067901611328,0.0066280364990234,0.009775161743164,0.009775161743164,0.0084877014160156,0.0,0.0,0.0,0.0,0.0106334686279296,0.0186443328857421,0.0,0.496,1.424,0.0,0.0,0.0,3.744,4.232,117.192,0.0,2636.0,0
56,0.0,0.0,0.0,0.0,0.0,0.0,0,0,0.0,0,0.0,0.0,0.0,0.0065317248353863,0.0088214874267578,0.0083446502685546,0.0083446502685546,0.0041930042967504,0.0052452087402343,0.0061511993408203,0.0119209289550781,0.0119209289550781,0.007486343383789,0.0,0.0,0.0,0.0,0.0095605850219726,0.0213623046875,0.0,0.496,1.424,0.0,0.0,0.0,8.264,7.736,118.448,0.0,1751.856,0
57,0.0,0.0,0.0,0.0,0.0,0.0,0,0,0.0,0,0.0,0.0,0.0,0.0064396622157332,0.008559226989746,0.0083446502685546,0.0083446502685546,0.0042124934818433,0.0050067901611328,0.0,0.0071525573730468,0.0071525573730468,0.0,0.0,0.0,0.0,0.0,0.0,0.0,0.0,0.496,1.424,0.0,0.0,0.0,0.0,0.0,118.448,0.0,1568.976,0
58,0.0,0.0,0.0,0.0,0.0,0.0,0,0,0.0,0,0.0,0.0,0.0,0.0065411671553507,0.0087976455688476,0.0088214874267578,0.0088214874267578,0.0042270082946217,0.0052452087402343,0.0,0.0143051147460937,0.0143051147460937,0.0,0.0,0.0,0.0,0.0,0.0,0.0,0.0,0.496,1.424,0.0,0.0,0.0,0.0,0.0,117.376,0.0,1856.896,0
59,0.0,0.0,0.0,0.0,0.0,0.0,0,0,0.0,0,0.0,0.0,0.0,0.006219047812087,0.0081062316894531,0.0066757202148437,0.0066757202148437,0.0043696006842419,0.0054359436035156,0.0,0.0085830688476562,0.0085830688476562,0.0,0.0,0.0,0.0,0.0,0.0,0.0,0.0,0.496,1.424,0.0,0.0,0.0,0.0,0.0,117.192,0.0,969.032,0
60,0.0,0.0,0.0,0.0,0.0,0.0,0,0,0.0,0,0.0,0.0,0.0,0.0068987186868392,0.0090599060058593,0.0061988830566406,0.0065803527832031,0.0043336082907284,0.0054836273193359,0.0060081481933593,0.0113248825073242,0.0133275985717773,0.0078678131103515,0.0,0.0,0.0,0.0,0.0104904174804687,0.0186443328857421,0.0,1.344,2.272,0.0,0.0,0.0,3.744,4.232,117.192,0.0,1211.216,0
61,0.0,0.0,0.0,0.0,0.0,0.0,0,0,0.0,0,0.0,0.0,0.0,0.0069391727447509,0.0092983245849609,0.0121593475341796,0.0121593475341796,0.0042383619349637,0.0052452087402343,0.0060081481933593,0.0109672546386718,0.0109672546386718,0.0075817108154296,0.0,0.0,0.0,0.0,0.009918212890625,0.0180721282958984,0.0,0.496,1.424,0.0,0.0,0.0,3.744,4.232,116.632,0.0,2462.88,0
62,0.0,0.0,0.0,0.0,0.0,0.0,0,0,0.0,0,0.0,0.0,0.0,0.0062985206717875,0.0085830688476562,0.0061988830566406,0.0061988830566406,0.0043977861819059,0.0052452087402343,0.0067472457885742,0.0150203704833984,0.0150203704833984,0.0093936920166015,0.0,0.0,0.0,0.0,0.01068115234375,0.0268459320068359,0.0,0.496,1.424,0.0,0.0,0.0,8.264,7.736,117.192,0.0,763.968,0
63,0.0,0.0,0.0,0.0,0.0,0.0,0,0,0.0,0,0.0,0.0,0.0,0.0059675462175123,0.0081062316894531,0.0073909759521484,0.0073909759521484,0.0047683715820312,0.006103515625,0.0,0.0100135803222656,0.0100135803222656,0.0,0.0,0.0,0.0,0.0,0.0,0.0,0.0,0.496,1.424,0.0,0.0,0.0,0.0,0.0,118.448,0.0,62.696,0
64,0.0,0.0,0.0,0.0,0.0,0.0,0,0,0.0,0,0.0,0.0,0.0,0.0061929522462152,0.0081062316894531,0.0071525573730468,0.0071525573730468,0.0045299530029296,0.0045299530029296,0.0,0.0085830688476562,0.0085830688476562,0.0,0.0,0.0,0.0,0.0,0.0,0.0,0.0,0.496,1.424,0.0,0.0,0.0,0.0,0.0,113.256,0.0,1.192,0
65,0.0,0.0,0.0,0.0,0.0,0.0,0,0,0.0,0,0.0,0.0,0.0,0.0061265271694505,0.0085830688476562,0.0073909759521484,0.0073909759521484,0.0047683715820312,0.0047683715820312,0.0,0.0123977661132812,0.0123977661132812,0.0,0.0,0.0,0.0,0.0,0.0,0.0,0.0,0.496,1.36,0.0,0.0,0.0,0.0,0.0,113.256,0.0,1.192,0
66,0.0,0.0,0.0,0.0,0.0,0.0,0,0,0.0,0,0.0,0.0,0.0,0.0062177676965694,0.0083446502685546,0.0078678131103515,0.0078678131103515,0.0067949295043945,0.0080585479736328,0.005960464477539,0.0095367431640625,0.0095367431640625,0.0073909759521484,0.0,0.0,0.0,0.0,0.0112056732177734,0.0206470489501953,0.0,0.496,1.36,0.0,0.0,0.0,3.744,4.232,118.32,0.0,11.488,0
67,0.0,0.0,0.0,0.0,0.0,0.0,0,0,0.0,0,0.0,0.0,0.0,0.0061023235321044,0.0083684921264648,0.0069141387939453,0.0069141387939453,0.0,0.0,0.0064373016357421,0.0088214874267578,0.0088214874267578,0.0084400177001953,0.0,0.0,0.0,0.0,0.01068115234375,0.0195503234863281,0.0,0.496,1.424,0.0,0.0,0.0,3.744,4.232,112.0,0.0,0.0,0
68,0.0,0.0,0.0,0.0,0.0,0.0,0,0,0.0,0,0.0,0.0,0.0,0.0060737133026123,0.0083446502685546,0.0073909759521484,0.0073909759521484,0.0,0.0,0.0063180923461914,0.0128746032714843,0.0128746032714843,0.008392333984375,0.0,0.0,0.0,0.0,0.010085105895996,0.0217437744140625,0.0,0.496,1.36,0.0,0.0,0.0,8.264,7.736,112.0,0.0,0.0,0
69,0.0,0.0,0.0,0.0,0.0,0.0,0,0,0.0,0,0.0,0.0,0.0,0.0061460316474801,0.0081062316894531,0.0083446502685546,0.0083446502685546,0.0050067901611328,0.0078678131103515,0.0,0.0071525573730468,0.0071525573730468,0.0,0.0,0.0,0.0,0.0,0.0,0.0,0.0,0.496,1.36,0.0,0.0,0.0,0.0,0.0,127.576,0.0,122.376,0
70,0.0,0.0,0.0,0.0,0.0,0.0,0,0,0.0,0,0.0,0.0,0.0,0.006076737577692,0.0082969665527343,0.0073909759521484,0.0073909759521484,0.0046094258626302,0.0053644180297851,0.0,0.0061988830566406,0.0061988830566406,0.0,0.0,0.0,0.0,0.0,0.0,0.0,0.0,0.496,1.424,0.0,0.0,0.0,0.0,0.0,123.64,0.0,26.176,0
71,0.0,0.0,0.0,0.0,0.0,0.0,0,0,0.0,0,0.0,0.0,0.0,0.006204813867066,0.0081062316894531,0.0081062316894531,0.0081062316894531,0.0050067901611328,0.0050067901611328,0.0,0.0422000885009765,0.0422000885009765,0.0,0.0,0.0,0.0,0.0,0.0,0.0,0.0,0.496,1.424,0.0,0.0,0.0,0.0,0.0,113.256,0.0,1.192,0
72,0.0,0.0,0.0,0.0,0.0,0.0,0,0,0.0,0,0.0,0.0,0.0,0.0064466974418151,0.0088214874267578,0.0064373016357421,0.0064373016357421,0.0044991893153036,0.0054836273193359,0.0064690907796223,0.0090599060058593,0.0090599060058593,0.0091075897216796,0.0,0.0,0.0,0.0,0.0100453694661458,0.0199317932128906,0.0,0.496,1.36,0.0,0.0,0.0,10.776,11.312,123.64,0.0,979.552,0
73,0.0,0.0,0.0,0.0,0.0,0.0,0,0,0.0,0,0.0,0.0,0.0,0.0058341026306152,0.0081062316894531,0.0066757202148437,0.0066757202148437,0.0056028366088867,0.0060796737670898,0.0059127807617187,0.0104904174804687,0.0104904174804687,0.00762939453125,0.0,0.0,0.0,0.0,0.0101566314697265,0.0190258026123046,0.0,0.496,1.424,0.0,0.0,0.0,3.744,4.232,112.0,0.0,11.504,0
74,0.0,0.0,0.0,0.0,0.0,0.0,0,0,0.0,0,0.0,0.0,0.0,0.0070498721434338,0.0095367431640625,0.011444091796875,0.011444091796875,0.0038851726184119,0.0045299530029296,0.0060081481933593,0.0121593475341796,0.0121593475341796,0.0077247619628906,0.0,0.0,0.0,0.0,0.0115871429443359,0.0219345092773437,0.0,0.496,1.392,0.0,0.0,0.0,3.744,4.232,122.384,0.0,29059.2,0
75,0.0,0.0,0.0,0.0,0.0,0.0,0,0,0.0,0,0.0,0.0,0.0,0.0065820134101222,0.0092983245849609,0.00762939453125,0.00762939453125,0.0039708046686081,0.0050067901611328,0.0065803527832031,0.0100135803222656,0.0100135803222656,0.0088453292846679,0.0,0.0,0.0,0.0,0.0112771987915039,0.0259637832641601,0.0,0.496,1.424,0.0,0.0,0.0,8.264,7.736,117.192,0.0,2851.52,0
76,0.0,0.0,0.0,0.0,0.0,0.0,0,0,0.0,0,0.0,0.0,0.0,0.0061845779418945,0.0083446502685546,0.0092983245849609,0.0092983245849609,0.0,0.0,0.0,0.0104904174804687,0.0104904174804687,0.0,0.0,0.0,0.0,0.0,0.0,0.0,0.0,0.496,1.424,0.0,0.0,0.0,0.0,0.0,112.0,0.0,0.0,0
77,0.0,0.0,0.0,0.0,0.0,0.0,0,0,0.0,0,0.0,0.0,0.0,0.0061655044555664,0.0078678131103515,0.0083446502685546,0.0083446502685546,0.0,0.0,0.0,0.0164508819580078,0.0164508819580078,0.0,0.0,0.0,0.0,0.0,0.0,0.0,0.0,0.496,1.36,0.0,0.0,0.0,0.0,0.0,112.0,0.0,0.0,0
78,0.0,0.0,0.0,0.0,0.0,0.0,0,0,0.0,0,0.0,0.0,0.0,0.0059545336671136,0.0081062316894531,0.00762939453125,0.00762939453125,0.0069141387939453,0.0069141387939453,0.0,0.0104904174804687,0.0104904174804687,0.0,0.0,0.0,0.0,0.0,0.0,0.0,0.0,0.496,1.36,0.0,0.0,0.0,0.0,0.0,113.256,0.0,1.192,0
79,0.0,0.0,0.0,0.0,0.0,0.0,0,0,0.0,0,0.0,0.0,0.0,0.0058955485277836,0.0078439712524414,0.00762939453125,0.00762939453125,0.0047683715820312,0.0055313110351562,0.005960464477539,0.0100135803222656,0.0100135803222656,0.0075340270996093,0.0,0.0,0.0,0.0,0.01068115234375,0.0195503234863281,0.0,0.496,1.36,0.0,0.0,0.0,3.744,4.232,118.448,0.0,16.552,0
80,0.0,0.0,0.0,0.0,0.0,0.0,0,0,0.0,0,0.0,0.0,0.0,0.006032820364729,0.0078678131103515,0.0064373016357421,0.0064373016357421,0.0047683715820312,0.0047683715820312,0.005960464477539,0.0181198120117187,0.0181198120117187,0.006866455078125,0.0,0.0,0.0,0.0,0.0106493631998697,0.0183582305908203,0.0,0.496,1.424,0.0,0.0,0.0,4.272,3.704,113.256,0.0,1.192,0
81,0.0,0.0,0.0,0.0,0.0,0.0,0,0,0.0,0,0.0,0.0,0.0,0.0063372821342654,0.0085830688476562,0.0090599060058593,0.0090599060058593,0.0038655323835923,0.0045299530029296,0.0060558319091796,0.0095367431640625,0.0095367431640625,0.0079154968261718,0.0,0.0,0.0,0.0,0.0107049942016601,0.0242471694946289,0.0,0.496,1.36,0.0,0.0,0.0,8.264,7.736,137.96,0.0,14262.808,0
82,0.0,0.0,0.0,0.0,0.0,0.0,0,0,0.0,0,0.0,0.0,0.0,0.0070363134887088,0.0092983245849609,0.0092983245849609,0.0092983245849609,0.0038566524808983,0.0045299530029296,0.0,0.009775161743164,0.009775161743164,0.0,0.009775161743164,0.005960464477539,0.009775161743164,0.005960464477539,0.0,0.0,0.0,0.496,1.424,0.0,0.848,0.848,0.0,0.0,117.192,0.0,13338.48,0
83,0.0,0.0,0.0,0.0,0.0,0.0,0,0,0.0,0,0.0,0.0,0.0,0.0060033798217773,0.0085830688476562,0.0107288360595703,0.0107288360595703,0.0,0.0,0.0,0.0112056732177734,0.0112056732177734,0.0,0.0040531158447265,0.0078678131103515,0.0040531158447265,0.0078678131103515,0.0,0.0,0.0,0.496,1.424,0.0,0.848,0.848,0.0,0.0,112.0,0.0,0.0,0
84,0.0,0.0,0.0,0.0,0.0,0.0,0,0,0.0,0,0.0,0.0,0.0,0.0059223175048828,0.00762939453125,0.0090599060058593,0.0090599060058593,0.0,0.0,0.0,0.00762939453125,0.00762939453125,0.0,0.0,0.0,0.0,0.0,0.0,0.0,0.0,0.496,1.36,0.0,0.0,0.0,0.0,0.0,112.0,0.0,0.0,0
85,0.0,0.0,0.0,0.0,0.0,0.0,0,0,0.0,0,0.0,0.0,0.0,0.0059877462054959,0.0081062316894531,0.0073909759521484,0.0073909759521484,0.0047683715820312,0.0047683715820312,0.005960464477539,0.0081062316894531,0.0081062316894531,0.0076770782470703,0.0,0.0,0.0,0.0,0.0103473663330078,0.0187873840332031,0.0,0.496,1.36,0.0,0.0,0.0,3.744,4.232,113.256,0.0,1.192,0
86,0.0,0.0,0.0,0.0,0.0,0.0,0,0,0.0,0,0.0,0.0,0.0,0.0061253410073655,0.0083446502685546,0.0066757202148437,0.0066757202148437,0.0045299530029296,0.0045299530029296,0.0058174133300781,0.0104904174804687,0.0104904174804687,0.0071048736572265,0.0,0.0,0.0,0.0,0.0110626220703125,0.0200271606445312,0.0,0.496,1.36,0.0,0.0,0.0,3.744,4.232,113.256,0.0,1.192,0
87,0.0,0.0,0.0,0.0,0.0,0.0,0,0,0.0,0,0.0,0.0,0.0,0.0058406621069457,0.00762939453125,0.0073909759521484,0.0073909759521484,0.0052452087402343,0.0052452087402343,0.0066280364990234,0.00762939453125,0.00762939453125,0.009012222290039,0.0,0.0,0.0,0.0,0.0121355056762695,0.0246763229370117,0.0,0.496,1.36,0.0,0.0,0.0,8.264,7.736,113.256,0.0,1.192,0
88,0.0,0.0,0.0,0.0,0.0,0.0,0,0,0.0,0,0.0,0.0,0.0,0.0061273574829101,0.0086069107055664,0.0102519989013671,0.0102519989013671,0.0,0.0,0.0,0.0078678131103515,0.0078678131103515,0.0,0.0,0.0,0.0,0.0,0.0,0.0,0.0,0.496,1.36,0.0,0.0,0.0,0.0,0.0,112.0,0.0,0.0,0
89,0.0,0.0,0.0,0.0,0.0,0.0,0,0,0.0,0,0.0,0.0,0.0,0.0064535048401471,0.008702278137207,0.0092983245849609,0.0092983245849609,0.003868592190247,0.0045299530029296,0.0,0.0081062316894531,0.0081062316894531,0.0,0.0,0.0,0.0,0.0,0.0,0.0,0.0,0.496,1.36,0.0,0.0,0.0,0.0,0.0,143.152,0.0,22313.448,0
90,0.0,0.0,0.0,0.0,0.0,0.0,0,0,0.0,0,0.0,0.0,0.0,0.0064194202423095,0.0090599060058593,0.0121593475341796,0.0121593475341796,0.0,0.0,0.0,0.00762939453125,0.00762939453125,0.0,0.0,0.0,0.0,0.0,0.0,0.0,0.0,0.496,1.424,0.0,0.0,0.0,0.0,0.0,112.0,0.0,0.0,0
91,0.0,0.0,0.0,0.0,0.0,0.0,0,0,0.0,0,0.0,0.0,0.0,0.0057995319366455,0.0074148178100585,0.0077486038208007,0.0103235244750976,0.0,0.0,0.0067710876464843,0.0226497650146484,0.0316143035888671,0.0087261199951171,0.0,0.0,0.0,0.0,0.0113964080810546,0.0216484069824218,0.0,1.344,2.24,0.0,0.0,0.0,3.744,4.232,112.0,0.0,0.0,0
92,0.0,0.0,0.0,0.0,0.0,0.0,0,0,0.0,0,0.0,0.0,0.0,0.0058430344311159,0.0078678131103515,0.0073909759521484,0.0073909759521484,0.0088214874267578,0.0088214874267578,0.0069141387939453,0.0064373016357421,0.0064373016357421,0.0079154968261718,0.0,0.0,0.0,0.0,0.0107765197753906,0.0204086303710937,0.0,0.496,1.36,0.0,0.0,0.0,3.744,4.232,113.256,0.0,1.192,0
93,0.0,0.0,0.0,0.0,0.0,0.0,0,0,0.0,0,0.0,0.0,0.0,0.0058952255628595,0.0078678131103515,0.0061988830566406,0.0061988830566406,0.0047683715820312,0.0047683715820312,0.0061459011501736,0.0090599060058593,0.0090599060058593,0.008392333984375,0.0,0.0,0.0,0.0,0.0102736733176491,0.0219345092773437,0.0,0.496,1.36,0.0,0.0,0.0,8.792,7.208,113.256,0.0,1.192,0
94,0.0,0.0,0.0,0.0,0.0,0.0,0,0,0.0,0,0.0,0.0,0.0,0.0060624744168561,0.0081062316894531,0.0071525573730468,0.0071525573730468,0.0050067901611328,0.0050067901611328,0.0,0.0166893005371093,0.0166893005371093,0.0,0.0,0.0,0.0,0.0,0.0,0.0,0.0,0.496,1.36,0.0,0.0,0.0,0.0,0.0,113.256,0.0,1.192,0
95,0.0,0.0,0.0,0.0,0.0,0.0,0,0,0.0,0,0.0,0.0,0.0,0.006260871887207,0.0085830688476562,0.0083446502685546,0.0083446502685546,0.0,0.0,0.0,0.009775161743164,0.009775161743164,0.0,0.0,0.0,0.0,0.0,0.0,0.0,0.0,0.496,1.36,0.0,0.0,0.0,0.0,0.0,112.0,0.0,0.0,0
96,0.0,0.0,0.0,0.0,0.0,0.0,0,0,0.0,0,0.0,0.0,0.0,0.0059318542480468,0.0081062316894531,0.0061988830566406,0.0061988830566406,0.0,0.0,0.0,0.0071525573730468,0.0071525573730468,0.0,0.0,0.0,0.0,0.0,0.0,0.0,0.0,0.496,1.36,0.0,0.0,0.0,0.0,0.0,112.0,0.0,0.0,0
97,0.0,0.0,0.0,0.0,0.0,0.0,0,0,0.0,0,0.0,0.0,0.0,0.0070518660313874,0.0100135803222656,0.0102519989013671,0.0102519989013671,0.0038905221907818,0.0045299530029296,0.0056743621826171,0.011444091796875,0.011444091796875,0.0071048736572265,0.0,0.0,0.0,0.0,0.0095367431640625,0.0177383422851562,0.0,0.496,1.36,0.0,0.0,0.0,3.744,4.232,143.152,0.0,41695.984,0
98,0.0,0.0,0.0,0.0,0.0,0.0,0,0,0.0,0,0.0,0.0,0.0,0.0069034633351795,0.0095367431640625,0.0088214874267578,0.0088214874267578,0.003953312718591,0.0047683715820312,0.0056266784667968,0.0112056732177734,0.0112056732177734,0.0071048736572265,0.0,0.0,0.0,0.0,0.0103473663330078,0.0196456909179687,0.0,0.496,1.424,0.0,0.0,0.0,3.744,4.232,117.192,0.0,966.208,0
99,0.0,0.0,0.0,0.0,0.0,0.0,0,0,0.0,0,0.0,0.0,0.0,0.0060209587438782,0.0081062316894531,0.0078678131103515,0.0078678131103515,0.0071525573730468,0.0071525573730468,0.0065565109252929,0.0109672546386718,0.0109672546386718,0.0086784362792968,0.0,0.0,0.0,0.0,0.0109672546386718,0.0279903411865234,0.0,0.496,1.424,0.0,0.0,0.0,8.264,7.736,113.256,0.0,1.192,0
100,0.0,0.0,0.0,0.0,0.0,0.0,0,0,0.0,0,0.0,0.0,0.0,0.0060138417713677,0.00762939453125,0.0104904174804687,0.0104904174804687,0.0069141387939453,0.0069141387939453,0.0,0.0095367431640625,0.0095367431640625,0.0,0.0,0.0,0.0,0.0,0.0,0.0,0.0,0.496,1.36,0.0,0.0,0.0,0.0,0.0,113.256,0.0,1.192,0
101,0.0,0.0,0.0,0.0,0.0,0.0,0,0,0.0,0,0.0,0.0,0.0,0.0059059010216252,0.00762939453125,0.0069141387939453,0.0069141387939453,0.0081062316894531,0.0081062316894531,0.0,0.0085830688476562,0.0085830688476562,0.0,0.0,0.0,0.0,0.0,0.0,0.0,0.0,0.496,1.36,0.0,0.0,0.0,0.0,0.0,113.256,0.0,1.192,0
102,0.0,0.0,0.0,0.0,0.0,0.0,0,0,0.0,0,0.0,0.0,0.0,0.0059936770159213,0.0078678131103515,0.0073909759521484,0.0073909759521484,0.0064373016357421,0.0064373016357421,0.0,0.0119209289550781,0.0119209289550781,0.0,0.0,0.0,0.0,0.0,0.0,0.0,0.0,0.496,1.36,0.0,0.0,0.0,0.0,0.0,117.192,0.0,9.784,0
103,0.0,0.0,0.0,0.0,0.0,0.0,0,0,0.0,0,0.0,0.0,0.0,0.0060081481933593,0.0081062316894531,0.0066757202148437,0.0066757202148437,0.0,0.0,0.005960464477539,0.009775161743164,0.009775161743164,0.0073909759521484,0.0,0.0,0.0,0.0,0.0101566314697265,0.018930435180664,0.0,0.496,1.424,0.0,0.0,0.0,3.744,4.232,112.0,0.0,0.0,1
104,0.0,0.0,0.0,0.0,0.0,0.0,0,0,0.0,0,0.0,0.0,0.0,0.0060174523330316,0.0081062316894531,0.0081062316894531,0.0081062316894531,0.0038773863465635,0.0045299530029296,0.0061988830566406,0.0073909759521484,0.0073909759521484,0.0078678131103515,0.0,0.0,0.0,0.0,0.012969970703125,0.0239849090576171,0.0,0.496,1.36,0.0,0.0,0.0,3.744,4.232,137.96,0.0,8019.544,1
105,0.0,0.0,0.0,0.0,0.0,0.0,0,0,0.0,0,0.0,0.0,0.0,0.0072177962877264,0.0100135803222656,0.0100135803222656,0.0100135803222656,0.0038706619320934,0.0045299530029296,0.0063896179199218,0.0147819519042968,0.0147819519042968,0.0086069107055664,0.0,0.0,0.0,0.0,0.0113964080810546,0.0235795974731445,0.0,0.496,1.424,0.0,0.0,0.0,8.264,7.736,117.192,0.0,17904.16,1
106,0.0,0.0,0.0,0.0,0.0,0.0,0,0,0.0,0,0.0,0.0,0.0,0.0057860986510319,0.0073909759521484,0.0085830688476562,0.0085830688476562,0.0071525573730468,0.0071525573730468,0.0,0.0109672546386718,0.0109672546386718,0.0,0.0,0.0,0.0,0.0,0.0,0.0,0.0,0.496,1.424,0.0,0.0,0.0,0.0,0.0,113.256,0.0,1.192,1
107,0.0,0.0,0.0,0.0,0.0,0.0,0,0,0.0,0,0.0,0.0,0.0,0.0060517989580904,0.0083446502685546,0.00762939453125,0.00762939453125,0.0057220458984375,0.0057220458984375,0.0,0.0073909759521484,0.0073909759521484,0.0,0.0,0.0,0.0,0.0,0.0,0.0,0.0,0.496,1.36,0.0,0.0,0.0,0.0,0.0,113.256,0.0,1.192,1
108,0.0,0.0,0.0,0.0,0.0,0.0,0,0,0.0,0,0.0,0.0,0.0,0.0061253410073655,0.0081062316894531,0.0069141387939453,0.0069141387939453,0.0047683715820312,0.0047683715820312,0.0,0.0088214874267578,0.0088214874267578,0.0,0.0,0.0,0.0,0.0,0.0,0.0,0.0,0.496,1.36,0.0,0.0,0.0,0.0,0.0,113.256,0.0,1.192,1
109,0.0,0.0,0.0,0.0,0.0,0.0,0,0,0.0,0,0.0,0.0,0.0,0.0060843486411898,0.0081062316894531,0.0071525573730468,0.0071525573730468,0.0042418638865153,0.0057697296142578,0.006103515625,0.0128746032714843,0.0128746032714843,0.0077247619628906,0.0,0.0,0.0,0.0,0.0126361846923828,0.02288818359375,0.0,0.496,1.36,0.0,0.0,0.0,3.744,4.232,132.768,0.0,270.336,1
110,0.0,0.0,0.0,0.0,0.0,0.0,0,0,0.0,0,0.0,0.0,0.0,0.0059151649475097,0.0078678131103515,0.00762939453125,0.00762939453125,0.0,0.0,0.006723403930664,0.0081062316894531,0.0081062316894531,0.0091552734375,0.0,0.0,0.0,0.0,0.0123977661132812,0.0224590301513671,0.0,0.496,1.424,0.0,0.0,0.0,3.744,4.232,112.0,0.0,0.0,1
111,0.0,0.0,0.0,0.0,0.0,0.0,0,0,0.0,0,0.0,0.0,0.0,0.0061619281768798,0.0081062316894531,0.00762939453125,0.00762939453125,0.0,0.0,0.0057697296142578,0.0073909759521484,0.0073909759521484,0.0078916549682617,0.0,0.0,0.0,0.0,0.0113964080810546,0.0241994857788085,0.0,0.496,1.36,0.0,0.0,0.0,8.264,7.736,112.0,0.0,0.0,1
112,0.0,0.0,0.0,0.0,0.0,0.0,0,0,0.0,0,0.0,0.0,0.0,0.0065876345329096,0.0090599060058593,0.009775161743164,0.009775161743164,0.0038792829558323,0.0045299530029296,0.0,0.00762939453125,0.00762939453125,0.0,0.0,0.0,0.0,0.0,0.0,0.0,0.0,0.496,1.36,0.0,0.0,0.0,0.0,0.0,127.576,0.0,23218.448,1
113,0.0,0.0,0.0,0.0,0.0,0.0,0,0,0.0,0,0.0,0.0,0.0,0.0063877294559289,0.008559226989746,0.009775161743164,0.009775161743164,0.003904104232788,0.0045299530029296,0.0,0.0119209289550781,0.0119209289550781,0.0,0.0100135803222656,0.0052452087402343,0.0100135803222656,0.0052452087402343,0.0,0.0,0.0,0.496,1.424,0.0,0.848,0.848,0.0,0.0,118.448,0.0,963.68,1
114,0.0,0.0,0.0,0.0,0.0,0.0,0,0,0.0,0,0.0,0.0,0.0,0.0060162140955379,0.0083446502685546,0.0073909759521484,0.0073909759521484,0.0069141387939453,0.0069141387939453,0.0,0.0071525573730468,0.0071525573730468,0.0,0.0045299530029296,0.0109672546386718,0.0045299530029296,0.0109672546386718,0.0,0.0,0.0,0.496,1.424,0.0,0.848,0.848,0.0,0.0,113.256,0.0,1.192,1
115,0.0,0.0,0.0,0.0,0.0,0.0,0,0,0.0,0,0.0,0.0,0.0,0.0060340065268141,0.0078678131103515,0.0064373016357421,0.0064373016357421,0.0071525573730468,0.0071525573730468,0.0068187713623046,0.013589859008789,0.013589859008789,0.0092983245849609,0.0,0.0,0.0,0.0,0.0142455101013183,0.0257730484008789,0.0,0.496,1.36,0.0,0.0,0.0,3.216,4.232,113.256,20.0,1.192,1
116,0.0,0.0,0.0,0.0,0.0,0.0,0,0,0.0,0,0.0,0.0,0.0,0.0059390068054199,0.0081062316894531,0.0066757202148437,0.0066757202148437,0.0,0.0,0.0,0.0104904174804687,0.0104904174804687,0.0,0.0,0.0,0.0,0.0,0.0,0.0,0.0,0.496,1.36,0.0,0.0,0.0,0.0,0.0,112.0,100.0,0.0,1
117,0.0,0.0,0.0,0.0,0.0,0.0,0,0,0.0,0,0.0,0.0,0.0,0.0059998035430908,0.00762939453125,0.0064373016357421,0.0064373016357421,0.0,0.0,0.0059127807617187,0.0104904174804687,0.0104904174804687,0.0073909759521484,0.0,0.0,0.0,0.0,0.2083778381347656,0.6102561950683595,0.0,0.496,1.36,1.0,0.0,0.0,3.744,4.232,112.0,0.0,0.0,1
118,0.0,0.0,0.0,0.0,0.0,0.0,0,0,0.0,0,0.0,0.0,0.0,0.0060045719146728,0.0083446502685546,0.0073909759521484,0.0073909759521484,0.0,0.0,0.005960464477539,0.0095367431640625,0.0095367431640625,0.0068664550781249,0.0,0.0,0.0,0.0,0.0126361846923828,0.0264644622802734,0.0,0.496,1.36,1.0,0.0,0.0,8.792,7.736,112.0,8.333333333333332,0.0,1
119,0.0,0.0,0.0,0.0,0.0,0.0,0,0,0.0,0,0.0,0.0,0.0,0.006188154220581,0.0078916549682617,0.005960464477539,0.005960464477539,0.0,0.0,0.0,0.0081062316894531,0.0081062316894531,0.0,0.0,0.0,0.0,0.0,0.0,0.0,0.0,0.496,1.36,0.0,0.0,0.0,0.0,0.0,112.0,8.333333333333332,0.0,1
120,0.0,0.0,0.0,0.0,0.0,0.0,0,0,0.0,0,0.0,0.0,0.0,0.0069394779666034,0.0092983245849609,0.00762939453125,0.00762939453125,0.003893442351885,0.0045299530029296,0.0,0.0119209289550781,0.0119209289550781,0.0,0.0,0.0,0.0,0.0,0.0,0.0,0.0,0.496,1.36,0.0,0.0,0.0,0.0,0.0,144.408,8.333333333333332,36706.4,1
121,0.0,0.0,0.0,0.0,0.0,0.0,0,0,0.0,0,0.0,0.0,0.0,0.0069660715537496,0.0100135803222656,0.0095367431640625,0.0095367431640625,0.0040016676250256,0.0047683715820312,0.0,0.0138282775878906,0.0138282775878906,0.0,0.0,0.0,0.0,0.0,0.0,0.0,0.0,0.496,1.424,0.0,0.0,0.0,0.0,0.0,118.448,8.333333333333332,2146.528,1
122,0.0,0.0,0.0,0.0,0.0,0.0,0,0,0.0,0,0.0,0.0,0.0,0.0058679438349026,0.00762939453125,0.0085830688476562,0.0085830688476562,0.0042915344238281,0.0042915344238281,0.0063180923461914,0.0095367431640625,0.0095367431640625,0.0091791152954101,0.0,0.0,0.0,0.0,0.0126361846923828,0.0233650207519531,1.0,0.496,1.424,1.0,0.0,0.0,4.368,4.76,113.256,14.285714285714285,1.192,1
123,0.0,0.0,0.0,0.0,0.0,0.0,0,0,0.0,0,0.0,0.0,0.0,0.0060093402862548,0.0085830688476562,0.0064373016357421,0.0075817108154296,0.0,0.0,0.0062465667724609,0.0098943710327148,0.0117063522338867,0.0085830688476562,0.0,0.0,0.0,0.0,0.0143051147460937,0.0266551971435546,0.0,1.344,2.208,1.0,0.0,0.0,3.744,4.232,112.0,16.666666666666664,0.0,1
124,0.0,0.0,0.0,0.0,0.0,0.0,0,0,0.0,0,0.0,0.0,0.0,0.0060009956359863,0.0078678131103515,0.0069141387939453,0.0069141387939453,0.0,0.0,0.0066518783569335,0.0088214874267578,0.0088214874267578,0.0084161758422851,0.0,0.0,0.0,0.0,0.0125567118326822,0.0262737274169921,0.0,0.496,1.36,0.0,0.0,0.0,7.736,7.736,112.0,10.0,0.0,1
125,0.0,0.0,0.0,0.0,0.0,0.0,0,0,0.0,0,0.0,0.0,0.0,0.0060224533081054,0.00762939453125,0.0078678131103515,0.0078678131103515,0.0,0.0,0.0,0.0085830688476562,0.0085830688476562,0.0,0.0,0.0,0.0,0.0,0.0,0.0,0.0,0.496,1.36,0.0,0.0,0.0,0.0,0.0,112.0,10.0,0.0,1
126,0.0,0.0,0.0,0.0,0.0,0.0,0,0,0.0,0,0.0,0.0,0.0,0.0058543682098388,0.0078916549682617,0.0073909759521484,0.0073909759521484,0.0,0.0,0.0,0.0085830688476562,0.0085830688476562,0.0,0.0,0.0,0.0,0.0,0.0,0.0,0.0,0.496,1.36,0.0,0.0,0.0,0.0,0.0,112.0,10.0,0.0,1
127,0.0,0.0,0.0,0.0,0.0,0.0,0,0,0.0,0,0.0,0.0,0.0,0.0061124995134878,0.0083446502685546,0.0071525573730468,0.0071525573730468,0.0039620488012501,0.0047683715820312,0.0,0.0107288360595703,0.0107288360595703,0.0,0.0,0.0,0.0,0.0,0.0,0.0,0.0,0.496,1.36,0.0,0.0,0.0,0.0,0.0,144.408,10.0,4270.008,1
128,0.0,0.0,0.0,0.0,0.0,0.0,0,0,0.0,0,0.0,0.0,0.0,0.006924814252711,0.0095367431640625,0.009775161743164,0.009775161743164,0.0038548189517203,0.0045299530029296,0.0064849853515625,0.0152587890625,0.0152587890625,0.0086784362792968,0.0,0.0,0.0,0.0,0.0136852264404296,0.0245571136474609,0.0,0.496,1.424,1.0,0.0,0.0,3.744,4.232,113.256,16.666666666666664,16281.68,1
129,0.0,0.0,0.0,0.0,0.0,0.0,0,0,0.0,0,0.0,0.0,0.0,0.0059487197199478,0.0081062316894531,0.0085830688476562,0.0085830688476562,0.0044284982884183,0.0052452087402343,0.0061988830566406,0.0102519989013671,0.0102519989013671,0.0061988830566406,0.0,0.0,0.0,0.0,0.0177621841430664,0.0279664993286132,0.0,0.496,1.424,0.0,0.0,0.0,1.12,0.592,123.64,33.33333333333333,427.768,1
130,0.0,0.0,0.0,0.0,0.0,0.0,0,0,0.0,0,0.0,0.0,0.0,0.006638765335083,0.0090599060058593,0.0102519989013671,0.0102519989013671,0.004182596430766,0.0052452087402343,0.006258487701416,0.0133514404296875,0.0133514404296875,0.008559226989746,0.0,0.0,0.0,0.0,0.0096956888834635,0.01220703125,0.0,0.496,1.424,1.0,0.0,0.0,2.624,3.64,112.0,0.0,3836.328,1
131,0.0,0.0,0.0,0.0,0.0,0.0,0,0,0.0,0,0.0,0.0,0.0,0.0060176849365234,0.0083446502685546,0.0090599060058593,0.0090599060058593,0.0,0.0,0.0093199990012428,0.0071525573730468,0.0071525573730468,0.0162124633789062,0.0,0.0,0.0,0.0,0.0149553472345525,0.0300407409667968,1.0,0.496,1.392,1.0,0.0,0.0,8.888,8.264,112.0,8.333333333333332,0.0,1
132,0.0,0.0,0.0,0.0,0.0,0.0,0,0,0.0,0,0.0,0.0,0.0,0.0060498714447021,0.0078678131103515,0.0071525573730468,0.0071525573730468,0.0,0.0,0.0066757202148437,0.0071525573730468,0.0071525573730468,0.0081062316894531,0.0,0.0,0.0,0.0,0.0127278841458834,0.0253677368164062,0.0,0.496,1.36,1.0,0.0,0.0,9.72,10.784,112.0,23.52941176470588,0.0,1
133,0.0,0.0,0.0,0.0,0.0,0.0,0,0,0.0,0,0.0,0.0,0.0,0.0059807300567626,0.0078916549682617,0.00762939453125,0.00762939453125,0.0,0.0,0.0050067901611328,0.00762939453125,0.00762939453125,0.0050067901611328,0.0,0.0,0.0,0.0,0.019073486328125,0.019073486328125,0.0,0.496,1.36,1.0,0.0,0.0,0.528,0.528,112.0,0.0,0.0,1
134,0.0,0.0,0.0,0.0,0.0,0.0,0,0,0.0,0,0.0,0.0,0.0,0.0059426720462628,0.0078678131103515,0.00762939453125,0.00762939453125,0.0050067901611328,0.0050067901611328,0.0,0.0121593475341796,0.0121593475341796,0.0,0.0,0.0,0.0,0.0,0.0,0.0,0.0,0.496,1.36,0.0,0.0,0.0,0.0,0.0,113.256,0.0,1.192,1
135,0.0,0.0,0.0,0.0,0.0,0.0,0,0,0.0,0,0.0,0.0,0.0,0.0061676340195739,0.0083446502685546,0.00762939453125,0.00762939453125,0.0039430128203497,0.0047683715820312,0.0071525573730468,0.0092983245849609,0.0092983245849609,0.0091075897216796,0.0,0.0,0.0,0.0,0.0142455101013183,0.0250577926635742,0.0,0.496,1.36,0.0,0.0,0.0,3.216,4.232,139.216,20.0,3167.824,1
136,0.0,0.0,0.0,0.0,0.0,0.0,0,0,0.0,0,0.0,0.0,0.0,0.0058086357306485,0.0078678131103515,0.009775161743164,0.009775161743164,0.0069141387939453,0.0069141387939453,0.0,0.0061988830566406,0.0061988830566406,0.0,0.0,0.0,0.0,0.0,0.0,0.0,0.0,0.496,1.424,0.0,0.0,0.0,0.0,0.0,113.256,100.0,1.192,1
137,0.0,0.0,0.0,0.0,0.0,0.0,0,0,0.0,0,0.0,0.0,0.0,0.0061585535457478,0.0081062316894531,0.0078678131103515,0.0078678131103515,0.0052452087402343,0.0063896179199218,0.0,0.0083446502685546,0.0083446502685546,0.0,0.0,0.0,0.0,0.0,0.0,0.0,0.0,0.496,1.36,1.0,0.0,0.0,0.0,0.0,117.192,100.0,17.408,1
138,0.0,0.0,0.0,0.0,0.0,0.0,0,0,0.0,0,0.0,0.0,0.0,0.0060356309261228,0.0082969665527343,0.0073909759521484,0.0073909759521484,0.0047882397969563,0.0067949295043945,0.0063419342041015,0.0164508819580078,0.0164508819580078,0.0080108642578125,0.0,0.0,0.0,0.0,0.0111103057861328,0.0180244445800781,0.0,0.496,1.424,1.0,0.0,0.0,3.744,4.232,127.576,0.0,230.096,1
139,0.0,0.0,0.0,0.0,0.0,0.0,0,0,0.0,0,0.0,0.0,0.0,0.0060832500457763,0.0081062316894531,0.00762939453125,0.00762939453125,0.0045879467113597,0.0058174133300781,0.0068187713623046,0.0119209289550781,0.0119209289550781,0.009012222290039,0.0,0.0,0.0,0.0,0.011754035949707,0.0243663787841796,0.0,0.496,1.424,0.0,0.0,0.0,8.264,7.736,112.0,0.0,281.528,1
140,0.0,0.0,0.0,0.0,0.0,0.0,0,0,0.0,0,0.0,0.0,0.0,0.0060577297685158,0.0083446502685546,0.0066757202148437,0.0066757202148437,0.0042513192418109,0.0054359436035156,0.0,0.0128746032714843,0.0128746032714843,0.0,0.0,0.0,0.0,0.0,0.0,0.0,0.0,0.496,1.424,0.0,0.0,0.0,0.0,0.0,114.6,0.0,810.376,1
141,0.0,0.0,0.0,0.0,0.0,0.0,0,0,0.0,0,0.0,0.0,0.0,0.0058726884832429,0.0081062316894531,0.0078678131103515,0.0078678131103515,0.0050067901611328,0.0050067901611328,0.0,0.0081062316894531,0.0081062316894531,0.0,0.0071525573730468,0.0062882900238037,0.0085115432739257,0.007486343383789,0.0,0.0,0.0,0.496,1.392,0.0,10.752,24.096,0.0,0.0,113.256,0.0,1.192,1
142,0.0,0.0,0.0,0.0,0.0,0.0,0,0,0.0,0,0.0,0.0,0.0,0.0062399897082098,0.0085830688476562,0.0081062316894531,0.0081062316894531,0.0049727303641183,0.0066280364990234,0.0,0.0116825103759765,0.0116825103759765,0.0,0.0109672546386718,0.0,0.0109672546386718,0.0,0.0,0.0,0.0,0.496,1.36,0.0,0.0,0.496,0.0,0.0,123.104,0.0,67.952,1
143,0.0,0.0,0.0,0.0,0.0,0.0,0,0,0.0,0,0.0,0.0,0.0,0.0062484552364538,0.0081062316894531,0.00762939453125,0.00762939453125,0.0040389348139993,0.0047683715820312,0.0,0.0085830688476562,0.0085830688476562,0.0,0.0,0.0,0.0,0.0,0.0,0.0,0.0,0.496,1.424,0.0,0.0,0.0,0.0,0.0,118.448,100.0,2607.144,1
144,0.0,0.0,0.0,0.0,0.0,0.0,0,0,0.0,0,0.0,0.0,0.0,0.0064717003362095,0.0088214874267578,0.0116825103759765,0.0116825103759765,0.0041263012946406,0.0050067901611328,0.0063896179199218,0.0092983245849609,0.0092983245849609,0.0082015991210937,0.007331371307373,0.0060796737670898,0.009918212890625,0.0072717666625976,0.0118732452392578,0.0195980072021484,0.0,0.496,1.424,1.0,5.696,8.608,3.744,4.232,117.192,0.0,2906.064,1
145,0.0,0.0,0.0,0.0,0.0,0.0,0,0,0.0,0,0.0,0.0,0.0,0.0063578287760416,0.0085830688476562,0.0119209289550781,0.0119209289550781,0.0041681569773,0.0052452087402343,0.0,0.0131130218505859,0.0131130218505859,0.0,0.006723403930664,0.0087261199951171,0.0086307525634765,0.012063980102539,0.0,0.0,0.0,0.496,1.424,0.0,16.656,5.04,0.0,0.0,112.496,100.0,1386.856,1
146,0.0,0.0,0.0,0.0,0.0,0.0,0,0,0.0,0,0.0,0.0,0.0,0.0067770481109619,0.0086307525634765,0.0088214874267578,0.0088214874267578,0.0048975149790445,0.0070095062255859,0.0,0.0121593475341796,0.0121593475341796,0.0,0.0,0.0,0.0,0.0,0.0,0.0,0.0,0.496,1.808,1.0,0.0,0.0,0.0,0.0,113.96,100.0,162.096,1
147,0.0,0.0,0.0,0.0,0.0,0.0,0,0,0.0,0,0.0,0.0,0.0,0.0066674170802481,0.0083446502685546,0.0088214874267578,0.0088214874267578,0.0069141387939453,0.0069141387939453,0.0068187713623046,0.0126361846923828,0.0126361846923828,0.0084400177001953,0.0,0.0,0.0,0.0,0.0110626220703125,0.0180721282958984,0.0,0.496,1.84,1.0,0.0,0.0,3.744,4.232,114.392,0.0,2.104,1
148,0.0,0.0,0.0,0.0,0.0,0.0,0,0,0.0,0,0.0,0.0,0.0,0.0068145011787983,0.0088214874267578,0.0071525573730468,0.0071525573730468,0.0064373016357421,0.0070095062255859,0.0068491155450994,0.0116825103759765,0.0116825103759765,0.0092983245849609,0.0,0.0,0.0,0.0,0.013589859008789,0.0256538391113281,1.0,0.496,1.84,1.0,0.0,0.0,8.36,8.264,117.888,16.666666666666664,8.112,1
149,0.0,0.0,0.0,0.0,0.0,0.0,0,0,0.0,0,0.0,0.0,0.0,0.0069575943970327,0.009012222290039,0.0061988830566406,0.0061988830566406,0.0041123240062772,0.0050067901611328,0.0,0.0131130218505859,0.0131130218505859,0.0,0.0,0.0,0.0,0.0,0.0,0.0,0.0,0.496,1.84,0.0,0.0,0.0,0.0,0.0,123.64,16.666666666666664,4079.688,1
150,0.0,0.0,0.0,0.0,0.0,0.0,0,0,0.0,0,0.0,0.0,0.0,0.0072071208289606,0.0090599060058593,0.0107288360595703,0.0107288360595703,0.004159405900927,0.0050067901611328,0.0,0.0085830688476562,0.0085830688476562,0.0,0.0,0.0,0.0,0.0,0.0,0.0,0.0,0.496,1.84,0.0,0.0,0.0,0.0,0.0,113.256,16.666666666666664,3772.704,1
151,0.0,0.0,0.0,0.0,0.0,0.0,0,0,0.0,0,0.0,0.0,0.0,0.0067043304443359,0.0085830688476562,0.0088214874267578,0.0088214874267578,0.0,0.0,0.0,0.0073909759521484,0.0073909759521484,0.0,0.0,0.0,0.0,0.0,0.0,0.0,0.0,0.496,1.84,0.0,0.0,0.0,0.0,0.0,112.0,16.666666666666664,0.0,1
152,0.0,0.0,0.0,0.0,0.0,0.0,0,0,0.0,0,0.0,0.0,0.0,0.0065863132476806,0.0078678131103515,0.0081062316894531,0.0081062316894531,0.0,0.0,0.0061392784118652,0.005960464477539,0.005960464477539,0.0063657760620117,0.0,0.0,0.0,0.0,0.0121990839640299,0.0211000442504882,0.0,0.496,1.776,0.0,0.0,0.0,4.272,3.704,112.0,0.0,0.0,1
153,0.0,0.0,0.0,0.0,0.0,0.0,0,0,0.0,0,0.0,0.0,0.0,0.0067668802597943,0.0089883804321289,0.0066757202148437,0.0066757202148437,0.0043031645984184,0.0047683715820312,0.0060081481933593,0.0143051147460937,0.0143051147460937,0.0075817108154296,0.0,0.0,0.0,0.0,0.0125885009765625,0.0223159790039062,0.0,0.496,1.776,0.0,0.0,0.0,3.744,4.232,132.768,0.0,1411.792,1
154,0.0,0.0,0.0,0.0,0.0,0.0,0,0,0.0,0,0.0,0.0,0.0,0.0070357322692871,0.0092983245849609,0.0078678131103515,0.0078678131103515,0.0040094975256369,0.0047683715820312,0.0066280364990234,0.009775161743164,0.009775161743164,0.0086069107055664,0.0,0.0,0.0,0.0,0.0121593475341796,0.0256061553955078,0.0,0.496,1.84,0.0,0.0,0.0,8.264,7.736,112.0,0.0,5311.352,1
155,0.0,0.0,0.0,0.0,0.0,0.0,0,0,0.0,0,0.0,0.0,0.0,0.0066721617285885,0.0083446502685546,0.0061988830566406,0.0063896179199218,0.0054836273193359,0.006723403930664,0.0,0.0102519989013671,0.0119686126708984,0.0,0.0,0.0,0.0,0.0,0.0,0.0,0.0,1.344,2.656,0.0,0.0,0.0,0.0,0.0,117.888,0.0,8.472,1
156,0.0,0.0,0.0,0.0,0.0,0.0,0,0,0.0,0,0.0,0.0,0.0,0.0067148635636514,0.0083446502685546,0.0066757202148437,0.0066757202148437,0.0057220458984375,0.0057220458984375,0.0,0.0066757202148437,0.0066757202148437,0.0,0.0,0.0,0.0,0.0,0.0,0.0,0.0,0.496,1.84,0.0,0.0,0.0,0.0,0.0,113.256,0.0,1.192,1
157,0.0,0.0,0.0,0.0,0.0,0.0,0,0,0.0,0,0.0,0.0,0.0,0.0066674170802481,0.0085830688476562,0.0064373016357421,0.0064373016357421,0.0045299530029296,0.0045299530029296,0.0,0.0081062316894531,0.0081062316894531,0.0,0.0,0.0,0.0,0.0,0.0,0.0,0.0,0.496,1.776,0.0,0.0,0.0,0.0,0.0,113.256,0.0,1.192,1
158,0.0,0.0,0.0,0.0,0.0,0.0,0,0,0.0,0,0.0,0.0,0.0,0.0065493583679199,0.0083446502685546,0.0069141387939453,0.0069141387939453,0.0,0.0,0.0074386596679687,0.0083446502685546,0.0083446502685546,0.0093936920166015,0.0,0.0,0.0,0.0,0.019391377766927,0.026702880859375,0.0,0.496,1.776,1.0,0.0,0.0,2.688,4.232,112.0,50.0,0.0,1
159,0.0,0.0,0.0,0.0,0.0,0.0,0,0,0.0,0,0.0,0.0,0.0,0.0066006183624267,0.0081062316894531,0.005960464477539,0.005960464477539,0.0,0.0,0.0057697296142578,0.0081062316894531,0.0081062316894531,0.007486343383789,0.0,0.0,0.0,0.0,0.0117778778076171,0.0217437744140625,0.0,0.496,1.776,0.0,0.0,0.0,3.744,4.232,112.0,0.0,0.0,1
160,0.0,0.0,0.0,0.0,0.0,0.0,0,0,0.0,0,0.0,0.0,0.0,0.00657320022583,0.0081062316894531,0.0064373016357421,0.0064373016357421,0.0,0.0,0.006270408630371,0.0102519989013671,0.0102519989013671,0.008702278137207,0.0,0.0,0.0,0.0,0.011754035949707,0.0250101089477539,0.0,0.496,1.776,0.0,0.0,0.0,8.264,7.736,112.0,0.0,0.0,1
161,0.0,0.0,0.0,0.0,0.0,0.0,0,0,0.0,0,0.0,0.0,0.0,0.0065600872039794,0.0081062316894531,0.009775161743164,0.009775161743164,0.0,0.0,0.0,0.0107288360595703,0.0107288360595703,0.0,0.0,0.0,0.0,0.0,0.0,0.0,0.0,0.496,1.776,0.0,0.0,0.0,0.0,0.0,112.0,0.0,0.0,1
162,0.0,0.0,0.0,0.0,0.0,0.0,0,0,0.0,0,0.0,0.0,0.0,0.0065523593579951,0.0078678131103515,0.0073909759521484,0.0073909759521484,0.0092983245849609,0.0092983245849609,0.0,0.0064373016357421,0.0064373016357421,0.0,0.0,0.0,0.0,0.0,0.0,0.0,0.0,0.496,1.776,0.0,0.0,0.0,0.0,0.0,113.256,0.0,1.192,1
163,0.0,0.0,0.0,0.0,0.0,0.0,0,0,0.0,0,0.0,0.0,0.0,0.0070742362939217,0.0090599060058593,0.0119209289550781,0.0119209289550781,0.0040995233540407,0.0050067901611328,0.0,0.0090599060058593,0.0090599060058593,0.0,0.0,0.0,0.0,0.0,0.0,0.0,0.0,0.496,1.776,0.0,0.0,0.0,0.0,0.0,144.408,0.0,3995.032,1
164,0.0,0.0,0.0,0.0,0.0,0.0,0,0,0.0,0,0.0,0.0,0.0,0.0070991800792181,0.0090599060058593,0.0116825103759765,0.0116825103759765,0.0042748617959189,0.0052452087402343,0.006866455078125,0.0112056732177734,0.0112056732177734,0.0093936920166015,0.0,0.0,0.0,0.0,0.0126361846923828,0.0230789184570312,0.0,0.496,1.84,0.0,0.0,0.0,3.744,4.232,117.888,0.0,1383.384,1
165,0.0,0.0,0.0,0.0,0.0,0.0,0,0,0.0,0,0.0,0.0,0.0,0.00657320022583,0.0086069107055664,0.0064373016357421,0.0064373016357421,0.0,0.0,0.0061988830566406,0.0066757202148437,0.0066757202148437,0.0079631805419921,0.0,0.0,0.0,0.0,0.0125408172607421,0.0225067138671875,0.0,0.496,1.84,0.0,0.0,0.0,3.744,4.232,112.0,0.0,0.0,1
166,0.0,0.0,0.0,0.0,0.0,0.0,0,0,0.0,0,0.0,0.0,0.0,0.006725788116455,0.0083446502685546,0.0078678131103515,0.0078678131103515,0.0,0.0,0.0058174133300781,0.011444091796875,0.011444091796875,0.0072956085205078,0.0,0.0,0.0,0.0,0.012826919555664,0.0241756439208984,0.0,0.496,1.776,0.0,0.0,0.0,3.744,4.232,112.0,16.666666666666664,0.0,1
167,0.0,0.0,0.0,0.0,0.0,0.0,0,0,0.0,0,0.0,0.0,0.0,0.0065207481384277,0.0076532363891601,0.0064373016357421,0.0064373016357421,0.0,0.0,0.0070571899414062,0.0085830688476562,0.0085830688476562,0.0100612640380859,0.0,0.0,0.0,0.0,0.0110149383544921,0.0174522399902343,0.0,0.496,1.776,1.0,0.0,0.0,4.52,3.504,112.0,0.0,0.0,1
168,0.0,0.0,0.0,0.0,0.0,0.0,0,0,0.0,0,0.0,0.0,0.0,0.0066697894044183,0.0085830688476562,0.005960464477539,0.005960464477539,0.0088214874267578,0.009012222290039,0.0,0.0145435333251953,0.0145435333251953,0.0,0.0,0.0,0.0,0.0,0.0,0.0,0.0,0.496,1.776,0.0,0.0,0.0,0.0,0.0,117.192,0.0,13.408,1
169,0.0,0.0,0.0,0.0,0.0,0.0,0,0,0.0,0,0.0,0.0,0.0,0.0066626724319078,0.0083446502685546,0.0071525573730468,0.0071525573730468,0.0078678131103515,0.0078678131103515,0.0,0.0121593475341796,0.0121593475341796,0.0,0.0,0.0,0.0,0.0,0.0,0.0,0.0,0.496,1.84,0.0,0.0,0.0,0.0,0.0,113.256,0.0,1.192,1
170,0.0,0.0,0.0,0.0,0.0,0.0,0,0,0.0,0,0.0,0.0,0.0,0.0066579277835675,0.0083446502685546,0.0069141387939453,0.0069141387939453,0.0066757202148437,0.0066757202148437,0.0,0.0061988830566406,0.0061988830566406,0.0,0.0,0.0,0.0,0.0,0.0,0.0,0.0,0.496,1.776,0.0,0.0,0.0,0.0,0.0,113.256,0.0,1.192,1
171,0.0,0.0,0.0,0.0,0.0,0.0,0,0,0.0,0,0.0,0.0,0.0,0.0066187844347597,0.0083446502685546,0.0066757202148437,0.0066757202148437,0.0045299530029296,0.0045299530029296,0.006723403930664,0.0064373016357421,0.0064373016357421,0.0085830688476562,0.0,0.0,0.0,0.0,0.0163912773132324,0.0263214111328125,0.0,0.496,1.776,1.0,0.0,0.0,3.216,4.232,113.256,33.33333333333333,1.192,1
172,0.0,0.0,0.0,0.0,0.0,0.0,0,0,0.0,0,0.0,0.0,0.0,0.0065326690673828,0.0078678131103515,0.0073909759521484,0.0073909759521484,0.0,0.0,0.0060081481933593,0.0085830688476562,0.0085830688476562,0.0072479248046875,0.0,0.0,0.0,0.0,0.0115394592285156,0.0206470489501953,0.0,0.496,1.776,0.0,0.0,0.0,3.744,4.232,112.0,0.0,0.0,1
173,0.0,0.0,0.0,0.0,0.0,0.0,0,0,0.0,0,0.0,0.0,0.0,0.0068504833480686,0.0092983245849609,0.0088214874267578,0.0088214874267578,0.0039674285659216,0.0047683715820312,0.0056028366088867,0.0104904174804687,0.0104904174804687,0.0060558319091796,0.0,0.0,0.0,0.0,0.0138282775878906,0.0225305557250976,0.0,0.496,1.776,0.0,0.0,0.0,4.272,3.704,143.152,14.285714285714285,6553.32,1
174,0.0,0.0,0.0,0.0,0.0,0.0,0,0,0.0,0,0.0,0.0,0.0,0.007171630859375,0.0088214874267578,0.0116825103759765,0.0116825103759765,0.0041563880634817,0.0052452087402343,0.0,0.0128746032714843,0.0128746032714843,0.0,0.0,0.0,0.0,0.0,0.0,0.0,0.0,0.496,1.84,0.0,0.0,0.0,0.0,0.0,112.0,14.285714285714285,1825.256,1
175,0.0,0.0,0.0,0.0,0.0,0.0,0,0,0.0,0,0.0,0.0,0.0,0.0066328048706054,0.0083684921264648,0.0071525573730468,0.0071525573730468,0.0,0.0,0.0072479248046875,0.0071525573730468,0.0071525573730468,0.0098705291748046,0.0119209289550781,0.0143051147460937,0.0147819519042968,0.0181198120117187,0.0129222869873046,0.0210762023925781,0.0,0.496,1.808,1.0,1.696,1.696,4.52,3.504,112.0,0.0,0.0,1
176,0.0,0.0,0.0,0.0,0.0,0.0,0,0,0.0,0,0.0,0.0,0.0,0.0067508866634274,0.0088214874267578,0.0071525573730468,0.0071525573730468,0.004730224609375,0.007486343383789,0.0,0.011444091796875,0.011444091796875,0.0,0.0,0.0,0.0,0.0,0.0,0.0,0.0,0.496,1.776,0.0,0.0,0.0,0.0,0.0,123.64,0.0,246.952,1
177,0.0,0.0,0.0,0.0,0.0,0.0,0,0,0.0,0,0.0,0.0,0.0,0.0065167744954427,0.0083446502685546,0.0083446502685546,0.0083446502685546,0.005960464477539,0.005960464477539,0.0,0.0119209289550781,0.0119209289550781,0.0,0.0,0.0,0.0,0.0,0.0,0.0,0.0,0.496,1.84,0.0,0.0,0.0,0.0,0.0,113.256,0.0,1.192,1
178,0.0,0.0,0.0,0.0,0.0,0.0,0,0,0.0,0,0.0,0.0,0.0,0.0067018157807155,0.0085830688476562,0.0064373016357421,0.0064373016357421,0.0071525573730468,0.0071525573730468,0.0,0.0064373016357421,0.0064373016357421,0.0,0.0,0.0,0.0,0.0,0.0,0.0,0.0,0.496,1.776,0.0,0.0,0.0,0.0,0.0,113.256,0.0,1.192,1
179,0.0,0.0,0.0,0.0,0.0,0.0,0,0,0.0,0,0.0,0.0,0.0,0.0066876411437988,0.0085830688476562,0.0064373016357421,0.0064373016357421,0.0,0.0,0.0059127807617187,0.0095367431640625,0.0095367431640625,0.0072956085205078,0.0,0.0,0.0,0.0,0.0142574310302734,0.0257015228271484,0.0,0.496,1.776,0.0,0.0,0.0,3.744,4.232,112.0,0.0,0.0,1
180,0.0,0.0,0.0,0.0,0.0,0.0,0,0,0.0,0,0.0,0.0,0.0,0.0067317485809326,0.0083446502685546,0.0069141387939453,0.0069141387939453,0.0,0.0,0.0060558319091796,0.0064373016357421,0.0064373016357421,0.0074386596679687,0.0,0.0,0.0,0.0,0.0125408172607421,0.0231742858886718,0.0,0.496,1.776,0.0,0.0,0.0,3.744,4.232,112.0,0.0,0.0,1
181,0.0,0.0,0.0,0.0,0.0,0.0,0,0,0.0,0,0.0,0.0,0.0,0.006716251373291,0.0083446502685546,0.0078678131103515,0.0078678131103515,0.0,0.0,0.0,0.0071525573730468,0.0071525573730468,0.0,0.0,0.0,0.0,0.0,0.0,0.0,0.0,0.496,1.776,0.0,0.0,0.0,0.0,0.0,112.0,100.0,0.0,1
182,0.0,0.0,0.0,0.0,0.0,0.0,0,0,0.0,0,0.0,0.0,0.0,0.0066149234771728,0.0081062316894531,0.0066757202148437,0.0066757202148437,0.0,0.0,0.0066757202148437,0.0071525573730468,0.0071525573730468,0.0088691711425781,0.0,0.0,0.0,0.0,0.0122653113471137,0.0236988067626953,0.0,0.496,1.776,1.0,0.0,0.0,7.736,7.736,112.0,10.0,0.0,1
183,0.0,0.0,0.0,0.0,0.0,0.0,0,0,0.0,0,0.0,0.0,0.0,0.0068692193515058,0.0090599060058593,0.0069141387939453,0.0069141387939453,0.0040504469800351,0.0047683715820312,0.0,0.0102519989013671,0.0102519989013671,0.0,0.0,0.0,0.0,0.0,0.0,0.0,0.0,0.496,1.776,0.0,0.0,0.0,0.0,0.0,144.408,10.0,2509.376,1
184,0.0,0.0,0.0,0.0,0.0,0.0,0,0,0.0,0,0.0,0.0,0.0,0.0070386858128789,0.0092983245849609,0.0073909759521484,0.0073909759521484,0.0039172172546386,0.0045299530029296,0.0,0.0088214874267578,0.0088214874267578,0.0,0.0,0.0,0.0,0.0,0.0,0.0,0.0,0.496,1.84,0.0,0.0,0.0,0.0,0.0,113.256,10.0,2068.8,1
185,0.0,0.0,0.0,0.0,0.0,0.0,0,0,0.0,0,0.0,0.0,0.0,0.0066686384748704,0.008559226989746,0.0073909759521484,0.0073909759521484,0.0044239891899956,0.0063419342041015,0.0,0.0081062316894531,0.0081062316894531,0.0,0.0,0.0,0.0,0.0,0.0,0.0,0.0,0.496,1.808,0.0,0.0,0.0,0.0,0.0,118.448,10.0,164.96,1
186,0.0,0.0,0.0,0.0,0.0,0.0,0,0,0.0,0,0.0,0.0,0.0,0.0069330234338741,0.0088214874267578,0.0082254409790039,0.010228157043457,0.0041351059443271,0.0050067901611328,0.0075340270996093,0.0081062316894531,0.0100135803222656,0.0097274780273437,0.0,0.0,0.0,0.0,0.0137686729431152,0.0241756439208984,0.0,1.344,2.688,0.0,0.0,0.0,3.216,4.232,122.384,20.0,2090.792,1
187,0.0,0.0,0.0,0.0,0.0,0.0,0,0,0.0,0,0.0,0.0,0.0,0.0066804885864257,0.0083446502685546,0.0071525573730468,0.0071525573730468,0.0042915344238281,0.0055789947509765,0.0064373016357421,0.0128746032714843,0.0128746032714843,0.0083446502685546,0.0,0.0,0.0,0.0,0.0123977661132812,0.0221729278564453,0.0,0.496,1.84,0.0,0.0,0.0,3.744,4.232,112.0,0.0,122.784,1
188,0.0,0.0,0.0,0.0,0.0,0.0,0,0,0.0,0,0.0,0.0,0.0,0.007009742283585,0.0092983245849609,0.0073909759521484,0.0073909759521484,0.0039888084481615,0.0047683715820312,0.0,0.011444091796875,0.011444091796875,0.0,0.0,0.0,0.0,0.0,0.0,0.0,0.0,0.496,1.808,0.0,0.0,0.0,0.0,0.0,122.384,0.0,5539.256,1
189,0.0,0.0,0.0,0.0,0.0,0.0,0,0,0.0,0,0.0,0.0,0.0,0.0066164121105896,0.0081062316894531,0.00762939453125,0.00762939453125,0.0045431984795464,0.0059366226196289,0.0,0.0104904174804687,0.0104904174804687,0.0,0.0,0.0,0.0,0.0,0.0,0.0,0.0,0.496,1.84,0.0,0.0,0.0,0.0,0.0,114.264,0.0,168.816,1
190,0.0,0.0,0.0,0.0,0.0,0.0,0,0,0.0,0,0.0,0.0,0.0,0.0065493583679199,0.0078678131103515,0.0061988830566406,0.0061988830566406,0.0,0.0,0.0,0.009775161743164,0.009775161743164,0.0,0.0,0.0,0.0,0.0,0.0,0.0,0.0,0.496,1.84,0.0,0.0,0.0,0.0,0.0,112.0,0.0,0.0,1
191,0.0,0.0,0.0,0.0,0.0,0.0,0,0,0.0,0,0.0,0.0,0.0,0.0068043718243589,0.0087976455688476,0.0069141387939453,0.0069141387939453,0.0046207791283017,0.0066757202148437,0.0,0.0083446502685546,0.0083446502685546,0.0,0.0,0.0,0.0,0.0,0.0,0.0,0.0,0.496,1.776,0.0,0.0,0.0,0.0,0.0,118.448,0.0,175.8,1
192,0.0,0.0,0.0,0.0,0.0,0.0,0,0,0.0,0,0.0,0.0,0.0,0.00670743106034,0.0088214874267578,0.0069141387939453,0.0069141387939453,0.004362552723986,0.0051021575927734,0.0063419342041015,0.0119209289550781,0.0119209289550781,0.0087261199951171,0.0,0.0,0.0,0.0,0.0122865041097005,0.0223159790039062,0.0,0.496,1.84,1.0,0.0,0.0,10.776,11.312,123.64,6.25,425.992,1
193,0.0,0.0,0.0,0.0,0.0,0.0,0,0,0.0,0,0.0,0.0,0.0,0.0066116674622493,0.0081062316894531,0.0064373016357421,0.0064373016357421,0.0047683715820312,0.0047683715820312,0.0,0.0090599060058593,0.0090599060058593,0.0,0.0,0.0,0.0,0.0,0.0,0.0,0.0,0.496,1.84,0.0,0.0,0.0,0.0,0.0,113.256,6.25,1.192,1
194,0.0,0.0,0.0,0.0,0.0,0.0,0,0,0.0,0,0.0,0.0,0.0,0.006561279296875,0.0081062316894531,0.0081062316894531,0.0081062316894531,0.0,0.0,0.0,0.0104904174804687,0.0104904174804687,0.0,0.0,0.0,0.0,0.0,0.0,0.0,0.0,0.496,1.776,0.0,0.0,0.0,0.0,0.0,112.0,6.25,0.0,1
195,0.0,0.0,0.0,0.0,0.0,0.0,0,0,0.0,0,0.0,0.0,0.0,0.0066184997558593,0.0083446502685546,0.0061988830566406,0.0061988830566406,0.0,0.0,0.0,0.0054836273193359,0.0054836273193359,0.0,0.0,0.0,0.0,0.0,0.0,0.0,0.0,0.496,1.776,0.0,0.0,0.0,0.0,0.0,112.0,6.25,0.0,1
196,0.0,0.0,0.0,0.0,0.0,0.0,0,0,0.0,0,0.0,0.0,0.0,0.0069667311275706,0.0088214874267578,0.00762939453125,0.00762939453125,0.0040283590622464,0.0047683715820312,0.0,0.0133514404296875,0.0133514404296875,0.0,0.0,0.0,0.0,0.0,0.0,0.0,0.0,0.496,1.776,0.0,0.0,0.0,0.0,0.0,132.768,6.25,4067.096,1
197,0.0,0.0,0.0,0.0,0.0,0.0,0,0,0.0,0,0.0,0.0,0.0,0.0065696239471435,0.0081300735473632,0.0083446502685546,0.0083446502685546,0.0,0.0,0.0,0.0121593475341796,0.0121593475341796,0.0,0.0,0.0,0.0,0.0,0.0,0.0,0.0,0.496,1.84,0.0,0.0,0.0,0.0,0.0,112.0,6.25,0.0,1
198,0.0,0.0,0.0,0.0,0.0,0.0,0,0,0.0,0,0.0,0.0,0.0,0.0066614862698227,0.0081062316894531,0.0071525573730468,0.0071525573730468,0.00762939453125,0.00762939453125,0.0,0.0095367431640625,0.0095367431640625,0.0,0.0,0.0,0.0,0.0,0.0,0.0,0.0,0.496,1.776,0.0,0.0,0.0,0.0,0.0,113.256,6.25,1.192,1
199,0.0,0.0,0.0,0.0,0.0,0.0,0,0,0.0,0,0.0,0.0,0.0,0.0066330183797807,0.0083446502685546,0.0102519989013671,0.0102519989013671,0.0047683715820312,0.0047683715820312,0.0,0.011444091796875,0.011444091796875,0.0,0.0,0.0,0.0,0.0,0.0,0.0,0.0,0.496,1.776,0.0,0.0,0.0,0.0,0.0,113.256,6.25,1.192,1
200,0.0,0.0,0.0,0.0,0.0,0.0,0,0,0.0,0,0.0,0.0,0.0,0.0068408686940262,0.0088214874267578,0.0085830688476562,0.0085830688476562,0.0040475712266079,0.0047683715820312,0.0,0.0100135803222656,0.0100135803222656,0.0,0.0,0.0,0.0,0.0,0.0,0.0,0.0,0.496,1.776,0.0,0.0,0.0,0.0,0.0,134.024,6.25,3247.936,1
201,0.0,0.0,0.0,0.0,0.0,0.0,0,0,0.0,0,0.0,0.0,0.0,0.0069426066839872,0.0085830688476562,0.0143051147460937,0.0143051147460937,0.0041774524155483,0.0051259994506835,0.0,0.0159740447998046,0.0159740447998046,0.0,0.0,0.0,0.0,0.0,0.0,0.0,0.0,0.496,1.84,0.0,0.0,0.0,0.0,0.0,117.192,6.25,1790.512,1
