time_seconds,a1_retransmissions_ul_count,a1_retransmissions_dl_count,a1_packet_loss_ul_percentage,a1_packet_loss_dl_percentage,e2_du_packet_loss_dl_percentage,f1_c_packet_loss_ul_percentage,f1_c_retransmissions_dl_count,e2_du_retransmissions_dl_count,f1_c_packet_loss_dl_percentage,f1_c_retransmissions_ul_count,f1_u_packet_loss_dl_percentage,f1_u_packet_loss_ul_percentage,f1_u_retransmissions_dl_count,f1_u_retransmissions_ul_count,f1_u_latency_mean_ul_ms,f1_u_latency_p90_ul_ms,f1_u_latency_mean_dl_ms,a1_latency_mean_ul_ms,f1_c_latency_mean_dl_ms,f1_u_latency_p90_dl_ms,f1_c_latency_mean_ul_ms,f1_c_latency_p90_dl_ms,a1_latency_p90_ul_ms,f1_c_latency_p90_ul_ms,a1_latency_mean_dl_ms,e2_du_latency_mean_dl_ms,e2_du_latency_p90_dl_ms,a1_latency_p90_dl_ms,e2_du_retransmissions_ul_count,e2_du_throughput_dl_kbps,f1_c_throughput_dl_kbps,f1_c_throughput_ul_kbps,e2_du_throughput_ul_kbps,f1_u_throughput_ul_kbps,a1_throughput_dl_kbps,a1_throughput_ul_kbps,e2_du_packet_loss_ul_percentage,f1_u_throughput_dl_kbps,e2_du_latency_p90_ul_ms,e2_du_latency_mean_ul_ms,F-node
0,0.0,0.0,0.0,0.0,0.0,0.0,0.0,0,0.0,0.0,0.0,0.0,0.0,0,0.0065437798361176,0.0094175338745117,0.0038701251628275,0.0061511993408203,0.0128746032714843,0.0045299530029296,0.013589859008789,0.0151634216308593,0.0081062316894531,0.0170230865478515,0.0095571790422712,0.0133514404296875,0.0133514404296875,0.0195980072021484,0,0.496,1.696,1.696,1.36,143.152,25.152,27.344,0.0,13369.496,0.0071525573730468,0.0071525573730468,0
1,0.0,0.0,0.0,0.0,0.0,0.0,0.0,0,0.0,0.0,0.0,0.0,0.0,0,0.0073555672522818,0.0100135803222656,0.0038844755093639,0.0061511993408203,0.0128746032714843,0.0045299530029296,0.013589859008789,0.0151634216308593,0.0081062316894531,0.0170230865478515,0.0095571790422712,0.0090599060058593,0.0090599060058593,0.0195980072021484,0,0.496,1.696,1.696,1.424,118.448,25.152,27.344,0.0,22718.8,0.0138282775878906,0.0138282775878906,0
2,0.0,0.0,0.0,0.0,0.0,0.0,0.0,0,0.0,0.0,0.0,0.0,0.0,0,0.0060221449059633,0.0085830688476562,0.0045299530029296,0.0061511993408203,0.0128746032714843,0.0045299530029296,0.013589859008789,0.0151634216308593,0.0081062316894531,0.0170230865478515,0.0095571790422712,0.0121593475341796,0.0121593475341796,0.0195980072021484,0,0.496,1.696,1.696,1.424,113.256,25.152,27.344,0.0,1.192,0.0066757202148437,0.0066757202148437,0
3,0.0,0.0,0.0,0.0,0.0,0.0,0.0,0,0.0,0.0,0.0,0.0,0.0,0,0.0060517989580904,0.0083446502685546,0.0045299530029296,0.0061511993408203,0.0128746032714843,0.0045299530029296,0.013589859008789,0.0151634216308593,0.0081062316894531,0.0170230865478515,0.0095571790422712,0.0083446502685546,0.0083446502685546,0.0195980072021484,0,0.496,1.696,1.696,1.36,113.256,25.152,27.344,0.0,1.192,0.0073909759521484,0.0073909759521484,0
4,0.0,0.0,0.0,0.0,0.0,0.0,0.0,0,0.0,0.0,0.0,0.0,0.0,0,0.0058722496032714,0.00762939453125,0.0,0.0061511993408203,0.0128746032714843,0.0,0.013589859008789,0.0151634216308593,0.0081062316894531,0.0170230865478515,0.0095571790422712,0.0143051147460937,0.0143051147460937,0.0195980072021484,0,0.496,1.696,1.696,1.36,112.0,25.152,27.344,0.0,0.0,0.0083446502685546,0.0083446502685546,0
5,0.0,0.0,0.0,0.0,0.0,0.0,0.0,0,0.0,0.0,0.0,0.0,0.0,0,0.0068229787489947,0.0092983245849609,0.0038614460066253,0.0061511993408203,0.0128746032714843,0.0045299530029296,0.013589859008789,0.0151634216308593,0.0081062316894531,0.0170230865478515,0.0095571790422712,0.0147819519042968,0.0147819519042968,0.0195980072021484,0,0.496,1.696,1.696,1.36,132.768,25.152,27.344,0.0,24120.952,0.0121593475341796,0.0121593475341796,0
6,0.0,0.0,0.0,0.0,0.0,0.0,0.0,0,0.0,0.0,0.0,0.0,0.0,0,0.0074989167018909,0.0100135803222656,0.0038785227878241,0.0061511993408203,0.0128746032714843,0.0045299530029296,0.013589859008789,0.0151634216308593,0.0081062316894531,0.0170230865478515,0.0095571790422712,0.0166893005371093,0.0166893005371093,0.0195980072021484,0,0.496,1.696,1.696,1.424,117.192,25.152,27.344,0.0,26782.664,0.0104904174804687,0.0104904174804687,0
7,0.0,0.0,0.0,0.0,0.0,0.0,0.0,0,0.0,0.0,0.0,0.0,0.0,0,0.0061523914337158,0.0086069107055664,0.0,0.0061511993408203,0.0128746032714843,0.0,0.013589859008789,0.0151634216308593,0.0081062316894531,0.0170230865478515,0.0095571790422712,0.0078678131103515,0.0078678131103515,0.0195980072021484,0,0.496,1.696,1.696,1.424,112.0,25.152,27.344,0.0,0.0,0.0066757202148437,0.0066757202148437,0
8,0.0,0.0,0.0,0.0,0.0,0.0,0.0,0,0.0,0.0,0.0,0.0,0.0,0,0.0060280757163887,0.0083446502685546,0.0081062316894531,0.0061511993408203,0.0128746032714843,0.0081062316894531,0.013589859008789,0.0151634216308593,0.0081062316894531,0.0170230865478515,0.0095571790422712,0.0102519989013671,0.0102519989013671,0.0195980072021484,0,0.496,1.696,1.696,1.36,113.256,25.152,27.344,0.0,1.192,0.0061988830566406,0.0061988830566406,0
9,0.0,0.0,0.0,0.0,0.0,0.0,0.0,0,0.0,0.0,0.0,0.0,0.0,0,0.0058525237277965,0.00762939453125,0.0050067901611328,0.0061511993408203,0.0,0.0050067901611328,0.0,0.0,0.0081062316894531,0.0,0.0095571790422712,0.0085830688476562,0.0085830688476562,0.0195980072021484,0,0.496,0.0,0.0,1.36,113.256,25.152,27.344,0.0,1.192,0.0073909759521484,0.0073909759521484,0
10,0.0,0.0,0.0,0.0,0.0,0.0,0.0,0,0.0,0.0,0.0,0.0,0.0,0,0.0063696903968924,0.0090599060058593,0.0083446502685546,0.0061511993408203,0.0,0.0083446502685546,0.0,0.0,0.0081062316894531,0.0,0.0095571790422712,0.0121593475341796,0.0121593475341796,0.0195980072021484,0,0.496,0.0,0.0,1.36,113.256,25.152,27.344,0.0,1.192,0.0069141387939453,0.0069141387939453,0
11,0.0,0.0,0.0,0.0,0.0,0.0,0.0,0,0.0,0.0,0.0,0.0,0.0,0,0.0059092044830322,0.0078916549682617,0.0,0.0061511993408203,0.0,0.0,0.0,0.0,0.0081062316894531,0.0,0.0095571790422712,0.0126361846923828,0.0126361846923828,0.0195980072021484,0,0.496,0.0,0.0,1.36,112.0,25.152,27.344,0.0,0.0,0.0083446502685546,0.0083446502685546,0
12,0.0,0.0,0.0,0.0,0.0,0.0,0.0,0,0.0,0.0,0.0,0.0,0.0,0,0.0060565263322256,0.0083446502685546,0.0039007245879812,0.0061511993408203,0.0,0.0044584274291992,0.0,0.0,0.0081062316894531,0.0,0.0095571790422712,0.009775161743164,0.009775161743164,0.0195980072021484,0,0.496,0.0,0.0,1.36,141.568,25.152,27.344,0.0,2158.48,0.005960464477539,0.005960464477539,0
13,0.0,0.0,0.0,0.0,0.0,0.0,0.0,0,0.0,0.0,0.0,0.0,0.0,0,0.0072379610431728,0.009775161743164,0.0038901165807405,0.0061511993408203,0.0,0.0045299530029296,0.0,0.0,0.0081062316894531,0.0,0.0095571790422712,0.0178813934326171,0.0178813934326171,0.0195980072021484,0,0.496,0.0,0.0,1.424,117.192,25.152,27.344,0.0,21891.128,0.0112056732177734,0.0112056732177734,0
14,0.0,0.0,0.0,0.0,0.0,0.0,0.0,0,0.0,0.0,0.0,0.0,0.0,0,0.0072142378014711,0.0100135803222656,0.0039015740581601,0.0061511993408203,0.0,0.0045299530029296,0.0,0.0,0.0081062316894531,0.0,0.0095571790422712,0.0071525573730468,0.0071525573730468,0.0195980072021484,0,0.496,0.0,0.0,1.424,117.192,25.152,27.344,0.0,14295.272,0.0078678131103515,0.0078678131103515,0
15,0.0,0.0,0.0,0.0,0.0,0.0,0.0,0,0.0,0.0,0.0,0.0,0.0,0,0.0066792787010989,0.0095367431640625,0.0039642573865644,0.0061511993408203,0.0,0.004744529724121,0.0,0.0,0.0081062316894531,0.0,0.0095571790422712,0.0109672546386718,0.0109672546386718,0.0195980072021484,0,0.496,0.0,0.0,1.424,113.256,25.152,27.344,0.0,6930.896,0.0100135803222656,0.0100135803222656,0
16,0.0,0.0,0.0,0.0,0.0,0.0,0.0,0,0.0,0.0,0.0,0.0,0.0,0,0.0060985584070186,0.0081062316894531,0.0049008263481987,0.0061511993408203,0.0,0.0061511993408203,0.0,0.0,0.0081062316894531,0.0,0.0095571790422712,0.00762939453125,0.00762939453125,0.0195980072021484,0,0.496,0.0,0.0,1.424,116.096,25.152,27.344,0.0,34.36,0.0100135803222656,0.0100135803222656,0
17,0.0,0.0,0.0,0.0,0.0,0.0,0.0,0,0.0,0.0,0.0,0.0,0.0,0,0.0058987840491147,0.00762939453125,0.0047683715820312,0.0061511993408203,0.0,0.0047683715820312,0.0,0.0,0.0081062316894531,0.0,0.0095571790422712,0.0069141387939453,0.0069141387939453,0.0195980072021484,0,0.496,0.0,0.0,1.424,113.256,25.152,27.344,0.0,1.192,0.0078678131103515,0.0078678131103515,0
18,0.0,0.0,0.0,0.0,0.0,0.0,0.0,0,0.0,0.0,0.0,0.0,0.0,0,0.005965232849121,0.0081062316894531,0.0,0.0061511993408203,0.0,0.0,0.0,0.0,0.0081062316894531,0.0,0.0095571790422712,0.0109672546386718,0.0109672546386718,0.0195980072021484,0,0.496,0.0,0.0,1.36,112.0,25.152,27.344,0.0,0.0,0.0090599060058593,0.0090599060058593,0
19,0.0,0.0,0.0,0.0,0.0,0.0,0.0,0,0.0,0.0,0.0,0.0,0.0,0,0.0060343742370605,0.0081062316894531,0.0,0.0061511993408203,0.0,0.0,0.0,0.0,0.0081062316894531,0.0,0.0095571790422712,0.0100135803222656,0.0100135803222656,0.0195980072021484,0,0.496,0.0,0.0,1.36,112.0,25.152,27.344,0.0,0.0,0.0066757202148437,0.0066757202148437,0
20,0.0,0.0,0.0,0.0,0.0,0.0,0.0,0,0.0,0.0,0.0,0.0,0.0,0,0.0065822227328431,0.0092983245849609,0.0038683784674413,0.0061511993408203,0.0,0.0045299530029296,0.0,0.0,0.0081062316894531,0.0,0.0095571790422712,0.0119209289550781,0.0119209289550781,0.0195980072021484,0,0.496,0.0,0.0,1.36,137.4,25.152,27.344,0.0,14161.248,0.009775161743164,0.009775161743164,0
21,0.0,0.0,0.0,0.0,0.0,0.0,0.0,0,0.0,0.0,0.0,0.0,0.0,0,0.0076495592866964,0.0104904174804687,0.0038595369310548,0.0061511993408203,0.0,0.0045299530029296,0.0,0.0,0.0081062316894531,0.0,0.0095571790422712,0.0109672546386718,0.0109672546386718,0.0195980072021484,0,0.496,0.0,0.0,1.424,117.192,25.152,27.344,0.0,46461.488,0.0095367431640625,0.0095367431640625,0
22,0.0,0.0,0.0,0.0,0.0,0.0,0.0,0,0.0,0.0,0.0,0.0,0.0,0,0.0071195092531714,0.009775161743164,0.0047683715820312,0.0061511993408203,0.0,0.0047683715820312,0.0,0.0,0.0081062316894531,0.0,0.0095571790422712,0.011444091796875,0.011444091796875,0.0195980072021484,0,0.496,0.0,0.0,1.424,118.448,25.152,27.344,0.0,1.192,0.0095367431640625,0.0095367431640625,0
23,0.0,0.0,0.0,0.0,0.0,0.0,0.0,0,0.0,0.0,0.0,0.0,0.0,0,0.0061822767874494,0.0083446502685546,0.0050067901611328,0.0061511993408203,0.0,0.0050067901611328,0.0,0.0,0.0081062316894531,0.0,0.0095571790422712,0.0131130218505859,0.0131130218505859,0.0195980072021484,0,0.496,0.0,0.0,1.424,113.256,25.152,27.344,0.0,1.192,0.0085830688476562,0.0085830688476562,0
24,0.0,0.0,0.0,0.0,0.0,0.0,0.0,0,0.0,0.0,0.0,0.0,0.0,0,0.0062664942954903,0.0088214874267578,0.0078678131103515,0.0061511993408203,0.0,0.0078678131103515,0.0,0.0,0.0081062316894531,0.0,0.0095571790422712,0.0112056732177734,0.0112056732177734,0.0195980072021484,0,0.496,0.0,0.0,1.36,113.256,25.152,27.344,0.0,1.192,0.0119209289550781,0.0119209289550781,0
25,0.0,0.0,0.0,0.0,0.0,0.0,0.0,0,0.0,0.0,0.0,0.0,0.0,0,0.0058996677398681,0.0078678131103515,0.0,0.0061511993408203,0.0,0.0,0.0,0.0,0.0081062316894531,0.0,0.0095571790422712,0.0092983245849609,0.0092983245849609,0.0195980072021484,0,0.496,0.0,0.0,1.36,112.0,25.152,27.344,0.0,0.0,0.0066757202148437,0.0066757202148437,0
26,0.0,0.0,0.0,0.0,0.0,0.0,0.0,0,0.0,0.0,0.0,0.0,0.0,0,0.0061094760894775,0.0085830688476562,0.0,0.0061511993408203,0.0,0.0,0.0,0.0,0.0081062316894531,0.0,0.0095571790422712,0.0107288360595703,0.0107288360595703,0.0195980072021484,0,0.496,0.0,0.0,1.36,112.0,25.152,27.344,0.0,0.0,0.0081062316894531,0.0081062316894531,0
27,0.0,0.0,0.0,0.0,0.0,0.0,0.0,0,0.0,0.0,0.0,0.0,0.0,0,0.0060153007507324,0.0081300735473632,0.0,0.0061511993408203,0.0,0.0,0.0,0.0,0.0081062316894531,0.0,0.0095571790422712,0.0119209289550781,0.0119209289550781,0.0195980072021484,0,0.496,0.0,0.0,1.36,112.0,25.152,27.344,0.0,0.0,0.0069141387939453,0.0069141387939453,0
28,0.0,0.0,0.0,0.0,0.0,0.0,0.0,0,0.0,0.0,0.0,0.0,0.0,0,0.0065449372078608,0.0092983245849609,0.0038888323959426,0.0061511993408203,0.0,0.0045299530029296,0.0,0.0,0.0081062316894531,0.0,0.0095571790422712,0.0102519989013671,0.0115871429443359,0.0195980072021484,0,1.344,0.0,0.0,2.208,140.992,25.152,27.344,0.0,13422.24,0.0076055526733398,0.0065565109252929,0
29,0.0,0.0,0.0,0.0,0.0,0.0,0.0,0,0.0,0.0,0.0,0.0,0.0,0,0.0066425076764614,0.0092983245849609,0.0039398769703452,0.0061511993408203,0.0,0.0045299530029296,0.0,0.0,0.0081062316894531,0.0,0.0095571790422712,0.0109672546386718,0.0109672546386718,0.0195980072021484,0,0.496,0.0,0.0,1.424,113.256,25.152,27.344,0.0,12481.232,0.011444091796875,0.011444091796875,0
30,0.0,0.0,0.0,0.0,0.0,0.0,0.0,0,0.0,0.0,0.0,0.0,0.0,0,0.0060933146310682,0.0081062316894531,0.0078678131103515,0.0061511993408203,0.0,0.0078678131103515,0.0,0.0,0.0081062316894531,0.0,0.0095571790422712,0.0112056732177734,0.0112056732177734,0.0195980072021484,0,0.496,0.0,0.0,1.424,113.256,25.152,27.344,0.0,1.192,0.0069141387939453,0.0069141387939453,0
31,0.0,0.0,0.0,0.0,0.0,0.0,0.0,0,0.0,0.0,0.0,0.0,0.0,0,0.0061016177656638,0.0083446502685546,0.0083446502685546,0.0061511993408203,0.0,0.0083446502685546,0.0,0.0,0.0081062316894531,0.0,0.0095571790422712,0.0066757202148437,0.0066757202148437,0.0195980072021484,0,0.496,0.0,0.0,1.36,113.256,25.152,27.344,0.0,1.192,0.00762939453125,0.00762939453125,0
32,0.0,0.0,0.0,0.0,0.0,0.0,0.0,0,0.0,0.0,0.0,0.0,0.0,0,0.0061893463134765,0.0081300735473632,0.0,0.0061511993408203,0.0,0.0,0.0,0.0,0.0081062316894531,0.0,0.0095571790422712,0.0123977661132812,0.0123977661132812,0.0195980072021484,0,0.496,0.0,0.0,1.36,112.0,25.152,27.344,0.0,0.0,0.0064373016357421,0.0064373016357421,0
33,0.0,0.0,0.0,0.0,0.0,0.0,0.0,0,0.0,0.0,0.0,0.0,0.0,0,0.0059998035430908,0.00762939453125,0.0,0.0061511993408203,0.0,0.0,0.0,0.0,0.0081062316894531,0.0,0.0095571790422712,0.011444091796875,0.011444091796875,0.0195980072021484,0,0.496,0.0,0.0,1.36,112.0,25.152,27.344,0.0,0.0,0.005960464477539,0.005960464477539,0
34,0.0,0.0,0.0,0.0,0.0,0.0,0.0,0,0.0,0.0,0.0,0.0,0.0,0,0.0059199333190917,0.0078678131103515,0.0,0.0061511993408203,0.0,0.0,0.0,0.0,0.0081062316894531,0.0,0.0095571790422712,0.0088214874267578,0.0088214874267578,0.0195980072021484,0,0.496,0.0,0.0,1.36,112.0,25.152,27.344,0.0,0.0,0.0064373016357421,0.0064373016357421,0
35,0.0,0.0,0.0,0.0,0.0,0.0,0.0,0,0.0,0.0,0.0,0.0,0.0,0,0.005950927734375,0.0081300735473632,0.0,0.0061511993408203,0.0,0.0,0.0,0.0,0.0081062316894531,0.0,0.0095571790422712,0.0095367431640625,0.0095367431640625,0.0195980072021484,0,0.496,0.0,0.0,1.36,112.0,25.152,27.344,0.0,0.0,0.0064373016357421,0.0064373016357421,0
36,0.0,0.0,0.0,0.0,0.0,0.0,0.0,0,0.0,0.0,0.0,0.0,0.0,0,0.0062995743983,0.0088214874267578,0.0039003228628507,0.0061511993408203,0.0,0.0045299530029296,0.0,0.0,0.0081062316894531,0.0,0.0095571790422712,0.0107288360595703,0.0107288360595703,0.0195980072021484,0,0.496,0.0,0.0,1.424,143.152,25.152,27.344,0.0,5291.912,0.0071525573730468,0.0071525573730468,0
37,0.0,0.0,0.0,0.0,0.0,0.0,0.0,0,0.0,0.0,0.0,0.0,0.0,0,0.006032820364729,0.0083446502685546,0.0045299530029296,0.0061511993408203,0.0,0.0045299530029296,0.0,0.0,0.0081062316894531,0.0,0.0095571790422712,0.009775161743164,0.009775161743164,0.0195980072021484,0,0.496,0.0,0.0,1.392,113.256,25.152,27.344,0.0,1.192,0.0083446502685546,0.0083446502685546,0
38,0.0,0.0,0.0,0.0,0.0,0.0,0.0,0,0.0,0.0,0.0,0.0,0.0,0,0.0061037505201518,0.0083446502685546,0.0069936116536458,0.0061511993408203,0.0066757202148437,0.0081062316894531,0.0042915344238281,0.0066757202148437,0.0081062316894531,0.0042915344238281,0.0095571790422712,0.0112056732177734,0.0112056732177734,0.0195980072021484,0,0.496,0.848,0.848,1.36,122.952,25.152,27.344,0.0,13.656,0.0073909759521484,0.0073909759521484,0
39,0.0,0.0,0.0,0.0,0.0,0.0,0.0,0,0.0,0.0,0.0,0.0,0.0,0,0.0059391135600075,0.00762939453125,0.0047683715820312,0.0061511993408203,0.0061988830566406,0.0047683715820312,0.0078678131103515,0.0061988830566406,0.0081062316894531,0.0078678131103515,0.0095571790422712,0.0128746032714843,0.0128746032714843,0.0195980072021484,0,0.496,0.848,0.848,1.424,113.256,25.152,27.344,0.0,1.192,0.0069141387939453,0.0069141387939453,0
40,0.0,0.0,0.0,0.0,0.0,0.0,0.0,0,0.0,0.0,0.0,0.0,0.0,0,0.0062286853790283,0.0088214874267578,0.0,0.0061511993408203,0.0,0.0,0.0,0.0,0.0081062316894531,0.0,0.0095571790422712,0.0085830688476562,0.0085830688476562,0.0195980072021484,0,0.496,0.0,0.0,1.36,112.0,25.152,27.344,0.0,0.0,0.0071525573730468,0.0071525573730468,0
41,0.0,0.0,0.0,0.0,0.0,0.0,0.0,0,0.0,0.0,0.0,0.0,0.0,0,0.0058948993682861,0.0078916549682617,0.007788340250651,0.0061511993408203,0.0,0.0095844268798828,0.0,0.0,0.0081062316894531,0.0,0.0095571790422712,0.0073909759521484,0.0073909759521484,0.0195980072021484,0,0.496,0.0,0.0,1.36,112.0,25.152,27.344,0.0,6.888,0.0069141387939453,0.0069141387939453,0
42,0.0,0.0,0.0,0.0,0.0,0.0,0.0,0,0.0,0.0,0.0,0.0,0.0,0,0.0060720396746555,0.0083446502685546,0.0061511993408203,0.0061511993408203,0.0,0.0084877014160156,0.0,0.0,0.0081062316894531,0.0,0.0095571790422712,0.0119209289550781,0.0119209289550781,0.0195980072021484,0,0.496,0.0,0.0,1.424,119.752,25.152,27.344,0.0,11.608,0.0061988830566406,0.0061988830566406,0
43,0.0,0.0,0.0,0.0,0.0,0.0,0.0,0,0.0,0.0,0.0,0.0,0.0,0,0.0061127218869653,0.0085830688476562,0.0051610610064338,0.0061511993408203,0.0,0.0072479248046875,0.0,0.0,0.0081062316894531,0.0,0.0095571790422712,0.0078678131103515,0.0078678131103515,0.0195980072021484,0,0.496,0.0,0.0,1.424,122.384,25.152,27.344,0.0,137.4,0.0066757202148437,0.0066757202148437,0
44,0.0,0.0,0.0,0.0,0.0,0.0,0.0,0,0.0,0.0,0.0,0.0,0.0,0,0.0060340065268141,0.0083446502685546,0.0069141387939453,0.0061511993408203,0.0,0.0069141387939453,0.0,0.0,0.0081062316894531,0.0,0.0095571790422712,0.0088214874267578,0.0088214874267578,0.0195980072021484,0,0.496,0.0,0.0,1.424,113.256,25.152,27.344,0.0,1.192,0.005960464477539,0.005960464477539,0
45,0.0,0.0,0.0,0.0,0.0,0.0,0.0,0,0.0,0.0,0.0,0.0,0.0,0,0.0063456925265307,0.0088214874267578,0.005960464477539,0.0061511993408203,0.0,0.0069141387939453,0.0,0.0,0.0081062316894531,0.0,0.0095571790422712,0.011444091796875,0.011444091796875,0.0195980072021484,0,0.496,0.0,0.0,1.36,123.64,25.152,27.344,0.0,19.576,0.0071525573730468,0.0071525573730468,0
46,0.0,0.0,0.0,0.0,0.0,0.0,0.0,0,0.0,0.0,0.0,0.0,0.0,0,0.006163474356774,0.0083208084106445,0.0051693482832475,0.0061511993408203,0.0,0.006866455078125,0.0,0.0,0.0081062316894531,0.0,0.0095571790422712,0.0073909759521484,0.0073909759521484,0.0195980072021484,0,0.496,0.0,0.0,1.424,115.856,25.152,27.344,0.0,138.912,0.0078678131103515,0.0078678131103515,0
47,0.0,0.0,0.0,0.0,0.0,0.0,0.0,0,0.0,0.0,0.0,0.0,0.0,0,0.006219047812087,0.0088214874267578,0.0047683715820312,0.0061511993408203,0.0,0.0060081481933593,0.0,0.0,0.0081062316894531,0.0,0.0095571790422712,0.0131130218505859,0.0131130218505859,0.0195980072021484,0,0.496,0.0,0.0,1.424,117.192,25.152,27.344,0.0,77.608,0.0073909759521484,0.0073909759521484,0
48,0.0,0.0,0.0,0.0,0.0,0.0,0.0,0,0.0,0.0,0.0,0.0,0.0,0,0.0060796737670898,0.0083446502685546,0.0,0.0061511993408203,0.0,0.0,0.0,0.0,0.0081062316894531,0.0,0.0095571790422712,0.0128746032714843,0.0128746032714843,0.0195980072021484,0,0.496,0.0,0.0,1.424,112.0,25.152,27.344,0.0,0.0,0.0073909759521484,0.0073909759521484,0
49,0.0,0.0,0.0,0.0,0.0,0.0,0.0,0,0.0,0.0,0.0,0.0,0.0,0,0.0060206592673122,0.0085830688476562,0.0079870223999023,0.0061511993408203,0.0,0.0088453292846679,0.0,0.0,0.0081062316894531,0.0,0.0095571790422712,0.011444091796875,0.011444091796875,0.0195980072021484,0,0.496,0.0,0.0,1.36,122.384,25.152,27.344,0.0,13.776,0.0069141387939453,0.0069141387939453,0
50,0.0,0.0,0.0,0.0,0.0,0.0,0.0,0,0.0,0.0,0.0,0.0,0.0,0,0.0061870214357898,0.0081062316894531,0.0055432319641113,0.0061511993408203,0.0,0.0068426132202148,0.0,0.0,0.0081062316894531,0.0,0.0095571790422712,0.0164508819580078,0.0164508819580078,0.0195980072021484,0,0.496,0.0,0.0,1.424,117.192,25.152,27.344,0.0,39.328,0.00762939453125,0.00762939453125,0
51,0.0,0.0,0.0,0.0,0.0,0.0,0.0,0,0.0,0.0,0.0,0.0,0.0,0,0.0061395749523865,0.0083446502685546,0.0054836273193359,0.0061511993408203,0.0,0.0054836273193359,0.0,0.0,0.0081062316894531,0.0,0.0095571790422712,0.0078678131103515,0.0078678131103515,0.0195980072021484,0,0.496,0.0,0.0,1.424,113.256,25.152,27.344,0.0,1.192,0.0069141387939453,0.0069141387939453,0
52,0.0,0.0,0.0,0.0,0.0,0.0,0.0,0,0.0,0.0,0.0,0.0,0.0,0,0.0060529851201754,0.0078678131103515,0.0047683715820312,0.0061511993408203,0.0,0.0047683715820312,0.0,0.0,0.0081062316894531,0.0,0.0095571790422712,0.0081062316894531,0.0081062316894531,0.0195980072021484,0,0.496,0.0,0.0,1.36,113.256,25.152,27.344,0.0,1.192,0.0066757202148437,0.0066757202148437,0
53,0.0,0.0,0.0,0.0,0.0,0.0,0.0,0,0.0,0.0,0.0,0.0,0.0,0,0.0061469502968363,0.0081062316894531,0.0057220458984375,0.0061511993408203,0.0,0.0064849853515625,0.0,0.0,0.0081062316894531,0.0,0.0095571790422712,0.0119209289550781,0.0119209289550781,0.0195980072021484,0,0.496,0.0,0.0,1.36,118.448,25.152,27.344,0.0,6.512,0.0064373016357421,0.0064373016357421,0
54,0.0,0.0,0.0,0.0,0.0,0.0,0.0,0,0.0,0.0,0.0,0.0,0.0,0,0.0060820579528808,0.0081062316894531,0.0,0.0,0.0,0.0,0.0,0.0,0.0,0.0,0.0,0.00762939453125,0.00762939453125,0.0,0,0.496,0.0,0.0,1.424,112.0,0.0,0.0,0.0,0.0,0.0066757202148437,0.0066757202148437,0
55,0.0,0.0,0.0,0.0,0.0,0.0,0.0,0,0.0,0.0,0.0,0.0,0.0,0,0.0062760184792911,0.0083446502685546,0.0054836273193359,0.0,0.0,0.0081062316894531,0.0,0.0,0.0,0.0,0.0,0.0152587890625,0.0152587890625,0.0,0,0.496,0.0,0.0,1.36,132.768,0.0,0.0,0.0,85.656,0.0116825103759765,0.0116825103759765,0
56,0.0,0.0,0.0,0.0,0.0,0.0,0.0,0,0.0,0.0,0.0,0.0,0.0,0,0.0059783458709716,0.0081300735473632,0.0,0.0,0.0,0.0,0.0,0.0,0.0,0.0,0.0,0.0083446502685546,0.0083446502685546,0.0,0,0.496,0.0,0.0,1.424,112.0,0.0,0.0,0.0,0.0,0.0071525573730468,0.0071525573730468,0
57,0.0,0.0,0.0,0.0,0.0,0.0,0.0,0,0.0,0.0,0.0,0.0,0.0,0,0.0060980592794086,0.0081062316894531,0.006103515625,0.0065565109252929,0.0,0.0084400177001953,0.0,0.0,0.007486343383789,0.0,0.0115235646565755,0.0119209289550781,0.0119209289550781,0.0206232070922851,0,0.496,0.0,0.0,1.36,119.2,5.048,2.976,0.0,28.744,0.0088214874267578,0.0088214874267578,0
58,0.0,0.0,0.0,0.0,0.0,0.0,0.0,0,0.0,0.0,0.0,0.0,0.0,0,0.0061068204369875,0.0078678131103515,0.0057816505432128,0.0,0.0,0.006866455078125,0.0,0.0,0.0,0.0,0.0,0.008702278137207,0.0097513198852539,0.0,0,1.344,0.0,0.0,2.272,118.448,0.0,0.0,0.0,35.392,0.0071048736572265,0.005960464477539,0
59,0.0,0.0,0.0,0.0,0.0,0.0,0.0,0,0.0,0.0,0.0,0.0,0.0,0,0.0059438582083479,0.0078678131103515,0.0046491622924804,0.0,0.0,0.0051259994506835,0.0,0.0,0.0,0.0,0.0,0.0088214874267578,0.0088214874267578,0.0,0,0.496,0.0,0.0,1.424,113.256,0.0,0.0,0.0,48.352,0.0073909759521484,0.0073909759521484,0
60,0.0,0.0,0.0,0.0,0.0,0.0,0.0,0,0.0,0.0,0.0,0.0,0.0,0,0.0058759022228823,0.00762939453125,0.0049927655388327,0.0,0.0,0.0065326690673828,0.0,0.0,0.0,0.0,0.0,0.0157356262207031,0.0157356262207031,0.0,0,0.496,0.0,0.0,1.36,123.64,0.0,0.0,0.0,143.832,0.0083446502685546,0.0083446502685546,0
61,0.0,0.0,0.0,0.0,0.0,0.0,0.0,0,0.0,0.0,0.0,0.0,0.0,0,0.0060546398162841,0.0078678131103515,0.0,0.005960464477539,0.0,0.0,0.0,0.0,0.0075340270996093,0.0,0.0107288360595703,0.0083446502685546,0.0083446502685546,0.0208854675292968,0,0.496,0.0,0.0,1.424,112.0,3.744,4.232,0.0,0.0,0.0069141387939453,0.0069141387939453,0
62,0.0,0.0,0.0,0.0,0.0,0.0,0.0,0,0.0,0.0,0.0,0.0,0.0,0,0.006028413772583,0.0081062316894531,0.0,0.0058650970458984,0.0,0.0,0.0,0.0,0.0072479248046875,0.0,0.0115871429443359,0.0085830688476562,0.0085830688476562,0.021219253540039,0,0.496,0.0,0.0,1.36,112.0,3.744,4.232,0.0,0.0,0.0064373016357421,0.0064373016357421,0
63,0.0,0.0,0.0,0.0,0.0,0.0,0.0,0,0.0,0.0,0.0,0.0,0.0,0,0.0059581155260208,0.0081062316894531,0.0054836273193359,0.0072002410888671,0.0,0.0070810317993164,0.0,0.0,0.0089406967163085,0.0,0.0106334686279296,0.0078678131103515,0.0078678131103515,0.0251531600952148,0,0.496,0.0,0.0,1.36,125.72,8.264,7.736,0.0,66.944,0.0107288360595703,0.0107288360595703,0
64,0.0,0.0,0.0,0.0,0.0,0.0,0.0,0,0.0,0.0,0.0,0.0,0.0,0,0.0061561812215776,0.0085830688476562,0.0047683715820312,0.0,0.0,0.0057458877563476,0.0,0.0,0.0,0.0,0.0,0.0066757202148437,0.0066757202148437,0.0,0,0.496,0.0,0.0,1.424,115.496,0.0,0.0,0.0,82.336,0.0069141387939453,0.0069141387939453,0
65,0.0,0.0,0.0,0.0,0.0,0.0,0.0,0,0.0,0.0,0.0,0.0,0.0,0,0.0061929816066628,0.0083446502685546,0.0050067901611328,0.0,0.0,0.005197525024414,0.0,0.0,0.0,0.0,0.0,0.0100135803222656,0.0100135803222656,0.0,0,0.496,0.0,0.0,1.424,115.712,0.0,0.0,0.0,3.36,0.00762939453125,0.00762939453125,0
66,0.0,0.0,0.0,0.0,0.0,0.0,0.0,0,0.0,0.0,0.0,0.0,0.0,0,0.006349525641446,0.0088214874267578,0.0066757202148437,0.0,0.0,0.0066757202148437,0.0,0.0,0.0,0.0,0.0,0.0140666961669921,0.0140666961669921,0.0,0,0.496,0.0,0.0,1.424,113.256,0.0,0.0,0.0,1.192,0.0064373016357421,0.0064373016357421,0
67,0.0,0.0,0.0,0.0,0.0,0.0,0.0,0,0.0,0.0,0.0,0.0,0.0,0,0.0061201931807795,0.0083446502685546,0.0050826506181196,0.0058650970458984,0.0,0.006413459777832,0.0,0.0,0.0072479248046875,0.0,0.0110149383544921,0.013589859008789,0.013589859008789,0.0208854675292968,0,0.496,0.0,0.0,1.36,123.032,3.744,4.232,0.0,160.528,0.00762939453125,0.00762939453125,0
68,0.0,0.0,0.0,0.0,0.0,0.0,0.0,0,0.0,0.0,0.0,0.0,0.0,0,0.0064005306111046,0.0088214874267578,0.0050067901611328,0.0063896179199218,0.0,0.0059366226196289,0.0,0.0,0.0085353851318359,0.0,0.0111579895019531,0.013589859008789,0.013589859008789,0.020456314086914,0,0.496,0.0,0.0,1.424,117.192,3.744,4.232,0.0,165.52,0.0069141387939453,0.0069141387939453,0
69,0.0,0.0,0.0,0.0,0.0,0.0,0.0,0,0.0,0.0,0.0,0.0,0.0,0,0.0063685042348074,0.0085830688476562,0.0049526041204279,0.005960464477539,0.0092983245849609,0.0066518783569335,0.0081062316894531,0.0092983245849609,0.0083446502685546,0.0081062316894531,0.0100135803222656,0.00762939453125,0.00762939453125,0.0244617462158203,0,0.496,0.848,0.848,1.424,115.976,8.264,7.736,0.0,162.544,0.0081062316894531,0.0081062316894531,0
70,0.0,0.0,0.0,0.0,0.0,0.0,0.0,0,0.0,0.0,0.0,0.0,0.0,0,0.0061288994936207,0.0083446502685546,0.0045299530029296,0.0,0.0042915344238281,0.0053644180297851,0.0083446502685546,0.0042915344238281,0.0,0.0083446502685546,0.0,0.0121593475341796,0.0121593475341796,0.0,0,0.496,0.848,0.848,1.392,117.192,0.0,0.0,0.0,57.232,0.0069141387939453,0.0069141387939453,0
71,0.0,0.0,0.0,0.0,0.0,0.0,0.0,0,0.0,0.0,0.0,0.0,0.0,0,0.0058770179748535,0.00762939453125,0.0,0.0,0.0,0.0,0.0,0.0,0.0,0.0,0.0,0.0078678131103515,0.0078678131103515,0.0,0,0.496,0.0,0.0,1.424,112.0,0.0,0.0,0.0,0.0,0.005960464477539,0.005960464477539,0
72,0.0,0.0,0.0,0.0,0.0,0.0,0.0,0,0.0,0.0,0.0,0.0,0.0,0,0.0060233310680484,0.0083446502685546,0.0092983245849609,0.0,0.0,0.0092983245849609,0.0,0.0,0.0,0.0,0.0,0.0131130218505859,0.0131130218505859,0.0,0,0.496,0.0,0.0,1.36,113.256,0.0,0.0,0.0,1.192,0.0100135803222656,0.0100135803222656,0
73,0.0,0.0,0.0,0.0,0.0,0.0,0.0,0,0.0,0.0,0.0,0.0,0.0,0,0.006242553786476,0.0085830688476562,0.0065565109252929,0.0060558319091796,0.0,0.007796287536621,0.0,0.0,0.0076770782470703,0.0,0.0107765197753906,0.0104904174804687,0.0104904174804687,0.0202178955078125,0,0.496,0.0,0.0,1.36,118.448,3.744,4.232,0.0,7.088,0.0061988830566406,0.0061988830566406,0
74,0.0,0.0,0.0,0.0,0.0,0.0,0.0,0,0.0,0.0,0.0,0.0,0.0,0,0.0061205963590251,0.0081062316894531,0.0078678131103515,0.0060081481933593,0.0,0.0078678131103515,0.0,0.0,0.0075340270996093,0.0,0.0104904174804687,0.0066757202148437,0.0066757202148437,0.01983642578125,0,0.496,0.0,0.0,1.424,113.256,3.744,4.232,0.0,1.192,0.005960464477539,0.005960464477539,0
75,0.0,0.0,0.0,0.0,0.0,0.0,0.0,0,0.0,0.0,0.0,0.0,0.0,0,0.0061428546905517,0.0081062316894531,0.0,0.0067472457885742,0.0,0.0,0.0,0.0,0.0092983245849609,0.0,0.0119924545288085,0.0081062316894531,0.0081062316894531,0.030064582824707,0,0.496,0.0,0.0,1.36,112.0,8.264,7.736,0.0,0.0,0.0081062316894531,0.0081062316894531,0
76,0.0,0.0,0.0,0.0,0.0,0.0,0.0,0,0.0,0.0,0.0,0.0,0.0,0,0.0058960914611816,0.0078678131103515,0.0,0.0,0.0,0.0,0.0,0.0,0.0,0.0,0.0,0.0107288360595703,0.0107288360595703,0.0,0,0.496,0.0,0.0,1.36,112.0,0.0,0.0,0.0,0.0,0.0088214874267578,0.0088214874267578,0
77,0.0,0.0,0.0,0.0,0.0,0.0,0.0,0,0.0,0.0,0.0,0.0,0.0,0,0.0062859058380126,0.0085830688476562,0.0,0.0,0.0,0.0,0.0,0.0,0.0,0.0,0.0,0.0119209289550781,0.0119209289550781,0.0,0,0.496,0.0,0.0,1.36,112.0,0.0,0.0,0.0,0.0,0.0083446502685546,0.0083446502685546,0
78,0.0,0.0,0.0,0.0,0.0,0.0,0.0,0,0.0,0.0,0.0,0.0,0.0,0,0.0060951709747314,0.0086069107055664,0.0,0.0,0.0,0.0,0.0,0.0,0.0,0.0,0.0,0.0071525573730468,0.0071525573730468,0.0,0,0.496,0.0,0.0,1.36,112.0,0.0,0.0,0.0,0.0,0.0085830688476562,0.0085830688476562,0
79,0.0,0.0,0.0,0.0,0.0,0.0,0.0,0,0.0,0.0,0.0,0.0,0.0,0,0.006003166312602,0.0081062316894531,0.0054836273193359,0.0072479248046875,0.0,0.0054836273193359,0.0,0.0,0.0107765197753906,0.0,0.0111103057861328,0.0081062316894531,0.0081062316894531,0.0210762023925781,0,0.496,0.0,0.0,1.36,113.256,3.744,4.232,0.0,1.192,0.0088214874267578,0.0088214874267578,0
80,0.0,0.0,0.0,0.0,0.0,0.0,0.0,0,0.0,0.0,0.0,0.0,0.0,0,0.0061075485760892,0.0081062316894531,0.0088214874267578,0.006103515625,0.0,0.0088214874267578,0.0,0.0,0.00762939453125,0.0,0.0111579895019531,0.0061988830566406,0.0061988830566406,0.0211238861083984,0,0.496,0.0,0.0,1.36,113.256,3.744,4.232,0.0,1.192,0.0071525573730468,0.0071525573730468,0
81,0.0,0.0,0.0,0.0,0.0,0.0,0.0,0,0.0,0.0,0.0,0.0,0.0,0,0.0062115526429696,0.0081062316894531,0.0049445940100628,0.0060319900512695,0.0,0.0068187713623046,0.0,0.0,0.0085830688476562,0.0,0.0103712081909179,0.0145435333251953,0.0145435333251953,0.0246286392211914,0,0.496,0.0,0.0,1.36,144.408,8.264,7.736,0.0,195.768,0.0073909759521484,0.0073909759521484,0
82,0.0,0.0,0.0,0.0,0.0,0.0,0.0,0,0.0,0.0,0.0,0.0,0.0,0,0.0061511993408203,0.0083446502685546,0.0,0.0,0.0,0.0,0.0,0.0,0.0,0.0,0.0,0.0083446502685546,0.0083446502685546,0.0,0,0.496,0.0,0.0,1.424,112.0,0.0,0.0,0.0,0.0,0.0085830688476562,0.0085830688476562,0
83,0.0,0.0,0.0,0.0,0.0,0.0,0.0,0,0.0,0.0,0.0,0.0,0.0,0,0.0059163570404052,0.0081300735473632,0.0,0.0,0.0,0.0,0.0,0.0,0.0,0.0,0.0,0.0102519989013671,0.0102519989013671,0.0,0,0.496,0.0,0.0,1.36,112.0,0.0,0.0,0.0,0.0,0.0057220458984375,0.0057220458984375,0
84,0.0,0.0,0.0,0.0,0.0,0.0,0.0,0,0.0,0.0,0.0,0.0,0.0,0,0.0062501430511474,0.0086069107055664,0.0,0.0,0.0,0.0,0.0,0.0,0.0,0.0,0.0,0.013589859008789,0.013589859008789,0.0,0,0.496,0.0,0.0,1.36,112.0,0.0,0.0,0.0,0.0,0.0064373016357421,0.0064373016357421,0
85,0.0,0.0,0.0,0.0,0.0,0.0,0.0,0,0.0,0.0,0.0,0.0,0.0,0,0.0061047077178955,0.0083446502685546,0.0,0.0057220458984375,0.0,0.0,0.0,0.0,0.0072956085205078,0.0,0.0101566314697265,0.0095367431640625,0.0095367431640625,0.0192642211914062,0,0.496,0.0,0.0,1.36,112.0,3.744,4.232,0.0,0.0,0.0057220458984375,0.0057220458984375,0
86,0.0,0.0,0.0,0.0,0.0,0.0,0.0,0,0.0,0.0,0.0,0.0,0.0,0,0.0060403231278206,0.0083446502685546,0.0051151622425426,0.006103515625,0.0,0.00762939453125,0.0,0.0,0.0080585479736328,0.0,0.0102519989013671,0.011444091796875,0.011444091796875,0.0195503234863281,0,0.496,0.0,0.0,1.36,136.672,3.744,4.232,0.0,74.504,0.0088214874267578,0.0088214874267578,0
87,0.0,0.0,0.0,0.0,0.0,0.0,0.0,0,0.0,0.0,0.0,0.0,0.0,0,0.005926236067668,0.00762939453125,0.0043869018554687,0.0063896179199218,0.0,0.0053167343139648,0.0,0.0,0.008392333984375,0.0,0.010848045349121,0.00762939453125,0.00762939453125,0.0264883041381835,0,0.496,0.0,0.0,1.424,118.448,8.264,7.736,0.0,80.208,0.00762939453125,0.00762939453125,0
88,0.0,0.0,0.0,0.0,0.0,0.0,0.0,0,0.0,0.0,0.0,0.0,0.0,0,0.0060850114964727,0.0081062316894531,0.0061988830566406,0.0,0.0,0.0061988830566406,0.0,0.0,0.0,0.0,0.0,0.011444091796875,0.011444091796875,0.0,0,0.496,0.0,0.0,1.424,113.256,0.0,0.0,0.0,1.192,0.0066757202148437,0.0066757202148437,0
89,0.0,0.0,0.0,0.0,0.0,0.0,0.0,0,0.0,0.0,0.0,0.0,0.0,0,0.0059486615775835,0.0083208084106445,0.0046491622924804,0.0,0.0,0.0058650970458984,0.0,0.0,0.0,0.0,0.0,0.0100135803222656,0.0103950500488281,0.0,0,1.344,0.0,0.0,2.208,122.384,0.0,0.0,0.0,39.008,0.0056028366088867,0.0051259994506835,0
90,0.0,0.0,0.0,0.0,0.0,0.0,0.0,0,0.0,0.0,0.0,0.0,0.0,0,0.0062215328216552,0.0086069107055664,0.0,0.0,0.0,0.0,0.0,0.0,0.0,0.0,0.0,0.0104904174804687,0.0104904174804687,0.0,0,0.496,0.0,0.0,1.424,112.0,0.0,0.0,0.0,0.0,0.0078678131103515,0.0078678131103515,0
91,0.0,0.0,0.0,0.0,0.0,0.0,0.0,0,0.0,0.0,0.0,0.0,0.0,0,0.0060915946960449,0.0085830688476562,0.0,0.005960464477539,0.0,0.0,0.0,0.0,0.0077247619628906,0.0,0.0108242034912109,0.0107288360595703,0.0107288360595703,0.0208377838134765,0,0.496,0.0,0.0,1.36,112.0,3.744,4.232,0.0,0.0,0.0104904174804687,0.0104904174804687,0
92,0.0,0.0,0.0,0.0,0.0,0.0,0.0,0,0.0,0.0,0.0,0.0,0.0,0,0.005960464477539,0.0078678131103515,0.0050635564894903,0.0062465667724609,0.0,0.0083446502685546,0.0,0.0,0.0081539154052734,0.0,0.0106334686279296,0.011444091796875,0.011444091796875,0.0201225280761718,0,0.496,0.0,0.0,1.424,127.576,3.744,4.232,0.0,182.072,0.0071525573730468,0.0071525573730468,0
93,0.0,0.0,0.0,0.0,0.0,0.0,0.0,0,0.0,0.0,0.0,0.0,0.0,0,0.0060790806860473,0.0081062316894531,0.0046253204345703,0.0057220458984375,0.0,0.0055313110351562,0.0,0.0,0.0079154968261718,0.0,0.0102043151855468,0.0109672546386718,0.0109672546386718,0.0245094299316406,0,0.496,0.0,0.0,1.424,113.256,8.264,7.736,0.0,42.92,0.0095367431640625,0.0095367431640625,0
94,0.0,0.0,0.0,0.0,0.0,0.0,0.0,0,0.0,0.0,0.0,0.0,0.0,0,0.0060914766670453,0.0081062316894531,0.005197525024414,0.0,0.0,0.0071525573730468,0.0,0.0,0.0,0.0,0.0,0.0100135803222656,0.0100135803222656,0.0,0,0.496,0.0,0.0,1.424,118.448,0.0,0.0,0.0,42.248,0.0064373016357421,0.0064373016357421,0
95,0.0,0.0,0.0,0.0,0.0,0.0,0.0,0,0.0,0.0,0.0,0.0,0.0,0,0.0061284145110933,0.0083446502685546,0.0046766721285306,0.0,0.0,0.0058650970458984,0.0,0.0,0.0,0.0,0.0,0.0090599060058593,0.0090599060058593,0.0,0,0.496,0.0,0.0,1.36,123.64,0.0,0.0,0.0,106.024,0.0073909759521484,0.0073909759521484,0
96,0.0,0.0,0.0,0.0,0.0,0.0,0.0,0,0.0,0.0,0.0,0.0,0.0,0,0.0062370300292968,0.0083446502685546,0.0,0.0,0.0,0.0,0.0,0.0,0.0,0.0,0.0,0.0066757202148437,0.0066757202148437,0.0,0,0.496,0.0,0.0,1.424,112.0,0.0,0.0,0.0,0.0,0.0092983245849609,0.0092983245849609,0
97,0.0,0.0,0.0,0.0,0.0,0.0,0.0,0,0.0,0.0,0.0,0.0,0.0,0,0.0058710575103759,0.0078916549682617,0.0,0.0070095062255859,0.0,0.0,0.0,0.0,0.0093460083007812,0.0,0.0108718872070312,0.0,0.0,0.0205039978027343,0,0.0,0.0,0.0,1.36,112.0,3.744,4.232,0.0,0.0,1013.5581493377686,1013.5581493377686,1
98,0.0,0.0,0.0,0.0,0.0,0.0,0.0,0,0.0,0.0,0.0,0.0,0.0,0,0.0062401932064849,0.0085830688476562,0.0070929527282714,0.0065326690673828,0.0,0.0090837478637695,0.0,0.0,0.0084400177001953,0.0,0.0113487243652343,0.0145435333251953,0.0145435333251953,0.0215053558349609,1,0.496,0.0,0.0,2.352,122.384,3.744,4.232,0.0,29.28,0.0138282775878906,0.0138282775878906,1
99,0.0,0.0,0.0,0.0,0.0,0.0,0.0,0,0.0,0.0,0.0,0.0,0.0,0,0.0060915946960449,0.0078916549682617,0.0,0.0063313378228081,0.0,0.0,0.0,0.0,0.0087738037109375,0.0,0.010317022150213,0.0,0.0,0.0231266021728515,0,0.0,0.0,0.0,1.424,112.0,8.792,7.208,0.0,0.0,105700.61707496645,105700.61707496645,1
100,0.0,0.0,0.0,0.0,0.0,0.0,0.0,0,0.0,0.0,0.0,0.0,0.0,0,0.0059382588255639,0.0081062316894531,0.0047456650506882,0.0,0.009775161743164,0.0064373016357421,0.0042915344238281,0.009775161743164,0.0,0.0042915344238281,0.0,0.0,0.0,0.0,1,0.0,0.848,0.848,3.264,128.832,0.0,0.0,50.0,191.688,104640.01035690308,104640.01035690308,1
101,0.0,0.0,0.0,0.0,0.0,0.0,0.0,0,0.0,0.0,0.0,0.0,0.0,0,0.0060383636172455,0.0083446502685546,0.0057220458984375,0.0,0.0,0.0070571899414062,0.0,0.0,0.0,0.0,0.0,0.0,0.0,0.0,0,0.0,0.0,0.0,1.904,117.376,0.0,0.0,100.0,28.44,0.0,0.0,1
102,0.0,0.0,0.0,0.0,0.0,0.0,0.0,0,0.0,0.0,0.0,0.0,0.0,0,0.0063487798860757,0.0085830688476562,0.0045949762517755,0.0,0.0042915344238281,0.0054836273193359,0.0081062316894531,0.0042915344238281,0.0,0.0081062316894531,0.0,0.0,0.0,0.0,1,0.0,0.848,0.848,4.528,118.448,0.0,0.0,0.0,157.792,102591.0210609436,102591.0210609436,1
103,0.0,0.0,0.0,0.0,0.0,0.0,0.0,0,0.0,0.0,0.0,0.0,0.0,0,0.0061846491116196,0.0081062316894531,0.0073909759521484,0.0066757202148437,0.0,0.0075817108154296,0.0,0.0,0.0078678131103515,0.0,0.0110149383544921,0.0,0.0,0.0205039978027343,0,0.0,0.0,0.0,0.0,114.712,3.744,4.232,0.0,6.128,0.0,0.0,1
104,0.0,0.0,0.0,0.0,0.0,0.0,0.0,0,0.0,0.0,0.0,0.0,0.0,0,0.0060188770294189,0.0078916549682617,0.0,0.0064849853515625,0.0,0.0,0.0,0.0,0.0083446502685546,0.0,0.0114917755126953,0.0,0.0,0.0217437744140625,0,0.0,0.0,0.0,0.0,112.0,3.744,4.232,0.0,0.0,0.0,0.0,1
105,0.0,0.0,0.0,0.0,0.0,0.0,0.0,0,0.0,0.0,0.0,0.0,0.0,0,0.0062119960784912,0.0085830688476562,0.0,0.0061511993408203,0.0,0.0,0.0,0.0,0.0079631805419921,0.0,0.0109195709228515,0.0,0.0,0.0249624252319335,0,0.0,0.0,0.0,0.0,112.0,8.264,7.736,0.0,0.0,0.0,0.0,1
106,0.0,0.0,0.0,0.0,0.0,0.0,0.0,0,0.0,0.0,0.0,0.0,0.0,0,0.0058500637561816,0.0078201293945312,0.006866455078125,0.0,0.0,0.0084877014160156,0.0,0.0,0.0,0.0,0.0,0.0,0.0,0.0,0,0.0,0.0,0.0,4.944,120.488,0.0,0.0,100.0,12.216,0.0,0.0,1
107,0.0,0.0,0.0,0.0,0.0,0.0,0.0,0,0.0,0.0,0.0,0.0,0.0,0,0.006263799006396,0.0085830688476562,0.0038985162973403,0.0,0.0,0.0045299530029296,0.0,0.0,0.0,0.0,0.0,0.0,0.0,0.0,0,0.0,0.0,0.0,0.0,118.448,0.0,0.0,100.0,2875.616,0.0,0.0,1
108,0.0,0.0,0.0,0.0,0.0,0.0,0.0,0,0.0,0.0,0.0,0.0,0.0,0,0.0059675814500495,0.0083446502685546,0.0047683715820312,0.0,0.0,0.0047683715820312,0.0,0.0,0.0,0.0,0.0,0.0,0.0,0.0,0,0.0,0.0,0.0,0.0,113.256,0.0,0.0,100.0,1.192,0.0,0.0,1
109,0.0,0.0,0.0,0.0,0.0,0.0,0.0,0,0.0,0.0,0.0,0.0,0.0,0,0.0060902963770498,0.0083446502685546,0.0067949295043945,0.0061988830566406,0.0,0.0082254409790039,0.0,0.0,0.0080108642578125,0.0,0.0110626220703125,0.0,0.0,0.0206470489501953,0,0.0,0.0,0.0,0.0,116.544,3.744,4.232,100.0,4.192,0.0,0.0,1
110,0.0,0.0,0.0,0.0,0.0,0.0,0.0,0,0.0,0.0,0.0,0.0,0.0,0,0.0061821937561035,0.0078678131103515,0.0,0.0064373016357421,0.0,0.0,0.0,0.0,0.0077724456787109,0.0,0.011761983235677,0.0,0.0,0.0226497650146484,0,0.0,0.0,0.0,0.0,112.0,4.272,3.704,100.0,0.0,0.0,0.0,1
111,0.0,0.0,0.0,0.0,0.0,0.0,0.0,0,0.0,0.0,0.0,0.0,0.0,0,0.0060749053955078,0.0085830688476562,0.0,0.0077724456787109,0.0,0.0,0.0,0.0,0.0107049942016601,0.0,0.0105857849121093,0.0,0.0,0.0250577926635742,1,0.0,0.0,0.0,11.728,112.0,8.264,7.736,0.0,0.0,94207.0062160492,94207.0062160492,1
112,0.0,0.0,0.0,0.0,0.0,0.0,0.0,0,0.0,0.0,0.0,0.0,0.0,0,0.0063145861906163,0.0090599060058593,0.0053860924460671,0.0,0.0,0.0076055526733398,0.0,0.0,0.0,0.0,0.0,0.0,0.0,0.0,0,0.0,0.0,0.0,0.0,127.312,0.0,0.0,0.0,163.36,0.0,0.0,1
113,0.0,0.0,0.0,0.0,0.0,0.0,0.0,0,0.0,0.0,0.0,0.0,0.0,0,0.0060522556304931,0.0083446502685546,0.0069141387939453,0.0067392985026041,0.0,0.0069141387939453,0.0,0.0,0.0091075897216796,0.0,0.0096321105957031,0.0,0.0,0.019693374633789,0,0.0,0.0,0.0,0.0,112.0,10.776,11.312,0.0,2.088,0.0,0.0,1
114,0.0,0.0,0.0,0.0,0.0,0.0,0.0,0,0.0,0.0,0.0,0.0,0.0,0,0.0062411641839689,0.0081062316894531,0.0045462088151411,0.0,0.0,0.0054121017456054,0.0,0.0,0.0,0.0,0.0,0.0,0.0,0.0,0,0.0,0.0,0.0,0.0,123.64,0.0,0.0,0.0,348.784,0.0,0.0,1
115,0.0,0.0,0.0,0.0,0.0,0.0,0.0,0,0.0,0.0,0.0,0.0,0.0,0,0.0060114694471976,0.0078678131103515,0.0050067901611328,0.0067710876464843,0.0,0.0058174133300781,0.0,0.0,0.0094413757324218,0.0,0.0113964080810546,0.0,0.0,0.0213623046875,0,0.0,0.0,0.0,0.0,113.256,3.744,4.232,0.0,24.744,0.0,0.0,1
116,0.0,0.0,0.0,0.0,0.0,0.0,0.0,0,0.0,0.0,0.0,0.0,0.0,0,0.0060601020926859,0.0081062316894531,0.0042915344238281,0.006103515625,0.0,0.0042915344238281,0.0,0.0,0.0077724456787109,0.0,0.0100612640380859,0.0,0.0,0.0186443328857421,0,0.0,0.0,0.0,0.0,113.256,3.744,4.232,0.0,1.192,0.0,0.0,1
117,0.0,0.0,0.0,0.0,0.0,0.0,0.0,0,0.0,0.0,0.0,0.0,0.0,0,0.0060849589080058,0.0081062316894531,0.0044822692871093,0.0066280364990234,0.0,0.0059843063354492,0.0,0.0,0.0088691711425781,0.0,0.0106096267700195,0.0,0.0,0.023961067199707,0,0.0,0.0,0.0,0.0,125.672,8.264,7.736,0.0,156.24,0.0,0.0,1
118,0.0,0.0,0.0,0.0,0.0,0.0,0.0,0,0.0,0.0,0.0,0.0,0.0,0,0.0060641765594482,0.0083446502685546,0.0,0.0,0.0,0.0,0.0,0.0,0.0,0.0,0.0,0.0,0.0,0.0,0,0.0,0.0,0.0,0.0,112.0,0.0,0.0,0.0,0.0,0.0,0.0,1
119,0.0,0.0,0.0,0.0,0.0,0.0,0.0,0,0.0,0.0,0.0,0.0,0.0,0,0.0059545040130615,0.0078678131103515,0.0,0.0,0.0,0.0,0.0,0.0,0.0,0.0,0.0,0.0,0.0,0.0,0,0.0,0.0,0.0,0.0,112.0,0.0,0.0,0.0,0.0,0.0,0.0,1
120,0.0,0.0,0.0,0.0,0.0,0.0,0.0,0,0.0,0.0,0.0,0.0,0.0,0,0.0061455057628119,0.0083446502685546,0.0078678131103515,0.0,0.0,0.0078678131103515,0.0,0.0,0.0,0.0,0.0,0.0188350677490234,0.0188350677490234,0.0,0,0.848,0.0,0.0,3.888,117.192,0.0,0.0,100.0,7.736,0.0,0.0,1
121,0.0,0.0,0.0,0.0,0.0,0.0,0.0,0,0.0,0.0,0.0,0.0,0.0,0,0.0060399373372395,0.0081062316894531,0.0047683715820312,0.005960464477539,0.0,0.0047683715820312,0.0,0.0,0.0071048736572265,0.0,0.0101089477539062,0.0,0.0,0.0189781188964843,0,0.0,0.0,0.0,0.0,113.256,3.744,4.232,100.0,1.192,0.0,0.0,1
122,0.0,0.0,0.0,0.0,0.0,0.0,0.0,0,0.0,0.0,0.0,0.0,0.0,0,0.0060624744168561,0.0081062316894531,0.0050067901611328,0.006103515625,0.0,0.0050067901611328,0.0,0.0,0.0078201293945312,0.0,0.0109195709228515,0.0,0.0,0.0202178955078125,0,0.0,0.0,0.0,0.0,113.256,3.744,4.232,100.0,1.192,0.0,0.0,1
123,0.0,0.0,0.0,0.0,0.0,0.0,0.0,0,0.0,0.0,0.0,0.0,0.0,0,0.0060565436064307,0.0081062316894531,0.0045299530029296,0.0059127807617187,0.0,0.0045299530029296,0.0,0.0,0.0081539154052734,0.0,0.0102758407592773,0.0,0.0,0.0249624252319335,0,0.0,0.0,0.0,0.0,113.256,8.264,7.736,100.0,1.192,0.0,0.0,1
124,0.0,0.0,0.0,0.0,0.0,0.0,0.0,0,0.0,0.0,0.0,0.0,0.0,0,0.0058043003082275,0.00762939453125,0.0,0.0,0.0,0.0,0.0,0.0,0.0,0.0,0.0,0.0,0.0,0.0,0,0.0,0.0,0.0,0.0,112.0,0.0,0.0,100.0,0.0,0.0,0.0,1
125,0.0,0.0,0.0,0.0,0.0,0.0,0.0,0,0.0,0.0,0.0,0.0,0.0,0,0.005958080291748,0.0083446502685546,0.0,0.0,0.0,0.0,0.0,0.0,0.0,0.0,0.0,0.0,0.0,0.0,0,0.0,0.0,0.0,0.0,112.0,0.0,0.0,100.0,0.0,0.0,0.0,1
126,0.0,0.0,0.0,0.0,0.0,0.0,0.0,0,0.0,0.0,0.0,0.0,0.0,0,0.0060057640075683,0.0078678131103515,0.0,0.0,0.0,0.0,0.0,0.0,0.0,0.0,0.0,0.0,0.0,0.0,0,0.0,0.0,0.0,0.0,112.0,0.0,0.0,100.0,0.0,0.0,0.0,1
127,0.0,0.0,0.0,0.0,0.0,0.0,0.0,0,0.0,0.0,0.0,0.0,0.0,0,0.0060904026031494,0.0081062316894531,0.0,0.0061511993408203,0.0,0.0,0.0,0.0,0.0075817108154296,0.0,0.0107765197753906,0.0,0.0,0.0199794769287109,0,0.0,0.0,0.0,0.0,112.0,3.744,4.232,100.0,0.0,0.0,0.0,1
128,0.0,0.0,0.0,0.0,0.0,0.0,0.0,0,0.0,0.0,0.0,0.0,0.0,0,0.0059047148595401,0.0081062316894531,0.0083446502685546,0.0062465667724609,0.0,0.0083446502685546,0.0,0.0,0.0079631805419921,0.0,0.0105857849121093,0.0,0.0,0.0194549560546875,0,0.0,0.0,0.0,0.0,113.256,3.744,4.232,100.0,1.192,0.0,0.0,1
129,0.0,0.0,0.0,0.0,0.0,0.0,0.0,0,0.0,0.0,0.0,0.0,0.0,0,0.0059699537742197,0.0081062316894531,0.0064373016357421,0.006270408630371,0.0,0.0064373016357421,0.0,0.0,0.0081300735473632,0.0,0.0100135803222656,0.0,0.0,0.0244855880737304,0,0.0,0.0,0.0,0.0,113.256,8.264,7.736,100.0,1.192,0.0,0.0,1
130,0.0,0.0,0.0,0.0,0.0,0.0,0.0,0,0.0,0.0,0.0,0.0,0.0,0,0.0063388501826803,0.0085830688476562,0.0083446502685546,0.0,0.0,0.0083446502685546,0.0,0.0,0.0,0.0,0.0,0.0,0.0,0.0,0,0.0,0.0,0.0,0.0,113.256,0.0,0.0,100.0,1.192,0.0,0.0,1
131,0.0,0.0,0.0,0.0,0.0,0.0,0.0,0,0.0,0.0,0.0,0.0,0.0,0,0.006108283996582,0.0085830688476562,0.0,0.0,0.0052452087402343,0.0,0.0054836273193359,0.0052452087402343,0.0,0.0054836273193359,0.0,0.0,0.0,0.0,0,0.0,0.848,0.848,0.0,112.0,0.0,0.0,100.0,0.0,0.0,0.0,1
132,0.0,0.0,0.0,0.0,0.0,0.0,0.0,0,0.0,0.0,0.0,0.0,0.0,0,0.0059878826141357,0.0081062316894531,0.0,0.0,0.0,0.0,0.0,0.0,0.0,0.0,0.0,0.0,0.0,0.0,0,0.0,0.0,0.0,0.0,112.0,0.0,0.0,100.0,0.0,0.0,0.0,1
133,0.0,0.0,0.0,0.0,0.0,0.0,0.0,0,0.0,0.0,0.0,0.0,0.0,0,0.0058507919311523,0.0081062316894531,0.0,0.0063419342041015,0.0,0.0,0.0,0.0,0.008249282836914,0.0,0.0104904174804687,0.0,0.0,0.0193119049072265,0,0.0,0.0,0.0,0.0,112.0,3.744,4.232,100.0,0.0,0.0,0.0,1
134,0.0,0.0,0.0,0.0,0.0,0.0,0.0,0,0.0,0.0,0.0,0.0,0.0,0,0.0061368942260742,0.0083684921264648,0.0,0.0062942504882812,0.0050067901611328,0.0,0.0121593475341796,0.0050067901611328,0.0079631805419921,0.0121593475341796,0.0112533569335937,0.0,0.0,0.020599365234375,0,0.0,0.848,0.848,0.0,112.0,3.744,4.232,100.0,0.0,0.0,0.0,1
135,0.0,0.0,0.0,0.0,0.0,0.0,0.0,0,0.0,0.0,0.0,0.0,0.0,0,0.0062534465125544,0.0083446502685546,0.0052452087402343,0.0062942504882812,0.0,0.0052452087402343,0.0,0.0,0.008702278137207,0.0,0.010538101196289,0.0,0.0,0.0241994857788085,0,0.0,0.0,0.0,0.0,113.256,8.264,7.736,100.0,1.192,0.0,0.0,1
136,0.0,0.0,0.0,0.0,0.0,0.0,0.0,0,0.0,0.0,0.0,0.0,0.0,0,0.0062570049988096,0.0083446502685546,0.0054836273193359,0.0,0.0,0.0054836273193359,0.0,0.0,0.0,0.0,0.0,0.0,0.0,0.0,0,0.0,0.0,0.0,0.0,113.256,0.0,0.0,100.0,1.192,0.0,0.0,1
137,0.0,0.0,0.0,0.0,0.0,0.0,0.0,0,0.0,0.0,0.0,0.0,0.0,0,0.0061103613069742,0.0081062316894531,0.0052452087402343,0.0,0.0,0.0054359436035156,0.0,0.0,0.0,0.0,0.0,0.0,0.0,0.0,0,0.0,0.0,0.0,23.984,118.448,0.0,0.0,100.0,11.568,0.0,0.0,1
138,0.0,0.0,0.0,0.0,0.0,0.0,0.0,0,0.0,0.0,0.0,0.0,0.0,0,0.0059870840276329,0.0083446502685546,0.0043074289957682,0.0,0.0,0.0050783157348632,0.0,0.0,0.0,0.0,0.0,0.0,0.0,0.0,0,0.0,0.0,0.0,0.0,140.976,0.0,0.0,100.0,286.8,0.0,0.0,1
139,0.0,0.0,0.0,0.0,0.0,0.0,0.0,0,0.0,0.0,0.0,0.0,0.0,0,0.0060606002807617,0.0078678131103515,0.0,0.006103515625,0.0,0.0,0.0,0.0,0.0076770782470703,0.0,0.0108718872070312,0.0,0.0,0.0202178955078125,0,0.0,0.0,0.0,0.0,112.0,3.744,4.232,100.0,0.0,0.0,0.0,1
140,0.0,0.0,0.0,0.0,0.0,0.0,0.0,0,0.0,0.0,0.0,0.0,0.0,0,0.0060641765594482,0.0081300735473632,0.0,0.0058650970458984,0.0,0.0,0.0,0.0,0.0071525573730468,0.0,0.0111579895019531,0.0,0.0,0.020599365234375,0,0.0,0.0,0.0,0.0,112.0,3.744,4.232,100.0,0.0,0.0,0.0,1
141,0.0,0.0,0.0,0.0,0.0,0.0,0.0,0,0.0,0.0,0.0,0.0,0.0,0,0.0062215328216552,0.0083446502685546,0.0,0.0062465667724609,0.006103515625,0.0,0.0064770380655924,0.0072479248046875,0.0088214874267578,0.0072717666625976,0.010991096496582,0.0,0.0,0.0259160995483398,0,0.0,7.696,12.096,0.0,112.0,8.264,7.736,100.0,0.0,0.0,0.0,1
142,0.0,0.0,0.0,0.0,0.0,0.0,0.0,0,0.0,0.0,0.0,0.0,0.0,0,0.0060577297685158,0.0081062316894531,0.00762939453125,0.0,0.0063776969909667,0.00762939453125,0.0078678131103515,0.0068426132202148,0.0,0.0104665756225585,0.0,0.0,0.0,0.0,0,0.0,4.032,14.24,0.0,113.256,0.0,0.0,100.0,1.192,0.0,0.0,1
143,0.0,0.0,0.0,0.0,0.0,0.0,0.0,0,0.0,0.0,0.0,0.0,0.0,0,0.0060434958234948,0.0078678131103515,0.0050067901611328,0.0,0.0,0.0050067901611328,0.0,0.0,0.0,0.0,0.0,0.0,0.0,0.0,1,0.0,0.0,0.0,11.728,113.256,0.0,0.0,0.0,1.192,61952.01015472412,61952.01015472412,1
144,0.0,0.0,0.0,0.0,0.0,0.0,0.0,0,0.0,0.0,0.0,0.0,0.0,0,0.0064442458662014,0.0090599060058593,0.0047250227494673,0.0,0.0068545341491699,0.0067949295043945,0.0059008598327636,0.0091075897216796,0.0,0.0076770782470703,0.0,0.0,0.0,0.0,0,0.0,5.696,8.608,0.0,133.552,0.0,0.0,0.0,159.856,0.0,0.0,1
145,0.0,0.0,0.0,0.0,0.0,0.0,0.0,0,0.0,0.0,0.0,0.0,0.0,0,0.0064097457195646,0.0085830688476562,0.0,0.0064849853515625,0.0088214874267578,0.0,0.0057220458984375,0.0112533569335937,0.0078678131103515,0.0063419342041015,0.0102996826171875,0.0,0.0,0.0197410583496093,0,0.0,16.656,5.04,0.0,111.376,3.744,4.232,0.0,0.0,0.0,0.0,1
146,0.0,0.0,0.0,0.0,0.0,0.0,0.0,0,0.0,0.0,0.0,0.0,0.0,0,0.0062799453735351,0.0086069107055664,0.0,0.0065326690673828,0.0,0.0,0.0,0.0,0.008249282836914,0.0,0.01068115234375,0.0,0.0,0.0201702117919921,1,0.0,0.0,0.0,3.408,112.0,3.744,4.232,0.0,0.0,58909.512996673584,58909.512996673584,1
147,0.0,0.0,0.0,0.0,0.0,0.0,0.0,0,0.0,0.0,0.0,0.0,0.0,0,0.0061941146850585,0.0081300735473632,0.0,0.0062465667724609,0.0,0.0,0.0,0.0,0.0086069107055664,0.0,0.0112056732177734,0.0,0.0,0.0264883041381835,0,0.0,0.0,0.0,0.0,112.0,8.264,7.736,0.0,0.0,0.0,0.0,1
148,0.0,0.0,0.0,0.0,0.0,0.0,0.0,0,0.0,0.0,0.0,0.0,0.0,0,0.0060999393463134,0.0078678131103515,0.0,0.0,0.0,0.0,0.0,0.0,0.0,0.0,0.0,0.0,0.0,0.0,0,0.0,0.0,0.0,0.0,112.0,0.0,0.0,0.0,0.0,0.0,0.0,1
149,0.0,0.0,0.0,0.0,0.0,0.0,0.0,0,0.0,0.0,0.0,0.0,0.0,0,0.0065652335562357,0.0085830688476562,0.0041961669921875,0.0,0.0,0.0049114227294921,0.0,0.0,0.0,0.0,0.0,0.0,0.0,0.0,0,0.0,0.0,0.0,0.0,133.24,0.0,0.0,0.0,362.824,0.0,0.0,1
150,0.0,0.0,0.0,0.0,0.0,0.0,0.0,0,0.0,0.0,0.0,0.0,0.0,0,0.006608108975994,0.0081062316894531,0.0045299530029296,0.0,0.0,0.0045299530029296,0.0,0.0,0.0,0.0,0.0,0.0,0.0,0.0,0,0.0,0.0,0.0,0.0,113.256,0.0,0.0,0.0,1.192,0.0,0.0,1
151,0.0,0.0,0.0,0.0,0.0,0.0,0.0,0,0.0,0.0,0.0,0.0,0.0,0,0.0068334797721597,0.0088214874267578,0.0066757202148437,0.0060796737670898,0.0,0.0066757202148437,0.0,0.0,0.0071048736572265,0.0,0.0106493631998697,0.0162124633789062,0.0162124633789062,0.0191926956176757,0,0.848,0.0,0.0,0.848,113.256,4.272,3.704,0.0,1.192,0.0112056732177734,0.0112056732177734,1
152,0.0,0.0,0.0,0.0,0.0,0.0,0.0,0,0.0,0.0,0.0,0.0,0.0,0,0.0066638585939929,0.0085830688476562,0.0088214874267578,0.0063896179199218,0.0,0.0088214874267578,0.0,0.0,0.0082015991210937,0.0,0.0123500823974609,0.0,0.0,0.0232219696044921,0,0.0,0.0,0.0,0.0,113.256,3.744,4.232,0.0,1.192,0.0,0.0,1
153,0.0,0.0,0.0,0.0,0.0,0.0,0.0,0,0.0,0.0,0.0,0.0,0.0,0,0.0066924095153808,0.0081062316894531,0.0,0.0068902969360351,0.0,0.0,0.0,0.0,0.0090599060058593,0.0,0.0118970870971679,0.0,0.0,0.0298976898193359,0,0.0,0.0,0.0,0.0,112.0,8.264,7.736,0.0,0.0,0.0,0.0,1
154,0.0,0.0,0.0,0.0,0.0,0.0,0.0,0,0.0,0.0,0.0,0.0,0.0,0,0.0066001240800066,0.0081062316894531,0.0046888987223307,0.0,0.0,0.0065326690673828,0.0,0.0,0.0,0.0,0.0,0.0,0.0,0.0,0,0.0,0.0,0.0,0.0,136.104,0.0,0.0,0.0,110.368,0.0,0.0,1
155,0.0,0.0,0.0,0.0,0.0,0.0,0.0,0,0.0,0.0,0.0,0.0,0.0,0,0.0067412853240966,0.0083446502685546,0.0,0.0,0.0,0.0,0.0,0.0,0.0,0.0,0.0,0.0,0.0,0.0,0,0.0,0.0,0.0,0.0,112.0,0.0,0.0,0.0,0.0,0.0,0.0,1
156,0.0,0.0,0.0,0.0,0.0,0.0,0.0,0,0.0,0.0,0.0,0.0,0.0,0,0.0066152259485045,0.0083446502685546,0.0057220458984375,0.0,0.0,0.0070571899414062,0.0,0.0,0.0,0.0,0.0,0.0,0.0,0.0,0,0.0,0.0,0.0,0.0,117.192,0.0,0.0,0.0,20.88,0.0,0.0,1
157,0.0,0.0,0.0,0.0,0.0,0.0,0.0,0,0.0,0.0,0.0,0.0,0.0,0,0.0068251766375641,0.0088214874267578,0.0088214874267578,0.0060558319091796,0.0,0.0088214874267578,0.0,0.0,0.007486343383789,0.0,0.0121116638183593,0.0,0.0,0.0223159790039062,0,0.0,0.0,0.0,0.0,113.256,3.744,4.232,0.0,1.192,0.0,0.0,1
158,0.0,0.0,0.0,0.0,0.0,0.0,0.0,0,0.0,0.0,0.0,0.0,0.0,0,0.0067634962091398,0.0083446502685546,0.0050067901611328,0.0062942504882812,0.0,0.0050067901611328,0.0,0.0,0.0083446502685546,0.0,0.0115394592285156,0.0,0.0,0.0219345092773437,0,0.0,0.0,0.0,0.0,113.256,3.744,4.232,0.0,1.192,0.0,0.0,1
159,0.0,0.0,0.0,0.0,0.0,0.0,0.0,0,0.0,0.0,0.0,0.0,0.0,0,0.0066466447783679,0.0085830688476562,0.0047842661539713,0.0060796737670898,0.0,0.0067710876464843,0.0,0.0,0.0084161758422851,0.0,0.0110864639282226,0.0,0.0,0.0258445739746093,0,0.0,0.0,0.0,0.0,132.168,8.264,7.736,0.0,115.448,0.0,0.0,1
160,0.0,0.0,0.0,0.0,0.0,0.0,0.0,0,0.0,0.0,0.0,0.0,0.0,0,0.0065946578979492,0.0085830688476562,0.0,0.0,0.0,0.0,0.0,0.0,0.0,0.0,0.0,0.0,0.0,0.0,0,0.0,0.0,0.0,0.0,112.0,0.0,0.0,0.0,0.0,0.0,0.0,1
161,0.0,0.0,0.0,0.0,0.0,0.0,0.0,0,0.0,0.0,0.0,0.0,0.0,0,0.0067102909088134,0.0085830688476562,0.0,0.0,0.0,0.0,0.0,0.0,0.0,0.0,0.0,0.0,0.0,0.0,0,0.0,0.0,0.0,0.0,112.0,0.0,0.0,0.0,0.0,0.0,0.0,1
162,0.0,0.0,0.0,0.0,0.0,0.0,0.0,0,0.0,0.0,0.0,0.0,0.0,0,0.0066375732421875,0.0083446502685546,0.0,0.0,0.0,0.0,0.0,0.0,0.0,0.0,0.0,0.0,0.0,0.0,0,0.0,0.0,0.0,0.0,112.0,0.0,0.0,0.0,0.0,0.0,0.0,1
163,0.0,0.0,0.0,0.0,0.0,0.0,0.0,0,0.0,0.0,0.0,0.0,0.0,0,0.006723637674369,0.0082731246948242,0.0053644180297851,0.0,0.0,0.0069141387939453,0.0,0.0,0.0,0.0,0.0,0.0,0.0,0.0,0,0.0,0.0,0.0,0.0,125.92,0.0,0.0,0.0,30.56,0.0,0.0,1
164,0.0,0.0,0.0,0.0,0.0,0.0,0.0,0,0.0,0.0,0.0,0.0,0.0,0,0.0067302836707575,0.0085830688476562,0.0088214874267578,0.0,0.0,0.0088214874267578,0.0,0.0,0.0,0.0,0.0,0.0,0.0,0.0,0,0.0,0.0,0.0,0.0,113.256,0.0,0.0,0.0,1.192,0.0,0.0,1
165,0.0,0.0,0.0,0.0,0.0,0.0,0.0,0,0.0,0.0,0.0,0.0,0.0,0,0.0067172358878216,0.0081062316894531,0.0088214874267578,0.0,0.0,0.0088214874267578,0.0,0.0,0.0,0.0,0.0,0.0,0.0,0.0,0,0.0,0.0,0.0,0.0,113.256,0.0,0.0,0.0,1.192,0.0,0.0,1
166,0.0,0.0,0.0,0.0,0.0,0.0,0.0,0,0.0,0.0,0.0,0.0,0.0,0,0.0066578388214111,0.0083446502685546,0.0069141387939453,0.0,0.0,0.0069141387939453,0.0,0.0,0.0,0.0,0.0,0.0,0.0,0.0,0,0.0,0.0,0.0,0.0,112.696,0.0,0.0,0.0,1.192,0.0,0.0,1
167,0.0,0.0,0.0,0.0,0.0,0.0,0.0,0,0.0,0.0,0.0,0.0,0.0,0,0.0067353248596191,0.0083684921264648,0.0,0.0,0.0,0.0,0.0,0.0,0.0,0.0,0.0,0.0,0.0,0.0,0,0.0,0.0,0.0,0.0,112.0,0.0,0.0,0.0,0.0,0.0,0.0,1
168,0.0,0.0,0.0,0.0,0.0,0.0,0.0,0,0.0,0.0,0.0,0.0,0.0,0,0.006723403930664,0.0083446502685546,0.0,0.0,0.0,0.0,0.0,0.0,0.0,0.0,0.0,0.0,0.0,0.0,0,0.0,0.0,0.0,0.0,112.0,0.0,0.0,0.0,0.0,0.0,0.0,1
169,0.0,0.0,0.0,0.0,0.0,0.0,0.0,0,0.0,0.0,0.0,0.0,0.0,0,0.0067555904388427,0.0085830688476562,0.0,0.0,0.0,0.0,0.0,0.0,0.0,0.0,0.0,0.0,0.0,0.0,0,0.0,0.0,0.0,0.0,112.0,0.0,0.0,0.0,0.0,0.0,0.0,1
170,0.0,0.0,0.0,0.0,0.0,0.0,0.0,0,0.0,0.0,0.0,0.0,0.0,0,0.0068461894989013,0.0085830688476562,0.0,0.0,0.0,0.0,0.0,0.0,0.0,0.0,0.0,0.0,0.0,0.0,0,0.0,0.0,0.0,0.0,112.0,0.0,0.0,0.0,0.0,0.0,0.0,1
171,0.0,0.0,0.0,0.0,0.0,0.0,0.0,0,0.0,0.0,0.0,0.0,0.0,0,0.006708932753226,0.0083446502685546,0.0085830688476562,0.0,0.0,0.0085830688476562,0.0,0.0,0.0,0.0,0.0,0.0,0.0,0.0,0,0.0,0.0,0.0,0.0,113.256,0.0,0.0,0.0,1.192,0.0,0.0,1
172,0.0,0.0,0.0,0.0,0.0,0.0,0.0,0,0.0,0.0,0.0,0.0,0.0,0,0.0067113050773962,0.0083446502685546,0.00762939453125,0.0,0.0,0.00762939453125,0.0,0.0,0.0,0.0,0.0,0.0,0.0,0.0,0,0.0,0.0,0.0,0.0,113.256,0.0,0.0,0.0,1.192,0.0,0.0,1
173,0.0,0.0,0.0,0.0,0.0,0.0,0.0,0,0.0,0.0,0.0,0.0,0.0,0,0.0065523593579951,0.0083446502685546,0.0064373016357421,0.0068505605061848,0.0,0.0064373016357421,0.0,0.0,0.0092983245849609,0.0,0.0104427337646484,0.0,0.0,0.0232696533203125,0,0.0,0.0,0.0,0.0,113.256,10.776,11.312,0.0,1.192,0.0,0.0,1
174,0.0,0.0,0.0,0.0,0.0,0.0,0.0,0,0.0,0.0,0.0,0.0,0.0,0,0.0066316127777099,0.0083446502685546,0.0,0.0,0.0,0.0,0.0,0.0,0.0,0.0,0.0,0.0,0.0,0.0,0,0.0,0.0,0.0,0.0,112.0,0.0,0.0,0.0,0.0,0.0,0.0,1
175,0.0,0.0,0.0,0.0,0.0,0.0,0.0,0,0.0,0.0,0.0,0.0,0.0,0,0.0067136774015663,0.0085830688476562,0.0058412551879882,0.0,0.0,0.0072717666625976,0.0,0.0,0.0,0.0,0.0,0.0,0.0,0.0,0,0.0,0.0,0.0,0.0,117.192,0.0,0.0,0.0,16.656,0.0,0.0,1
176,0.0,0.0,0.0,0.0,0.0,0.0,0.0,0,0.0,0.0,0.0,0.0,0.0,0,0.0067937721326513,0.008702278137207,0.0052650769551595,0.0,0.0079870223999023,0.0078439712524414,0.013589859008789,0.0101804733276367,0.0,0.016641616821289,0.0,0.0,0.0,0.0,0,0.0,1.696,1.696,0.0,126.544,0.0,0.0,0.0,26.384,0.0,0.0,1
177,0.0,0.0,0.0,0.0,0.0,0.0,0.0,0,0.0,0.0,0.0,0.0,0.0,0,0.006896346362669,0.0088214874267578,0.0048364911760602,0.0,0.0,0.0052452087402343,0.0,0.0,0.0,0.0,0.0,0.0,0.0,0.0,0,0.0,0.0,0.0,0.0,114.408,0.0,0.0,0.0,64.84,0.0,0.0,1
178,0.0,0.0,0.0,0.0,0.0,0.0,0.0,0,0.0,0.0,0.0,0.0,0.0,0,0.0066235290831001,0.0081062316894531,0.00457763671875,0.0,0.0,0.0052452087402343,0.0,0.0,0.0,0.0,0.0,0.0,0.0,0.0,0,0.0,0.0,0.0,0.0,113.256,0.0,0.0,0.0,10.696,0.0,0.0,1
179,0.0,0.0,0.0,0.0,0.0,0.0,0.0,0,0.0,0.0,0.0,0.0,0.0,0,0.0065345669267189,0.0078678131103515,0.0047683715820312,0.0,0.0,0.0047683715820312,0.0,0.0,0.0,0.0,0.0,0.0,0.0,0.0,0,0.0,0.0,0.0,0.0,113.256,0.0,0.0,0.0,1.192,0.0,0.0,1
180,0.0,0.0,0.0,0.0,0.0,0.0,0.0,0,0.0,0.0,0.0,0.0,0.0,0,0.0066733478906735,0.0085830688476562,0.0064373016357421,0.0,0.0,0.0064373016357421,0.0,0.0,0.0,0.0,0.0,0.0,0.0,0.0,0,0.0,0.0,0.0,0.0,113.256,0.0,0.0,0.0,1.192,0.0,0.0,1
181,0.0,0.0,0.0,0.0,0.0,0.0,0.0,0,0.0,0.0,0.0,0.0,0.0,0,0.0067043304443359,0.0085830688476562,0.0,0.0,0.0,0.0,0.0,0.0,0.0,0.0,0.0,0.0,0.0,0.0,0,0.0,0.0,0.0,0.0,112.0,0.0,0.0,0.0,0.0,0.0,0.0,1
182,0.0,0.0,0.0,0.0,0.0,0.0,0.0,0,0.0,0.0,0.0,0.0,0.0,0,0.0065535455200802,0.0078678131103515,0.0073909759521484,0.0,0.0,0.0073909759521484,0.0,0.0,0.0,0.0,0.0,0.0,0.0,0.0,0,0.0,0.0,0.0,0.0,114.888,0.0,0.0,0.0,2.6,0.0,0.0,1
183,0.0,0.0,0.0,0.0,0.0,0.0,0.0,0,0.0,0.0,0.0,0.0,0.0,0,0.0067377090454101,0.0090599060058593,0.0,0.0,0.0,0.0,0.0,0.0,0.0,0.0,0.0,0.0157356262207031,0.0157356262207031,0.0,0,0.848,0.0,0.0,0.848,112.0,0.0,0.0,100.0,0.0,0.0,0.0,1
184,0.0,0.0,0.0,0.0,0.0,0.0,0.0,0,0.0,0.0,0.0,0.0,0.0,0,0.0066280364990234,0.0085830688476562,0.0,0.0,0.0,0.0,0.0,0.0,0.0,0.0,0.0,0.0,0.0,0.0,0,0.0,0.0,0.0,0.0,112.0,0.0,0.0,100.0,0.0,0.0,0.0,1
185,0.0,0.0,0.0,0.0,0.0,0.0,0.0,0,0.0,0.0,0.0,0.0,0.0,0,0.0067121289633765,0.0082969665527343,0.0064373016357421,0.0,0.0,0.0080585479736328,0.0,0.0,0.0,0.0,0.0,0.0,0.0,0.0,0,0.0,0.0,0.0,0.0,120.472,0.0,0.0,100.0,7.832,0.0,0.0,1
186,0.0,0.0,0.0,0.0,0.0,0.0,0.0,0,0.0,0.0,0.0,0.0,0.0,0,0.0067385868053531,0.0085830688476562,0.0047683715820312,0.0,0.0,0.0047683715820312,0.0,0.0,0.0,0.0,0.0,0.0,0.0,0.0,0,0.0,0.0,0.0,0.0,113.256,0.0,0.0,100.0,1.192,0.0,0.0,1
187,0.0,0.0,0.0,0.0,0.0,0.0,0.0,0,0.0,0.0,0.0,0.0,0.0,0,0.0067062565845808,0.0087738037109375,0.0080267588297526,0.0,0.0,0.009012222290039,0.0,0.0,0.0,0.0,0.0,0.0,0.0,0.0,0,0.0,0.0,0.0,0.0,119.688,0.0,0.0,100.0,7.048,0.0,0.0,1
188,0.0,0.0,0.0,0.0,0.0,0.0,0.0,0,0.0,0.0,0.0,0.0,0.0,0,0.0066616955925436,0.0083446502685546,0.0049727303641183,0.0,0.0,0.0056743621826171,0.0,0.0,0.0,0.0,0.0,0.0,0.0,0.0,0,0.0,0.0,0.0,0.0,126.48,0.0,0.0,100.0,39.992,0.0,0.0,1
189,0.0,0.0,0.0,0.0,0.0,0.0,0.0,0,0.0,0.0,0.0,0.0,0.0,0,0.0067753578299906,0.0088214874267578,0.0055233637491861,0.0,0.0,0.0071525573730468,0.0,0.0,0.0,0.0,0.0,0.0,0.0,0.0,0,0.0,0.0,0.0,0.0,114.328,0.0,0.0,100.0,24.48,0.0,0.0,1
190,0.0,0.0,0.0,0.0,0.0,0.0,0.0,0,0.0,0.0,0.0,0.0,0.0,0,0.0066328048706054,0.0081300735473632,0.0,0.0,0.0,0.0,0.0,0.0,0.0,0.0,0.0,0.0,0.0,0.0,0,0.0,0.0,0.0,0.0,112.0,0.0,0.0,100.0,0.0,0.0,0.0,1
191,0.0,0.0,0.0,0.0,0.0,0.0,0.0,0,0.0,0.0,0.0,0.0,0.0,0,0.006723403930664,0.0083446502685546,0.0,0.0,0.0,0.0,0.0,0.0,0.0,0.0,0.0,0.0,0.0,0.0,0,0.0,0.0,0.0,0.0,112.0,0.0,0.0,100.0,0.0,0.0,0.0,1
192,0.0,0.0,0.0,0.0,0.0,0.0,0.0,0,0.0,0.0,0.0,0.0,0.0,0,0.0066235290831001,0.0081062316894531,0.0052452087402343,0.0,0.0,0.0052452087402343,0.0,0.0,0.0,0.0,0.0,0.0,0.0,0.0,0,0.0,0.0,0.0,0.0,113.256,0.0,0.0,100.0,1.192,0.0,0.0,1
193,0.0,0.0,0.0,0.0,0.0,0.0,0.0,0,0.0,0.0,0.0,0.0,0.0,0,0.0066955884297688,0.0085115432739257,0.0059008598327636,0.0,0.0,0.0079154968261718,0.0,0.0,0.0,0.0,0.0,0.0,0.0,0.0,0,0.0,0.0,0.0,0.0,121.984,0.0,0.0,100.0,9.056,0.0,0.0,1
