time_seconds,a1_retransmissions_ul_count,a1_retransmissions_dl_count,a1_packet_loss_ul_percentage,a1_packet_loss_dl_percentage,e2_du_packet_loss_ul_percentage,e2_du_packet_loss_dl_percentage,e2_du_retransmissions_ul_count,e2_du_retransmissions_dl_count,f1_c_packet_loss_ul_percentage,f1_u_retransmissions_ul_count,f1_u_packet_loss_dl_percentage,f1_u_packet_loss_ul_percentage,f1_u_retransmissions_dl_count,f1_u_latency_mean_ul_ms,f1_u_latency_p90_ul_ms,e2_du_latency_p90_ul_ms,e2_du_latency_mean_ul_ms,e2_du_latency_mean_dl_ms,e2_du_latency_p90_dl_ms,f1_u_latency_mean_dl_ms,a1_latency_mean_ul_ms,f1_u_latency_p90_dl_ms,a1_latency_p90_ul_ms,a1_latency_mean_dl_ms,a1_latency_p90_dl_ms,f1_c_retransmissions_dl_count,f1_c_retransmissions_ul_count,e2_du_throughput_dl_kbps,e2_du_throughput_ul_kbps,f1_c_throughput_dl_kbps,f1_c_throughput_ul_kbps,a1_throughput_dl_kbps,a1_throughput_ul_kbps,f1_u_throughput_ul_kbps,f1_c_packet_loss_dl_percentage,f1_u_throughput_dl_kbps,f1_c_latency_mean_ul_ms,f1_c_latency_p90_ul_ms,f1_c_latency_mean_dl_ms,f1_c_latency_p90_dl_ms,F-node
0,0.0,0.0,0.0,0.0,0.0,0.0,0,0,0.0,0,0.0,0.0,0.0,0.0069924598730704,0.0095367431640625,0.0116825103759765,0.0116825103759765,0.0164508819580078,0.0164508819580078,0.0039081826260851,0.0064373016357421,0.0045299530029296,0.0096797943115234,0.0095435551234654,0.0188827514648437,0.0,0.0,0.496,1.36,1.696,1.696,25.152,27.344,144.408,0.0,39600.04,0.0165700912475585,0.0199079513549804,0.0159740447998046,0.0182628631591796,0
1,0.0,0.0,0.0,0.0,0.0,0.0,0,0,0.0,0,0.0,0.0,0.0,0.0065329051253819,0.0090599060058593,0.0090599060058593,0.0090599060058593,0.0085830688476562,0.0085830688476562,0.0039726854806923,0.0064373016357421,0.0047683715820312,0.0096797943115234,0.0095435551234654,0.0188827514648437,0.0,0.0,0.496,1.36,1.696,1.696,25.152,27.344,118.448,0.0,3741.808,0.0165700912475585,0.0199079513549804,0.0159740447998046,0.0182628631591796,0
2,0.0,0.0,0.0,0.0,0.0,0.0,0,0,0.0,0,0.0,0.0,0.0,0.0060260295867919,0.0083446502685546,0.0073909759521484,0.0073909759521484,0.009775161743164,0.009775161743164,0.0,0.0064373016357421,0.0,0.0096797943115234,0.0095435551234654,0.0188827514648437,0.0,0.0,0.496,1.36,1.696,1.696,25.152,27.344,112.0,0.0,0.0,0.0165700912475585,0.0199079513549804,0.0159740447998046,0.0182628631591796,0
3,0.0,0.0,0.0,0.0,0.0,0.0,0,0,0.0,0,0.0,0.0,0.0,0.005960464477539,0.0078678131103515,0.00762939453125,0.00762939453125,0.0073909759521484,0.0073909759521484,0.0,0.0,0.0,0.0,0.0,0.0,0.0,0.0,0.496,1.36,1.696,1.696,0.0,0.0,112.0,0.0,0.0,0.0165700912475585,0.0199079513549804,0.0159740447998046,0.0182628631591796,0
4,0.0,0.0,0.0,0.0,0.0,0.0,0,0,0.0,0,0.0,0.0,0.0,0.0060558319091796,0.0081062316894531,0.0100135803222656,0.0100135803222656,0.0104904174804687,0.0104904174804687,0.0,0.0,0.0,0.0,0.0,0.0,0.0,0.0,0.496,1.36,1.696,1.696,0.0,0.0,112.0,0.0,0.0,0.0165700912475585,0.0199079513549804,0.0159740447998046,0.0182628631591796,0
5,0.0,0.0,0.0,0.0,0.0,0.0,0,0,0.0,0,0.0,0.0,0.0,0.0061087347381743,0.0081062316894531,0.0090599060058593,0.0090599060058593,0.0102519989013671,0.0102519989013671,0.0090599060058593,0.0,0.0090599060058593,0.0,0.0,0.0,0.0,0.0,0.496,1.36,1.696,1.696,0.0,0.0,116.552,0.0,4.264,0.0165700912475585,0.0199079513549804,0.0159740447998046,0.0182628631591796,0
6,0.0,0.0,0.0,0.0,0.0,0.0,0,0,0.0,0,0.0,0.0,0.0,0.0060233310680484,0.0081062316894531,0.0071525573730468,0.0071525573730468,0.009775161743164,0.009775161743164,0.0100135803222656,0.0,0.0100135803222656,0.0,0.0,0.0,0.0,0.0,0.496,1.36,1.696,1.696,0.0,0.0,113.256,0.0,1.192,0.0165700912475585,0.0199079513549804,0.0159740447998046,0.0182628631591796,0
7,0.0,0.0,0.0,0.0,0.0,0.0,0,0,0.0,0,0.0,0.0,0.0,0.0060672190651964,0.0083446502685546,0.0095367431640625,0.0095367431640625,0.0104904174804687,0.0104904174804687,0.0054836273193359,0.0,0.0054836273193359,0.0,0.0,0.0,0.0,0.0,0.496,1.36,1.696,1.696,0.0,0.0,113.256,0.0,1.192,0.0165700912475585,0.0199079513549804,0.0159740447998046,0.0182628631591796,0
8,0.0,0.0,0.0,0.0,0.0,0.0,0,0,0.0,0,0.0,0.0,0.0,0.0059474166946031,0.0078678131103515,0.0073909759521484,0.0073909759521484,0.0090599060058593,0.0090599060058593,0.0081062316894531,0.0082969665527343,0.0081062316894531,0.0108718872070312,0.0125885009765625,0.0239372253417968,0.0,0.0,0.496,1.36,1.696,1.696,4.52,3.504,113.256,0.0,1.192,0.0165700912475585,0.0199079513549804,0.0159740447998046,0.0182628631591796,0
9,0.0,0.0,0.0,0.0,0.0,0.0,0,0,0.0,0,0.0,0.0,0.0,0.0061380863189697,0.0081300735473632,0.0071525573730468,0.0071525573730468,0.0116825103759765,0.0116825103759765,0.0,0.0,0.0,0.0,0.0,0.0,0.0,0.0,0.496,1.36,1.696,1.696,0.0,0.0,112.0,0.0,0.0,0.0165700912475585,0.0199079513549804,0.0159740447998046,0.0182628631591796,0
10,0.0,0.0,0.0,0.0,0.0,0.0,0,0,0.0,0,0.0,0.0,0.0,0.0060927867889404,0.0081062316894531,0.0066757202148437,0.0066757202148437,0.0112056732177734,0.0112056732177734,0.0,0.0,0.0,0.0,0.0,0.0,0.0,0.0,0.496,1.36,1.696,1.696,0.0,0.0,112.0,0.0,0.0,0.0165700912475585,0.0199079513549804,0.0159740447998046,0.0182628631591796,0
11,0.0,0.0,0.0,0.0,0.0,0.0,0,0,0.0,0,0.0,0.0,0.0,0.006115436553955,0.0083446502685546,0.0073909759521484,0.0073909759521484,0.0100135803222656,0.0100135803222656,0.0,0.0,0.0,0.0,0.0,0.0,0.0,0.0,0.496,1.36,1.696,1.696,0.0,0.0,112.0,0.0,0.0,0.0165700912475585,0.0199079513549804,0.0159740447998046,0.0182628631591796,0
12,0.0,0.0,0.0,0.0,0.0,0.0,0,0,0.0,0,0.0,0.0,0.0,0.0059700012207031,0.0081539154052734,0.0081062316894531,0.0081062316894531,0.0095367431640625,0.0095367431640625,0.0,0.0064849853515625,0.0,0.008392333984375,0.0113487243652343,0.0210285186767578,0.0,0.0,0.496,1.36,1.696,1.696,3.744,4.232,112.0,0.0,0.0,0.0165700912475585,0.0199079513549804,0.0159740447998046,0.0182628631591796,0
13,0.0,0.0,0.0,0.0,0.0,0.0,0,0,0.0,0,0.0,0.0,0.0,0.006163474356774,0.0087976455688476,0.0092983245849609,0.0092983245849609,0.0131130218505859,0.0131130218505859,0.0063776969909667,0.0062465667724609,0.0087499618530273,0.0079154968261718,0.0118255615234375,0.0214576721191406,0.0,0.0,0.496,1.36,1.696,1.696,3.744,4.232,118.448,0.0,26.192,0.0165700912475585,0.0199079513549804,0.0159740447998046,0.0182628631591796,0
14,0.0,0.0,0.0,0.0,0.0,0.0,0,0,0.0,0,0.0,0.0,0.0,0.0061122932244296,0.0085830688476562,0.0071525573730468,0.0071525573730468,0.013589859008789,0.013589859008789,0.0063578287760416,0.005960464477539,0.0073432922363281,0.0083446502685546,0.0097036361694335,0.0233650207519531,0.0,0.0,0.496,1.36,1.696,1.696,8.264,7.736,115.472,0.0,5.784,0.0165700912475585,0.0199079513549804,0.0159740447998046,0.0182628631591796,0
15,0.0,0.0,0.0,0.0,0.0,0.0,0,0,0.0,0,0.0,0.0,0.0,0.0060399373372395,0.0078678131103515,0.0119209289550781,0.0119209289550781,0.0109672546386718,0.0109672546386718,0.0061194101969401,0.0,0.0066280364990234,0.0,0.0,0.0,0.0,0.0,0.496,1.36,1.696,1.696,0.0,0.0,120.88,0.0,5.848,0.0165700912475585,0.0199079513549804,0.0159740447998046,0.0182628631591796,0
16,0.0,0.0,0.0,0.0,0.0,0.0,0,0,0.0,0,0.0,0.0,0.0,0.0062370300292968,0.0083446502685546,0.0073909759521484,0.0073909759521484,0.005960464477539,0.005960464477539,0.0,0.0,0.0,0.0,0.0,0.0,0.0,0.0,0.496,1.36,1.696,1.696,0.0,0.0,112.0,0.0,0.0,0.0165700912475585,0.0199079513549804,0.0159740447998046,0.0182628631591796,0
17,0.0,0.0,0.0,0.0,0.0,0.0,0,0,0.0,0,0.0,0.0,0.0,0.0061202049255371,0.0083446502685546,0.0066757202148437,0.0066757202148437,0.0112056732177734,0.0112056732177734,0.0,0.0,0.0,0.0,0.0,0.0,0.0,0.0,0.496,1.36,1.696,1.696,0.0,0.0,112.0,0.0,0.0,0.0165700912475585,0.0199079513549804,0.0159740447998046,0.0182628631591796,0
18,0.0,0.0,0.0,0.0,0.0,0.0,0,0,0.0,0,0.0,0.0,0.0,0.0060367584228515,0.0083446502685546,0.0088214874267578,0.0088214874267578,0.0083446502685546,0.0083446502685546,0.0,0.0072956085205078,0.0,0.0096321105957031,0.01068115234375,0.0194072723388671,0.0,0.0,0.496,1.36,1.696,1.696,3.744,4.232,112.0,0.0,0.0,0.0165700912475585,0.0199079513549804,0.0159740447998046,0.0182628631591796,0
19,0.0,0.0,0.0,0.0,0.0,0.0,0,0,0.0,0,0.0,0.0,0.0,0.0059059010216252,0.0078678131103515,0.0083446502685546,0.0083446502685546,0.0104904174804687,0.0104904174804687,0.0081062316894531,0.0060558319091796,0.0081062316894531,0.0077724456787109,0.0102519989013671,0.0181198120117187,0.0,0.0,0.496,1.36,1.696,1.696,3.744,4.232,117.192,0.0,5.56,0.0165700912475585,0.0199079513549804,0.0159740447998046,0.0182628631591796,0
20,0.0,0.0,0.0,0.0,0.0,0.0,0,0,0.0,0,0.0,0.0,0.0,0.0059685269415666,0.0078678131103515,0.0071525573730468,0.0071525573730468,0.0100135803222656,0.0100135803222656,0.0057935714721679,0.0068187713623046,0.007796287536621,0.0090599060058593,0.0105142593383789,0.0224590301513671,0.0,0.0,0.496,1.36,1.696,1.696,8.264,7.736,135.384,0.0,35.936,0.0165700912475585,0.0199079513549804,0.0159740447998046,0.0182628631591796,0
21,0.0,0.0,0.0,0.0,0.0,0.0,0,0,0.0,0,0.0,0.0,0.0,0.0059663659275168,0.0078678131103515,0.0071525573730468,0.0071525573730468,0.005960464477539,0.005960464477539,0.0053644180297851,0.0,0.0063180923461914,0.0,0.0,0.0,0.0,0.0,0.496,1.36,0.0,0.0,0.0,0.0,116.544,0.0,27.728,0.0,0.0,0.0,0.0,0
22,0.0,0.0,0.0,0.0,0.0,0.0,0,0,0.0,0,0.0,0.0,0.0,0.0058928532386893,0.0081062316894531,0.0066757202148437,0.0066757202148437,0.0128746032714843,0.0128746032714843,0.0078678131103515,0.0,0.0078678131103515,0.0,0.0,0.0,0.0,0.0,0.496,1.36,0.0,0.0,0.0,0.0,113.256,0.0,1.192,0.0,0.0,0.0,0.0,0
23,0.0,0.0,0.0,0.0,0.0,0.0,0,0,0.0,0,0.0,0.0,0.0,0.0061428546905517,0.0083446502685546,0.0090599060058593,0.0090599060058593,0.0116825103759765,0.0116825103759765,0.0,0.0,0.0,0.0,0.0,0.0,0.0,0.0,0.496,1.36,0.0,0.0,0.0,0.0,112.0,0.0,0.0,0.0,0.0,0.0,0.0,0
24,0.0,0.0,0.0,0.0,0.0,0.0,0,0,0.0,0,0.0,0.0,0.0,0.0061348303040461,0.0081062316894531,0.0064373016357421,0.0064373016357421,0.0123977661132812,0.0123977661132812,0.0092983245849609,0.0061988830566406,0.0092983245849609,0.0081062316894531,0.0111579895019531,0.0195503234863281,0.0,0.0,0.496,1.36,0.0,0.0,3.744,4.232,116.632,0.0,4.344,0.0,0.0,0.0,0.0,0
25,0.0,0.0,0.0,0.0,0.0,0.0,0,0,0.0,0,0.0,0.0,0.0,0.006033182144165,0.0081062316894531,0.0066757202148437,0.0066757202148437,0.0073909759521484,0.0073909759521484,0.0,0.005960464477539,0.0,0.00762939453125,0.0102043151855468,0.0186443328857421,0.0,0.0,0.496,1.36,0.0,0.0,3.744,4.232,112.0,0.0,0.0,0.0,0.0,0.0,0.0,0
26,0.0,0.0,0.0,0.0,0.0,0.0,0,0,0.0,0,0.0,0.0,0.0,0.0060033798217773,0.0083684921264648,0.0069141387939453,0.0069141387939453,0.0083446502685546,0.0083446502685546,0.0,0.0058174133300781,0.0,0.0078916549682617,0.0103473663330078,0.0241279602050781,0.0,0.0,0.496,1.36,0.0,0.0,8.264,7.736,112.0,0.0,0.0,0.0,0.0,0.0,0.0,0
27,0.0,0.0,0.0,0.0,0.0,0.0,0,0,0.0,0,0.0,0.0,0.0,0.0059709316346703,0.0078678131103515,0.00762939453125,0.00762939453125,0.0064373016357421,0.0064373016357421,0.0054469475379356,0.0,0.0082969665527343,0.0,0.0,0.0,0.0,0.0,0.496,1.36,0.0,0.0,0.0,0.0,133.336,0.0,61.08,0.0,0.0,0.0,0.0,0
28,0.0,0.0,0.0,0.0,0.0,0.0,0,0,0.0,0,0.0,0.0,0.0,0.0058613201179126,0.0078678131103515,0.0072717666625976,0.0067949295043945,0.0082254409790039,0.0085115432739257,0.0060399373372395,0.0,0.0087261199951171,0.0,0.0,0.0,0.0,0.0,1.344,2.208,0.0,0.0,0.0,0.0,115.616,0.0,52.328,0.0,0.0,0.0,0.0,0
29,0.0,0.0,0.0,0.0,0.0,0.0,0,0,0.0,0,0.0,0.0,0.0,0.0060690511571298,0.0081062316894531,0.00762939453125,0.00762939453125,0.0107288360595703,0.0107288360595703,0.0052622386387416,0.0,0.0064373016357421,0.0,0.0,0.0,0.0,0.0,0.496,1.36,0.0,0.0,0.0,0.0,115.68,0.0,40.768,0.0,0.0,0.0,0.0,0
30,0.0,0.0,0.0,0.0,0.0,0.0,0,0,0.0,0,0.0,0.0,0.0,0.006017400257623,0.0078678131103515,0.0071525573730468,0.0071525573730468,0.0116825103759765,0.0116825103759765,0.0061988830566406,0.0058174133300781,0.0061988830566406,0.0072479248046875,0.01220703125,0.0230789184570312,0.0,0.0,0.496,1.36,0.0,0.0,3.744,4.232,113.256,0.0,1.192,0.0,0.0,0.0,0.0,0
31,0.0,0.0,0.0,0.0,0.0,0.0,0,0,0.0,0,0.0,0.0,0.0,0.0058424472808837,0.00762939453125,0.0071525573730468,0.0071525573730468,0.0104904174804687,0.0104904174804687,0.0,0.006103515625,0.0,0.0077724456787109,0.0100135803222656,0.0178337097167968,0.0,0.0,0.496,1.36,0.0,0.0,3.744,4.232,112.0,0.0,0.0,0.0,0.0,0.0,0.0,0
32,0.0,0.0,0.0,0.0,0.0,0.0,0,0,0.0,0,0.0,0.0,0.0,0.0060045719146728,0.0078678131103515,0.0073909759521484,0.0073909759521484,0.0116825103759765,0.0116825103759765,0.0,0.0058650970458984,0.0,0.0081539154052734,0.010228157043457,0.0240802764892578,0.0,0.0,0.496,1.36,0.0,0.0,8.264,7.736,112.0,0.0,0.0,0.0,0.0,0.0,0.0,0
33,0.0,0.0,0.0,0.0,0.0,0.0,0,0,0.0,0,0.0,0.0,0.0,0.0060360030372544,0.0078678131103515,0.0069141387939453,0.0069141387939453,0.0071525573730468,0.0071525573730468,0.0068346659342447,0.0,0.0086307525634765,0.0,0.0,0.0,0.0,0.0,0.496,1.36,0.0,0.0,0.0,0.0,116.72,0.0,6.152,0.0,0.0,0.0,0.0,0
34,0.0,0.0,0.0,0.0,0.0,0.0,0,0,0.0,0,0.0,0.0,0.0,0.0061363276868763,0.0083208084106445,0.0069141387939453,0.0069141387939453,0.0104904174804687,0.0104904174804687,0.0056266784667968,0.0,0.0071048736572265,0.0,0.0,0.0,0.0,0.0,0.496,1.36,0.0,0.0,0.0,0.0,116.56,0.0,19.512,0.0,0.0,0.0,0.0,0
35,0.0,0.0,0.0,0.0,0.0,0.0,0,0,0.0,0,0.0,0.0,0.0,0.0060387511751545,0.0081062316894531,0.0071525573730468,0.0071525573730468,0.0100135803222656,0.0100135803222656,0.0054836273193359,0.0,0.0054836273193359,0.0,0.0,0.0,0.0,0.0,0.496,1.36,0.0,0.0,0.0,0.0,113.256,0.0,1.192,0.0,0.0,0.0,0.0,0
36,0.0,0.0,0.0,0.0,0.0,0.0,0,0,0.0,0,0.0,0.0,0.0,0.0061692290045135,0.0081062316894531,0.00762939453125,0.00762939453125,0.0164508819580078,0.0164508819580078,0.0085830688476562,0.005960464477539,0.0085830688476562,0.0076770782470703,0.011444091796875,0.0217914581298828,0.0,0.0,0.496,1.36,0.0,0.0,3.744,4.232,113.256,0.0,1.192,0.0,0.0,0.0,0.0,0
37,0.0,0.0,0.0,0.0,0.0,0.0,0,0,0.0,0,0.0,0.0,0.0,0.005873874645328,0.00762939453125,0.0071525573730468,0.0071525573730468,0.0071525573730468,0.0071525573730468,0.00762939453125,0.006866455078125,0.00762939453125,0.0091075897216796,0.0107288360595703,0.0189781188964843,0.0,0.0,0.496,1.36,0.0,0.0,3.744,4.232,113.256,0.0,1.192,0.0,0.0,0.0,0.0,0
38,0.0,0.0,0.0,0.0,0.0,0.0,0,0,0.0,0,0.0,0.0,0.0,0.0064442797404963,0.0090599060058593,0.0073909759521484,0.0073909759521484,0.011444091796875,0.011444091796875,0.0054168701171875,0.0062465667724609,0.00762939453125,0.0086069107055664,0.0110149383544921,0.0259876251220703,0.0,0.0,0.496,1.36,0.0,0.0,8.264,7.736,132.424,0.0,106.936,0.0,0.0,0.0,0.0,0
39,0.0,0.0,0.0,0.0,0.0,0.0,0,0,0.0,0,0.0,0.0,0.0,0.0058996677398681,0.0078678131103515,0.0121593475341796,0.0121593475341796,0.0081062316894531,0.0081062316894531,0.0044703483581542,0.0,0.0050067901611328,0.0,0.0,0.0,0.0,0.0,0.496,1.36,0.0,0.0,0.0,0.0,112.0,0.0,20.96,0.0,0.0,0.0,0.0,0
40,0.0,0.0,0.0,0.0,0.0,0.0,0,0,0.0,0,0.0,0.0,0.0,0.0062084197998046,0.0083446502685546,0.0107288360595703,0.0107288360595703,0.0066757202148437,0.0066757202148437,0.0,0.0,0.0,0.0,0.0,0.0,0.0,0.0,0.496,1.36,0.0,0.0,0.0,0.0,112.0,0.0,0.0,0.0,0.0,0.0,0.0,0
41,0.0,0.0,0.0,0.0,0.0,0.0,0,0,0.0,0,0.0,0.0,0.0,0.006040334701538,0.0081062316894531,0.00762939453125,0.00762939453125,0.0088214874267578,0.0088214874267578,0.0,0.0,0.0,0.0,0.0,0.0,0.0,0.0,0.496,1.36,0.0,0.0,0.0,0.0,112.0,0.0,0.0,0.0,0.0,0.0,0.0,0
42,0.0,0.0,0.0,0.0,0.0,0.0,0,0,0.0,0,0.0,0.0,0.0,0.0061502504111522,0.0083446502685546,0.0071525573730468,0.0071525573730468,0.0071525573730468,0.0071525573730468,0.0085830688476562,0.0063419342041015,0.0085830688476562,0.0079631805419921,0.0121593475341796,0.0232219696044921,0.0,0.0,0.496,1.36,0.0,0.0,3.744,4.232,113.256,0.0,1.192,0.0,0.0,0.0,0.0,0
43,0.0,0.0,0.0,0.0,0.0,0.0,0,0,0.0,0,0.0,0.0,0.0,0.0059936770159213,0.0078678131103515,0.0081062316894531,0.0081062316894531,0.011444091796875,0.011444091796875,0.0052452087402343,0.0079154968261718,0.0052452087402343,0.0104904174804687,0.0110626220703125,0.0200271606445312,0.0,0.0,0.496,1.36,0.0,0.0,3.744,4.232,113.256,0.0,1.192,0.0,0.0,0.0,0.0,0
44,0.0,0.0,0.0,0.0,0.0,0.0,0,0,0.0,0,0.0,0.0,0.0,0.0059818153950705,0.0078678131103515,0.0085830688476562,0.0085830688476562,0.0071525573730468,0.0071525573730468,0.0085830688476562,0.0064373016357421,0.0085830688476562,0.0086545944213867,0.0106573104858398,0.0253677368164062,0.0,0.0,0.496,1.36,0.0,0.0,8.264,7.736,113.256,0.0,1.192,0.0,0.0,0.0,0.0,0
45,0.0,0.0,0.0,0.0,0.0,0.0,0,0,0.0,0,0.0,0.0,0.0,0.0062378326264938,0.0087976455688476,0.0071525573730468,0.0071525573730468,0.0138282775878906,0.0138282775878906,0.0077486038208007,0.0,0.0080347061157226,0.0,0.0,0.0,0.0,0.0,0.496,1.36,0.0,0.0,0.0,0.0,119.712,0.0,7.68,0.0,0.0,0.0,0.0,0
46,0.0,0.0,0.0,0.0,0.0,0.0,0,0,0.0,0,0.0,0.0,0.0,0.0058746337890625,0.0078678131103515,0.0073909759521484,0.0073909759521484,0.0078678131103515,0.0078678131103515,0.0,0.0,0.0,0.0,0.0,0.0,0.0,0.0,0.496,1.36,0.0,0.0,0.0,0.0,112.0,0.0,0.0,0.0,0.0,0.0,0.0,0
47,0.0,0.0,0.0,0.0,0.0,0.0,0,0,0.0,0,0.0,0.0,0.0,0.0062108039855957,0.0085830688476562,0.0066757202148437,0.0066757202148437,0.0066757202148437,0.0066757202148437,0.0,0.0,0.0,0.0,0.0,0.0,0.0,0.0,0.496,1.36,0.0,0.0,0.0,0.0,112.0,0.0,0.0,0.0,0.0,0.0,0.0,0
48,0.0,0.0,0.0,0.0,0.0,0.0,0,0,0.0,0,0.0,0.0,0.0,0.0060296058654785,0.0083446502685546,0.0071525573730468,0.0071525573730468,0.0104904174804687,0.0104904174804687,0.0,0.0057220458984375,0.0,0.0068187713623046,0.0124931335449218,0.0213146209716796,0.0,0.0,0.496,1.36,0.0,0.0,3.744,4.232,112.0,0.0,0.0,0.0,0.0,0.0,0.0,0
49,0.0,0.0,0.0,0.0,0.0,0.0,0,0,0.0,0,0.0,0.0,0.0,0.0059569059912838,0.0081062316894531,0.0071525573730468,0.0071525573730468,0.0100135803222656,0.0100135803222656,0.0052452087402343,0.0072956085205078,0.0052452087402343,0.0115394592285156,0.0104904174804687,0.018930435180664,0.0,0.0,0.496,1.36,0.0,0.0,3.744,4.232,113.256,0.0,1.192,0.0,0.0,0.0,0.0,0
50,0.0,0.0,0.0,0.0,0.0,0.0,0,0,0.0,0,0.0,0.0,0.0,0.0061062933171837,0.0082254409790039,0.0071525573730468,0.0071525573730468,0.0107288360595703,0.0107288360595703,0.0061392784118652,0.0061750411987304,0.0083208084106445,0.0083684921264648,0.0106573104858398,0.0240325927734374,0.0,0.0,0.496,1.36,0.0,0.0,8.264,7.736,128.112,0.0,33.824,0.0,0.0,0.0,0.0,0
51,0.0,0.0,0.0,0.0,0.0,0.0,0,0,0.0,0,0.0,0.0,0.0,0.006118623336943,0.0081062316894531,0.0083446502685546,0.0083446502685546,0.0083446502685546,0.0083446502685546,0.0047683715820312,0.0,0.0047683715820312,0.0,0.0,0.0,0.0,0.0,0.496,1.36,1.696,1.696,0.0,0.0,118.448,0.0,1.192,0.0066757202148437,0.0072479248046875,0.0098943710327148,0.0143766403198242,0
52,0.0,0.0,0.0,0.0,0.0,0.0,0,0,0.0,0,0.0,0.0,0.0,0.0059461593627929,0.0081062316894531,0.0066757202148437,0.0066757202148437,0.0090599060058593,0.0090599060058593,0.0,0.0,0.0,0.0,0.0,0.0,0.0,0.0,0.496,1.36,0.0,0.0,0.0,0.0,112.0,0.0,0.0,0.0,0.0,0.0,0.0,0
53,0.0,0.0,0.0,0.0,0.0,0.0,0,0,0.0,0,0.0,0.0,0.0,0.0060105323791503,0.0081062316894531,0.00762939453125,0.00762939453125,0.0145435333251953,0.0145435333251953,0.0,0.0,0.0,0.0,0.0,0.0,0.0,0.0,0.496,1.36,0.0,0.0,0.0,0.0,112.0,0.0,0.0,0.0,0.0,0.0,0.0,0
54,0.0,0.0,0.0,0.0,0.0,0.0,0,0,0.0,0,0.0,0.0,0.0,0.0061778461231904,0.0085115432739257,0.0092983245849609,0.0092983245849609,0.0100135803222656,0.0100135803222656,0.0049046107700892,0.0059127807617187,0.0071048736572265,0.0078678131103515,0.0118732452392578,0.0227928161621093,0.0,0.0,0.496,1.36,0.0,0.0,3.744,4.232,123.744,0.0,258.6,0.0,0.0,0.0,0.0,0
55,0.0,0.0,0.0,0.0,0.0,0.0,0,0,0.0,0,0.0,0.0,0.0,0.006103990089834,0.0081062316894531,0.0081062316894531,0.0081062316894531,0.011444091796875,0.011444091796875,0.0043710072835286,0.0060558319091796,0.0050067901611328,0.0078201293945312,0.0099658966064453,0.0184059143066406,0.0,0.0,0.496,1.36,0.0,0.0,3.744,4.232,114.456,0.0,33.84,0.0,0.0,0.0,0.0,0
56,0.0,0.0,0.0,0.0,0.0,0.0,0,0,0.0,0,0.0,0.0,0.0,0.0059996078263467,0.0081062316894531,0.0090599060058593,0.0090599060058593,0.009775161743164,0.009775161743164,0.0042915344238281,0.0058412551879882,0.0042915344238281,0.0081062316894531,0.0104188919067382,0.0249862670898437,0.0,0.0,0.496,1.36,0.0,0.0,8.264,7.736,113.256,0.0,1.192,0.0,0.0,0.0,0.0,0
57,0.0,0.0,0.0,0.0,0.0,0.0,0,0,0.0,0,0.0,0.0,0.0,0.0060494266339202,0.0078678131103515,0.0081062316894531,0.0081062316894531,0.00762939453125,0.00762939453125,0.0081062316894531,0.0,0.0081062316894531,0.0,0.0,0.0,0.0,0.0,0.496,1.36,0.0,0.0,0.0,0.0,113.256,0.0,1.192,0.0,0.0,0.0,0.0,0
58,0.0,0.0,0.0,0.0,0.0,0.0,0,0,0.0,0,0.0,0.0,0.0,0.0058999702111998,0.0078678131103515,0.0084638595581054,0.0079870223999023,0.0106096267700195,0.0143289566040039,0.0078678131103515,0.0,0.0078678131103515,0.0,0.0,0.0,0.0,0.0,1.344,2.208,0.0,0.0,0.0,0.0,113.256,0.0,1.192,0.0,0.0,0.0,0.0,0
59,0.0,0.0,0.0,0.0,0.0,0.0,0,0,0.0,0,0.0,0.0,0.0,0.0062727928161621,0.0083446502685546,0.0092983245849609,0.0092983245849609,0.0071525573730468,0.0071525573730468,0.0,0.0,0.0,0.0,0.0,0.0,0.0,0.0,0.496,1.36,0.0,0.0,0.0,0.0,112.0,0.0,0.0,0.0,0.0,0.0,0.0,0
60,0.0,0.0,0.0,0.0,0.0,0.0,0,0,0.0,0,0.0,0.0,0.0,0.0060856342315673,0.0083684921264648,0.0071525573730468,0.0071525573730468,0.0128746032714843,0.0128746032714843,0.0,0.005960464477539,0.0,0.0075817108154296,0.0102519989013671,0.0194072723388671,0.0,0.0,0.496,1.36,0.0,0.0,3.744,4.232,112.0,0.0,0.0,0.0,0.0,0.0,0.0,0
61,0.0,0.0,0.0,0.0,0.0,0.0,0,0,0.0,0,0.0,0.0,0.0,0.0059367412358374,0.0081062316894531,0.0100135803222656,0.0100135803222656,0.0064373016357421,0.0064373016357421,0.0081062316894531,0.0058650970458984,0.0081062316894531,0.0073909759521484,0.0101566314697265,0.0188350677490234,0.0,0.0,0.496,1.36,0.0,0.0,3.744,4.232,115.4,0.0,3.112,0.0,0.0,0.0,0.0,0
62,0.0,0.0,0.0,0.0,0.0,0.0,0,0,0.0,0,0.0,0.0,0.0,0.0059418561981945,0.00762939453125,0.0071525573730468,0.0071525573730468,0.0126361846923828,0.0126361846923828,0.0063578287760416,0.0061607360839843,0.0090599060058593,0.0084877014160156,0.0098323822021484,0.0212669372558593,0.0,0.0,0.496,1.36,0.0,0.0,19.04,19.048,131.832,0.0,39.408,0.0,0.0,0.0,0.0,0
63,0.0,0.0,0.0,0.0,0.0,0.0,0,0,0.0,0,0.0,0.0,0.0,0.0059687676121346,0.0081062316894531,0.00762939453125,0.00762939453125,0.00762939453125,0.00762939453125,0.0083446502685546,0.0,0.0083446502685546,0.0,0.0,0.0,0.0,0.0,0.496,1.36,0.0,0.0,0.0,0.0,113.256,0.0,1.192,0.0,0.0,0.0,0.0,0
64,0.0,0.0,0.0,0.0,0.0,0.0,0,0,0.0,0,0.0,0.0,0.0,0.0062463295400439,0.0081062316894531,0.0081062316894531,0.0081062316894531,0.0090599060058593,0.0090599060058593,0.0085830688476562,0.0,0.0085830688476562,0.0,0.0,0.0,0.0,0.0,0.496,1.36,0.0,0.0,0.0,0.0,113.256,0.0,1.192,0.0,0.0,0.0,0.0,0
65,0.0,0.0,0.0,0.0,0.0,0.0,0,0,0.0,0,0.0,0.0,0.0,0.0060430847772277,0.008559226989746,0.0069141387939453,0.0069141387939453,0.0104904174804687,0.0104904174804687,0.0071525573730468,0.0,0.0079154968261718,0.0,0.0,0.0,0.0,0.0,0.496,1.36,0.0,0.0,0.0,0.0,115.552,0.0,3.2,0.0,0.0,0.0,0.0,0
66,0.0,0.0,0.0,0.0,0.0,0.0,0,0,0.0,0,0.0,0.0,0.0,0.0061004316035787,0.0081062316894531,0.0071525573730468,0.0071525573730468,0.0116825103759765,0.0116825103759765,0.0071525573730468,0.0061511993408203,0.0071525573730468,0.0080108642578125,0.0107765197753906,0.020456314086914,0.0,0.0,0.496,1.36,0.0,0.0,3.744,4.232,117.192,0.0,10.76,0.0,0.0,0.0,0.0,0
67,0.0,0.0,0.0,0.0,0.0,0.0,0,0,0.0,0,0.0,0.0,0.0,0.0060689449310302,0.0078916549682617,0.0066757202148437,0.0066757202148437,0.0069141387939453,0.0069141387939453,0.0,0.0062465667724609,0.0,0.0079631805419921,0.0107765197753906,0.0195980072021484,0.0,0.0,0.496,1.36,0.0,0.0,3.744,4.232,112.0,0.0,0.0,0.0,0.0,0.0,0.0,0
68,0.0,0.0,0.0,0.0,0.0,0.0,0,0,0.0,0,0.0,0.0,0.0,0.0062429904937744,0.0083446502685546,0.0088214874267578,0.0088214874267578,0.00762939453125,0.00762939453125,0.0,0.0064849853515625,0.0,0.0084161758422851,0.0111818313598632,0.0260591506958007,0.0,0.0,0.496,1.36,0.0,0.0,8.264,7.736,112.0,0.0,0.0,0.0,0.0,0.0,0.0,0
69,0.0,0.0,0.0,0.0,0.0,0.0,0,0,0.0,0,0.0,0.0,0.0,0.0061011314392089,0.0083446502685546,0.00762939453125,0.00762939453125,0.0123977661132812,0.0123977661132812,0.0,0.0,0.0,0.0,0.0,0.0,0.0,0.0,0.496,1.36,0.0,0.0,0.0,0.0,112.0,0.0,0.0,0.0,0.0,0.0,0.0,0
70,0.0,0.0,0.0,0.0,0.0,0.0,0,0,0.0,0,0.0,0.0,0.0,0.0059082733457954,0.0078678131103515,0.0085830688476562,0.0085830688476562,0.0109672546386718,0.0109672546386718,0.0090599060058593,0.0,0.0090599060058593,0.0,0.0,0.0,0.0,0.0,0.496,1.36,0.0,0.0,0.0,0.0,113.256,0.0,1.192,0.0,0.0,0.0,0.0,0
71,0.0,0.0,0.0,0.0,0.0,0.0,0,0,0.0,0,0.0,0.0,0.0,0.006133644141961,0.0085830688476562,0.0064373016357421,0.0064373016357421,0.0090599060058593,0.0090599060058593,0.0047683715820312,0.0,0.0047683715820312,0.0,0.0,0.0,0.0,0.0,0.496,1.36,0.0,0.0,0.0,0.0,113.256,0.0,1.192,0.0,0.0,0.0,0.0,0
72,0.0,0.0,0.0,0.0,0.0,0.0,0,0,0.0,0,0.0,0.0,0.0,0.0064052752594449,0.0081062316894531,0.0085830688476562,0.0085830688476562,0.0069141387939453,0.0069141387939453,0.0085830688476562,0.0058650970458984,0.0085830688476562,0.0073432922363281,0.0109195709228515,0.0207424163818359,0.0,0.0,0.496,1.36,0.0,0.0,3.744,4.232,113.256,0.0,1.192,0.0,0.0,0.0,0.0,0
73,0.0,0.0,0.0,0.0,0.0,0.0,0,0,0.0,0,0.0,0.0,0.0,0.0066447257995605,0.0083684921264648,0.0078678131103515,0.0078678131103515,0.0145435333251953,0.0145435333251953,0.0,0.0058174133300781,0.0,0.0074386596679687,0.0105857849121093,0.0201225280761718,0.0,0.0,0.496,1.36,0.0,0.0,3.744,4.232,112.0,0.0,0.0,0.0,0.0,0.0,0.0,0
74,0.0,0.0,0.0,0.0,0.0,0.0,0,0,0.0,0,0.0,0.0,0.0,0.0064195092044659,0.0085830688476562,0.0071525573730468,0.0071525573730468,0.0112056732177734,0.0112056732177734,0.0084638595581054,0.0068187713623046,0.008559226989746,0.0096797943115234,0.0108957290649414,0.0259876251220703,0.0,0.0,0.496,1.36,0.0,0.0,8.264,7.736,117.808,0.0,5.792,0.0,0.0,0.0,0.0,0
75,0.0,0.0,0.0,0.0,0.0,0.0,0,0,0.0,0,0.0,0.0,0.0,0.0060415267944335,0.0078916549682617,0.0095367431640625,0.0095367431640625,0.0107288360595703,0.0107288360595703,0.0,0.0,0.0,0.0,0.0,0.0,0.0,0.0,0.496,1.36,0.0,0.0,0.0,0.0,112.0,0.0,0.0,0.0,0.0,0.0,0.0,0
76,0.0,0.0,0.0,0.0,0.0,0.0,0,0,0.0,0,0.0,0.0,0.0,0.0059294700622558,0.0078916549682617,0.0066757202148437,0.0066757202148437,0.0109672546386718,0.0109672546386718,0.0,0.0,0.0,0.0,0.0,0.0,0.0,0.0,0.496,1.36,0.0,0.0,0.0,0.0,112.0,0.0,0.0,0.0,0.0,0.0,0.0,0
77,0.0,0.0,0.0,0.0,0.0,0.0,0,0,0.0,0,0.0,0.0,0.0,0.0060411234993246,0.0083446502685546,0.0083446502685546,0.0083446502685546,0.0159740447998046,0.0159740447998046,0.0073909759521484,0.0,0.0073909759521484,0.0,0.0,0.0,0.0,0.0,0.496,1.36,0.0,0.0,0.0,0.0,113.256,0.0,1.192,0.0,0.0,0.0,0.0,0
78,0.0,0.0,0.0,0.0,0.0,0.0,0,0,0.0,0,0.0,0.0,0.0,0.0058809916178385,0.0083446502685546,0.00762939453125,0.00762939453125,0.0088214874267578,0.0088214874267578,0.0066757202148437,0.006103515625,0.0066757202148437,0.0077247619628906,0.0113964080810546,0.0218391418457031,0.0,0.0,0.496,1.36,0.0,0.0,3.744,4.232,113.256,0.0,1.192,0.0,0.0,0.0,0.0,0
79,0.0,0.0,0.0,0.0,0.0,0.0,0,0,0.0,0,0.0,0.0,0.0,0.0060351926888992,0.0083446502685546,0.00762939453125,0.00762939453125,0.011444091796875,0.011444091796875,0.0066757202148437,0.0060558319091796,0.0066757202148437,0.0075817108154296,0.0124931335449218,0.0241756439208984,0.0,0.0,0.496,1.36,0.0,0.0,3.744,4.232,113.256,0.0,1.192,0.0,0.0,0.0,0.0,0
80,0.0,0.0,0.0,0.0,0.0,0.0,0,0,0.0,0,0.0,0.0,0.0,0.0060760974884033,0.0081062316894531,0.0071525573730468,0.0071525573730468,0.0078678131103515,0.0078678131103515,0.0,0.006103515625,0.0,0.007939338684082,0.0112533569335937,0.0278711318969726,0.0,0.0,0.496,1.36,0.0,0.0,8.264,7.736,112.0,0.0,0.0,0.0,0.0,0.0,0.0,0
81,0.0,0.0,0.0,0.0,0.0,0.0,0,0,0.0,0,0.0,0.0,0.0,0.0059795379638671,0.0081062316894531,0.0083446502685546,0.0083446502685546,0.0081062316894531,0.0081062316894531,0.0,0.0,0.0,0.0,0.0,0.0,0.0,0.0,0.496,1.36,0.0,0.0,0.0,0.0,112.0,0.0,0.0,0.0,0.0,0.0,0.0,0
82,0.0,0.0,0.0,0.0,0.0,0.0,0,0,0.0,0,0.0,0.0,0.0,0.0058778441778504,0.0078678131103515,0.0066757202148437,0.0066757202148437,0.0104904174804687,0.0104904174804687,0.0075101852416992,0.0,0.0076055526733398,0.0,0.0,0.0,0.0,0.0,0.496,1.36,1.696,1.696,0.0,0.0,116.528,0.0,3.952,0.0082254409790039,0.0096559524536132,0.0089406967163085,0.0117063522338867,0
83,0.0,0.0,0.0,0.0,0.0,0.0,0,0,0.0,0,0.0,0.0,0.0,0.0061622940667785,0.0083446502685546,0.00762939453125,0.00762939453125,0.0126361846923828,0.0126361846923828,0.0050663948059082,0.0,0.0071048736572265,0.0,0.0,0.0,0.0,0.0,0.496,1.36,0.0,0.0,0.0,0.0,119.552,0.0,27.84,0.0,0.0,0.0,0.0,0
84,0.0,0.0,0.0,0.0,0.0,0.0,0,0,0.0,0,0.0,0.0,0.0,0.0060992454414937,0.0083446502685546,0.0066757202148437,0.0066757202148437,0.0145435333251953,0.0145435333251953,0.0088214874267578,0.0069618225097656,0.0088214874267578,0.0094413757324218,0.0113964080810546,0.0206947326660156,0.0,0.0,0.496,1.36,0.0,0.0,3.744,4.232,113.256,0.0,1.192,0.0,0.0,0.0,0.0,0
85,0.0,0.0,0.0,0.0,0.0,0.0,0,0,0.0,0,0.0,0.0,0.0,0.0061988830566406,0.0088214874267578,0.0071525573730468,0.0071525573730468,0.011444091796875,0.011444091796875,0.0066757202148437,0.0067710876464843,0.0066757202148437,0.0090599060058593,0.0121116638183593,0.0213146209716796,0.0,0.0,0.496,1.36,0.0,0.0,3.744,4.232,113.256,0.0,1.192,0.0,0.0,0.0,0.0,0
86,0.0,0.0,0.0,0.0,0.0,0.0,0,0,0.0,0,0.0,0.0,0.0,0.0061929522462152,0.0083446502685546,0.00762939453125,0.00762939453125,0.0102519989013671,0.0102519989013671,0.0088214874267578,0.0059869554307725,0.0088214874267578,0.0070571899414062,0.0100569291548295,0.0231266021728515,0.0,0.0,0.496,1.36,0.0,0.0,8.792,7.208,113.256,0.0,1.192,0.0,0.0,0.0,0.0,0
87,0.0,0.0,0.0,0.0,0.0,0.0,0,0,0.0,0,0.0,0.0,0.0,0.0060743886261737,0.0083446502685546,0.0078678131103515,0.0078678131103515,0.0154972076416015,0.0154972076416015,0.0065167744954427,0.0,0.0069141387939453,0.0,0.0,0.0,0.0,0.0,0.496,1.36,0.0,0.0,0.0,0.0,120.888,0.0,8.024,0.0,0.0,0.0,0.0,0
88,0.0,0.0,0.0,0.0,0.0,0.0,0,0,0.0,0,0.0,0.0,0.0,0.0058305263519287,0.0081062316894531,0.0071525573730468,0.0071525573730468,0.0123977661132812,0.0123977661132812,0.0,0.0,0.0,0.0,0.0,0.0,0.0,0.0,0.496,1.36,0.0,0.0,0.0,0.0,112.0,0.0,0.0,0.0,0.0,0.0,0.0,0
89,0.0,0.0,0.0,0.0,0.0,0.0,0,0,0.0,0,0.0,0.0,0.0,0.0065163868229563,0.0085830688476562,0.0140666961669921,0.0140666961669921,0.0154972076416015,0.0154972076416015,0.0041412810484568,0.0,0.0050067901611328,0.0,0.0,0.0,0.0,0.0,0.496,1.36,0.0,0.0,0.0,0.0,135.48,0.0,5289.152,0.0,0.0,0.0,0.0,0
90,0.0,0.0,0.0,0.0,0.0,0.0,0,0,0.0,0,0.0,0.0,0.0,0.006967516087774,0.0092983245849609,0.0092744827270507,0.0072717666625976,0.0150203704833984,0.0159740447998046,0.0041001616513051,0.0061988830566406,0.0047683715820312,0.0077724456787109,0.0106334686279296,0.0197410583496093,0.0,0.0,1.344,2.208,0.0,0.0,3.744,4.232,117.192,0.0,7455.032,0.0,0.0,0.0,0.0,0
91,0.0,0.0,0.0,0.0,0.0,0.0,0,0,0.0,0,0.0,0.0,0.0,0.0066473932549504,0.0088214874267578,0.0088214874267578,0.0088214874267578,0.0083446502685546,0.0083446502685546,0.0041132991753735,0.0061511993408203,0.0047683715820312,0.0077724456787109,0.0118732452392578,0.022125244140625,0.0,0.0,0.496,1.36,0.0,0.0,3.744,4.232,118.448,0.0,7014.976,0.0,0.0,0.0,0.0,0
92,0.0,0.0,0.0,0.0,0.0,0.0,0,0,0.0,0,0.0,0.0,0.0,0.006851583424181,0.0092983245849609,0.0081062316894531,0.0081062316894531,0.0133514404296875,0.0133514404296875,0.0041104712576236,0.0063896179199218,0.0047683715820312,0.0085830688476562,0.0101566314697265,0.0235795974731445,0.0,0.0,0.496,1.36,0.0,0.0,8.264,7.736,118.448,0.0,5130.064,0.0,0.0,0.0,0.0,0
93,0.0,0.0,0.0,0.0,0.0,0.0,0,0,0.0,0,0.0,0.0,0.0,0.0064538256956799,0.0088214874267578,0.0069141387939453,0.0069141387939453,0.011444091796875,0.011444091796875,0.0042308259893346,0.0,0.0052452087402343,0.0,0.0,0.0,0.0,0.0,0.496,1.36,0.0,0.0,0.0,0.0,118.448,0.0,1888.432,0.0,0.0,0.0,0.0,0
94,0.0,0.0,0.0,0.0,0.0,0.0,0,0,0.0,0,0.0,0.0,0.0,0.0062510741883842,0.0083446502685546,0.0104904174804687,0.0104904174804687,0.0112056732177734,0.0112056732177734,0.0044902165730794,0.0,0.0051259994506835,0.0,0.0,0.0,0.0,0.0,0.496,1.36,0.0,0.0,0.0,0.0,114.392,0.0,153.184,0.0,0.0,0.0,0.0,0
95,0.0,0.0,0.0,0.0,0.0,0.0,0,0,0.0,0,0.0,0.0,0.0,0.0061309337615966,0.0083446502685546,0.0066757202148437,0.0066757202148437,0.0064373016357421,0.0064373016357421,0.0050067901611328,0.0,0.0059843063354492,0.0,0.0,0.0,0.0,0.0,0.496,1.36,0.0,0.0,0.0,0.0,112.0,0.0,24.48,0.0,0.0,0.0,0.0,0
96,0.0,0.0,0.0,0.0,0.0,0.0,0,0,0.0,0,0.0,0.0,0.0,0.005915613457708,0.0078439712524414,0.0081062316894531,0.0081062316894531,0.0095367431640625,0.0095367431640625,0.0044545040854924,0.0061511993408203,0.0050544738769531,0.0076770782470703,0.0110149383544921,0.0206470489501953,0.0,0.0,0.496,1.36,0.0,0.0,3.744,4.232,122.384,0.0,622.472,0.0,0.0,0.0,0.0,0
97,0.0,0.0,0.0,0.0,0.0,0.0,0,0,0.0,0,0.0,0.0,0.0,0.0065523593579951,0.0088214874267578,0.0081062316894531,0.0081062316894531,0.0147819519042968,0.0147819519042968,0.0043915164086126,0.0063896179199218,0.0050067901611328,0.008249282836914,0.0108718872070312,0.0197410583496093,0.0,0.0,0.496,1.36,0.0,0.0,3.744,4.232,117.192,0.0,991.936,0.0,0.0,0.0,0.0,0
98,0.0,0.0,0.0,0.0,0.0,0.0,0,0,0.0,0,0.0,0.0,0.0,0.006197702766645,0.0083446502685546,0.0073909759521484,0.0073909759521484,0.0081062316894531,0.0081062316894531,0.0043516083965151,0.006413459777832,0.0050067901611328,0.0090837478637695,0.0109195709228515,0.0246047973632812,0.0,0.0,0.496,1.36,0.0,0.0,8.264,7.736,118.448,0.0,944.92,0.0,0.0,0.0,0.0,0
99,0.0,0.0,0.0,0.0,0.0,0.0,0,0,0.0,0,0.0,0.0,0.0,0.0060541712822605,0.0078678131103515,0.0073909759521484,0.0073909759521484,0.0140666961669921,0.0140666961669921,0.0042915344238281,0.0,0.0042915344238281,0.0,0.0,0.0,0.0,0.0,0.496,1.36,0.0,0.0,0.0,0.0,113.256,0.0,1.192,0.0,0.0,0.0,0.0,0
100,0.0,0.0,0.0,0.0,0.0,0.0,0,0,0.0,0,0.0,0.0,0.0,0.0062165001930274,0.0083446502685546,0.0085830688476562,0.0085830688476562,0.0100135803222656,0.0100135803222656,0.004265805800184,0.0,0.0052452087402343,0.0,0.0,0.0,0.0,0.0,0.496,1.36,0.0,0.0,0.0,0.0,123.64,0.0,1128.664,0.0,0.0,0.0,0.0,0
101,0.0,0.0,0.0,0.0,0.0,0.0,0,0,0.0,0,0.0,0.0,0.0,0.0060296058654785,0.0081062316894531,0.0066757202148437,0.0066757202148437,0.00762939453125,0.00762939453125,0.0040505243384319,0.0,0.0047683715820312,0.0,0.0,0.0,0.0,0.0,0.496,1.36,0.0,0.0,0.0,0.0,112.0,0.0,1759.344,0.0,0.0,0.0,0.0,0
102,0.0,0.0,0.0,0.0,0.0,0.0,0,0,0.0,0,0.0,0.0,0.0,0.0059437751770019,0.0078678131103515,0.0069141387939453,0.0069141387939453,0.0102519989013671,0.0102519989013671,0.0,0.0,0.0,0.0,0.0,0.0,0.0,0.0,0.496,1.36,0.0,0.0,0.0,0.0,112.0,0.0,0.0,0.0,0.0,0.0,0.0,0
103,0.0,0.0,0.0,0.0,0.0,0.0,0,0,0.0,0,0.0,0.0,0.0,0.0059771537780761,0.0081062316894531,0.0073909759521484,0.0073909759521484,0.00762939453125,0.00762939453125,0.0,0.0070571899414062,0.0,0.0094413757324218,0.0115394592285156,0.0211238861083984,0.0,0.0,0.496,1.36,0.0,0.0,3.744,4.232,112.0,0.0,0.0,0.0,0.0,0.0,0.0,0
104,0.0,0.0,0.0,0.0,0.0,0.0,0,0,0.0,0,0.0,0.0,0.0,0.0064361329172171,0.0088214874267578,0.0102519989013671,0.0102519989013671,0.0085830688476562,0.0085830688476562,0.0041123649946026,0.0070571899414062,0.0050067901611328,0.0100135803222656,0.0128746032714843,0.0252723693847656,0.0,0.0,0.496,1.36,0.0,0.0,3.744,4.232,132.768,0.0,4283.896,0.0,0.0,0.0,0.0,0
105,0.0,0.0,0.0,0.0,0.0,0.0,0,0,0.0,0,0.0,0.0,0.0,0.0067264726846524,0.0088214874267578,0.0078678131103515,0.0078678131103515,0.0185966491699218,0.0185966491699218,0.004025912002547,0.0062227249145507,0.0047683715820312,0.0081539154052734,0.0106096267700195,0.023961067199707,0.0,0.0,0.496,1.36,0.0,0.0,8.264,7.736,118.448,0.0,8663.304,0.0,0.0,0.0,0.0,0
106,0.0,0.0,0.0,0.0,0.0,0.0,0,0,0.0,0,0.0,0.0,0.0,0.0069342037238697,0.0092983245849609,0.00762939453125,0.00762939453125,0.0119209289550781,0.0119209289550781,0.0040309551434639,0.0,0.0047683715820312,0.0,0.0,0.0,0.0,0.0,0.496,1.36,0.0,0.0,0.0,0.0,118.448,0.0,11434.512,0.0,0.0,0.0,0.0,0
107,0.0,0.0,0.0,0.0,0.0,0.0,0,0,0.0,0,0.0,0.0,0.0,0.0065234628054175,0.0090599060058593,0.00762939453125,0.00762939453125,0.0081062316894531,0.0081062316894531,0.004091928171557,0.0,0.0047683715820312,0.0,0.0,0.0,0.0,0.0,0.496,1.36,0.0,0.0,0.0,0.0,118.448,0.0,1896.504,0.0,0.0,0.0,0.0,0
108,0.0,0.0,0.0,0.0,0.0,0.0,0,0,0.0,0,0.0,0.0,0.0,0.0061261653900146,0.0083446502685546,0.0123977661132812,0.0123977661132812,0.0116825103759765,0.0116825103759765,0.0,0.0,0.0,0.0,0.0,0.0,0.0,0.0,0.496,1.36,0.0,0.0,0.0,0.0,112.0,0.0,0.0,0.0,0.0,0.0,0.0,0
109,0.0,0.0,0.0,0.0,0.0,0.0,0,0,0.0,0,0.0,0.0,0.0,0.0066615567348971,0.0092983245849609,0.0073909759521484,0.0073909759521484,0.013589859008789,0.013589859008789,0.00426311611022,0.0066757202148437,0.0050067901611328,0.0078678131103515,0.0113964080810546,0.0214099884033203,0.0,0.0,0.496,1.36,0.0,0.0,3.744,4.232,122.384,0.0,5779.168,0.0,0.0,0.0,0.0,1
110,0.0,0.0,0.0,0.0,0.0,0.0,0,0,0.0,0,0.0,0.0,0.0,0.0073126892545329,0.009775161743164,0.0107288360595703,0.0107288360595703,0.0109672546386718,0.0109672546386718,0.0042746229529878,0.0060558319091796,0.0050067901611328,0.0075817108154296,0.0102519989013671,0.0188827514648437,0.0,0.0,0.496,1.36,0.0,0.0,3.744,4.232,117.192,0.0,12520.048,0.0,0.0,0.0,0.0,1
111,0.0,0.0,0.0,0.0,0.0,0.0,0,0,0.0,0,0.0,0.0,0.0,0.006924814252711,0.009775161743164,0.0100135803222656,0.0100135803222656,0.0119209289550781,0.0119209289550781,0.0044103791589766,0.0063313378228081,0.0052452087402343,0.0077724456787109,0.0098185105757279,0.0240802764892578,0.0,0.0,0.496,1.36,0.0,0.0,8.792,7.208,117.192,0.0,5532.72,0.0,0.0,0.0,0.0,1
112,0.0,0.0,0.0,0.0,0.0,0.0,0,0,0.0,0,0.0,0.0,0.0,0.006190579922045,0.0085830688476562,0.0078678131103515,0.0078678131103515,0.0102519989013671,0.0102519989013671,0.0044277736118861,0.0,0.0053882598876953,0.0,0.0,0.0,0.0,0.0,0.496,1.36,0.0,0.0,0.0,0.0,113.256,0.0,220.376,0.0,0.0,0.0,0.0,1
113,0.0,0.0,0.0,0.0,0.0,0.0,0,0,0.0,0,0.0,0.0,0.0,0.0062590778464137,0.0083446502685546,0.0078678131103515,0.0078678131103515,0.0138282775878906,0.0138282775878906,0.0046516458193461,0.0,0.0058412551879882,0.0,0.0,0.0,0.0,0.0,0.496,1.36,0.0,0.0,0.0,0.0,123.08,0.0,797.152,0.0,0.0,0.0,0.0,1
114,0.0,0.0,0.0,0.0,0.0,0.0,0,0,0.0,0,0.0,0.0,0.0,0.0059984216642616,0.0078678131103515,0.0071525573730468,0.0071525573730468,0.0116825103759765,0.0116825103759765,0.0050067901611328,0.0,0.0050067901611328,0.0,0.0,0.0,0.0,0.0,0.496,1.36,0.0,0.848,0.0,0.0,113.256,100.0,1.192,0.0100135803222656,0.0100135803222656,0.0,0.0,1
115,0.0,0.0,0.0,0.0,0.0,0.0,0,0,0.0,0,0.0,0.0,0.0,0.0061488151550292,0.0081062316894531,0.0090599060058593,0.0090599060058593,0.0071525573730468,0.0071525573730468,0.0,0.0060081481933593,0.0,0.0078201293945312,0.0109195709228515,0.0206470489501953,0.0,0.0,0.496,1.36,0.0,0.0,3.744,4.232,112.0,100.0,0.0,0.0,0.0,0.0,0.0,1
116,0.0,0.0,0.0,0.0,0.0,0.0,0,0,0.0,0,0.0,0.0,0.0,0.0059998035430908,0.0076532363891601,0.00762939453125,0.00762939453125,0.011444091796875,0.011444091796875,0.0,0.0059127807617187,0.0,0.007486343383789,0.0107288360595703,0.0202178955078125,0.0,0.0,0.496,1.36,0.0,0.0,3.744,4.232,112.0,100.0,0.0,0.0,0.0,0.0,0.0,1
117,0.0,0.0,0.0,0.0,0.0,0.0,0,0,0.0,0,0.0,0.0,0.0,0.0060629844665527,0.0083446502685546,0.0083446502685546,0.0083446502685546,0.0102519989013671,0.0102519989013671,0.0,0.0067710876464843,0.0,0.0085830688476562,0.0109672546386718,0.0242233276367187,0.0,0.0,0.496,1.36,0.0,0.0,8.264,7.736,112.0,100.0,0.0,0.0,0.0,0.0,0.0,1
118,0.0,0.0,0.0,0.0,0.0,0.0,0,0,0.0,0,0.0,0.0,0.0,0.0058615207672119,0.0076532363891601,0.0073909759521484,0.0073909759521484,0.005960464477539,0.005960464477539,0.0,0.0,0.0,0.0,0.0,0.0,0.0,0.0,0.496,1.36,0.0,0.0,0.0,0.0,112.0,100.0,0.0,0.0,0.0,0.0,0.0,1
119,0.0,0.0,0.0,0.0,0.0,0.0,0,0,0.0,0,0.0,0.0,0.0,0.0060921284689832,0.0083446502685546,0.0104904174804687,0.0104904174804687,0.013589859008789,0.013589859008789,0.0090599060058593,0.0,0.0090599060058593,0.0,0.0,0.0,0.0,0.0,0.496,1.36,0.0,0.0,0.0,0.0,113.256,100.0,1.192,0.0,0.0,0.0,0.0,1
120,0.0,0.0,0.0,0.0,0.0,0.0,0,0,0.0,0,0.0,0.0,0.0,0.006031634202644,0.0083446502685546,0.00762939453125,0.00762939453125,0.0081062316894531,0.0081062316894531,0.0073909759521484,0.0,0.0073909759521484,0.0,0.0,0.0,0.0,0.0,0.496,1.36,0.0,0.0,0.0,0.0,113.256,100.0,1.192,0.0,0.0,0.0,0.0,1
121,0.0,0.0,0.0,0.0,0.0,0.0,0,0,0.0,0,0.0,0.0,0.0,0.0057837263268617,0.0073909759521484,0.0073909759521484,0.0073909759521484,0.0084638595581054,0.0095129013061523,0.0050067901611328,0.005960464477539,0.0050067901611328,0.007486343383789,0.0102043151855468,0.0187873840332031,0.0,0.0,1.344,2.208,0.0,0.0,3.744,4.232,113.256,100.0,1.192,0.0,0.0,0.0,0.0,1
122,0.0,0.0,0.0,0.0,0.0,0.0,0,0,0.0,0,0.0,0.0,0.0,0.0059902667999267,0.0081062316894531,0.0066757202148437,0.0066757202148437,0.0207424163818359,0.0207424163818359,0.0,0.0060677528381347,0.0,0.0083446502685546,0.0099778175354003,0.019073486328125,0.0,0.0,0.496,1.36,0.0,0.0,14.52,15.544,112.0,100.0,0.0,0.0,0.0,0.0,0.0,1
123,0.0,0.0,0.0,0.0,0.0,0.0,0,0,0.0,0,0.0,0.0,0.0,0.0059986114501953,0.0081062316894531,0.0073909759521484,0.0073909759521484,0.0088214874267578,0.0088214874267578,0.0,0.0061750411987304,0.0,0.0081777572631835,0.0105142593383789,0.0240564346313476,0.0,0.0,0.496,1.36,0.0,0.0,8.264,7.736,112.0,100.0,0.0,0.0,0.0,0.0,0.0,1
124,0.0,0.0,0.0,0.0,0.0,0.0,0,0,0.0,0,0.0,0.0,0.0,0.0059998151168082,0.0081062316894531,0.0081062316894531,0.0081062316894531,0.0102519989013671,0.0102519989013671,0.0055976535962975,0.0,0.0088691711425781,0.0,0.0,0.0,0.0,0.0,0.496,1.36,0.0,0.0,0.0,0.0,143.152,100.0,176.328,0.0,0.0,0.0,0.0,1
125,0.0,0.0,0.0,0.0,0.0,0.0,0,0,0.0,0,0.0,0.0,0.0,0.0060653686523437,0.0081062316894531,0.0083446502685546,0.0083446502685546,0.0071525573730468,0.0071525573730468,0.0,0.0,0.0,0.0,0.0,0.0,0.0,0.0,0.496,1.36,0.0,0.0,0.0,0.0,112.0,100.0,0.0,0.0,0.0,0.0,0.0,1
126,0.0,0.0,0.0,0.0,0.0,0.0,0,0,0.0,0,0.0,0.0,0.0,0.0061213676565386,0.0081062316894531,0.0069141387939453,0.0069141387939453,0.0088214874267578,0.0088214874267578,0.0046232472295346,0.0,0.0059127807617187,0.0,0.0,0.0,0.0,0.0,0.496,1.36,0.0,0.0,0.0,0.0,123.64,100.0,184.232,0.0,0.0,0.0,0.0,1
127,0.0,0.0,0.0,0.0,0.0,0.0,0,0,0.0,0,0.0,0.0,0.0,0.0059284381012418,0.0083446502685546,0.0083446502685546,0.0083446502685546,0.0092983245849609,0.0092983245849609,0.0071525573730468,0.0066280364990234,0.0071525573730468,0.0080108642578125,0.0124931335449218,0.0228404998779296,0.0,0.0,0.496,1.36,0.0,0.0,3.744,4.232,113.256,100.0,1.192,0.0,0.0,0.0,0.0,1
128,0.0,0.0,0.0,0.0,0.0,0.0,0,0,0.0,0,0.0,0.0,0.0,0.0061538088974074,0.0085830688476562,0.0064373016357421,0.0064373016357421,0.0073909759521484,0.0073909759521484,0.0095367431640625,0.005960464477539,0.0095367431640625,0.0073909759521484,0.01068115234375,0.0193595886230468,0.0,0.0,0.496,1.36,0.0,0.0,3.744,4.232,113.256,100.0,1.192,0.0,0.0,0.0,0.0,1
129,0.0,0.0,0.0,0.0,0.0,0.0,0,0,0.0,0,0.0,0.0,0.0,0.0059020519256591,0.0076532363891601,0.0073909759521484,0.0073909759521484,0.0121593475341796,0.0121593475341796,0.0,0.0058889389038085,0.0,0.0083446502685546,0.0101566314697265,0.0240802764892578,0.0,0.0,0.496,1.36,0.0,0.0,8.264,7.736,112.0,100.0,0.0,0.0,0.0,0.0,0.0,1
130,0.0,0.0,0.0,0.0,0.0,0.0,0,0,0.0,0,0.0,0.0,0.0,0.0060200691223144,0.0081300735473632,0.0066757202148437,0.0066757202148437,0.0092983245849609,0.0092983245849609,0.0,0.0,0.0,0.0,0.0,0.0,0.0,0.0,0.496,1.36,0.0,0.0,0.0,0.0,112.0,100.0,0.0,0.0,0.0,0.0,0.0,1
131,0.0,0.0,0.0,0.0,0.0,0.0,0,0,0.0,0,0.0,0.0,0.0,0.0060511798393435,0.0083446502685546,0.0069141387939453,0.0069141387939453,0.0107288360595703,0.0107288360595703,0.0046115593622194,0.0,0.0052928924560546,0.0,0.0,0.0,0.0,0.0,0.496,1.36,0.0,0.0,0.0,0.0,137.96,100.0,1097.944,0.0,0.0,0.0,0.0,1
132,0.0,0.0,0.0,0.0,0.0,0.0,0,0,0.0,0,0.0,0.0,0.0,0.0061070919036865,0.0083446502685546,0.00762939453125,0.00762939453125,0.0064373016357421,0.0064373016357421,0.0047206878662109,0.0,0.005197525024414,0.0,0.0,0.0,0.0,0.0,0.496,1.36,0.0,0.0,0.0,0.0,112.0,100.0,10.52,0.0,0.0,0.0,0.0,1
133,0.0,0.0,0.0,0.0,0.0,0.0,0,0,0.0,0,0.0,0.0,0.0,0.006866692310542,0.0088214874267578,0.0081062316894531,0.0081062316894531,0.0123977661132812,0.0123977661132812,0.0045090505521591,0.007486343383789,0.0052452087402343,0.0091075897216796,0.0104904174804687,0.0197410583496093,0.0,0.0,0.496,1.36,0.0,0.0,3.744,4.232,121.824,100.0,3041.016,0.0,0.0,0.0,0.0,1
134,0.0,0.0,0.0,0.0,0.0,0.0,0,0,0.0,0,0.0,0.0,0.0,0.006672179344857,0.0092983245849609,0.0088214874267578,0.0088214874267578,0.0157356262207031,0.0157356262207031,0.0043043937349458,0.0061511993408203,0.0050067901611328,0.0076770782470703,0.0106334686279296,0.019693374633789,0.0,0.0,0.496,1.36,0.0,0.0,3.744,4.232,118.448,100.0,5483.888,0.0,0.0,0.0,0.0,1
135,0.0,0.0,0.0,0.0,0.0,0.0,0,0,0.0,0,0.0,0.0,0.0,0.0064610248774438,0.0081062316894531,0.0112056732177734,0.0112056732177734,0.0081062316894531,0.0081062316894531,0.0057220458984375,0.005960464477539,0.0057220458984375,0.0083684921264648,0.0116586685180664,0.0263690948486328,0.0,0.0,0.496,1.36,0.0,0.0,8.264,7.736,113.256,100.0,1.192,0.0,0.0,0.0,0.0,1
136,0.0,0.0,0.0,0.0,0.0,0.0,0,0,0.0,0,0.0,0.0,0.0,0.0058948993682861,0.00762939453125,0.0085830688476562,0.0085830688476562,0.0071525573730468,0.0071525573730468,0.0057220458984375,0.0,0.0057220458984375,0.0,0.0,0.0,0.0,0.0,0.496,1.36,0.0,0.0,0.0,0.0,112.696,100.0,1.192,0.0,0.0,0.0,0.0,1
137,0.0,0.0,0.0,0.0,0.0,0.0,0,0,0.0,0,0.0,0.0,0.0,0.0059819221496582,0.0078678131103515,0.0073909759521484,0.0073909759521484,0.0085830688476562,0.0085830688476562,0.0,0.0,0.0,0.0,0.0,0.0,0.0,0.0,0.496,1.36,0.0,0.0,0.0,0.0,112.0,100.0,0.0,0.0,0.0,0.0,0.0,1
138,0.0,0.0,0.0,0.0,0.0,0.0,0,0,0.0,0,0.0,0.0,0.0,0.0066897448371438,0.0092983245849609,0.0083446502685546,0.0083446502685546,0.0100135803222656,0.0100135803222656,0.0044063823979075,0.0,0.0052452087402343,0.0,0.0,0.0,0.0,0.0,0.496,1.36,0.0,0.0,0.0,0.0,131.952,100.0,4236.08,0.0,0.0,0.0,0.0,1
139,0.0,0.0,0.0,0.0,0.0,0.0,0,0,0.0,0,0.0,0.0,0.0,0.0063756212073179,0.0088214874267578,0.0100135803222656,0.0100135803222656,0.0126361846923828,0.0126361846923828,0.0047548761907613,0.0060558319091796,0.0056028366088867,0.00762939453125,0.0104427337646484,0.0195026397705078,0.0,0.0,0.496,1.36,0.0,0.0,3.744,4.232,117.192,100.0,925.04,0.0,0.0,0.0,0.0,1
140,0.0,0.0,0.0,0.0,0.0,0.0,0,0,0.0,0,0.0,0.0,0.0,0.0061692290045135,0.0083446502685546,0.0112056732177734,0.0112056732177734,0.0090599060058593,0.0090599060058593,0.0047558232357627,0.0070571899414062,0.0062465667724609,0.0088691711425781,0.0099658966064453,0.0180244445800781,0.0,0.0,0.496,1.36,0.0,0.0,3.744,4.232,117.192,100.0,143.288,0.0,0.0,0.0,0.0,1
141,0.0,0.0,0.0,0.0,0.0,0.0,0,0,0.0,0,0.0,0.0,0.0,0.0066521144149327,0.0092744827270507,0.0078678131103515,0.0078678131103515,0.0107288360595703,0.0107288360595703,0.0042819817595569,0.0061750411987304,0.0050067901611328,0.0082015991210937,0.0102758407592773,0.0232219696044921,0.0,0.0,0.496,1.36,0.0,3.312,8.264,7.736,118.448,0.0,5175.8,27151.793599128723,73747.15220928192,103953.9189338684,103953.9189338684,1
142,0.0,0.0,0.0,0.0,0.0,0.0,0,0,0.0,0,0.0,0.0,0.0,0.006875189224092,0.0095367431640625,0.0078678131103515,0.0078678131103515,0.0109672546386718,0.0109672546386718,0.0042762396470555,0.0,0.0050067901611328,0.0,0.0,0.0,1.0,1.0,0.496,1.36,0.0,3.312,0.0,0.0,118.448,50.0,6768.024,26108.65294933319,72704.01155948639,102912.01066970824,102912.01066970824,1
143,0.0,0.0,0.0,0.0,0.0,0.0,0,0,0.0,0,0.0,0.0,0.0,0.0060419044872321,0.0083208084106445,0.00762939453125,0.00762939453125,0.0064373016357421,0.0064373016357421,0.0051498413085937,0.0,0.0076770782470703,0.0,0.0,0.0,0.0,0.0,0.496,1.36,0.0,0.848,0.0,0.0,118.448,100.0,74.048,0.0095367431640625,0.0095367431640625,0.0,0.0,1
144,0.0,0.0,0.0,0.0,0.0,0.0,0,0,0.0,0,0.0,0.0,0.0,0.0062894821166992,0.0083446502685546,0.00762939453125,0.00762939453125,0.0069141387939453,0.0069141387939453,0.0,0.0,0.0,0.0,0.0,0.0,1.0,1.0,0.496,1.36,0.0,3.312,0.0,0.0,112.0,50.0,0.0,24061.652779579163,70657.01138973236,100864.013671875,100864.013671875,1
145,0.0,0.0,0.0,0.0,0.0,0.0,0,0,0.0,0,0.0,0.0,0.0,0.0060892105102539,0.0078678131103515,0.0119209289550781,0.0119209289550781,0.0143051147460937,0.0143051147460937,0.0,0.0059127807617187,0.0,0.0075340270996093,0.0109195709228515,0.0209808349609375,0.0,0.0,0.496,1.36,0.0,0.0,3.744,4.232,112.0,50.0,0.0,0.0,0.0,0.0,0.0,1
146,0.0,0.0,0.0,0.0,0.0,0.0,0,0,0.0,0,0.0,0.0,0.0,0.0060451030731201,0.0081300735473632,0.0083446502685546,0.0083446502685546,0.0100135803222656,0.0100135803222656,0.0,0.0058174133300781,0.0,0.007486343383789,0.010538101196289,0.0195026397705078,0.0,0.0,0.496,1.36,0.0,0.0,3.744,4.232,112.0,50.0,0.0,0.0,0.0,0.0,0.0,1
147,0.0,0.0,0.0,0.0,0.0,0.0,0,0,0.0,0,0.0,0.0,0.0,0.0062129076789407,0.0083446502685546,0.0071525573730468,0.0071525573730468,0.0107288360595703,0.0107288360595703,0.0059264046805245,0.0058280097113715,0.0088453292846679,0.007486343383789,0.0098618594082919,0.02288818359375,0.0,0.0,0.496,1.36,0.0,0.0,8.792,7.208,129.312,50.0,93.824,0.0,0.0,0.0,0.0,1
148,0.0,0.0,0.0,0.0,0.0,0.0,0,0,0.0,0,0.0,0.0,0.0,0.0061622940667785,0.008559226989746,0.0078678131103515,0.0078678131103515,0.0104904174804687,0.0104904174804687,0.005573034286499,0.0,0.0066757202148437,0.0,0.0,0.0,0.0,0.0,0.496,1.36,0.0,0.848,0.0,0.0,118.448,100.0,26.304,0.011444091796875,0.011444091796875,0.0,0.0,1
149,0.0,0.0,0.0,0.0,0.0,0.0,0,0,0.0,0,0.0,0.0,0.0,0.0059936770159213,0.0078678131103515,0.0121593475341796,0.0121593475341796,0.0140666961669921,0.0140666961669921,0.0081062316894531,0.0,0.0081062316894531,0.0,0.0,0.0,0.0,0.0,0.496,1.36,0.0,0.0,0.0,0.0,113.256,100.0,1.192,0.0,0.0,0.0,0.0,1
150,0.0,0.0,0.0,0.0,0.0,0.0,0,0,0.0,0,0.0,0.0,0.0,0.0061589508808305,0.0085353851318359,0.0071525573730468,0.0071525573730468,0.0066757202148437,0.0066757202148437,0.0054722740536644,0.0,0.00762939453125,0.0,0.0,0.0,0.0,0.0,0.496,1.36,0.0,0.0,0.0,0.0,118.552,100.0,113.0,0.0,0.0,0.0,0.0,1
151,0.0,0.0,0.0,0.0,0.0,0.0,0,0,0.0,0,0.0,0.0,0.0,0.0061953245703853,0.0083446502685546,0.0081062316894531,0.0081062316894531,0.0159740447998046,0.0159740447998046,0.0049008263481987,0.0061988830566406,0.0061988830566406,0.007033348083496,0.0100930531819661,0.0175237655639648,0.0,0.0,0.496,1.36,0.0,0.0,4.272,3.704,114.52,100.0,62.232,0.0,0.0,0.0,0.0,1
152,0.0,0.0,0.0,0.0,0.0,0.0,0,0,0.0,0,0.0,0.0,0.0,0.0061428546905517,0.0088214874267578,0.0069141387939453,0.0069141387939453,0.00762939453125,0.00762939453125,0.0,0.0066280364990234,0.0,0.0083446502685546,0.0106334686279296,0.01983642578125,1.0,1.0,0.496,1.36,0.0,6.256,3.744,4.232,112.0,50.0,0.0,15868.656039237976,62464.01464939117,92672.01280593872,92672.01280593872,1
153,0.0,0.0,0.0,0.0,0.0,0.0,0,0,0.0,0,0.0,0.0,0.0,0.0060749053955078,0.0076532363891601,0.0070095062255859,0.0064373016357421,0.0102519989013671,0.0102519989013671,0.0,0.0063419342041015,0.0,0.0081062316894531,0.0104188919067382,0.0228881835937499,0.0,0.0,1.344,2.208,0.0,0.0,8.264,7.736,112.0,50.0,0.0,0.0,0.0,0.0,0.0,1
154,0.0,0.0,0.0,0.0,0.0,0.0,0,0,0.0,0,0.0,0.0,0.0,0.0062119960784912,0.0081062316894531,0.0102519989013671,0.0102519989013671,0.0104904174804687,0.0104904174804687,0.0,0.0,0.0,0.0,0.0,0.0,0.0,0.0,0.496,1.36,0.0,0.0,0.0,0.0,112.0,50.0,0.0,0.0,0.0,0.0,0.0,1
155,0.0,0.0,0.0,0.0,0.0,0.0,0,0,0.0,0,0.0,0.0,0.0,0.0059794430709003,0.0081062316894531,0.00762939453125,0.00762939453125,0.0116825103759765,0.0116825103759765,0.0066757202148437,0.0,0.0066757202148437,0.0,0.0,0.0,0.0,0.0,0.496,1.36,0.0,0.0,0.0,0.0,113.256,50.0,1.192,0.0,0.0,0.0,0.0,1
156,0.0,0.0,0.0,0.0,0.0,0.0,0,0,0.0,0,0.0,0.0,0.0,0.0066721617285885,0.0083446502685546,0.0071525573730468,0.0071525573730468,0.0102519989013671,0.0102519989013671,0.0085830688476562,0.0,0.0085830688476562,0.0,0.0,0.0,0.0,0.0,0.496,1.36,0.0,0.0,0.0,0.0,113.256,50.0,1.192,0.0,0.0,0.0,0.0,1
157,0.0,0.0,0.0,0.0,0.0,0.0,0,0,0.0,0,0.0,0.0,0.0,0.005951114729339,0.0078678131103515,0.0121593475341796,0.0121593475341796,0.005960464477539,0.005960464477539,0.0062783559163411,0.0064849853515625,0.00762939453125,0.0081062316894531,0.010538101196289,0.019693374633789,0.0,0.0,0.496,1.36,0.0,0.0,3.744,4.232,127.304,50.0,18.496,0.0,0.0,0.0,0.0,1
158,0.0,0.0,0.0,0.0,0.0,0.0,0,0,0.0,0,0.0,0.0,0.0,0.0062036042166228,0.0083446502685546,0.0071525573730468,0.0071525573730468,0.0119209289550781,0.0119209289550781,0.004896750816932,0.0069141387939453,0.0065803527832031,0.0094413757324218,0.0107765197753906,0.0188827514648437,0.0,0.0,0.496,1.36,0.0,0.0,3.744,4.232,117.424,50.0,100.184,0.0,0.0,0.0,0.0,1
159,0.0,0.0,0.0,0.0,0.0,0.0,0,0,0.0,0,0.0,0.0,0.0,0.0061309337615966,0.0081300735473632,0.0090599060058593,0.0090599060058593,0.0100135803222656,0.0100135803222656,0.0,0.0067472457885742,0.0,0.0089883804321289,0.0112533569335937,0.0223159790039062,0.0,0.0,0.496,1.36,0.0,0.0,8.264,7.736,112.0,50.0,0.0,0.0,0.0,0.0,0.0,1
160,0.0,0.0,0.0,0.0,0.0,0.0,0,0,0.0,0,0.0,0.0,0.0,0.0062918663024902,0.0085830688476562,0.0078678131103515,0.0078678131103515,0.0126361846923828,0.0126361846923828,0.0,0.0,0.0,0.0,0.0,0.0,0.0,0.0,0.496,1.36,0.0,0.0,0.0,0.0,112.0,50.0,0.0,0.0,0.0,0.0,0.0,1
161,0.0,0.0,0.0,0.0,0.0,0.0,0,0,0.0,0,0.0,0.0,0.0,0.0060272216796875,0.0076532363891601,0.0085830688476562,0.0085830688476562,0.005960464477539,0.005960464477539,0.0,0.0,0.0,0.0,0.0,0.0,0.0,0.0,0.496,1.36,0.0,0.0,0.0,0.0,112.0,50.0,0.0,0.0,0.0,0.0,0.0,1
162,0.0,0.0,0.0,0.0,0.0,0.0,0,0,0.0,0,0.0,0.0,0.0,0.0059296242633269,0.00762939453125,0.00762939453125,0.00762939453125,0.0073909759521484,0.0073909759521484,0.0088214874267578,0.0,0.0088214874267578,0.0,0.0,0.0,0.0,0.0,0.496,1.36,0.0,0.0,0.0,0.0,113.256,50.0,1.192,0.0,0.0,0.0,0.0,1
163,0.0,0.0,0.0,0.0,0.0,0.0,0,0,0.0,0,0.0,0.0,0.0,0.0063044514822129,0.0085830688476562,0.00762939453125,0.00762939453125,0.0102519989013671,0.0102519989013671,0.0054836273193359,0.0064373016357421,0.0054836273193359,0.0079154968261718,0.0114917755126953,0.0226497650146484,0.0,0.0,0.496,1.36,0.0,0.0,3.744,4.232,113.256,50.0,1.192,0.0,0.0,0.0,0.0,1
164,0.0,0.0,0.0,0.0,0.0,0.0,0,0,0.0,0,0.0,0.0,0.0,0.0060055386367721,0.0078678131103515,0.00762939453125,0.00762939453125,0.011444091796875,0.011444091796875,0.0090599060058593,0.0057697296142578,0.0090599060058593,0.0072956085205078,0.0106334686279296,0.0197887420654296,0.0,0.0,0.496,1.36,0.0,0.0,3.744,4.232,113.256,50.0,1.192,0.0,0.0,0.0,0.0,1
165,0.0,0.0,0.0,0.0,0.0,0.0,0,0,0.0,0,0.0,0.0,0.0,0.0063708765589775,0.0085830688476562,0.00762939453125,0.00762939453125,0.0085830688476562,0.0085830688476562,0.0073909759521484,0.0064108106825086,0.0073909759521484,0.0077724456787109,0.0105337663130326,0.0262260437011718,0.0,0.0,0.496,1.36,0.0,0.0,8.792,7.208,114.376,50.0,2.088,0.0,0.0,0.0,0.0,1
166,0.0,0.0,0.0,0.0,0.0,0.0,0,0,0.0,0,0.0,0.0,0.0,0.0061523914337158,0.0083446502685546,0.0073909759521484,0.0073909759521484,0.0066757202148437,0.0066757202148437,0.0,0.0,0.0,0.0,0.0,0.0,0.0,0.0,0.496,1.36,0.0,0.0,0.0,0.0,112.0,50.0,0.0,0.0,0.0,0.0,0.0,1
167,0.0,0.0,0.0,0.0,0.0,0.0,0,0,0.0,0,0.0,0.0,0.0,0.0063002109527587,0.0083446502685546,0.0071525573730468,0.0071525573730468,0.0066757202148437,0.0066757202148437,0.0,0.0,0.0,0.0,0.0,0.0,0.0,0.0,0.496,1.36,0.0,0.0,0.0,0.0,112.0,50.0,0.0,0.0,0.0,0.0,0.0,1
168,0.0,0.0,0.0,0.0,0.0,0.0,0,0,0.0,0,0.0,0.0,0.0,0.0060820579528808,0.0083446502685546,0.0092983245849609,0.0092983245849609,0.0081062316894531,0.0081062316894531,0.0,0.0,0.0,0.0,0.0,0.0,0.0,0.0,0.496,1.36,0.0,3.792,0.0,0.0,112.0,100.0,0.0,0.0171661376953125,0.0171661376953125,0.0,0.0,1
169,0.0,0.0,0.0,0.0,0.0,0.0,0,0,0.0,0,0.0,0.0,0.0,0.0062131170016616,0.0081062316894531,0.0085830688476562,0.0085830688476562,0.0104904174804687,0.0104904174804687,0.0081062316894531,0.0069141387939453,0.0081062316894531,0.0093460083007812,0.0107685724894205,0.0197887420654296,0.0,0.0,0.496,1.36,0.0,0.0,4.272,3.704,113.256,100.0,1.192,0.0,0.0,0.0,0.0,1
170,0.0,0.0,0.0,0.0,0.0,0.0,0,0,0.0,0,0.0,0.0,0.0,0.0060655102871432,0.0080823898315429,0.0078678131103515,0.0078678131103515,0.0138282775878906,0.0138282775878906,0.0073909759521484,0.0069141387939453,0.0091075897216796,0.0092506408691406,0.0107288360595703,0.0197887420654296,0.0,0.0,0.496,1.36,0.0,0.0,3.744,4.232,115.52,100.0,3.168,0.0,0.0,0.0,0.0,1
171,0.0,0.0,0.0,0.0,0.0,0.0,0,0,0.0,0,0.0,0.0,0.0,0.0060855752170676,0.0083446502685546,0.0109672546386718,0.0109672546386718,0.0100135803222656,0.0100135803222656,0.0082254409790039,0.0061273574829101,0.0085115432739257,0.0085830688476562,0.010848045349121,0.0234842300415039,0.0,0.0,0.496,1.36,0.0,0.0,8.264,7.736,117.072,100.0,4.72,0.0,0.0,0.0,0.0,1
172,0.0,0.0,0.0,0.0,0.0,0.0,0,0,0.0,0,0.0,0.0,0.0,0.0062442407375428,0.0084877014160156,0.0071525573730468,0.0071525573730468,0.0092983245849609,0.0092983245849609,0.0056461854414506,0.0,0.0064373016357421,0.0,0.0,0.0,0.0,0.0,0.496,1.36,0.0,0.0,0.0,0.0,132.424,100.0,88.496,0.0,0.0,0.0,0.0,1
173,0.0,0.0,0.0,0.0,0.0,0.0,0,0,0.0,0,0.0,0.0,0.0,0.0062237924604273,0.0081062316894531,0.0073909759521484,0.0073909759521484,0.0078678131103515,0.0078678131103515,0.0053644180297851,0.0,0.005960464477539,0.0,0.0,0.0,0.0,0.0,0.496,1.36,0.0,0.0,0.0,0.0,114.424,100.0,62.8,0.0,0.0,0.0,0.0,1
174,0.0,0.0,0.0,0.0,0.0,0.0,0,0,0.0,0,0.0,0.0,0.0,0.0066259014072702,0.0090599060058593,0.0073909759521484,0.0073909759521484,0.013589859008789,0.013589859008789,0.005960464477539,0.0,0.0075340270996093,0.0,0.0,0.0,0.0,0.0,0.496,1.36,0.0,0.0,0.0,0.0,115.944,100.0,60.264,0.0,0.0,0.0,0.0,1
175,0.0,0.0,0.0,0.0,0.0,0.0,0,0,0.0,0,0.0,0.0,0.0,0.0063602011002118,0.0083446502685546,0.0088214874267578,0.0088214874267578,0.0128746032714843,0.0128746032714843,0.0050232328217605,0.0064849853515625,0.005960464477539,0.0084877014160156,0.0100135803222656,0.0181198120117187,0.0,0.0,0.496,1.36,0.0,0.0,3.744,4.232,115.944,100.0,105.752,0.0,0.0,0.0,0.0,1
176,0.0,0.0,0.0,0.0,0.0,0.0,0,0,0.0,0,0.0,0.0,0.0,0.0065270036754041,0.0088214874267578,0.0078678131103515,0.0078678131103515,0.0100135803222656,0.0100135803222656,0.0051626792320838,0.0060081481933593,0.0061988830566406,0.00762939453125,0.0103473663330078,0.018310546875,0.0,0.0,0.496,1.36,0.0,0.0,3.744,4.232,117.392,100.0,107.632,0.0,0.0,0.0,0.0,1
177,0.0,0.0,0.0,0.0,0.0,0.0,0,0,0.0,0,0.0,0.0,0.0,0.0063617630760268,0.0083446502685546,0.0071525573730468,0.0071525573730468,0.011444091796875,0.011444091796875,0.0050893196692833,0.0069618225097656,0.0058412551879882,0.0094413757324218,0.0106334686279296,0.0188827514648437,0.0,0.0,0.496,1.36,0.0,0.0,3.744,4.232,117.584,100.0,94.224,0.0,0.0,0.0,0.0,1
178,0.0,0.0,0.0,0.0,0.0,0.0,0,0,0.0,0,0.0,0.0,0.0,0.0064089746758489,0.0087976455688476,0.00762939453125,0.00762939453125,0.0061988830566406,0.0061988830566406,0.0049976202157827,0.0,0.0056028366088867,0.0,0.0,0.0,0.0,0.0,0.496,1.36,0.0,0.0,0.0,0.0,117.904,100.0,100.816,0.0,0.0,0.0,0.0,1
179,0.0,0.0,0.0,0.0,0.0,0.0,0,0,0.0,0,0.0,0.0,0.0,0.0065476147096548,0.0088214874267578,0.0095367431640625,0.0095367431640625,0.0100135803222656,0.0100135803222656,0.0055176871163504,0.0,0.0065803527832031,0.0,0.0,0.0,0.0,0.0,0.496,1.36,0.0,0.0,0.0,0.0,116.52,100.0,114.416,0.0,0.0,0.0,0.0,1
180,0.0,0.0,0.0,0.0,0.0,0.0,0,0,0.0,0,0.0,0.0,0.0,0.0064420462840825,0.0085830688476562,0.0102519989013671,0.0102519989013671,0.0112056732177734,0.0112056732177734,0.0052948792775472,0.0,0.0060558319091796,0.0,0.0,0.0,0.0,0.0,0.496,1.36,0.0,0.0,0.0,0.0,117.096,100.0,105.024,0.0,0.0,0.0,0.0,1
181,0.0,0.0,0.0,0.0,0.0,0.0,0,0,0.0,0,0.0,0.0,0.0,0.0065713379513564,0.0088214874267578,0.0078678131103515,0.0078678131103515,0.0078678131103515,0.0078678131103515,0.0052584542168511,0.0,0.006103515625,0.0,0.0,0.0,0.0,0.0,0.496,1.36,0.0,0.0,0.0,0.0,116.968,100.0,68.0,0.0,0.0,0.0,0.0,1
182,0.0,0.0,0.0,0.0,0.0,0.0,0,0,0.0,0,0.0,0.0,0.0,0.0065321946025487,0.0088214874267578,0.0090599060058593,0.0090599060058593,0.0126361846923828,0.0126361846923828,0.0056177377700805,0.0063896179199218,0.0067949295043945,0.0081539154052734,0.0093619028727213,0.0171184539794921,0.0,0.0,0.496,1.36,0.0,0.0,10.776,11.312,114.52,100.0,50.512,0.0,0.0,0.0,0.0,1
183,0.0,0.0,0.0,0.0,0.0,0.0,0,0,0.0,0,0.0,0.0,0.0,0.0063357966961246,0.008559226989746,0.0078678131103515,0.0078678131103515,0.0138282775878906,0.0138282775878906,0.0054836273193359,0.0,0.0063896179199218,0.0,0.0,0.0,0.0,0.0,0.496,1.36,0.0,0.0,0.0,0.0,117.072,100.0,62.744,0.0,0.0,0.0,0.0,1
184,0.0,0.0,0.0,0.0,0.0,0.0,0,0,0.0,0,0.0,0.0,0.0,0.0063629433660223,0.008559226989746,0.0078678131103515,0.0078678131103515,0.0162124633789062,0.0162124633789062,0.0058355785551525,0.0,0.0066757202148437,0.0,0.0,0.0,1.0,1.0,0.496,1.36,0.0,9.2,0.0,0.0,117.52,0.0,71.4,-16387.34519481659,30208.01341533661,60416.01550579071,60416.01827144623,1
185,0.0,0.0,0.0,0.0,0.0,0.0,0,0,0.0,0,0.0,0.0,0.0,0.0065482488953241,0.0087976455688476,0.0073432922363281,0.0071525573730468,0.0090599060058593,0.0102043151855468,0.0053423422354239,0.0,0.0063896179199218,0.0,0.0,0.0,0.0,0.0,1.344,2.208,0.0,0.0,0.0,0.0,117.264,0.0,98.52,0.0,0.0,0.0,0.0,1
186,0.0,0.0,0.0,0.0,0.0,0.0,0,0,0.0,0,0.0,0.0,0.0,0.006305637644298,0.0085830688476562,0.0073909759521484,0.0073909759521484,0.0100135803222656,0.0100135803222656,0.0052452087402343,0.0,0.0060081481933593,0.0,0.0,0.0,0.0,0.0,0.496,1.36,0.0,0.0,0.0,0.0,116.392,0.0,42.12,0.0,0.0,0.0,0.0,1
187,0.0,0.0,0.0,0.0,0.0,0.0,0,0,0.0,0,0.0,0.0,0.0,0.0062546326746394,0.0085830688476562,0.0090599060058593,0.0090599060058593,0.0100135803222656,0.0100135803222656,0.0055744534447079,0.0,0.0064373016357421,0.0,0.0,0.0,0.0,0.0,0.496,1.36,0.0,0.0,0.0,0.0,114.696,0.0,81.144,0.0,0.0,0.0,0.0,1
188,0.0,0.0,0.0,0.0,0.0,0.0,0,0,0.0,0,0.0,0.0,0.0,0.0066152259485045,0.0088214874267578,0.00762939453125,0.00762939453125,0.0069141387939453,0.0069141387939453,0.0053544839223225,0.0,0.0063657760620117,0.0,0.0,0.0,0.0,0.0,0.496,1.36,0.0,0.0,0.0,0.0,116.488,0.0,90.208,0.0,0.0,0.0,0.0,1
189,0.0,0.0,0.0,0.0,0.0,0.0,0,0,0.0,0,0.0,0.0,0.0,0.0063696903968924,0.0085830688476562,0.0081062316894531,0.0081062316894531,0.0083446502685546,0.0083446502685546,0.0057220458984375,0.0,0.0072002410888671,0.0,0.0,0.0,0.0,0.0,0.496,1.36,0.0,0.0,0.0,0.0,114.584,0.0,57.768,0.0,0.0,0.0,0.0,1
190,0.0,0.0,0.0,0.0,0.0,0.0,0,0,0.0,0,0.0,0.0,0.0,0.0061443196007268,0.0078678131103515,0.0073909759521484,0.0073909759521484,0.0081062316894531,0.0081062316894531,0.0057220458984375,0.0,0.0057220458984375,0.0,0.0,0.0,0.0,0.0,0.496,1.36,0.0,0.0,0.0,0.0,113.256,0.0,1.192,0.0,0.0,0.0,0.0,1
191,0.0,0.0,0.0,0.0,0.0,0.0,0,0,0.0,0,0.0,0.0,0.0,0.0061988830566406,0.0083446502685546,0.0066757202148437,0.0066757202148437,0.0100135803222656,0.0100135803222656,0.0061988830566406,0.0,0.0061988830566406,0.0,0.0,0.0,0.0,0.0,0.496,1.36,0.0,0.0,0.0,0.0,113.256,0.0,1.192,0.0,0.0,0.0,0.0,1
192,0.0,0.0,0.0,0.0,0.0,0.0,0,0,0.0,0,0.0,0.0,0.0,0.0062783559163411,0.0085830688476562,0.0073909759521484,0.0073909759521484,0.0104904174804687,0.0104904174804687,0.0092983245849609,0.0,0.0092983245849609,0.0,0.0,0.0,0.0,0.0,0.496,1.36,0.0,0.0,0.0,0.0,113.256,0.0,1.192,0.0,0.0,0.0,0.0,1
193,0.0,0.0,0.0,0.0,0.0,0.0,0,0,0.0,0,0.0,0.0,0.0,0.0063121318817138,0.0088453292846679,0.0078678131103515,0.0078678131103515,0.0092983245849609,0.0092983245849609,0.0,0.0,0.0,0.0,0.0,0.0,0.0,0.0,0.496,1.36,0.0,0.0,0.0,0.0,112.0,0.0,0.0,0.0,0.0,0.0,0.0,1
194,0.0,0.0,0.0,0.0,0.0,0.0,0,0,0.0,0,0.0,0.0,0.0,0.0063240528106689,0.0088214874267578,0.0133514404296875,0.0133514404296875,0.0107288360595703,0.0107288360595703,0.0,0.0,0.0,0.0,0.0,0.0,0.0,0.0,0.496,1.36,0.0,0.0,0.0,0.0,112.0,0.0,0.0,0.0,0.0,0.0,0.0,1
195,0.0,0.0,0.0,0.0,0.0,0.0,0,0,0.0,0,0.0,0.0,0.0,0.006192922592163,0.0083684921264648,0.0073909759521484,0.0073909759521484,0.00762939453125,0.00762939453125,0.0,0.0,0.0,0.0,0.0,0.0,0.0,0.0,0.496,1.36,0.0,0.0,0.0,0.0,112.0,0.0,0.0,0.0,0.0,0.0,0.0,1
196,0.0,0.0,0.0,0.0,0.0,0.0,0,0,0.0,0,0.0,0.0,0.0,0.006258487701416,0.0083446502685546,0.0064373016357421,0.0064373016357421,0.0119209289550781,0.0119209289550781,0.0,0.0,0.0,0.0,0.0,0.0,0.0,0.0,0.496,1.36,0.0,0.0,0.0,0.0,112.0,0.0,0.0,0.0,0.0,0.0,0.0,1
197,0.0,0.0,0.0,0.0,0.0,0.0,0,0,0.0,0,0.0,0.0,0.0,0.0061348303040461,0.0081062316894531,0.0104904174804687,0.0104904174804687,0.0088214874267578,0.0088214874267578,0.009775161743164,0.0,0.009775161743164,0.0,0.0,0.0,0.0,0.0,0.496,1.36,0.0,0.0,0.0,0.0,113.256,0.0,1.192,0.0,0.0,0.0,0.0,1
198,0.0,0.0,0.0,0.0,0.0,0.0,0,0,0.0,0,0.0,0.0,0.0,0.0061312718177909,0.0083446502685546,0.0078678131103515,0.0078678131103515,0.0126361846923828,0.0126361846923828,0.00762939453125,0.0,0.00762939453125,0.0,0.0,0.0,0.0,0.0,0.496,1.36,0.0,0.0,0.0,0.0,113.256,0.0,1.192,0.0,0.0,0.0,0.0,1
199,0.0,0.0,0.0,0.0,0.0,0.0,0,0,0.0,0,0.0,0.0,0.0,0.0060814530102174,0.0083446502685546,0.011444091796875,0.011444091796875,0.009775161743164,0.009775161743164,0.0071525573730468,0.0,0.0071525573730468,0.0,0.0,0.0,0.0,0.0,0.496,1.36,0.0,0.0,0.0,0.0,113.256,0.0,1.192,0.0,0.0,0.0,0.0,1
200,0.0,0.0,0.0,0.0,0.0,0.0,0,0,0.0,0,0.0,0.0,0.0,0.0063025951385498,0.0083446502685546,0.0112056732177734,0.0112056732177734,0.0107288360595703,0.0107288360595703,0.0,0.0,0.0,0.0,0.0,0.0,0.0,0.0,0.496,1.36,0.0,0.0,0.0,0.0,112.0,0.0,0.0,0.0,0.0,0.0,0.0,1
