time_seconds,a1_retransmissions_ul_count,a1_retransmissions_dl_count,a1_packet_loss_ul_percentage,a1_packet_loss_dl_percentage,e2_du_packet_loss_dl_percentage,f1_c_packet_loss_ul_percentage,f1_c_retransmissions_dl_count,e2_du_retransmissions_dl_count,f1_c_packet_loss_dl_percentage,f1_c_retransmissions_ul_count,f1_u_packet_loss_dl_percentage,f1_u_packet_loss_ul_percentage,f1_u_retransmissions_dl_count,f1_u_retransmissions_ul_count,f1_u_latency_mean_ul_ms,f1_u_latency_p90_ul_ms,f1_c_latency_mean_ul_ms,f1_c_latency_p90_ul_ms,f1_u_latency_mean_dl_ms,f1_u_latency_p90_dl_ms,a1_latency_mean_ul_ms,f1_c_latency_mean_dl_ms,f1_c_latency_p90_dl_ms,a1_latency_p90_ul_ms,a1_latency_mean_dl_ms,e2_du_latency_mean_dl_ms,e2_du_latency_p90_dl_ms,a1_latency_p90_dl_ms,e2_du_retransmissions_ul_count,e2_du_throughput_dl_kbps,f1_c_throughput_ul_kbps,e2_du_throughput_ul_kbps,f1_c_throughput_dl_kbps,f1_u_throughput_ul_kbps,a1_throughput_dl_kbps,a1_throughput_ul_kbps,e2_du_packet_loss_ul_percentage,f1_u_throughput_dl_kbps,e2_du_latency_p90_ul_ms,e2_du_latency_mean_ul_ms,F-node
0,0.0,0.0,0.0,0.0,0.0,0.0,0.0,0,0.0,0.0,0.0,0.0,0.0,0,0.0064384590074853,0.0090599060058593,0.0047683715820312,0.0047683715820312,0.0043085643223353,0.0052452087402343,0.0064986092703683,0.0207424163818359,0.0207424163818359,0.009012222290039,0.0095367431640625,0.0085830688476562,0.0085830688476562,0.0202655792236328,0.0,0.496,0.848,1.36,0.848,143.152,25.152,27.344,0.0,1440.288,0.0150203704833984,0.0150203704833984,0
1,0.0,0.0,0.0,0.0,0.0,0.0,0.0,0,0.0,0.0,0.0,0.0,0.0,0,0.0067245960235595,0.0088453292846679,0.0047683715820312,0.0047683715820312,0.0041718916459517,0.0052452087402343,0.0064986092703683,0.0207424163818359,0.0207424163818359,0.009012222290039,0.0095367431640625,0.0133514404296875,0.0133514404296875,0.0202655792236328,0.0,0.496,0.848,1.424,0.848,112.0,25.152,27.344,0.0,2822.616,0.0092983245849609,0.0092983245849609,0
2,0.0,0.0,0.0,0.0,0.0,0.0,0.0,0,0.0,0.0,0.0,0.0,0.0,0,0.0061416625976562,0.0085830688476562,0.0047683715820312,0.0047683715820312,0.0,0.0,0.0064986092703683,0.0207424163818359,0.0207424163818359,0.009012222290039,0.0095367431640625,0.0078678131103515,0.0078678131103515,0.0202655792236328,0.0,0.496,0.848,1.392,0.848,112.0,25.152,27.344,0.0,0.0,0.0057220458984375,0.0057220458984375,0
3,0.0,0.0,0.0,0.0,0.0,0.0,0.0,0,0.0,0.0,0.0,0.0,0.0,0,0.0063139407788936,0.0085830688476562,0.0,0.0,0.0071525573730468,0.0071525573730468,0.0064986092703683,0.0,0.0,0.009012222290039,0.0095367431640625,0.0121593475341796,0.0121593475341796,0.0202655792236328,0.0,0.496,0.0,1.36,0.0,113.256,25.152,27.344,0.0,1.192,0.00762939453125,0.00762939453125,0
4,0.0,0.0,0.0,0.0,0.0,0.0,0.0,0,0.0,0.0,0.0,0.0,0.0,0,0.0062985206717875,0.0085830688476562,0.0071525573730468,0.0071525573730468,0.0083446502685546,0.0083446502685546,0.0064986092703683,0.0042915344238281,0.0042915344238281,0.009012222290039,0.0095367431640625,0.0100135803222656,0.0100135803222656,0.0202655792236328,0.0,0.496,0.848,1.36,0.848,113.256,25.152,27.344,0.0,1.192,0.0064373016357421,0.0064373016357421,0
5,0.0,0.0,0.0,0.0,0.0,0.0,0.0,0,0.0,0.0,0.0,0.0,0.0,0,0.0061094760894775,0.0083446502685546,0.0,0.0,0.0,0.0,0.0064986092703683,0.0,0.0,0.009012222290039,0.0095367431640625,0.0157356262207031,0.0157356262207031,0.0202655792236328,0.0,0.496,0.0,1.36,0.0,112.0,25.152,27.344,0.0,0.0,0.0073909759521484,0.0073909759521484,0
6,0.0,0.0,0.0,0.0,0.0,0.0,0.0,0,0.0,0.0,0.0,0.0,0.0,0,0.0062567516438011,0.008702278137207,0.0,0.0,0.0039165218671162,0.0045299530029296,0.0064986092703683,0.0,0.0,0.009012222290039,0.0095367431640625,0.0109672546386718,0.0109672546386718,0.0202655792236328,0.0,0.496,0.0,1.424,0.0,139.216,25.152,27.344,0.0,3167.824,0.00762939453125,0.00762939453125,0
7,0.0,0.0,0.0,0.0,0.0,0.0,0.0,0,0.0,0.0,0.0,0.0,0.0,0,0.0059807300567626,0.00762939453125,0.0,0.0,0.0,0.0,0.0064986092703683,0.0,0.0,0.009012222290039,0.0095367431640625,0.009775161743164,0.009775161743164,0.0202655792236328,0.0,0.496,0.0,1.36,0.0,112.0,25.152,27.344,0.0,0.0,0.0081062316894531,0.0081062316894531,0
8,0.0,0.0,0.0,0.0,0.0,0.0,0.0,0,0.0,0.0,0.0,0.0,0.0,0,0.0062546326746394,0.0083446502685546,0.0,0.0,0.0053644180297851,0.0066041946411132,0.0064986092703683,0.0,0.0,0.009012222290039,0.0095367431640625,0.0073909759521484,0.0073909759521484,0.0202655792236328,0.0,0.496,0.0,1.36,0.0,117.192,25.152,27.344,0.0,17.408,0.0064373016357421,0.0064373016357421,0
9,0.0,0.0,0.0,0.0,0.0,0.0,0.0,0,0.0,0.0,0.0,0.0,0.0,0,0.0062552578930784,0.0083446502685546,0.0,0.0,0.0045941426203801,0.0065565109252929,0.0064986092703683,0.0,0.0,0.009012222290039,0.0095367431640625,0.0071525573730468,0.0071525573730468,0.0202655792236328,0.0,0.496,0.0,1.424,0.0,127.576,25.152,27.344,0.0,242.784,0.0066757202148437,0.0066757202148437,0
10,0.0,0.0,0.0,0.0,0.0,0.0,0.0,0,0.0,0.0,0.0,0.0,0.0,0,0.0065440562233996,0.0090599060058593,0.0,0.0,0.0046106485220102,0.0066757202148437,0.0064986092703683,0.0,0.0,0.009012222290039,0.0095367431640625,0.0073909759521484,0.0073909759521484,0.0202655792236328,0.0,0.496,0.0,1.424,0.0,114.6,25.152,27.344,0.0,546.28,0.0083446502685546,0.0083446502685546,0
11,0.0,0.0,0.0,0.0,0.0,0.0,0.0,0,0.0,0.0,0.0,0.0,0.0,0,0.00640646142153,0.0085830688476562,0.0,0.0,0.0042594396151029,0.0052452087402343,0.0064986092703683,0.0,0.0,0.009012222290039,0.0095367431640625,0.0131130218505859,0.0131130218505859,0.0202655792236328,0.0,0.496,0.0,1.424,0.0,113.256,25.152,27.344,0.0,521.024,0.0078678131103515,0.0078678131103515,0
12,0.0,0.0,0.0,0.0,0.0,0.0,0.0,0,0.0,0.0,0.0,0.0,0.0,0,0.0061312718177909,0.0083446502685546,0.0,0.0,0.0047683715820312,0.0047683715820312,0.0064986092703683,0.0,0.0,0.009012222290039,0.0095367431640625,0.0107288360595703,0.0107288360595703,0.0202655792236328,0.0,0.496,0.0,1.392,0.0,113.256,25.152,27.344,0.0,1.192,0.00762939453125,0.00762939453125,0
13,0.0,0.0,0.0,0.0,0.0,0.0,0.0,0,0.0,0.0,0.0,0.0,0.0,0,0.0063321169684914,0.0090599060058593,0.0,0.0,0.0047385692596435,0.005960464477539,0.0064986092703683,0.0,0.0,0.009012222290039,0.0095367431640625,0.0071525573730468,0.0071525573730468,0.0202655792236328,0.0,0.496,0.0,1.36,0.0,123.664,25.152,27.344,0.0,72.032,0.0071525573730468,0.0071525573730468,0
14,0.0,0.0,0.0,0.0,0.0,0.0,0.0,0,0.0,0.0,0.0,0.0,0.0,0,0.0064800034708051,0.0088214874267578,0.0,0.0,0.0039982969743491,0.0047683715820312,0.0064986092703683,0.0,0.0,0.009012222290039,0.0095367431640625,0.0100135803222656,0.0100135803222656,0.0202655792236328,0.0,0.496,0.0,1.424,0.0,114.728,25.152,27.344,0.0,2620.688,0.0092983245849609,0.0092983245849609,0
15,0.0,0.0,0.0,0.0,0.0,0.0,0.0,0,0.0,0.0,0.0,0.0,0.0,0,0.0065606624925907,0.0092983245849609,0.0,0.0,0.0040320589331819,0.0050067901611328,0.0064986092703683,0.0,0.0,0.009012222290039,0.0095367431640625,0.0162124633789062,0.0162124633789062,0.0202655792236328,0.0,0.496,0.0,1.424,0.0,116.248,25.152,27.344,0.0,3302.072,0.0085830688476562,0.0085830688476562,0
16,0.0,0.0,0.0,0.0,0.0,0.0,0.0,0,0.0,0.0,0.0,0.0,0.0,0,0.0064599514007568,0.0086069107055664,0.0,0.0,0.0042285559312352,0.0052452087402343,0.0064986092703683,0.0,0.0,0.009012222290039,0.0095367431640625,0.0083446502685546,0.0083446502685546,0.0202655792236328,0.0,0.496,0.0,1.424,0.0,112.0,25.152,27.344,0.0,1026.72,0.0073909759521484,0.0073909759521484,0
17,0.0,0.0,0.0,0.0,0.0,0.0,0.0,0,0.0,0.0,0.0,0.0,0.0,0,0.0062060000291511,0.0085830688476562,0.0,0.0,0.0047418806287977,0.0056982040405273,0.0064986092703683,0.0,0.0,0.009012222290039,0.0095367431640625,0.0085830688476562,0.0085830688476562,0.0202655792236328,0.0,0.496,0.0,1.424,0.0,114.52,25.152,27.344,0.0,107.408,0.0071525573730468,0.0071525573730468,0
18,0.0,0.0,0.0,0.0,0.0,0.0,0.0,0,0.0,0.0,0.0,0.0,0.0,0,0.0059687265075079,0.0078678131103515,0.0,0.0,0.0056028366088867,0.0058889389038085,0.0064986092703683,0.0,0.0,0.009012222290039,0.0095367431640625,0.0085830688476562,0.0085830688476562,0.0202655792236328,0.0,0.496,0.0,1.424,0.0,115.648,25.152,27.344,0.0,3.296,0.0069141387939453,0.0069141387939453,0
19,0.0,0.0,0.0,0.0,0.0,0.0,0.0,0,0.0,0.0,0.0,0.0,0.0,0,0.0059699067975034,0.0081062316894531,0.0,0.0,0.0054836273193359,0.0054836273193359,0.0064986092703683,0.0,0.0,0.009012222290039,0.0095367431640625,0.0081062316894531,0.0081062316894531,0.0202655792236328,0.0,0.496,0.0,1.36,0.0,118.448,25.152,27.344,0.0,8.112,0.0092983245849609,0.0092983245849609,0
20,0.0,0.0,0.0,0.0,0.0,0.0,0.0,0,0.0,0.0,0.0,0.0,0.0,0,0.0066969654347636,0.0090360641479492,0.0,0.0,0.0040704840855882,0.0047683715820312,0.0064986092703683,0.0,0.0,0.009012222290039,0.0095367431640625,0.0085830688476562,0.0085830688476562,0.0202655792236328,0.0,0.496,0.0,1.424,0.0,123.08,25.152,27.344,0.0,5442.512,0.0071525573730468,0.0071525573730468,0
21,0.0,0.0,0.0,0.0,0.0,0.0,0.0,0,0.0,0.0,0.0,0.0,0.0,0,0.0062060356140136,0.0085830688476562,0.0,0.0,0.0042366603064158,0.0050067901611328,0.0064986092703683,0.0,0.0,0.009012222290039,0.0095367431640625,0.0109672546386718,0.0109672546386718,0.0202655792236328,0.0,0.496,0.0,1.424,0.0,112.0,25.152,27.344,0.0,2408.688,0.0133514404296875,0.0133514404296875,0
22,0.0,0.0,0.0,0.0,0.0,0.0,0.0,0,0.0,0.0,0.0,0.0,0.0,0,0.0062417984008789,0.0085830688476562,0.0,0.0,0.0,0.0,0.0064986092703683,0.0,0.0,0.009012222290039,0.0095367431640625,0.0119209289550781,0.0119209289550781,0.0202655792236328,0.0,0.496,0.0,1.392,0.0,112.0,25.152,27.344,0.0,0.0,0.0078678131103515,0.0078678131103515,0
23,0.0,0.0,0.0,0.0,0.0,0.0,0.0,0,0.0,0.0,0.0,0.0,0.0,0,0.005960464477539,0.0081062316894531,0.0,0.0,0.0,0.0,0.0064986092703683,0.0,0.0,0.009012222290039,0.0095367431640625,0.0147819519042968,0.0147819519042968,0.0202655792236328,0.0,0.496,0.0,1.36,0.0,112.0,25.152,27.344,0.0,0.0,0.0078678131103515,0.0078678131103515,0
24,0.0,0.0,0.0,0.0,0.0,0.0,0.0,0,0.0,0.0,0.0,0.0,0.0,0,0.0065453534055813,0.0085830688476562,0.0,0.0,0.0041215200610147,0.0047683715820312,0.0064986092703683,0.0,0.0,0.009012222290039,0.0095367431640625,0.0083446502685546,0.0083446502685546,0.0202655792236328,0.0,0.496,0.0,1.424,0.0,132.208,25.152,27.344,0.0,3186.792,0.0128746032714843,0.0128746032714843,0
25,0.0,0.0,0.0,0.0,0.0,0.0,0.0,0,0.0,0.0,0.0,0.0,0.0,0,0.0065974335172283,0.0092983245849609,0.0,0.0,0.0040091796296075,0.0047683715820312,0.0064986092703683,0.0,0.0,0.009012222290039,0.0095367431640625,0.0221729278564453,0.0221729278564453,0.0202655792236328,0.0,0.496,0.0,1.424,0.0,113.256,25.152,27.344,0.0,3537.544,0.0112056732177734,0.0112056732177734,0
26,0.0,0.0,0.0,0.0,0.0,0.0,0.0,0,0.0,0.0,0.0,0.0,0.0,0,0.0059923323074189,0.0078678131103515,0.0,0.0,0.0069936116536458,0.0071525573730468,0.0064986092703683,0.0,0.0,0.009012222290039,0.0095367431640625,0.0102519989013671,0.0102519989013671,0.0202655792236328,0.0,0.496,0.0,1.424,0.0,118.448,25.152,27.344,0.0,8.472,0.0081062316894531,0.0081062316894531,0
27,0.0,0.0,0.0,0.0,0.0,0.0,0.0,0,0.0,0.0,0.0,0.0,0.0,0,0.0060185864197081,0.0078678131103515,0.0,0.0,0.0088214874267578,0.0088214874267578,0.0064986092703683,0.0,0.0,0.009012222290039,0.0095367431640625,0.0073909759521484,0.0073909759521484,0.0202655792236328,0.0,0.496,0.0,1.36,0.0,113.256,25.152,27.344,0.0,1.192,0.0081062316894531,0.0081062316894531,0
28,0.0,0.0,0.0,0.0,0.0,0.0,0.0,0,0.0,0.0,0.0,0.0,0.0,0,0.0060641765594482,0.0083446502685546,0.0,0.0,0.0,0.0,0.0064986092703683,0.0,0.0,0.009012222290039,0.0095367431640625,0.0132322311401367,0.0133275985717773,0.0202655792236328,0.0,1.344,0.0,2.208,0.0,112.0,25.152,27.344,0.0,0.0,0.0094890594482421,0.0092983245849609,0
29,0.0,0.0,0.0,0.0,0.0,0.0,0.0,0,0.0,0.0,0.0,0.0,0.0,0,0.0062835216522216,0.0083446502685546,0.0,0.0,0.0,0.0,0.0064986092703683,0.0,0.0,0.009012222290039,0.0095367431640625,0.0071525573730468,0.0071525573730468,0.0202655792236328,0.0,0.496,0.0,1.36,0.0,112.0,25.152,27.344,0.0,0.0,0.0057220458984375,0.0057220458984375,0
30,0.0,0.0,0.0,0.0,0.0,0.0,0.0,0,0.0,0.0,0.0,0.0,0.0,0,0.0065207481384277,0.0090599060058593,0.0,0.0,0.0,0.0,0.0064986092703683,0.0,0.0,0.009012222290039,0.0095367431640625,0.0073909759521484,0.0073909759521484,0.0202655792236328,0.0,0.496,0.0,1.36,0.0,112.0,25.152,27.344,0.0,0.0,0.0066757202148437,0.0066757202148437,0
31,0.0,0.0,0.0,0.0,0.0,0.0,0.0,0,0.0,0.0,0.0,0.0,0.0,0,0.0062501430511474,0.0085830688476562,0.0,0.0,0.0,0.0,0.0,0.0,0.0,0.0,0.0,0.0107288360595703,0.0107288360595703,0.0,0.0,0.496,0.0,1.36,0.0,112.0,0.0,0.0,0.0,0.0,0.0064373016357421,0.0064373016357421,0
32,0.0,0.0,0.0,0.0,0.0,0.0,0.0,0,0.0,0.0,0.0,0.0,0.0,0,0.0061241548452804,0.0081062316894531,0.0,0.0,0.0078678131103515,0.0078678131103515,0.0,0.0,0.0,0.0,0.0,0.0100135803222656,0.0100135803222656,0.0,0.0,0.496,0.0,1.36,0.0,113.256,0.0,0.0,0.0,1.192,0.009775161743164,0.009775161743164,0
33,0.0,0.0,0.0,0.0,0.0,0.0,0.0,0,0.0,0.0,0.0,0.0,0.0,0,0.0063258023997444,0.0085830688476562,0.0,0.0,0.0054836273193359,0.0054836273193359,0.007486343383789,0.0,0.0,0.0093936920166015,0.0127792358398437,0.0073909759521484,0.0073909759521484,0.0248908996582031,0.0,0.496,0.0,1.36,0.0,113.256,4.52,3.504,0.0,1.192,0.005960464477539,0.005960464477539,0
34,0.0,0.0,0.0,0.0,0.0,0.0,0.0,0,0.0,0.0,0.0,0.0,0.0,0,0.0065144709342919,0.0088214874267578,0.0045299530029296,0.0045299530029296,0.0040727567345381,0.0047683715820312,0.0,0.0145435333251953,0.0145435333251953,0.0,0.0,0.0069141387939453,0.0069141387939453,0.0,0.0,0.496,0.848,1.424,0.848,144.408,0.0,0.0,0.0,4267.352,0.0133514404296875,0.0133514404296875,0
35,0.0,0.0,0.0,0.0,0.0,0.0,0.0,0,0.0,0.0,0.0,0.0,0.0,0,0.0063121318817138,0.0085830688476562,0.0,0.0,0.0041188864872373,0.0047683715820312,0.0,0.0,0.0,0.0,0.0,0.0123977661132812,0.0123977661132812,0.0,0.0,0.496,0.0,1.424,0.0,116.328,0.0,0.0,0.0,1109.872,0.0081062316894531,0.0081062316894531,0
36,0.0,0.0,0.0,0.0,0.0,0.0,0.0,0,0.0,0.0,0.0,0.0,0.0,0,0.0060188770294189,0.0078916549682617,0.0109672546386718,0.0109672546386718,0.0,0.0,0.0,0.00762939453125,0.00762939453125,0.0,0.0,0.0088214874267578,0.0088214874267578,0.0,0.0,0.496,0.848,1.392,0.848,112.0,0.0,0.0,0.0,0.0,0.0116825103759765,0.0116825103759765,0
37,0.0,0.0,0.0,0.0,0.0,0.0,0.0,0,0.0,0.0,0.0,0.0,0.0,0,0.0059843063354492,0.0078678131103515,0.0,0.0,0.0,0.0,0.0066161155700683,0.0,0.0,0.0073432922363281,0.0119209289550781,0.0100135803222656,0.0100135803222656,0.0219345092773437,0.0,0.496,0.0,1.36,0.0,112.0,4.272,3.704,0.0,0.0,0.0095367431640625,0.0095367431640625,0
38,0.0,0.0,0.0,0.0,0.0,0.0,0.0,0,0.0,0.0,0.0,0.0,0.0,0,0.0060343742370605,0.0083684921264648,0.0,0.0,0.0,0.0,0.0061511993408203,0.0,0.0,0.0076770782470703,0.0114917755126953,0.0131130218505859,0.0131130218505859,0.0217437744140625,0.0,0.496,0.0,1.36,0.0,112.0,3.744,4.232,0.0,0.0,0.0071525573730468,0.0071525573730468,0
39,0.0,0.0,0.0,0.0,0.0,0.0,0.0,0,0.0,0.0,0.0,0.0,0.0,0,0.0062819144025963,0.0083446502685546,0.0,0.0,0.0070730845133463,0.0087261199951171,0.006413459777832,0.0,0.0,0.0088214874267578,0.0107049942016601,0.0162124633789062,0.0162124633789062,0.0252008438110351,0.0,0.496,0.0,1.424,0.0,117.888,8.264,7.736,0.0,14.6,0.0100135803222656,0.0100135803222656,0
40,0.0,0.0,0.0,0.0,0.0,0.0,0.0,0,0.0,0.0,0.0,0.0,0.0,0,0.0061502504111522,0.0083446502685546,0.0,0.0,0.0047683715820312,0.0047683715820312,0.0,0.0,0.0,0.0,0.0,0.009775161743164,0.009775161743164,0.0,0.0,0.496,0.0,1.392,0.0,113.256,0.0,0.0,0.0,1.192,0.0121593475341796,0.0121593475341796,0
41,0.0,0.0,0.0,0.0,0.0,0.0,0.0,0,0.0,0.0,0.0,0.0,0.0,0,0.0061549950594925,0.0083446502685546,0.0,0.0,0.0052452087402343,0.0052452087402343,0.0,0.0,0.0,0.0,0.0,0.0069141387939453,0.0069141387939453,0.0,0.0,0.496,0.0,1.36,0.0,113.256,0.0,0.0,0.0,1.192,0.0078678131103515,0.0078678131103515,0
42,0.0,0.0,0.0,0.0,0.0,0.0,0.0,0,0.0,0.0,0.0,0.0,0.0,0,0.0063753128051757,0.0090837478637695,0.0,0.0,0.0,0.0,0.0,0.0,0.0,0.0,0.0,0.0166893005371093,0.0166893005371093,0.0,0.0,0.496,0.0,1.36,0.0,112.0,0.0,0.0,0.0,0.0,0.00762939453125,0.00762939453125,0
43,0.0,0.0,0.0,0.0,0.0,0.0,0.0,0,0.0,0.0,0.0,0.0,0.0,0,0.0060594081878662,0.0083446502685546,0.0,0.0,0.0,0.0,0.0061511993408203,0.0,0.0,0.0080108642578125,0.0110149383544921,0.011444091796875,0.011444091796875,0.0210762023925781,0.0,0.496,0.0,1.36,0.0,112.0,3.744,4.232,0.0,0.0,0.0061988830566406,0.0061988830566406,0
44,0.0,0.0,0.0,0.0,0.0,0.0,0.0,0,0.0,0.0,0.0,0.0,0.0,0,0.0064650785575792,0.0091791152954101,0.0,0.0,0.0039605126864668,0.0045299530029296,0.0063896179199218,0.0,0.0,0.0082969665527343,0.0114917755126953,0.0092983245849609,0.0092983245849609,0.0215530395507812,0.0,0.496,0.0,1.36,0.0,143.152,3.744,4.232,0.0,6785.2,0.0088214874267578,0.0088214874267578,0
45,0.0,0.0,0.0,0.0,0.0,0.0,0.0,0,0.0,0.0,0.0,0.0,0.0,0,0.006871223449707,0.0092983245849609,0.0,0.0,0.0040339834896134,0.0047683715820312,0.0058889389038085,0.0,0.0,0.0081300735473632,0.010228157043457,0.0109672546386718,0.0109672546386718,0.0260114669799804,0.0,0.496,0.0,1.424,0.0,112.0,8.264,7.736,0.0,1593.376,0.0090599060058593,0.0090599060058593,0
46,0.0,0.0,0.0,0.0,0.0,0.0,0.0,0,0.0,0.0,0.0,0.0,0.0,0,0.005946230532518,0.0078678131103515,0.0,0.0,0.005960464477539,0.005960464477539,0.0,0.0,0.0,0.0,0.0,0.0071525573730468,0.0071525573730468,0.0,0.0,0.496,0.0,1.392,0.0,113.256,0.0,0.0,0.0,1.192,0.0066757202148437,0.0066757202148437,0
47,0.0,0.0,0.0,0.0,0.0,0.0,0.0,0,0.0,0.0,0.0,0.0,0.0,0,0.0062305939021368,0.0085353851318359,0.0,0.0,0.0043296813964843,0.0052452087402343,0.0,0.0,0.0,0.0,0.0,0.0162124633789062,0.0162124633789062,0.0,0.0,0.496,0.0,1.392,0.0,123.64,0.0,0.0,0.0,246.952,0.009775161743164,0.009775161743164,0
48,0.0,0.0,0.0,0.0,0.0,0.0,0.0,0,0.0,0.0,0.0,0.0,0.0,0,0.0063685042348074,0.0083446502685546,0.0,0.0,0.0085830688476562,0.0085830688476562,0.0,0.0,0.0,0.0,0.0,0.0104904174804687,0.0104904174804687,0.0,0.0,0.496,0.0,1.424,0.0,113.256,0.0,0.0,0.0,1.192,0.00762939453125,0.00762939453125,0
49,0.0,0.0,0.0,0.0,0.0,0.0,0.0,0,0.0,0.0,0.0,0.0,0.0,0,0.0065565109252929,0.0081300735473632,0.0,0.0,0.0,0.0,0.0059127807617187,0.0,0.0,0.0077247619628906,0.0113964080810546,0.0169277191162109,0.0169277191162109,0.021982192993164,0.0,0.496,0.0,1.36,0.0,112.0,3.744,4.232,0.0,0.0,0.0064373016357421,0.0064373016357421,0
50,0.0,0.0,0.0,0.0,0.0,0.0,0.0,0,0.0,0.0,0.0,0.0,0.0,0,0.0066053867340087,0.0085830688476562,0.0,0.0,0.0,0.0,0.0066280364990234,0.0,0.0,0.0081062316894531,0.0116348266601562,0.0085830688476562,0.0085830688476562,0.0226974487304687,0.0,0.496,0.0,1.36,0.0,112.0,3.744,4.232,0.0,0.0,0.0095367431640625,0.0095367431640625,0
51,0.0,0.0,0.0,0.0,0.0,0.0,0.0,0,0.0,0.0,0.0,0.0,0.0,0,0.0066363811492919,0.0083446502685546,0.0,0.0,0.0,0.0,0.0059366226196289,0.0,0.0,0.0081300735473632,0.0101089477539062,0.0116825103759765,0.0116825103759765,0.0233173370361328,0.0,0.496,0.0,1.36,0.0,112.0,8.264,7.736,0.0,0.0,0.0085830688476562,0.0085830688476562,0
52,0.0,0.0,0.0,0.0,0.0,0.0,0.0,0,0.0,0.0,0.0,0.0,0.0,0,0.0067305564880371,0.0086069107055664,0.0,0.0,0.0,0.0,0.0,0.0,0.0,0.0,0.0,0.0083446502685546,0.0083446502685546,0.0,0.0,0.496,0.0,1.36,0.0,112.0,0.0,0.0,0.0,0.0,0.0066757202148437,0.0066757202148437,0
53,0.0,0.0,0.0,0.0,0.0,0.0,0.0,0,0.0,0.0,0.0,0.0,0.0,0,0.0062692165374755,0.0083446502685546,0.0,0.0,0.0092983245849609,0.0092983245849609,0.0,0.0,0.0,0.0,0.0,0.0081062316894531,0.0081062316894531,0.0,0.0,0.496,0.0,1.36,0.0,112.696,0.0,0.0,0.0,1.192,0.0064373016357421,0.0064373016357421,0
54,0.0,0.0,0.0,0.0,0.0,0.0,0.0,0,0.0,0.0,0.0,0.0,0.0,0,0.0065605421573067,0.0088214874267578,0.0,0.0,0.0039760254690427,0.0045299530029296,0.0,0.0,0.0,0.0,0.0,0.0112056732177734,0.0112056732177734,0.0,0.0,0.496,0.0,1.36,0.0,144.408,0.0,0.0,0.0,4576.984,0.0085830688476562,0.0085830688476562,0
55,0.0,0.0,0.0,0.0,0.0,0.0,0.0,0,0.0,0.0,0.0,0.0,0.0,0,0.0059830015571556,0.0081062316894531,0.0,0.0,0.00762939453125,0.00762939453125,0.0058650970458984,0.0,0.0,0.0072479248046875,0.010538101196289,0.0104904174804687,0.0104904174804687,0.0198841094970703,0.0,0.496,0.0,1.424,0.0,113.256,3.744,4.232,0.0,1.192,0.0069141387939453,0.0069141387939453,0
56,0.0,0.0,0.0,0.0,0.0,0.0,0.0,0,0.0,0.0,0.0,0.0,0.0,0,0.0061158517106848,0.0083446502685546,0.0,0.0,0.0043756821576286,0.0061511993408203,0.0072002410888671,0.0,0.0,0.0096797943115234,0.0113964080810546,0.0073909759521484,0.0073909759521484,0.0220775604248046,0.0,0.496,0.0,1.424,0.0,117.192,3.744,4.232,0.0,163.768,0.0066757202148437,0.0066757202148437,0
57,0.0,0.0,0.0,0.0,0.0,0.0,0.0,0,0.0,0.0,0.0,0.0,0.0,0,0.006469169465622,0.0087976455688476,0.0,0.0,0.0041167660536269,0.0050067901611328,0.0066995620727539,0.0,0.0,0.0088691711425781,0.0111103057861328,0.009775161743164,0.009775161743164,0.0263452529907226,0.0,0.496,0.0,1.424,0.0,122.384,8.264,7.736,0.0,2090.792,0.0121593475341796,0.0121593475341796,0
58,0.0,0.0,0.0,0.0,0.0,0.0,0.0,0,0.0,0.0,0.0,0.0,0.0,0,0.0061988830566406,0.0081062316894531,0.0,0.0,0.0040490518916736,0.0047683715820312,0.0,0.0,0.0,0.0,0.0,0.0126361846923828,0.0126361846923828,0.0,0.0,0.496,0.0,1.424,0.0,117.192,0.0,0.0,0.0,1728.944,0.0069141387939453,0.0069141387939453,0
59,0.0,0.0,0.0,0.0,0.0,0.0,0.0,0,0.0,0.0,0.0,0.0,0.0,0,0.0063554564518715,0.0088214874267578,0.0,0.0,0.0039846405348018,0.0047683715820312,0.0,0.0,0.0,0.0,0.0,0.0128746032714843,0.0128746032714843,0.0,0.0,0.496,0.0,1.424,0.0,117.192,0.0,0.0,0.0,3933.096,0.0071525573730468,0.0071525573730468,0
60,0.0,0.0,0.0,0.0,0.0,0.0,0.0,0,0.0,0.0,0.0,0.0,0.0,0,0.0061658349367651,0.0081062316894531,0.0,0.0,0.0044923079641241,0.0055789947509765,0.0,0.0,0.0,0.0,0.0,0.0119209289550781,0.0134468078613281,0.0,0.0,1.344,0.0,2.272,0.0,115.52,0.0,0.0,0.0,170.008,0.0063896179199218,0.0061988830566406,0
61,0.0,0.0,0.0,0.0,0.0,0.0,0.0,0,0.0,0.0,0.0,0.0,0.0,0,0.0060126556092826,0.0083446502685546,0.0,0.0,0.005960464477539,0.005960464477539,0.006723403930664,0.0,0.0,0.0087261199951171,0.011301040649414,0.0112056732177734,0.0112056732177734,0.0219345092773437,0.0,0.496,0.0,1.424,0.0,113.256,3.744,4.232,0.0,1.192,0.0104904174804687,0.0104904174804687,0
62,0.0,0.0,0.0,0.0,0.0,0.0,0.0,0,0.0,0.0,0.0,0.0,0.0,0,0.0061280656569074,0.0078678131103515,0.0,0.0,0.0050181434268043,0.0085830688476562,0.005960464477539,0.0,0.0,0.0074386596679687,0.0131607055664062,0.0081062316894531,0.0081062316894531,0.0240325927734375,0.0,0.496,0.0,1.424,0.0,118.448,3.744,4.232,0.0,175.8,0.0066757202148437,0.0066757202148437,0
63,0.0,0.0,0.0,0.0,0.0,0.0,0.0,0,0.0,0.0,0.0,0.0,0.0,0,0.0061622940667785,0.0087976455688476,0.0,0.0,0.0042189722475798,0.0050067901611328,0.0060558319091796,0.0,0.0,0.0084400177001953,0.0104427337646484,0.0159740447998046,0.0159740447998046,0.024580955505371,0.0,0.496,0.0,1.36,0.0,122.384,8.264,7.736,0.0,424.8,0.0081062316894531,0.0081062316894531,0
64,0.0,0.0,0.0,0.0,0.0,0.0,0.0,0,0.0,0.0,0.0,0.0,0.0,0,0.0060737133026123,0.0085830688476562,0.0,0.0,0.0,0.0,0.0,0.0,0.0,0.0,0.0,0.0092983245849609,0.0092983245849609,0.0,0.0,0.496,0.0,1.424,0.0,112.0,0.0,0.0,0.0,0.0,0.0116825103759765,0.0116825103759765,0
65,0.0,0.0,0.0,0.0,0.0,0.0,0.0,0,0.0,0.0,0.0,0.0,0.0,0,0.0062966346740722,0.0088214874267578,0.0042915344238281,0.0042915344238281,0.0,0.0,0.0,0.0081062316894531,0.0081062316894531,0.0,0.0,0.0078678131103515,0.0078678131103515,0.0,0.0,0.496,0.848,1.36,0.848,112.0,0.0,0.0,0.0,0.0,0.0092983245849609,0.0092983245849609,0
66,0.0,0.0,0.0,0.0,0.0,0.0,0.0,0,0.0,0.0,0.0,0.0,0.0,0,0.0062859058380126,0.0088214874267578,0.0,0.0,0.0,0.0,0.0,0.0,0.0,0.0,0.0,0.0154972076416015,0.0154972076416015,0.0,0.0,0.496,0.0,1.36,0.0,112.0,0.0,0.0,0.0,0.0,0.0061988830566406,0.0061988830566406,0
67,0.0,0.0,0.0,0.0,0.0,0.0,0.0,0,0.0,0.0,0.0,0.0,0.0,0,0.006612917272056,0.0088214874267578,0.0069141387939453,0.0069141387939453,0.0040364695024919,0.0047683715820312,0.005960464477539,0.0057220458984375,0.0057220458984375,0.0077724456787109,0.0100135803222656,0.0104904174804687,0.0104904174804687,0.018310546875,0.0,0.496,0.848,1.424,0.848,134.024,3.744,4.232,0.0,4068.288,0.0081062316894531,0.0081062316894531,0
68,0.0,0.0,0.0,0.0,0.0,0.0,0.0,0,0.0,0.0,0.0,0.0,0.0,0,0.0059592783154539,0.0081062316894531,0.0,0.0,0.005960464477539,0.005960464477539,0.0058650970458984,0.0,0.0,0.0071048736572265,0.0107765197753906,0.0092983245849609,0.0092983245849609,0.0200748443603515,0.0,0.496,0.0,1.424,0.0,113.256,3.744,4.232,0.0,1.192,0.005960464477539,0.005960464477539,0
69,0.0,0.0,0.0,0.0,0.0,0.0,0.0,0,0.0,0.0,0.0,0.0,0.0,0,0.0059402997220926,0.0078678131103515,0.0,0.0,0.0050067901611328,0.0050067901611328,0.0065565109252929,0.0,0.0,0.0088214874267578,0.0111103057861328,0.0078678131103515,0.0078678131103515,0.0256061553955078,0.0,0.496,0.0,1.36,0.0,113.256,8.264,7.736,0.0,1.192,0.0085830688476562,0.0085830688476562,0
70,0.0,0.0,0.0,0.0,0.0,0.0,0.0,0,0.0,0.0,0.0,0.0,0.0,0,0.0060093402862548,0.0081062316894531,0.0,0.0,0.0,0.0,0.0,0.0,0.0,0.0,0.0,0.0133514404296875,0.0133514404296875,0.0,0.0,0.496,0.0,1.36,0.0,112.0,0.0,0.0,0.0,0.0,0.0078678131103515,0.0078678131103515,0
71,0.0,0.0,0.0,0.0,0.0,0.0,0.0,0,0.0,0.0,0.0,0.0,0.0,0,0.006567029392018,0.0092267990112304,0.0,0.0,0.0040898966723565,0.0047683715820312,0.0,0.0,0.0,0.0,0.0,0.0109672546386718,0.0109672546386718,0.0,0.0,0.496,0.0,1.36,0.0,132.768,0.0,0.0,0.0,3441.64,0.0073909759521484,0.0073909759521484,0
72,0.0,0.0,0.0,0.0,0.0,0.0,0.0,0,0.0,0.0,0.0,0.0,0.0,0,0.0066484384868868,0.0090599060058593,0.0,0.0,0.0041866876992834,0.0051259994506835,0.0,0.0,0.0,0.0,0.0,0.009775161743164,0.009775161743164,0.0,0.0,0.496,0.0,1.424,0.0,117.192,0.0,0.0,0.0,1595.616,0.00762939453125,0.00762939453125,0
73,0.0,0.0,0.0,0.0,0.0,0.0,0.0,0,0.0,0.0,0.0,0.0,0.0,0,0.0061595439910888,0.0083446502685546,0.0,0.0,0.0,0.0,0.0078201293945312,0.0,0.0,0.0101566314697265,0.0112533569335937,0.0147819519042968,0.0147819519042968,0.0210285186767578,0.0,0.496,0.0,1.424,0.0,112.0,3.744,4.232,0.0,0.0,0.0071525573730468,0.0071525573730468,0
74,0.0,0.0,0.0,0.0,0.0,0.0,0.0,0,0.0,0.0,0.0,0.0,0.0,0,0.0061882075978748,0.0083446502685546,0.0,0.0,0.0069141387939453,0.0069141387939453,0.006103515625,0.0,0.0,0.0077724456787109,0.0113964080810546,0.0109672546386718,0.0109672546386718,0.0214576721191406,0.0,0.496,0.0,1.36,0.0,113.256,3.744,4.232,0.0,1.192,0.009775161743164,0.009775161743164,0
75,0.0,0.0,0.0,0.0,0.0,0.0,0.0,0,0.0,0.0,0.0,0.0,0.0,0,0.0060292618784738,0.0078678131103515,0.0,0.0,0.0073909759521484,0.0073909759521484,0.0062465667724609,0.0,0.0,0.0084400177001953,0.0101566314697265,0.0090599060058593,0.0090599060058593,0.0237703323364257,0.0,0.496,0.0,1.36,0.0,113.256,8.264,7.736,0.0,1.192,0.0057220458984375,0.0057220458984375,0
76,0.0,0.0,0.0,0.0,0.0,0.0,0.0,0,0.0,0.0,0.0,0.0,0.0,0,0.0060257033922185,0.0078678131103515,0.0,0.0,0.0066757202148437,0.0066757202148437,0.0,0.0,0.0,0.0,0.0,0.0116825103759765,0.0116825103759765,0.0,0.0,0.496,0.0,1.36,0.0,113.256,0.0,0.0,0.0,1.192,0.005960464477539,0.005960464477539,0
77,0.0,0.0,0.0,0.0,0.0,0.0,0.0,0,0.0,0.0,0.0,0.0,0.0,0,0.0061821937561035,0.0083684921264648,0.0,0.0,0.0,0.0,0.0,0.0,0.0,0.0,0.0,0.0157356262207031,0.0157356262207031,0.0,0.0,0.496,0.0,1.36,0.0,112.0,0.0,0.0,0.0,0.0,0.0066757202148437,0.0066757202148437,0
78,0.0,0.0,0.0,0.0,0.0,0.0,0.0,0,0.0,0.0,0.0,0.0,0.0,0,0.0060517989580904,0.0078678131103515,0.0,0.0,0.0058412551879882,0.0072717666625976,0.0,0.0,0.0,0.0,0.0,0.011444091796875,0.011444091796875,0.0,0.0,0.496,0.0,1.424,0.0,117.192,0.0,0.0,0.0,22.864,0.0090599060058593,0.0090599060058593,0
79,0.0,0.0,0.0,0.0,0.0,0.0,0.0,0,0.0,0.0,0.0,0.0,0.0,0,0.0062810564504086,0.0088214874267578,0.0,0.0,0.0042395158247514,0.0051498413085937,0.0062465667724609,0.0,0.0,0.00762939453125,0.0113964080810546,0.0116825103759765,0.0116825103759765,0.0224590301513671,0.0,0.496,0.0,1.36,0.0,139.856,3.744,4.232,0.0,500.504,0.0054836273193359,0.0054836273193359,0
80,0.0,0.0,0.0,0.0,0.0,0.0,0.0,0,0.0,0.0,0.0,0.0,0.0,0,0.0065440562233996,0.0088214874267578,0.0,0.0,0.004573040697948,0.0056743621826171,0.0060081481933593,0.0,0.0,0.00762939453125,0.0107288360595703,0.0131130218505859,0.0131130218505859,0.0200748443603515,0.0,0.496,0.0,1.424,0.0,114.584,3.744,4.232,0.0,427.496,0.0071525573730468,0.0071525573730468,0
81,0.0,0.0,0.0,0.0,0.0,0.0,0.0,0,0.0,0.0,0.0,0.0,0.0,0,0.0062902175371919,0.0083446502685546,0.0,0.0,0.0054155077253069,0.0062465667724609,0.0071525573730468,0.0,0.0,0.0087261199951171,0.0118494033813476,0.011444091796875,0.011444091796875,0.0262022018432617,0.0,0.496,0.0,1.424,0.0,113.256,8.264,7.736,0.0,14.968,0.0071525573730468,0.0071525573730468,0
82,0.0,0.0,0.0,0.0,0.0,0.0,0.0,0,0.0,0.0,0.0,0.0,0.0,0,0.0066169964268877,0.0092983245849609,0.0,0.0,0.0038801178574068,0.0045299530029296,0.0,0.0,0.0,0.0,0.0,0.0081062316894531,0.0081062316894531,0.0,0.0,0.496,0.0,1.36,0.0,123.64,0.0,0.0,0.0,18561.216,0.0083446502685546,0.0083446502685546,0
83,0.0,0.0,0.0,0.0,0.0,0.0,0.0,0,0.0,0.0,0.0,0.0,0.0,0,0.0072292762227577,0.0097513198852539,0.0,0.0,0.0039005816318304,0.0045299530029296,0.0,0.0,0.0,0.0,0.0,0.0133514404296875,0.0133514404296875,0.0,0.0,0.496,0.0,1.424,0.0,118.448,0.0,0.0,0.0,17541.168,0.0092983245849609,0.0092983245849609,0
84,0.0,0.0,0.0,0.0,0.0,0.0,0.0,0,0.0,0.0,0.0,0.0,0.0,0,0.0061392784118652,0.0083446502685546,0.0,0.0,0.0,0.0,0.0,0.0,0.0,0.0,0.0,0.0150203704833984,0.0150203704833984,0.0,0.0,0.496,0.0,1.424,0.0,112.0,0.0,0.0,0.0,0.0,0.0069141387939453,0.0069141387939453,0
85,0.0,0.0,0.0,0.0,0.0,0.0,0.0,0,0.0,0.0,0.0,0.0,0.0,0,0.0060617923736572,0.0083446502685546,0.0,0.0,0.0,0.0,0.006103515625,0.0,0.0,0.0076770782470703,0.012063980102539,0.0126361846923828,0.0126361846923828,0.0230312347412109,0.0,0.496,0.0,1.36,0.0,112.0,3.744,4.232,0.0,0.0,0.0066757202148437,0.0066757202148437,0
86,0.0,0.0,0.0,0.0,0.0,0.0,0.0,0,0.0,0.0,0.0,0.0,0.0,0,0.0060558319091796,0.0081062316894531,0.0,0.0,0.0,0.0,0.0062942504882812,0.0,0.0,0.0078678131103515,0.0118732452392578,0.0073909759521484,0.0073909759521484,0.022745132446289,0.0,0.496,0.0,1.36,0.0,112.0,3.744,4.232,0.0,0.0,0.0078678131103515,0.0078678131103515,0
87,0.0,0.0,0.0,0.0,0.0,0.0,0.0,0,0.0,0.0,0.0,0.0,0.0,0,0.0069410193200204,0.009465217590332,0.0,0.0,0.003890470325772,0.0045299530029296,0.0064611434936523,0.0,0.0,0.0088214874267578,0.0106334686279296,0.0104904174804687,0.0104904174804687,0.0244379043579101,0.0,0.496,0.0,1.424,0.0,132.768,8.264,7.736,0.0,30051.648,0.0112056732177734,0.0112056732177734,0
88,0.0,0.0,0.0,0.0,0.0,0.0,0.0,0,0.0,0.0,0.0,0.0,0.0,0,0.0072493411526821,0.010228157043457,0.0,0.0,0.0038609072573838,0.0045299530029296,0.0,0.0,0.0,0.0,0.0,0.0116825103759765,0.0116825103759765,0.0,0.0,0.496,0.0,1.424,0.0,118.448,0.0,0.0,0.0,20853.16,0.0083446502685546,0.0083446502685546,0
89,0.0,0.0,0.0,0.0,0.0,0.0,0.0,0,0.0,0.0,0.0,0.0,0.0,0,0.0061360164661312,0.0081062316894531,0.0,0.0,0.0045299530029296,0.0045299530029296,0.0,0.0,0.0,0.0,0.0,0.0116825103759765,0.0116825103759765,0.0,0.0,0.496,0.0,1.424,0.0,113.256,0.0,0.0,0.0,1.192,0.0078678131103515,0.0078678131103515,0
90,0.0,0.0,0.0,0.0,0.0,0.0,0.0,0,0.0,0.0,0.0,0.0,0.0,0,0.0060802668481323,0.0081062316894531,0.0,0.0,0.0045299530029296,0.0045299530029296,0.0066280364990234,0.0,0.0,0.0091075897216796,0.0109354654947916,0.00762939453125,0.00762939453125,0.0237464904785156,0.0,0.496,0.0,1.36,0.0,113.256,10.776,11.312,0.0,1.192,0.0066757202148437,0.0066757202148437,0
91,0.0,0.0,0.0,0.0,0.0,0.0,0.0,0,0.0,0.0,0.0,0.0,0.0,0,0.0060069561004638,0.0081062316894531,0.0,0.0,0.0,0.0,0.0064849853515625,0.0,0.0,0.0085830688476562,0.0110149383544921,0.0083446502685546,0.0087261199951171,0.0205516815185546,0.0,1.344,0.0,2.208,0.0,112.0,3.744,4.232,0.0,0.0,0.005650520324707,0.0053644180297851,0
92,0.0,0.0,0.0,0.0,0.0,0.0,0.0,0,0.0,0.0,0.0,0.0,0.0,0,0.0060641765594482,0.0083446502685546,0.0,0.0,0.0,0.0,0.0060081481933593,0.0,0.0,0.0075340270996093,0.0111103057861328,0.0116825103759765,0.0116825103759765,0.0206947326660156,0.0,0.496,0.0,1.36,0.0,112.0,3.744,4.232,0.0,0.0,0.0061988830566406,0.0061988830566406,0
93,0.0,0.0,0.0,0.0,0.0,0.0,0.0,0,0.0,0.0,0.0,0.0,0.0,0,0.0064444541931152,0.0090599060058593,0.0,0.0,0.0,0.0,0.0064373016357421,0.0,0.0,0.0086784362792968,0.0110387802124023,0.0092983245849609,0.0092983245849609,0.0271081924438476,0.0,0.496,0.0,1.36,0.0,112.0,8.264,7.736,0.0,0.0,0.0081062316894531,0.0081062316894531,0
94,0.0,0.0,0.0,0.0,0.0,0.0,0.0,0,0.0,0.0,0.0,0.0,0.0,0,0.0061734208782899,0.0089406967163085,0.0,0.0,0.0038805704915799,0.0045299530029296,0.0,0.0,0.0,0.0,0.0,0.0121593475341796,0.0121593475341796,0.0,0.0,0.496,0.0,1.36,0.0,141.568,0.0,0.0,0.0,6202.84,0.0073909759521484,0.0073909759521484,0
95,0.0,0.0,0.0,0.0,0.0,0.0,0.0,0,0.0,0.0,0.0,0.0,0.0,0,0.0071962281028823,0.0095367431640625,0.0078678131103515,0.0078678131103515,0.0038768578557166,0.0045299530029296,0.0,0.0078678131103515,0.0078678131103515,0.0,0.0,0.0083446502685546,0.0083446502685546,0.0,0.0,0.496,0.848,1.424,0.848,118.448,0.0,0.0,0.0,18615.784,0.0131130218505859,0.0131130218505859,0
96,0.0,0.0,0.0,0.0,0.0,0.0,0.0,0,0.0,0.0,0.0,0.0,0.0,0,0.0070463312734471,0.0097513198852539,0.0,0.0,0.0039114093573646,0.0045299530029296,0.0,0.0,0.0,0.0,0.0,0.0131130218505859,0.0131130218505859,0.0,0.0,0.496,0.0,1.424,0.0,118.448,0.0,0.0,0.0,14881.288,0.0078678131103515,0.0078678131103515,0
97,0.0,0.0,0.0,0.0,0.0,0.0,0.0,0,0.0,0.0,0.0,0.0,0.0,0,0.006579641085952,0.0090599060058593,0.0,0.0,0.003960473196847,0.0047683715820312,0.0066757202148437,0.0,0.0,0.0090599060058593,0.0112533569335937,0.0128746032714843,0.0128746032714843,0.0214099884033203,0.0,0.496,0.0,1.424,0.0,113.256,3.744,4.232,0.0,5578.248,148501.89113616943,148501.89113616943,1
98,0.0,0.0,0.0,0.0,0.0,0.0,0.0,0,0.0,0.0,0.0,0.0,0.0,0,0.0060660329031113,0.0083446502685546,0.0121593475341796,0.0121593475341796,0.0053346157073974,0.0069856643676757,0.0063896179199218,0.0042915344238281,0.0042915344238281,0.0077724456787109,0.0110626220703125,0.0,0.0,0.0209331512451171,1.0,0.0,0.848,2.448,0.848,114.84,3.744,4.232,0.0,33.168,147456.00700378418,147456.00700378418,1
99,0.0,0.0,0.0,0.0,0.0,0.0,0.0,0,0.0,0.0,0.0,0.0,0.0,0,0.0062954425811767,0.0081300735473632,0.0,0.0,0.0,0.0,0.0070095062255859,0.0,0.0,0.0091314315795898,0.0111103057861328,0.0,0.0,0.0278234481811523,0.0,0.0,0.0,1.904,0.0,112.0,8.264,7.736,100.0,0.0,0.0,0.0,1
100,0.0,0.0,0.0,0.0,0.0,0.0,0.0,0,0.0,0.0,0.0,0.0,0.0,0,0.0060582160949707,0.0086069107055664,0.0,0.0,0.0,0.0,0.0,0.0,0.0,0.0,0.0,0.0,0.0,0.0,1.0,0.0,0.0,4.496,0.0,112.0,0.0,0.0,0.0,0.0,145408.01811218262,145408.01811218262,1
101,0.0,0.0,0.0,0.0,0.0,0.0,0.0,0,0.0,0.0,0.0,0.0,0.0,0,0.0059759616851806,0.0078678131103515,0.0,0.0,0.0,0.0,0.0,0.0,0.0,0.0,0.0,0.0,0.0,0.0,0.0,0.0,0.0,0.0,0.0,112.0,0.0,0.0,0.0,0.0,0.0,0.0,1
102,0.0,0.0,0.0,0.0,0.0,0.0,0.0,0,0.0,0.0,0.0,0.0,0.0,0,0.0066629270227943,0.0095367431640625,0.0,0.0,0.003864356969669,0.0045299530029296,0.0,0.0,0.0,0.0,0.0,0.0,0.0,0.0,0.0,0.0,0.0,2.832,0.0,137.96,0.0,0.0,100.0,20267.792,0.0,0.0,1
103,0.0,0.0,0.0,0.0,0.0,0.0,0.0,0,0.0,0.0,0.0,0.0,0.0,0,0.0073059950724686,0.0097513198852539,0.0,0.0,0.0038631847135992,0.0045299530029296,0.0066280364990234,0.0,0.0,0.0082015991210937,0.0116348266601562,0.0,0.0,0.0218391418457031,0.0,0.0,0.0,0.0,0.0,118.448,3.744,4.232,100.0,40456.104,0.0,0.0,1
104,0.0,0.0,0.0,0.0,0.0,0.0,0.0,0,0.0,0.0,0.0,0.0,0.0,0,0.0070019147882414,0.0092983245849609,0.0,0.0,0.0054836273193359,0.0054836273193359,0.0061988830566406,0.0,0.0,0.0081539154052734,0.0107765197753906,0.0,0.0,0.0206470489501953,0.0,0.0,0.0,0.0,0.0,113.256,3.744,4.232,100.0,1.192,0.0,0.0,1
105,0.0,0.0,0.0,0.0,0.0,0.0,0.0,0,0.0,0.0,0.0,0.0,0.0,0,0.0061502504111522,0.0088214874267578,0.0,0.0,0.0078678131103515,0.0078678131103515,0.0064611434936523,0.0,0.0,0.0086545944213867,0.0111579895019531,0.0,0.0,0.0284433364868164,1.0,0.0,0.0,8.592,0.0,113.256,8.264,7.736,0.0,1.192,141376.01590156555,141376.01590156555,1
106,0.0,0.0,0.0,0.0,0.0,0.0,0.0,0,0.0,0.0,0.0,0.0,0.0,0,0.0060880184173583,0.0081300735473632,0.0,0.0,0.0,0.0,0.0,0.0,0.0,0.0,0.0,0.0,0.0,0.0,0.0,0.0,0.0,0.0,0.0,112.0,0.0,0.0,0.0,0.0,0.0,0.0,1
107,0.0,0.0,0.0,0.0,0.0,0.0,0.0,0,0.0,0.0,0.0,0.0,0.0,0,0.0058686733245849,0.00762939453125,0.0,0.0,0.0,0.0,0.0,0.0,0.0,0.0,0.0,0.0,0.0,0.0,0.0,0.0,0.0,0.0,0.0,112.0,0.0,0.0,0.0,0.0,0.0,0.0,1
108,0.0,0.0,0.0,0.0,0.0,0.0,0.0,0,0.0,0.0,0.0,0.0,0.0,0,0.0063693523406982,0.0088214874267578,0.0,0.0,0.0,0.0,0.0,0.0,0.0,0.0,0.0,0.0,0.0,0.0,0.0,0.0,0.0,0.0,0.0,112.0,0.0,0.0,0.0,0.0,0.0,0.0,1
109,0.0,0.0,0.0,0.0,0.0,0.0,0.0,0,0.0,0.0,0.0,0.0,0.0,0,0.0060641765594482,0.0081062316894531,0.0,0.0,0.0,0.0,0.0075817108154296,0.0,0.0,0.011301040649414,0.011444091796875,0.0,0.0,0.0214576721191406,0.0,0.0,0.0,0.0,0.0,112.0,3.744,4.232,0.0,0.0,0.0,0.0,1
110,0.0,0.0,0.0,0.0,0.0,0.0,0.0,0,0.0,0.0,0.0,0.0,0.0,0,0.0069556028946586,0.0095367431640625,0.0,0.0,0.0038832730176497,0.0045299530029296,0.006103515625,0.0,0.0,0.0076770782470703,0.0112533569335937,0.0,0.0,0.0209331512451171,0.0,0.0,0.0,0.0,0.0,142.248,3.744,4.232,0.0,17379.504,0.0,0.0,1
111,0.0,0.0,0.0,0.0,0.0,0.0,0.0,0,0.0,0.0,0.0,0.0,0.0,0,0.0066851625348081,0.0095129013061523,0.0,0.0,0.004004406672652,0.0047683715820312,0.0060319900512695,0.0,0.0,0.0083684921264648,0.0101804733276367,0.0,0.0,0.0240802764892578,0.0,0.0,0.0,0.0,0.0,118.448,8.264,7.736,0.0,8525.16,0.0,0.0,1
112,0.0,0.0,0.0,0.0,0.0,0.0,0.0,0,0.0,0.0,0.0,0.0,0.0,0,0.005960464477539,0.0081062316894531,0.0,0.0,0.0045299530029296,0.0045299530029296,0.0,0.0,0.0,0.0,0.0,0.0,0.0,0.0,0.0,0.0,0.0,0.0,0.0,113.256,0.0,0.0,0.0,1.192,0.0,0.0,1
113,0.0,0.0,0.0,0.0,0.0,0.0,0.0,0,0.0,0.0,0.0,0.0,0.0,0,0.0060784816741943,0.0083446502685546,0.0,0.0,0.0,0.0,0.0,0.0,0.0,0.0,0.0,0.0,0.0,0.0,0.0,0.0,0.0,9.008,0.0,112.0,0.0,0.0,100.0,0.0,0.0,0.0,1
114,0.0,0.0,0.0,0.0,0.0,0.0,0.0,0,0.0,0.0,0.0,0.0,0.0,0,0.006105899810791,0.0081062316894531,0.0,0.0,0.0,0.0,0.0,0.0,0.0,0.0,0.0,0.0,0.0,0.0,0.0,0.0,0.0,0.0,0.0,112.0,0.0,0.0,100.0,0.0,0.0,0.0,1
115,0.0,0.0,0.0,0.0,0.0,0.0,0.0,0,0.0,0.0,0.0,0.0,0.0,0,0.0061547756195068,0.0083446502685546,0.0,0.0,0.0,0.0,0.005960464477539,0.0,0.0,0.0073909759521484,0.0106334686279296,0.0,0.0,0.0193595886230468,0.0,0.0,0.0,0.0,0.0,112.0,3.744,4.232,100.0,0.0,0.0,0.0,1
116,0.0,0.0,0.0,0.0,0.0,0.0,0.0,0,0.0,0.0,0.0,0.0,0.0,0,0.0061368942260742,0.0081062316894531,0.0,0.0,0.0,0.0,0.0058650970458984,0.0,0.0,0.0073909759521484,0.01068115234375,0.0,0.0,0.0202655792236328,0.0,0.0,0.0,0.0,0.0,112.0,3.744,4.232,100.0,0.0,0.0,0.0,1
117,0.0,0.0,0.0,0.0,0.0,0.0,0.0,0,0.0,0.0,0.0,0.0,0.0,0,0.0060980592794086,0.0081062316894531,0.0,0.0,0.0092983245849609,0.0092983245849609,0.0068611568874782,0.0,0.0,0.0101089477539062,0.0105987895618785,0.0,0.0,0.0274181365966796,0.0,0.0,0.0,0.0,0.0,113.256,8.792,7.208,100.0,1.192,0.0,0.0,1
118,0.0,0.0,0.0,0.0,0.0,0.0,0.0,0,0.0,0.0,0.0,0.0,0.0,0,0.0063405520674111,0.0085830688476562,0.0,0.0,0.0038801856307001,0.0045299530029296,0.0,0.0,0.0,0.0,0.0,0.0,0.0,0.0,0.0,0.0,0.0,0.0,0.0,144.408,0.0,0.0,100.0,5293.104,0.0,0.0,1
119,0.0,0.0,0.0,0.0,0.0,0.0,0.0,0,0.0,0.0,0.0,0.0,0.0,0,0.0061253410073655,0.0081062316894531,0.0,0.0,0.0066757202148437,0.0066757202148437,0.0,0.0,0.0,0.0,0.0,0.0,0.0,0.0,0.0,0.0,0.0,0.0,0.0,113.256,0.0,0.0,100.0,1.192,0.0,0.0,1
120,0.0,0.0,0.0,0.0,0.0,0.0,0.0,0,0.0,0.0,0.0,0.0,0.0,0,0.0061599334867874,0.008559226989746,0.0,0.0,0.0082254409790039,0.0083208084106445,0.0,0.0,0.0,0.0,0.0,0.0,0.0,0.0,0.0,0.0,0.0,0.0,0.0,121.696,0.0,0.0,100.0,12.464,0.0,0.0,1
121,0.0,0.0,0.0,0.0,0.0,0.0,0.0,0,0.0,0.0,0.0,0.0,0.0,0,0.0058221817016601,0.0078678131103515,0.0,0.0,0.0,0.0,0.0060558319091796,0.0,0.0,0.0076770782470703,0.0106334686279296,0.0,0.0,0.0195980072021484,1.0,0.0,0.0,11.632,0.0,112.0,3.744,4.232,0.0,0.0,124928.00664901732,124928.00664901732,1
122,0.0,0.0,0.0,0.0,0.0,0.0,0.0,0,0.0,0.0,0.0,0.0,0.0,0,0.006035566329956,0.0085830688476562,0.0,0.0,0.0,0.0,0.0063896179199218,0.0,0.0,0.0080585479736328,0.0109195709228515,0.0143051147460937,0.0143051147460937,0.0202655792236328,1.0,0.848,0.0,3.888,0.0,112.0,3.744,4.232,100.0,0.0,0.0,0.0,1
123,0.0,0.0,0.0,0.0,0.0,0.0,0.0,0,0.0,0.0,0.0,0.0,0.0,0,0.0061119718504656,0.0081062316894531,0.0,0.0,0.0064671039581298,0.0088930130004882,0.0064373016357421,0.0,0.0,0.0084638595581054,0.0109434127807617,0.0,0.0,0.0245571136474609,0.0,0.0,0.0,0.0,0.0,119.752,8.264,7.736,100.0,18.496,0.0,0.0,1
124,0.0,0.0,0.0,0.0,0.0,0.0,0.0,0,0.0,0.0,0.0,0.0,0.0,0,0.0062570049988096,0.0085830688476562,0.0,0.0,0.0042915344238281,0.0042915344238281,0.0,0.0,0.0,0.0,0.0,0.0,0.0,0.0,0.0,0.0,0.0,0.0,0.0,113.256,0.0,0.0,100.0,1.192,0.0,0.0,1
125,0.0,0.0,0.0,0.0,0.0,0.0,0.0,0,0.0,0.0,0.0,0.0,0.0,0,0.0062258959991004,0.0083446502685546,0.0,0.0,0.0052716996934678,0.0068187713623046,0.0,0.0,0.0,0.0,0.0,0.0,0.0,0.0,0.0,0.0,0.0,0.0,0.0,123.64,0.0,0.0,100.0,138.592,0.0,0.0,1
126,0.0,0.0,0.0,0.0,0.0,0.0,0.0,0,0.0,0.0,0.0,0.0,0.0,0,0.0061490642490671,0.0083446502685546,0.0,0.0,0.0085830688476562,0.0085830688476562,0.0,0.0,0.0,0.0,0.0,0.0,0.0,0.0,0.0,0.0,0.0,0.0,0.0,113.256,0.0,0.0,100.0,1.192,0.0,0.0,1
127,0.0,0.0,0.0,0.0,0.0,0.0,0.0,0,0.0,0.0,0.0,0.0,0.0,0,0.0061103613069742,0.0083446502685546,0.0054836273193359,0.0054836273193359,0.0077486038208007,0.0087976455688476,0.0066757202148437,0.00762939453125,0.00762939453125,0.0090599060058593,0.0103950500488281,0.0,0.0,0.0194549560546875,0.0,0.0,0.848,0.0,0.848,122.384,3.744,4.232,100.0,18.384,0.0,0.0,1
128,0.0,0.0,0.0,0.0,0.0,0.0,0.0,0,0.0,0.0,0.0,0.0,0.0,0,0.0062854728888516,0.0083446502685546,0.0,0.0,0.0050393017855557,0.0063180923461914,0.0057697296142578,0.0,0.0,0.0072956085205078,0.0111103057861328,0.0,0.0,0.0207424163818359,0.0,0.0,0.0,0.0,0.0,114.6,3.744,4.232,100.0,145.536,0.0,0.0,1
129,0.0,0.0,0.0,0.0,0.0,0.0,0.0,0,0.0,0.0,0.0,0.0,0.0,0,0.0062415848917035,0.0085830688476562,0.0,0.0,0.0050067901611328,0.0069141387939453,0.0066041946411132,0.0,0.0,0.0084877014160156,0.010085105895996,0.0,0.0,0.0231027603149414,0.0,0.0,0.0,0.0,0.0,117.192,8.264,7.736,100.0,69.792,0.0,0.0,1
130,0.0,0.0,0.0,0.0,0.0,0.0,0.0,0,0.0,0.0,0.0,0.0,0.0,0,0.0059294700622558,0.0081062316894531,0.0078678131103515,0.0078678131103515,0.0,0.0,0.0,0.0045299530029296,0.0045299530029296,0.0,0.0,0.0,0.0,0.0,0.0,0.0,0.848,0.0,0.848,112.0,0.0,0.0,100.0,0.0,0.0,0.0,1
131,0.0,0.0,0.0,0.0,0.0,0.0,0.0,0,0.0,0.0,0.0,0.0,0.0,0,0.0060826099564876,0.0078201293945312,0.0,0.0,0.0065167744954427,0.0078678131103515,0.0,0.0,0.0,0.0,0.0,0.0,0.0,0.0,0.0,0.0,0.0,0.0,0.0,123.64,0.0,0.0,100.0,14.968,0.0,0.0,1
132,0.0,0.0,0.0,0.0,0.0,0.0,0.0,0,0.0,0.0,0.0,0.0,0.0,0,0.0062826836463248,0.0085830688476562,0.0,0.0,0.0072956085205078,0.0081062316894531,0.0,0.0,0.0,0.0,0.0,0.0,0.0,0.0,0.0,0.0,0.0,0.0,0.0,118.448,0.0,0.0,100.0,40.52,0.0,0.0,1
133,0.0,0.0,0.0,0.0,0.0,0.0,0.0,0,0.0,0.0,0.0,0.0,0.0,0,0.0060743360377069,0.0081062316894531,0.0,0.0,0.0045299530029296,0.0045299530029296,0.0064373016357421,0.0,0.0,0.008392333984375,0.0109672546386718,0.0,0.0,0.0202655792236328,0.0,0.0,0.0,0.0,0.0,113.256,3.744,4.232,100.0,1.192,0.0,0.0,1
134,0.0,0.0,0.0,0.0,0.0,0.0,0.0,0,0.0,0.0,0.0,0.0,0.0,0,0.0062787532806396,0.0085830688476562,0.0,0.0,0.0,0.0,0.005960464477539,0.0,0.0,0.007486343383789,0.0110626220703125,0.0,0.0,0.0209808349609375,0.0,0.0,0.0,0.0,0.0,112.0,3.744,4.232,100.0,0.0,0.0,0.0,1
135,0.0,0.0,0.0,0.0,0.0,0.0,0.0,0,0.0,0.0,0.0,0.0,0.0,0,0.0060423096614097,0.0081062316894531,0.0,0.0,0.0081062316894531,0.0081062316894531,0.0061750411987304,0.0,0.0,0.0084161758422851,0.0105857849121093,0.0,0.0,0.0266313552856445,0.0,0.0,0.0,0.0,0.0,117.192,8.264,7.736,100.0,5.32,0.0,0.0,1
136,0.0,0.0,0.0,0.0,0.0,0.0,0.0,0,0.0,0.0,0.0,0.0,0.0,0,0.005887746810913,0.0078678131103515,0.0,0.0,0.0,0.0,0.0,0.0,0.0,0.0,0.0,0.0,0.0,0.0,0.0,0.0,0.0,0.0,0.0,112.0,0.0,0.0,100.0,0.0,0.0,0.0,1
137,0.0,0.0,0.0,0.0,0.0,0.0,0.0,0,0.0,0.0,0.0,0.0,0.0,0,0.0063239359388164,0.0085830688476562,0.0,0.0,0.005960464477539,0.0085830688476562,0.0,0.0,0.0,0.0,0.0,0.0,0.0,0.0,0.0,0.0,0.0,0.0,0.0,132.768,0.0,0.0,100.0,85.656,0.0,0.0,1
138,0.0,0.0,0.0,0.0,0.0,0.0,0.0,0,0.0,0.0,0.0,0.0,0.0,0,0.0062036277049809,0.0083446502685546,0.0,0.0,0.0047683715820312,0.0047683715820312,0.0,0.0,0.0,0.0,0.0,0.0,0.0,0.0,0.0,0.0,0.0,0.0,0.0,113.256,0.0,0.0,100.0,1.192,0.0,0.0,1
139,0.0,0.0,0.0,0.0,0.0,0.0,0.0,0,0.0,0.0,0.0,0.0,0.0,0,0.0063128072052753,0.0083446502685546,0.0,0.0,0.0049273173014322,0.005960464477539,0.0059127807617187,0.0,0.0,0.0072479248046875,0.0110626220703125,0.0,0.0,0.0209808349609375,0.0,0.0,0.0,0.0,0.0,121.016,3.744,4.232,100.0,29.936,0.0,0.0,1
140,0.0,0.0,0.0,0.0,0.0,0.0,0.0,0,0.0,0.0,0.0,0.0,0.0,0,0.0060761328971031,0.0085830688476562,0.0,0.0,0.0054652874286358,0.0066280364990234,0.0071525573730468,0.0,0.0,0.009012222290039,0.0116825103759765,0.0,0.0,0.021982192993164,0.0,0.0,0.0,0.0,0.0,118.448,3.744,4.232,100.0,82.552,0.0,0.0,1
141,0.0,0.0,0.0,0.0,0.0,0.0,0.0,0,0.0,0.0,0.0,0.0,0.0,0,0.0061488151550292,0.0083446502685546,0.008392333984375,0.0096797943115234,0.0,0.0,0.0066280364990234,0.0066161155700683,0.0073671340942382,0.0090837478637695,0.0114917755126953,0.0,0.0,0.0301122665405273,0.0,0.0,10.352,0.0,6.72,112.0,8.264,7.736,100.0,0.0,0.0,0.0,1
142,0.0,0.0,0.0,0.0,0.0,0.0,0.0,0,0.0,0.0,0.0,0.0,0.0,0,0.0062484552364538,0.0083446502685546,0.0066757202148437,0.0090837478637695,0.0052005052566528,0.0069141387939453,0.0,0.0060200691223144,0.0065326690673828,0.0,0.0,0.0,0.0,0.0,0.0,0.0,14.24,0.0,4.032,122.384,0.0,0.0,100.0,142.64,0.0,0.0,1
143,0.0,0.0,0.0,0.0,0.0,0.0,0.0,0,0.0,0.0,0.0,0.0,0.0,0,0.0062525272369384,0.0083684921264648,0.0,0.0,0.0,0.0,0.0,0.0,0.0,0.0,0.0,0.0,0.0,0.0,0.0,0.0,0.0,0.0,0.0,112.0,0.0,0.0,100.0,0.0,0.0,0.0,1
144,0.0,0.0,0.0,0.0,0.0,0.0,0.0,0,0.0,0.0,0.0,0.0,0.0,0,0.006340742111206,0.0086307525634765,0.0085830688476562,0.0085830688476562,0.0,0.0,0.0,0.0095367431640625,0.0095367431640625,0.0,0.0,0.0,0.0,0.0,0.0,0.0,0.784,0.0,0.848,112.0,0.0,0.0,100.0,0.0,0.0,0.0,1
145,0.0,0.0,0.0,0.0,0.0,0.0,0.0,0,0.0,0.0,0.0,0.0,0.0,0,0.0066252177572015,0.0085830688476562,0.006258487701416,0.0088214874267578,0.0050801497239332,0.0058650970458984,0.0053882598876953,0.007718801498413,0.0093698501586914,0.0064373016357421,0.0115871429443359,0.0,0.0,0.0200271606445312,0.0,0.0,12.864,0.0,21.504,126.352,3.744,4.232,100.0,68.136,0.0,0.0,1
146,0.0,0.0,0.0,0.0,0.0,0.0,0.0,0,0.0,0.0,0.0,0.0,0.0,0,0.0069471869138207,0.0088214874267578,0.0,0.0,0.004736582438151,0.0057220458984375,0.0064373016357421,0.0,0.0,0.0076770782470703,0.0118732452392578,0.0,0.0,0.0215053558349609,0.0,0.0,0.0,0.0,0.0,116.752,3.744,4.232,100.0,83.528,0.0,0.0,1
147,0.0,0.0,0.0,0.0,0.0,0.0,0.0,0,0.0,0.0,0.0,0.0,0.0,0,0.0067689631244923,0.008559226989746,0.0,0.0,0.0072717666625976,0.0077486038208007,0.0063896179199218,0.0,0.0,0.0081539154052734,0.01068115234375,0.0,0.0,0.0240087509155273,0.0,0.0,0.0,0.0,0.0,115.712,8.264,7.736,100.0,3.36,0.0,0.0,1
148,0.0,0.0,0.0,0.0,0.0,0.0,0.0,0,0.0,0.0,0.0,0.0,0.0,0,0.0066447257995605,0.0081062316894531,0.0,0.0,0.0,0.0,0.0,0.0,0.0,0.0,0.0,0.0,0.0,0.0,0.0,0.0,0.0,0.0,0.0,112.0,0.0,0.0,100.0,0.0,0.0,0.0,1
149,0.0,0.0,0.0,0.0,0.0,0.0,0.0,0,0.0,0.0,0.0,0.0,0.0,0,0.0069129585039497,0.0085830688476562,0.0,0.0,0.005328136941661,0.0073432922363281,0.0,0.0,0.0,0.0,0.0,0.0,0.0,0.0,0.0,0.0,0.0,0.0,0.0,121.776,0.0,0.0,100.0,178.072,0.0,0.0,1
150,0.0,0.0,0.0,0.0,0.0,0.0,0.0,0,0.0,0.0,0.0,0.0,0.0,0,0.0068382244205,0.0088214874267578,0.0,0.0,0.0050830841064453,0.006866455078125,0.0061670939127604,0.0,0.0,0.0081062316894531,0.0099817911783854,0.0,0.0,0.0200748443603515,0.0,0.0,0.0,0.0,0.0,117.192,10.776,11.312,100.0,182.76,0.0,0.0,1
151,0.0,0.0,0.0,0.0,0.0,0.0,0.0,0,0.0,0.0,0.0,0.0,0.0,0,0.0068405967446702,0.0085830688476562,0.0,0.0,0.0049613770984468,0.0064373016357421,0.0070095062255859,0.0,0.0,0.0102996826171875,0.0116825103759765,0.0,0.0,0.0217914581298828,0.0,0.0,0.0,0.0,0.0,115.976,3.744,4.232,100.0,166.6,0.0,0.0,1
152,0.0,0.0,0.0,0.0,0.0,0.0,0.0,0,0.0,0.0,0.0,0.0,0.0,0,0.0067217515246702,0.008559226989746,0.0,0.0,0.0050067901611328,0.0062465667724609,0.0062465667724609,0.0,0.0,0.0073909759521484,0.0108242034912109,0.0,0.0,0.0209808349609375,0.0,0.0,0.0,0.0,0.0,118.448,3.744,4.232,100.0,18.392,0.0,0.0,1
153,0.0,0.0,0.0,0.0,0.0,0.0,0.0,0,0.0,0.0,0.0,0.0,0.0,0,0.0067587515607995,0.0085830688476562,0.0,0.0,0.0050067901611328,0.0050067901611328,0.006103515625,0.0,0.0,0.008392333984375,0.0107526779174804,0.0,0.0,0.0247478485107421,0.0,0.0,0.0,0.0,0.0,113.256,8.264,7.736,100.0,1.192,0.0,0.0,1
154,0.0,0.0,0.0,0.0,0.0,0.0,0.0,0,0.0,0.0,0.0,0.0,0.0,0,0.0067302836707575,0.0083446502685546,0.0,0.0,0.0071525573730468,0.0071525573730468,0.0,0.0,0.0,0.0,0.0,0.00762939453125,0.00762939453125,0.0,0.0,0.848,0.0,0.848,0.0,113.256,0.0,0.0,100.0,1.192,0.0,0.0,1
155,0.0,0.0,0.0,0.0,0.0,0.0,0.0,0,0.0,0.0,0.0,0.0,0.0,0,0.0066923264840349,0.0083446502685546,0.0,0.0,0.00762939453125,0.00762939453125,0.0,0.0,0.0,0.0,0.0,0.0,0.0,0.0,0.0,0.0,0.0,0.0,0.0,117.192,0.0,0.0,100.0,5.896,0.0,0.0,1
156,0.0,0.0,0.0,0.0,0.0,0.0,0.0,0,0.0,0.0,0.0,0.0,0.0,0,0.0067949295043945,0.0083446502685546,0.0,0.0,0.0,0.0,0.0,0.0,0.0,0.0,0.0,0.0095367431640625,0.0095367431640625,0.0,0.0,0.848,0.0,0.848,0.0,112.0,0.0,0.0,100.0,0.0,0.0,0.0,1
157,0.0,0.0,0.0,0.0,0.0,0.0,0.0,0,0.0,0.0,0.0,0.0,0.0,0,0.0068962574005126,0.0088453292846679,0.0,0.0,0.0,0.0,0.0,0.0,0.0,0.0,0.0,0.0,0.0,0.0,0.0,0.0,0.0,0.0,0.0,112.0,0.0,0.0,100.0,0.0,0.0,0.0,1
158,0.0,0.0,0.0,0.0,0.0,0.0,0.0,0,0.0,0.0,0.0,0.0,0.0,0,0.0067865848541259,0.0083446502685546,0.0,0.0,0.0,0.0,0.0063896179199218,0.0,0.0,0.0082969665527343,0.0123023986816406,0.0,0.0,0.0232696533203125,0.0,0.0,0.0,0.0,0.0,112.0,3.744,4.232,100.0,0.0,0.0,0.0,1
159,0.0,0.0,0.0,0.0,0.0,0.0,0.0,0,0.0,0.0,0.0,0.0,0.0,0,0.0068014533958624,0.0085830688476562,0.0,0.0,0.0083446502685546,0.0083446502685546,0.0065326690673828,0.0,0.0,0.0084877014160156,0.0111103057861328,0.0119209289550781,0.0119209289550781,0.0205516815185546,0.0,0.848,0.0,0.848,0.0,113.256,3.744,4.232,100.0,1.192,0.0,0.0,1
160,0.0,0.0,0.0,0.0,0.0,0.0,0.0,0,0.0,0.0,0.0,0.0,0.0,0,0.0068061980442028,0.0081062316894531,0.0,0.0,0.0069141387939453,0.0069141387939453,0.0062227249145507,0.0,0.0,0.0086069107055664,0.0106096267700195,0.0,0.0,0.0243902206420898,0.0,0.0,0.0,0.0,0.0,113.256,8.264,7.736,100.0,1.192,0.0,0.0,1
161,0.0,0.0,0.0,0.0,0.0,0.0,0.0,0,0.0,0.0,0.0,0.0,0.0,0,0.0067611238849696,0.0085830688476562,0.0,0.0,0.0057220458984375,0.0057220458984375,0.0,0.0,0.0,0.0,0.0,0.0,0.0,0.0,0.0,0.0,0.0,0.0,0.0,113.256,0.0,0.0,100.0,1.192,0.0,0.0,1
162,0.0,0.0,0.0,0.0,0.0,0.0,0.0,0,0.0,0.0,0.0,0.0,0.0,0,0.006871223449707,0.0085830688476562,0.0,0.0,0.0,0.0,0.0,0.0,0.0,0.0,0.0,0.0,0.0,0.0,0.0,0.0,0.0,0.0,0.0,112.0,0.0,0.0,100.0,0.0,0.0,0.0,1
163,0.0,0.0,0.0,0.0,0.0,0.0,0.0,0,0.0,0.0,0.0,0.0,0.0,0,0.0069477025744984,0.0088214874267578,0.0,0.0,0.0052885575727982,0.0075340270996093,0.0,0.0,0.0,0.0,0.0,0.0,0.0,0.0,0.0,0.0,0.0,0.0,0.0,143.152,0.0,0.0,100.0,194.576,0.0,0.0,1
164,0.0,0.0,0.0,0.0,0.0,0.0,0.0,0,0.0,0.0,0.0,0.0,0.0,0,0.0066697597503662,0.0081062316894531,0.0,0.0,0.0,0.0,0.0059127807617187,0.0,0.0,0.0073909759521484,0.0120162963867187,0.0,0.0,0.0222682952880859,0.0,0.0,0.0,0.0,0.0,112.0,3.744,4.232,100.0,0.0,0.0,0.0,1
165,0.0,0.0,0.0,0.0,0.0,0.0,0.0,0,0.0,0.0,0.0,0.0,0.0,0,0.0066757202148437,0.0083684921264648,0.0,0.0,0.0,0.0,0.00762939453125,0.0,0.0,0.0099658966064453,0.0111103057861328,0.0,0.0,0.0205516815185546,0.0,0.0,0.0,0.0,0.0,112.0,3.744,4.232,100.0,0.0,0.0,0.0,1
166,0.0,0.0,0.0,0.0,0.0,0.0,0.0,0,0.0,0.0,0.0,0.0,0.0,0,0.0066887679977796,0.0085830688476562,0.0,0.0,0.0050067901611328,0.0050067901611328,0.0058650970458984,0.0,0.0,0.0079631805419921,0.0109434127807617,0.011444091796875,0.011444091796875,0.0258922576904296,0.0,0.848,0.0,0.848,0.0,113.256,8.264,7.736,100.0,1.192,0.0,0.0,1
167,0.0,0.0,0.0,0.0,0.0,0.0,0.0,0,0.0,0.0,0.0,0.0,0.0,0,0.0067990810716923,0.0085830688476562,0.0,0.0,0.0054836273193359,0.0054836273193359,0.0,0.0,0.0,0.0,0.0,0.0,0.0,0.0,0.0,0.0,0.0,0.0,0.0,113.256,0.0,0.0,100.0,1.192,0.0,0.0,1
168,0.0,0.0,0.0,0.0,0.0,0.0,0.0,0,0.0,0.0,0.0,0.0,0.0,0,0.0067347461737475,0.0083446502685546,0.0,0.0,0.0061121853915127,0.0085830688476562,0.0,0.0,0.0,0.0,0.0,0.0,0.0,0.0,0.0,0.0,0.0,0.0,0.0,136.672,0.0,0.0,100.0,74.504,0.0,0.0,1
169,0.0,0.0,0.0,0.0,0.0,0.0,0.0,0,0.0,0.0,0.0,0.0,0.0,0,0.0067682408574801,0.0085830688476562,0.0,0.0,0.0048743353949652,0.0071048736572265,0.0,0.0,0.0,0.0,0.0,0.0,0.0,0.0,0.0,0.0,0.0,0.0,0.0,117.192,0.0,0.0,100.0,79.016,0.0,0.0,1
170,0.0,0.0,0.0,0.0,0.0,0.0,0.0,0,0.0,0.0,0.0,0.0,0.0,0,0.0067377090454101,0.0083684921264648,0.0,0.0,0.0,0.0,0.0,0.0,0.0,0.0,0.0,0.0,0.0,0.0,0.0,0.0,0.0,0.0,0.0,112.0,0.0,0.0,100.0,0.0,0.0,0.0,1
171,0.0,0.0,0.0,0.0,0.0,0.0,0.0,0,0.0,0.0,0.0,0.0,0.0,0,0.0067075880447236,0.0081062316894531,0.0,0.0,0.0057816505432128,0.0076532363891601,0.0,0.0,0.0,0.0,0.0,0.0,0.0,0.0,0.0,0.0,0.0,0.0,0.0,122.384,0.0,0.0,100.0,39.008,0.0,0.0,1
172,0.0,0.0,0.0,0.0,0.0,0.0,0.0,0,0.0,0.0,0.0,0.0,0.0,0,0.0069713592529296,0.0092983245849609,0.0,0.0,0.0,0.0,0.0,0.0,0.0,0.0,0.0,0.0,0.0,0.0,0.0,0.0,0.0,0.0,0.0,112.0,0.0,0.0,100.0,0.0,0.0,0.0,1
173,0.0,0.0,0.0,0.0,0.0,0.0,0.0,0,0.0,0.0,0.0,0.0,0.0,0,0.0066935126461199,0.0085830688476562,0.0,0.0,0.00762939453125,0.00762939453125,0.0,0.0,0.0,0.0,0.0,0.0,0.0,0.0,0.0,0.0,0.0,0.0,0.0,113.256,0.0,0.0,100.0,1.192,0.0,0.0,1
174,0.0,0.0,0.0,0.0,0.0,0.0,0.0,0,0.0,0.0,0.0,0.0,0.0,0,0.0068849208308201,0.0087499618530273,0.0,0.0,0.0050735473632812,0.0069141387939453,0.0,0.0,0.0,0.0,0.0,0.0,0.0,0.0,0.0,0.0,0.0,0.0,0.0,128.832,0.0,0.0,100.0,213.592,0.0,0.0,1
175,0.0,0.0,0.0,0.0,0.0,0.0,0.0,0,0.0,0.0,0.0,0.0,0.0,0,0.006738275584608,0.0083446502685546,0.0,0.0,0.0051259994506835,0.0063180923461914,0.0,0.0,0.0,0.0,0.0,0.0,0.0,0.0,0.0,0.0,0.0,0.0,0.0,118.448,0.0,0.0,100.0,53.648,0.0,0.0,1
176,0.0,0.0,0.0,0.0,0.0,0.0,0.0,0,0.0,0.0,0.0,0.0,0.0,0,0.0067400932312011,0.0081062316894531,0.014662742614746,0.0178098678588867,0.0,0.0,0.0,0.0144243240356445,0.0158548355102539,0.0,0.0,0.0,0.0,0.0,0.0,0.0,1.696,0.0,1.696,112.0,0.0,0.0,100.0,0.0,0.0,0.0,1
177,0.0,0.0,0.0,0.0,0.0,0.0,0.0,0,0.0,0.0,0.0,0.0,0.0,0,0.006875189224092,0.0085830688476562,0.0,0.0,0.0055829683939615,0.0073909759521484,0.0,0.0,0.0,0.0,0.0,0.0,0.0,0.0,0.0,0.0,0.0,0.0,0.0,122.384,0.0,0.0,100.0,104.832,0.0,0.0,1
178,0.0,0.0,0.0,0.0,0.0,0.0,0.0,0,0.0,0.0,0.0,0.0,0.0,0,0.006725788116455,0.0085830688476562,0.0,0.0,0.0,0.0,0.0,0.0,0.0,0.0,0.0,0.0073909759521484,0.0073909759521484,0.0,0.0,0.848,0.0,0.848,0.0,112.0,0.0,0.0,100.0,0.0,0.0,0.0,1
179,0.0,0.0,0.0,0.0,0.0,0.0,0.0,0,0.0,0.0,0.0,0.0,0.0,0,0.0068497657775878,0.0085830688476562,0.0,0.0,0.0,0.0,0.0,0.0,0.0,0.0,0.0,0.0,0.0,0.0,0.0,0.0,0.0,0.0,0.0,112.0,0.0,0.0,100.0,0.0,0.0,0.0,1
180,0.0,0.0,0.0,0.0,0.0,0.0,0.0,0,0.0,0.0,0.0,0.0,0.0,0,0.0068119594029017,0.0085830688476562,0.0,0.0,0.0055313110351562,0.0079154968261718,0.0,0.0,0.0,0.0,0.0,0.0,0.0,0.0,0.0,0.0,0.0,0.0,0.0,123.64,0.0,0.0,100.0,30.472,0.0,0.0,1
181,0.0,0.0,0.0,0.0,0.0,0.0,0.0,0,0.0,0.0,0.0,0.0,0.0,0,0.0068856709039033,0.0088214874267578,0.0,0.0,0.0078678131103515,0.0078678131103515,0.0,0.0,0.0,0.0,0.0,0.0,0.0,0.0,0.0,0.0,0.0,0.0,0.0,113.256,0.0,0.0,100.0,1.192,0.0,0.0,1
182,0.0,0.0,0.0,0.0,0.0,0.0,0.0,0,0.0,0.0,0.0,0.0,0.0,0,0.0070403603946461,0.0092267990112304,0.0,0.0,0.0046207791283017,0.0064373016357421,0.0,0.0,0.0,0.0,0.0,0.0,0.0,0.0,0.0,0.0,0.0,0.0,0.0,128.832,0.0,0.0,100.0,191.688,0.0,0.0,1
183,0.0,0.0,0.0,0.0,0.0,0.0,0.0,0,0.0,0.0,0.0,0.0,0.0,0,0.0068690646347121,0.0085830688476562,0.0,0.0,0.0050663948059082,0.007486343383789,0.0,0.0,0.0,0.0,0.0,0.0,0.0,0.0,0.0,0.0,0.0,0.0,0.0,116.12,0.0,0.0,100.0,82.256,0.0,0.0,1
184,0.0,0.0,0.0,0.0,0.0,0.0,0.0,0,0.0,0.0,0.0,0.0,0.0,0,0.0066579277835675,0.0083446502685546,0.0,0.0,0.004895528157552,0.0057220458984375,0.0,0.0,0.0,0.0,0.0,0.0,0.0,0.0,1.0,0.0,0.0,11.632,0.0,117.192,0.0,0.0,0.0,101.592,61439.0070438385,61439.0070438385,1
185,0.0,0.0,0.0,0.0,0.0,0.0,0.0,0,0.0,0.0,0.0,0.0,0.0,0,0.0067895917750116,0.0085830688476562,0.0,0.0,0.005960464477539,0.0061511993408203,0.0,0.0,0.0,0.0,0.0,0.0,0.0,0.0,1.0,0.0,0.0,3.408,0.0,114.712,0.0,0.0,0.0,6.128,60709.89203453064,60709.89203453064,1
186,0.0,0.0,0.0,0.0,0.0,0.0,0.0,0,0.0,0.0,0.0,0.0,0.0,0,0.0067448616027832,0.0083446502685546,0.0,0.0,0.0,0.0,0.0,0.0,0.0,0.0,0.0,0.0,0.0,0.0,0.0,0.0,0.0,0.0,0.0,112.0,0.0,0.0,0.0,0.0,0.0,0.0,1
187,0.0,0.0,0.0,0.0,0.0,0.0,0.0,0,0.0,0.0,0.0,0.0,0.0,0,0.0068322936100746,0.0085830688476562,0.0,0.0,0.00762939453125,0.00762939453125,0.0,0.0,0.0,0.0,0.0,0.0,0.0,0.0,0.0,0.0,0.0,0.0,0.0,113.256,0.0,0.0,0.0,1.192,0.0,0.0,1
188,0.0,0.0,0.0,0.0,0.0,0.0,0.0,0,0.0,0.0,0.0,0.0,0.0,0,0.0066909135556688,0.0081062316894531,0.0,0.0,0.0059207280476888,0.0081062316894531,0.0,0.0,0.0,0.0,0.0,0.0,0.0,0.0,0.0,0.0,0.0,0.0,0.0,121.744,0.0,0.0,0.0,13.408,0.0,0.0,1
189,0.0,0.0,0.0,0.0,0.0,0.0,0.0,0,0.0,0.0,0.0,0.0,0.0,0,0.0069637109737585,0.0090599060058593,0.0,0.0,0.0038817524909973,0.0044107437133789,0.0,0.0,0.0,0.0,0.0,0.0,0.0,0.0,0.0,0.0,0.0,0.0,0.0,118.448,0.0,0.0,0.0,2875.616,0.0,0.0,1
190,0.0,0.0,0.0,0.0,0.0,0.0,0.0,0,0.0,0.0,0.0,0.0,0.0,0,0.0067007541656494,0.0083446502685546,0.0,0.0,0.0,0.0,0.0,0.0,0.0,0.0,0.0,0.0,0.0,0.0,0.0,0.0,0.0,0.0,0.0,112.0,0.0,0.0,0.0,0.0,0.0,0.0,1
191,0.0,0.0,0.0,0.0,0.0,0.0,0.0,0,0.0,0.0,0.0,0.0,0.0,0,0.0070505474337297,0.0085830688476562,0.0,0.0,0.0085830688476562,0.0085830688476562,0.0,0.0,0.0,0.0,0.0,0.0,0.0,0.0,0.0,0.0,0.0,0.0,0.0,115.288,0.0,0.0,0.0,3.0,0.0,0.0,1
192,0.0,0.0,0.0,0.0,0.0,0.0,0.0,0,0.0,0.0,0.0,0.0,0.0,0,0.00679612159729,0.0083684921264648,0.0,0.0,0.0,0.0,0.0,0.0,0.0,0.0,0.0,0.0,0.0,0.0,0.0,0.0,0.0,0.0,0.0,112.0,0.0,0.0,0.0,0.0,0.0,0.0,1
193,0.0,0.0,0.0,0.0,0.0,0.0,0.0,0,0.0,0.0,0.0,0.0,0.0,0,0.0066733360290527,0.0081062316894531,0.0,0.0,0.0,0.0,0.0,0.0,0.0,0.0,0.0,0.0,0.0,0.0,0.0,0.0,0.0,0.0,0.0,112.0,0.0,0.0,0.0,0.0,0.0,0.0,1
