time_seconds,a1_retransmissions_ul_count,a1_retransmissions_dl_count,a1_packet_loss_ul_percentage,a1_packet_loss_dl_percentage,e2_du_packet_loss_ul_percentage,e2_du_packet_loss_dl_percentage,e2_du_retransmissions_ul_count,e2_du_retransmissions_dl_count,f1_c_retransmissions_ul_count,f1_c_retransmissions_dl_count,f1_u_packet_loss_dl_percentage,f1_u_packet_loss_ul_percentage,f1_u_retransmissions_dl_count,f1_u_retransmissions_ul_count,f1_u_latency_mean_ul_ms,f1_u_latency_p90_ul_ms,f1_u_latency_mean_dl_ms,f1_u_latency_p90_dl_ms,a1_latency_mean_ul_ms,e2_du_latency_mean_ul_ms,e2_du_latency_mean_dl_ms,e2_du_latency_p90_ul_ms,a1_latency_p90_ul_ms,e2_du_latency_p90_dl_ms,e2_du_throughput_dl_kbps,e2_du_throughput_ul_kbps,f1_c_throughput_dl_kbps,f1_c_throughput_ul_kbps,a1_throughput_dl_kbps,a1_throughput_ul_kbps,f1_c_packet_loss_ul_percentage,f1_u_throughput_ul_kbps,f1_c_packet_loss_dl_percentage,a1_latency_mean_dl_ms,a1_latency_p90_dl_ms,f1_c_latency_p90_ul_ms,f1_c_latency_p90_dl_ms,f1_c_latency_mean_ul_ms,f1_c_latency_mean_dl_ms,f1_u_throughput_dl_kbps,F-node
0,0.0,0.0,0.0,0.0,0.0,0.0,0.0,0.0,0,0,0.0,0.0,0.0,0.0,0.0063791507627905,0.0087261199951171,0.0046439792798913,0.0064373016357421,0.0063419342041015,0.0122785568237304,0.0137090682983398,0.0140905380249023,0.008249282836914,0.0183820724487304,1.696,1.696,6.576,6.928,25.152,27.344,60.0,136.8,20.0,0.0100476401192801,0.0206470489501953,-550.4629135131836,748.5408067703247,-640.0337219238281,587.4161124229431,162.088,0
1,0.0,0.0,0.0,0.0,0.0,0.0,0.0,0.0,0,0,0.0,0.0,0.0,0.0,0.0071596743455573,0.0092983245849609,0.0043238362958354,0.0052452087402343,0.0063419342041015,0.0122785568237304,0.0137090682983398,0.0140905380249023,0.008249282836914,0.0183820724487304,1.696,1.696,6.448,7.04,25.152,27.344,33.33333333333333,117.192,20.0,0.0100476401192801,0.0206470489501953,-322.29411602020264,701.5758275985718,-480.7422161102295,544.0673232078552,1269.56,0
2,0.0,0.0,0.0,0.0,0.0,0.0,0.0,0.0,0,0,0.0,0.0,0.0,0.0,0.0071015524033883,0.0090599060058593,0.0042720482899592,0.0052452087402343,0.0,0.0122785568237304,0.0137090682983398,0.0140905380249023,0.0,0.0183820724487304,1.696,1.696,6.096,5.76,0.0,0.0,25.0,117.192,40.0,0.0,0.0,-345.60232162475586,731.4492702484131,-520.9902127583822,533.5028171539307,1794.256,0
3,0.0,0.0,0.0,0.0,0.0,0.0,0.0,0.0,0,0,0.0,0.0,0.0,0.0,0.0066686032423332,0.0092983245849609,0.0042757356023213,0.0054836273193359,0.0062465667724609,0.0122785568237304,0.0137090682983398,0.0140905380249023,0.0085830688476562,0.0183820724487304,1.696,1.696,8.88,9.072,8.264,7.736,20.0,117.888,20.0,0.0122547149658203,0.0293970108032226,-371.65424823760986,714.1177415847778,-592.2505855560303,460.694432258606,1459.984,0
4,0.0,0.0,0.0,0.0,0.0,0.0,0.0,0.0,0,0,0.0,0.0,0.0,0.0,0.0065689656271863,0.0088214874267578,0.0042880282682531,0.0052452087402343,0.0061273574829101,0.0122785568237304,0.0137090682983398,0.0140905380249023,0.0081300735473632,0.0183820724487304,1.696,1.696,6.576,6.928,8.264,7.736,20.0,117.888,20.0,0.0102519989013671,0.0245332717895507,-372.5991487503052,763.9963150024414,-532.4684977531433,591.137945652008,1209.568,0
5,0.0,0.0,0.0,0.0,0.0,0.0,0.0,0.0,0,0,0.0,0.0,0.0,0.0,0.0071265909931447,0.0090360641479492,0.0042170840125101,0.0050067901611328,0.0,0.0122785568237304,0.0137090682983398,0.0140905380249023,0.0,0.0183820724487304,1.696,1.696,6.448,7.04,0.0,0.0,33.33333333333333,118.448,20.0,0.0,0.0,-308.3302974700928,712.1560335159302,-477.49507427215576,549.2738485336304,2377.928,0
6,0.0,0.0,0.0,0.0,0.0,0.0,0.0,0.0,0,0,0.0,0.0,0.0,0.0,0.0066104813001642,0.0088214874267578,0.0042219530359358,0.005197525024414,0.0,0.0122785568237304,0.0137090682983398,0.0140905380249023,0.0,0.0183820724487304,1.696,1.696,6.096,5.76,0.0,0.0,25.0,117.192,40.0,0.0,0.0,-352.620792388916,728.2761096954346,-533.3290894826254,533.5264205932617,1924.488,0
7,0.0,0.0,0.0,0.0,0.0,0.0,0.0,0.0,0,0,0.0,0.0,0.0,0.0,0.006793737411499,0.009322166442871,0.0042068330865157,0.0050067901611328,0.0055432319641113,0.0122785568237304,0.0137090682983398,0.0140905380249023,0.005960464477539,0.0183820724487304,1.696,1.696,8.88,9.072,4.272,3.704,20.0,116.632,20.0,0.0104109446207682,0.0183582305908203,-376.1874198913574,713.1438970565796,-591.503918170929,463.5891914367676,2636.0,0
8,0.0,0.0,0.0,0.0,0.0,0.0,0.0,0.0,0,0,0.0,0.0,0.0,0.0,0.0070624090545806,0.0085830688476562,0.0042316241142077,0.0052452087402343,0.0059366226196289,0.0122785568237304,0.0137090682983398,0.0140905380249023,0.0081300735473632,0.0183820724487304,1.696,1.696,6.576,6.928,7.488,8.464,20.0,117.192,20.0,0.0108242034912109,0.0298261642456054,-376.3697385787964,757.1750402450562,-532.2233438491821,589.0156030654907,1750.664,0
9,0.0,0.0,0.0,0.0,0.0,0.0,0.0,0.0,0,0,0.0,0.0,0.0,0.0,0.0070956215929629,0.0090599060058593,0.0042654777485164,0.0052452087402343,0.006262461344401,0.0122785568237304,0.0137090682983398,0.0140905380249023,0.008249282836914,0.0183820724487304,1.696,1.696,6.448,7.04,12.008,11.968,33.33333333333333,117.192,20.0,0.0110308329264322,0.0273704528808593,-313.0121946334839,708.4685564041138,-478.2536029815674,548.7238764762878,1567.784,0
10,0.0,0.0,0.0,0.0,0.0,0.0,0.0,0.0,0,0,0.0,0.0,0.0,0.0,0.0071147880931892,0.0090360641479492,0.0042609118540352,0.0052452087402343,0.0062227249145507,0.0122785568237304,0.0137090682983398,0.0140905380249023,0.0086545944213867,0.0183820724487304,1.696,1.696,6.096,5.76,8.264,7.736,25.0,118.448,40.0,0.011610984802246,0.0309705734252929,-357.8676700592041,723.114538192749,-534.683624903361,533.2531134287516,1856.896,0
11,0.0,0.0,0.0,0.0,0.0,0.0,0.0,0.0,0,0,0.0,0.0,0.0,0.0,0.0070754568375165,0.0090599060058593,0.0042998999880071,0.0052452087402343,0.0,0.0122785568237304,0.0137090682983398,0.0140905380249023,0.0,0.0183820724487304,1.696,1.696,8.88,9.072,0.0,0.0,20.0,117.888,20.0,0.0,0.0,-378.56037616729736,707.7008008956909,-589.4653797149658,462.65149116516113,970.224,0
12,0.0,0.0,0.0,0.0,0.0,0.0,0.0,0.0,0,0,0.0,0.0,0.0,0.0,0.0069082373439675,0.0088214874267578,0.004303716395023,0.0052452087402343,0.0,0.0122785568237304,0.0137090682983398,0.0140905380249023,0.0,0.0183820724487304,1.696,1.696,6.576,6.928,0.0,0.0,20.0,118.448,20.0,0.0,0.0,-380.2793264389038,754.1279792785645,-532.4920415878296,588.9591574668884,1212.408,0
13,0.0,0.0,0.0,0.0,0.0,0.0,0.0,0.0,0,0,0.0,0.0,0.0,0.0,0.0067196082119917,0.0092983245849609,0.0042881039406755,0.0054836273193359,0.006866455078125,0.0122785568237304,0.0137090682983398,0.0140905380249023,0.0096797943115234,0.0183820724487304,1.696,1.696,6.448,7.04,3.744,4.232,33.33333333333333,117.192,20.0,0.0119209289550781,0.0232219696044921,-317.33877658843994,706.3827276229858,-479.52085733413696,549.4404435157776,2462.88,0
14,0.0,0.0,0.0,0.0,0.0,0.0,0.0,0.0,0,0,0.0,0.0,0.0,0.0,0.0065523593579951,0.0090599060058593,0.004384828650433,0.0054597854614257,0.0057220458984375,0.0122785568237304,0.0137090682983398,0.0140905380249023,0.0076770782470703,0.0183820724487304,1.696,1.696,6.096,5.76,7.488,8.464,25.0,117.192,40.0,0.0118732452392578,0.0298261642456054,-360.77260971069336,721.2718963623047,-533.9513619740804,533.7140560150146,763.968,0
15,0.0,0.0,0.0,0.0,0.0,0.0,0.0,0.0,0,0,0.0,0.0,0.0,0.0,0.0060856342315673,0.0081300735473632,0.004589557647705,0.005507469177246,0.0060240427652994,0.0122785568237304,0.0137090682983398,0.0140905380249023,0.0084400177001953,0.0183820724487304,1.696,1.696,8.88,9.072,12.008,11.968,20.0,116.632,20.0,0.0109672546386718,0.0283718109130859,-382.410192489624,705.1900625228882,-588.7400507926941,464.6382927894592,61.504,0
16,0.0,0.0,0.0,0.0,0.0,0.0,0.0,0.0,0,0,0.0,0.0,0.0,0.0,0.0065338611602783,0.0081062316894531,0.0,0.0,0.0056743621826171,0.0122785568237304,0.0137090682983398,0.0140905380249023,0.0071525573730468,0.0183820724487304,1.696,1.696,6.576,6.928,3.744,4.232,20.0,112.0,20.0,0.0117778778076171,0.0239372253417968,-383.1353187561035,749.2431640625,-532.2455763816833,587.3882174491882,0.0,0
17,0.0,0.0,0.0,0.0,0.0,0.0,0.0,0.0,0,0,0.0,0.0,0.0,0.0,0.0067551930745442,0.0083446502685546,0.0052452087402343,0.0052452087402343,0.0058650970458984,0.0122785568237304,0.0137090682983398,0.0140905380249023,0.0073432922363281,0.0183820724487304,1.696,1.696,6.448,7.04,4.52,3.504,33.33333333333333,113.256,20.0,0.0113487243652343,0.0224113464355468,-322.3532199859619,701.7682075500488,-481.0182452201843,543.9637899398804,1.192,0
18,0.0,0.0,0.0,0.0,0.0,0.0,0.0,0.0,0,0,0.0,0.0,0.0,0.0,0.0067050821088217,0.0085353851318359,0.0054836273193359,0.0066757202148437,0.0,0.0122785568237304,0.0137090682983398,0.0140905380249023,0.0,0.0183820724487304,1.696,1.696,6.096,5.76,0.0,0.0,25.0,119.576,40.0,0.0,0.0,-345.58143615722656,733.216667175293,-520.9629535675049,533.7579250335693,12.68,0
19,0.0,0.0,0.0,0.0,0.0,0.0,0.0,0.0,0,0,0.0,0.0,0.0,0.0,0.0061321258544921,0.0081062316894531,0.0054836273193359,0.0054836273193359,0.0055789947509765,0.0122785568237304,0.0137090682983398,0.0140905380249023,0.0070095062255859,0.0183820724487304,1.696,1.696,8.88,9.072,3.744,4.232,20.0,112.696,20.0,0.0114917755126953,0.0231742858886718,-371.5929746627808,714.0793800354004,-592.2271609306335,461.0655307769776,1.192,0
20,0.0,0.0,0.0,0.0,0.0,0.0,0.0,0.0,0,0,0.0,0.0,0.0,0.0,0.0065648555755615,0.0081062316894531,0.0,0.0,0.0069618225097656,0.0122785568237304,0.0137090682983398,0.0140905380249023,0.0098228454589843,0.0183820724487304,1.696,1.696,6.576,6.928,3.744,4.232,20.0,112.0,20.0,0.0116825103759765,0.02288818359375,-372.6195573806762,763.7351512908936,-532.2414636611938,590.6825065612793,0.0,0
21,0.0,0.0,0.0,0.0,0.0,0.0,0.0,0.0,0,0,0.0,0.0,0.0,0.0,0.0065242128419171,0.0083446502685546,0.0041181390935724,0.0050067901611328,0.0060240427652994,0.0122785568237304,0.0137090682983398,0.0140905380249023,0.0080108642578125,0.0183820724487304,1.696,1.696,6.448,7.04,12.008,11.968,33.33333333333333,127.576,20.0,0.011444091796875,0.0306129455566406,-307.64176845550537,712.3177289962769,-477.7398705482483,549.576997756958,122.376,0
22,0.0,0.0,0.0,0.0,0.0,0.0,0.0,0.0,0,0,0.0,0.0,0.0,0.0,0.006717030364688,0.0087976455688476,0.00457763671875,0.0052928924560546,0.006103515625,0.0122785568237304,0.0137090682983398,0.0140905380249023,0.0078201293945312,0.0183820724487304,1.696,1.696,6.096,5.76,3.744,4.232,25.0,122.384,40.0,0.0116825103759765,0.0235557556152343,-353.44810485839844,727.6692867279053,-533.6989561716715,533.3491961161295,24.984,0
23,0.0,0.0,0.0,0.0,0.0,0.0,0.0,0.0,0,0,0.0,0.0,0.0,0.0,0.0067639350891113,0.0083446502685546,0.0,0.0,0.0065326690673828,0.0122785568237304,0.0137090682983398,0.0140905380249023,0.0083684921264648,0.0183820724487304,1.696,1.696,8.88,9.072,8.264,7.736,20.0,112.0,20.0,0.0117778778076171,0.0296831130981445,-375.0682830810547,711.7511034011841,-590.9603834152222,460.8901143074036,0.0,0
24,0.0,0.0,0.0,0.0,0.0,0.0,0.0,0.0,0,0,0.0,0.0,0.0,0.0,0.0069587688727919,0.0085830688476562,0.0043530617990801,0.0052452087402343,0.0,0.0122785568237304,0.0137090682983398,0.0140905380249023,0.0,0.0183820724487304,1.696,1.696,6.576,6.928,0.0,0.0,20.0,123.64,20.0,0.0,0.0,-376.84948444366455,758.6930513381958,-532.5284004211426,591.5452241897583,979.552,0
25,0.0,0.0,0.0,0.0,0.0,0.0,0.0,0.0,0,0,0.0,0.0,0.0,0.0,0.0061500072479248,0.0078916549682617,0.0046888987223307,0.0049114227294921,0.0055313110351562,0.0122785568237304,0.0137090682983398,0.0140905380249023,0.0070095062255859,0.0183820724487304,1.696,1.696,6.448,7.04,3.744,4.232,33.33333333333333,112.696,20.0,0.011301040649414,0.0225067138671875,-313.0166292190552,708.5031509399414,-478.235125541687,548.4868288040161,12.696,0
26,0.0,0.0,0.0,0.0,0.0,0.0,0.0,0.0,0,0,0.0,0.0,0.0,0.0,0.0072044901328511,0.0092983245849609,0.0038974853315239,0.0045299530029296,0.005960464477539,0.0122785568237304,0.0137090682983398,0.0140905380249023,0.0072956085205078,0.0183820724487304,1.696,1.696,6.096,5.76,3.744,4.232,25.0,123.08,40.0,0.0103473663330078,0.0197410583496093,-427.2456645965576,724.2043495178223,-563.3540948232015,533.6673259735107,29060.392,0
27,0.0,0.0,0.0,0.0,0.0,0.0,0.0,0.0,0,0,0.0,0.0,0.0,0.0,0.0073945344384036,0.0095367431640625,0.0039632358248271,0.0047683715820312,0.0065485636393229,0.0122785568237304,0.0137090682983398,0.0140905380249023,0.008249282836914,0.0183820724487304,1.696,1.696,8.88,9.072,12.008,11.968,20.0,117.192,20.0,0.011603037516276,0.0311851501464843,-352.46148109436035,707.7499151229858,-567.975103855133,462.746798992157,2851.52,0
28,0.0,0.0,0.0,0.0,0.0,0.0,0.0,0.0,0,0,0.0,0.0,0.0,0.0,0.0073945344384036,0.0095367431640625,0.0039632358248271,0.0047683715820312,0.0069141387939453,0.0122785568237304,0.0137090682983398,0.0140905380249023,0.0087738037109375,0.0183820724487304,1.696,1.696,6.576,6.928,3.744,4.232,20.0,117.192,20.0,0.0109195709228515,0.0213146209716796,-380.0086498260498,753.953742980957,-532.2274565696716,588.7960195541382,2851.52,0
29,0.0,0.0,0.0,0.0,0.0,0.0,0.0,0.0,0,0,0.0,0.0,0.0,0.0,0.0073945344384036,0.0095367431640625,0.0039632358248271,0.0047683715820312,0.0062942504882812,0.0,0.0,0.0,0.0085353851318359,0.0,0.0,0.0,6.448,7.04,8.264,7.736,33.33333333333333,117.192,20.0,0.0120401382446289,0.0307321548461914,-317.3292636871338,704.8565149307251,-480.0173044204712,549.6644377708435,2851.52,0
30,0.0,0.0,0.0,0.0,0.0,0.0,0.0,0.0,0,0,0.0,0.0,0.0,0.0,0.0073945344384036,0.0095367431640625,0.0039632358248271,0.0047683715820312,0.0,0.0,0.0,0.0,0.0,0.0,0.0,0.0,6.096,5.76,0.0,0.0,25.0,117.192,40.0,0.0,0.0,-361.80152893066406,720.4317569732666,-534.3184471130371,533.3058834075928,2851.52,0
31,0.0,0.0,0.0,0.0,0.0,0.0,0.0,0.0,0,0,0.0,0.0,0.0,0.0,0.006488561630249,0.0083446502685546,0.0057220458984375,0.0070571899414062,0.0064849853515625,0.0,0.0,0.0,0.0088691711425781,0.0,0.0,0.0,8.88,9.072,3.744,4.232,20.0,116.632,20.0,0.0111579895019531,0.0220298767089843,-382.8782320022583,705.414891242981,-588.489830493927,464.9660587310791,15.36,0
32,0.0,0.0,0.0,0.0,0.0,0.0,0.0,0.0,0,0,0.0,0.0,0.0,0.0,0.0067528207503741,0.0085830688476562,0.0052452087402343,0.0052452087402343,0.0059127807617187,0.0,0.0,0.0,0.0073432922363281,0.0,0.0,0.0,6.576,6.928,3.744,4.232,20.0,113.256,20.0,0.0116825103759765,0.0231266021728515,-383.51714611053467,749.076247215271,-532.229483127594,587.143063545227,1.192,0
33,0.0,0.0,0.0,0.0,0.0,0.0,0.0,0.0,0,0,0.0,0.0,0.0,0.0,0.0069048798199996,0.0090599060058593,0.0038789940921013,0.0045299530029296,0.0057220458984375,0.0,0.0,0.0,0.0072002410888671,0.0,0.0,0.0,6.448,7.04,3.744,4.232,33.33333333333333,139.216,20.0,0.011301040649414,0.0222206115722656,-323.0996370315552,701.6889095306396,-480.8007478713989,544.0029501914978,14391.08,0
34,0.0,0.0,0.0,0.0,0.0,0.0,0.0,0.0,0,0,0.0,0.0,0.0,0.0,0.0078406664404538,0.0102519989013671,0.0038832175631483,0.0042915344238281,0.0058412551879882,0.0,0.0,0.0,0.0076055526733398,0.0,0.0,0.0,6.096,5.76,12.536,11.44,25.0,118.448,40.0,0.0106096267700195,0.0282526016235351,-344.79284286499023,733.220386505127,-520.6124782562256,533.6798826853434,13403.504,0
35,0.0,0.0,0.0,0.0,0.0,0.0,0.0,0.0,0,0,0.0,0.0,0.0,0.0,0.0066530704498291,0.0085830688476562,0.0,0.0,0.006103515625,0.0,0.0,0.0,0.0079631805419921,0.0,0.0,0.0,8.88,9.072,8.264,7.736,20.0,112.0,20.0,0.0114202499389648,0.0284671783447265,-371.8895196914673,713.964319229126,-592.4873352050781,460.8948826789856,0.0,0
36,0.0,0.0,0.0,0.0,0.0,0.0,0.0,0.0,0,0,0.0,0.0,0.0,0.0,0.0066626071929931,0.0085830688476562,0.0,0.0,0.0,0.0,0.0,0.0,0.0,0.0,0.0,0.0,6.576,6.928,0.0,0.0,20.0,112.0,20.0,0.0,0.0,-372.597861289978,763.8881206512451,-532.473087310791,590.8624529838562,0.0,0
37,0.0,0.0,0.0,0.0,0.0,0.0,0.0,0.0,0,0,0.0,0.0,0.0,0.0,0.0067663192749023,0.0085830688476562,0.0,0.0,0.0,0.0,0.0,0.0,0.0,0.0,0.0,0.0,6.448,7.04,0.0,0.0,33.33333333333333,112.0,20.0,0.0,0.0,-314.0403747558594,712.9861831665039,-482.0176959037781,549.5523810386658,0.0,0
38,0.0,0.0,0.0,0.0,0.0,0.0,0.0,0.0,0,0,0.0,0.0,0.0,0.0,0.0067329406738281,0.0081062316894531,0.0,0.0,0.006723403930664,0.0,0.0,0.0,0.0091552734375,0.0,0.0,0.0,6.096,5.76,3.744,4.232,25.0,112.0,40.0,0.0129222869873046,0.0255107879638671,-349.0286350250244,727.8806209564209,-527.6616414388021,533.491055170695,0.0,0
39,0.0,0.0,0.0,0.0,0.0,0.0,0.0,0.0,0,0,0.0,0.0,0.0,0.0,0.0067067146301269,0.0085830688476562,0.0,0.0,0.0061988830566406,0.0,0.0,0.0,0.0083684921264648,0.0,0.0,0.0,8.88,9.072,7.488,8.464,20.0,112.0,20.0,0.0118970870971679,0.0303030014038085,-375.6516695022583,711.5419626235962,-590.949296951294,460.5681300163269,0.0,0
40,0.0,0.0,0.0,0.0,0.0,0.0,0.0,0.0,0,0,0.0,0.0,0.0,0.0,0.0063364778585101,0.0088214874267578,0.0042915344238281,0.0042915344238281,0.0059445699055989,0.0,0.0,0.0,0.0078678131103515,0.0,0.0,0.0,6.576,6.928,12.008,11.968,20.0,113.256,20.0,0.0110944112141927,0.0272750854492187,-376.8460273742676,758.7985754013062,-532.5098037719727,591.7823910713196,1.192,0
41,0.0,0.0,0.0,0.0,0.0,0.0,0.0,0.0,0,0,0.0,0.0,0.0,0.0,0.0067683099543006,0.0095367431640625,0.0038759324325978,0.0045299530029296,0.0061273574829101,0.0,0.0,0.0,0.0081062316894531,0.0,0.0,0.0,6.448,7.04,8.264,7.736,33.33333333333333,143.848,20.0,0.0109195709228515,0.027775764465332,-312.26933002471924,708.1773996353149,-478.2930612564087,548.4739542007446,22320.192,0
42,0.0,0.0,0.0,0.0,0.0,0.0,0.0,0.0,0,0,0.0,0.0,0.0,0.0,0.0073209923891285,0.0092983245849609,0.003814697265625,0.003814697265625,0.0,0.0,0.0,0.0,0.0,0.0,0.0,0.0,6.096,5.76,0.0,0.0,25.0,113.256,40.0,0.0,0.0,-356.8214416503906,724.3190288543701,-533.951203028361,533.7319374084473,1.192,0
43,0.0,0.0,0.0,0.0,0.0,0.0,0.0,0.0,0,0,0.0,0.0,0.0,0.0,0.0066304206848144,0.0081300735473632,0.0,0.0,0.0,0.0,0.0,0.0,0.0,0.0,0.0,0.0,8.88,9.072,0.0,0.0,20.0,112.0,20.0,0.0,0.0,-378.8856983184815,707.9288482666016,-589.988112449646,463.1919860839844,0.0,0
44,0.0,0.0,0.0,0.0,0.0,0.0,0.0,0.0,0,0,0.0,0.0,0.0,0.0,0.006638765335083,0.0083446502685546,0.0,0.0,0.005960464477539,0.0,0.0,0.0,0.007486343383789,0.0,0.0,0.0,6.576,6.928,3.744,4.232,20.0,112.0,20.0,0.0112533569335937,0.0213146209716796,-380.3006887435913,752.998423576355,-532.4749946594238,588.0524516105652,0.0,0
45,0.0,0.0,0.0,0.0,0.0,0.0,0.0,0.0,0,0,0.0,0.0,0.0,0.0,0.0066280364990234,0.0081300735473632,0.0,0.0,0.0059127807617187,0.0,0.0,0.0,0.0081539154052734,0.0,0.0,0.0,6.448,7.04,7.488,8.464,33.33333333333333,112.0,20.0,0.0115633010864257,0.0307321548461914,-318.0333137512207,705.9580087661743,-479.77524995803833,550.0008463859558,0.0,0
46,0.0,0.0,0.0,0.0,0.0,0.0,0.0,0.0,0,0,0.0,0.0,0.0,0.0,0.0066769123077392,0.0085830688476562,0.0,0.0,0.0061670939127604,0.0,0.0,0.0,0.0084400177001953,0.0,0.0,0.0,6.096,5.76,12.008,11.968,25.0,112.0,40.0,0.011444091796875,0.0293254852294921,-361.8113040924072,720.343828201294,-534.3106587727865,533.3964824676514,0.0,0
47,0.0,0.0,0.0,0.0,0.0,0.0,0.0,0.0,0,0,0.0,0.0,0.0,0.0,0.0066401353522912,0.0083446502685546,0.0050067901611328,0.0050067901611328,0.0062227249145507,0.0,0.0,0.0,0.0079154968261718,0.0,0.0,0.0,8.88,9.072,8.264,7.736,20.0,113.256,20.0,0.0128746032714843,0.0287055969238281,-382.8535556793213,702.9548168182373,-588.4779691696167,464.5775556564331,1.192,0
48,0.0,0.0,0.0,0.0,0.0,0.0,0.0,0.0,0,0,0.0,0.0,0.0,0.0,0.006535753088804,0.0078678131103515,0.0047683715820312,0.0047683715820312,0.0,0.0,0.0,0.0,0.0,0.0,0.0,0.0,6.576,6.928,0.0,0.0,20.0,113.256,20.0,0.0,0.0,-383.53254795074463,749.3872165679932,-531.9950580596924,587.6918435096741,1.192,0
49,0.0,0.0,0.0,0.0,0.0,0.0,0.0,0.0,0,0,0.0,0.0,0.0,0.0,0.0074442150523361,0.0096559524536132,0.0038916085854608,0.0045299530029296,0.0,0.0,0.0,0.0,0.0,0.0,0.0,0.0,6.448,7.04,0.0,0.0,33.33333333333333,143.848,20.0,0.0,0.0,-322.2837448120117,701.8492221832275,-481.0260534286499,548.6848950386047,41697.176,0
50,0.0,0.0,0.0,0.0,0.0,0.0,0.0,0.0,0,0,0.0,0.0,0.0,0.0,0.0078380107879638,0.0100135803222656,0.0040198481360147,0.004887580871582,0.006103515625,0.0,0.0,0.0,0.0079154968261718,0.0,0.0,0.0,6.096,5.76,3.744,4.232,25.0,116.632,40.0,0.0109195709228515,0.0211715698242187,-364.7428035736084,712.4542236328125,-533.9617729187012,526.9982814788818,966.208,0
51,0.0,0.0,0.0,0.0,0.0,0.0,0.0,0.0,0,0,0.0,0.0,0.0,0.0,0.0066733360290527,0.0081300735473632,0.0,0.0,0.0057458877563476,0.0,0.0,0.0,0.0081062316894531,0.0,0.0,0.0,8.88,9.072,7.488,8.464,20.0,112.0,20.0,0.0113487243652343,0.0295162200927734,-365.9172534942627,714.1209125518799,-582.4889540672302,460.7370495796204,0.0,0
52,0.0,0.0,0.0,0.0,0.0,0.0,0.0,0.0,0,0,0.0,0.0,0.0,0.0,0.0067675113677978,0.0083446502685546,0.0,0.0,0.0066757202148437,0.0,0.0,0.0,0.0086784362792968,0.0,0.0,0.0,6.576,6.928,12.008,11.968,20.0,112.0,20.0,0.0113487243652343,0.0286579132080078,-372.6344347000122,763.6016845703125,-532.493531703949,591.0685658454895,0.0,0
53,0.0,0.0,0.0,0.0,0.0,0.0,0.0,0.0,0,0,0.0,0.0,0.0,0.0,0.0065290927886962,0.0078678131103515,0.0,0.0,0.0072320302327473,0.0,0.0,0.0,0.010538101196289,0.0,0.0,0.0,6.448,7.04,8.792,7.208,33.33333333333333,112.0,20.0,0.0116391615434126,0.0286102294921875,-307.3230266571045,712.5840425491333,-477.2468209266663,549.522340297699,0.0,0
54,0.0,0.0,0.0,0.0,0.0,0.0,0.0,0.0,0,0,0.0,0.0,0.0,0.0,0.0067694270195652,0.0088214874267578,0.0064373016357421,0.0064373016357421,0.0,0.0,0.0,0.0,0.0,0.0,0.0,0.0,6.096,5.76,0.0,0.0,25.0,117.192,40.0,0.0,0.0,-353.0309200286865,727.7959823608398,-534.0283711751302,533.2129001617432,9.784,0
55,0.0,0.0,0.0,0.0,0.0,0.0,0.0,0.0,0,0,0.0,0.0,0.0,0.0,0.006593875030973,0.0083446502685546,0.0050067901611328,0.0050067901611328,0.0,0.0,0.0,0.0,0.0,0.0,0.0,0.0,8.88,9.072,0.0,0.0,20.0,113.256,20.0,0.0,0.0,-376.0590791702271,712.1924161911011,-591.202974319458,460.78890562057495,1.192,0
56,0.0,0.0,0.0,0.0,0.0,0.0,0.0,0.0,0,0,0.0,0.0,0.0,0.0,0.0069268698831206,0.0089406967163085,0.0038986336695004,0.0045299530029296,0.0064373016357421,0.0,0.0,0.0,0.0081539154052734,0.0,0.0,0.0,6.576,6.928,3.744,4.232,20.0,139.216,20.0,0.0113487243652343,0.0212669372558593,-375.843071937561,758.6717844009399,-532.2477221488953,591.8369293212891,8169.744,0
57,0.0,0.0,0.0,0.0,0.0,0.0,0.0,0.0,0,0,0.0,0.0,0.0,0.0,0.0078773024070322,0.0100135803222656,0.0038907524863011,0.0045299530029296,0.0057458877563476,0.0,0.0,0.0,0.0081539154052734,0.0,0.0,0.0,6.448,7.04,7.488,8.464,33.33333333333333,117.888,20.0,0.010991096496582,0.0248670578002929,-312.3126268386841,708.0482721328735,-478.2917499542236,548.7216711044312,17742.752,0
58,0.0,0.0,0.0,0.0,0.0,0.0,0.0,0.0,0,0,0.0,0.0,0.0,0.0,0.0078773024070322,0.0100135803222656,0.0038907524863011,0.0045299530029296,0.0059763590494791,0.0,0.0,0.0,0.0077724456787109,0.0,0.0,0.0,6.096,5.76,12.008,11.968,25.0,117.888,40.0,0.0120321909586588,0.0298023223876953,-356.8950653076172,723.2163429260254,-534.2233975728353,533.2164764404297,17742.752,0
59,0.0,0.0,0.0,0.0,0.0,0.0,0.0,0.0,0,0,0.0,0.0,0.0,0.0,0.0078773024070322,0.0100135803222656,0.0038907524863011,0.0045299530029296,0.005960464477539,0.0102519989013671,0.0094175338745117,0.0142574310302734,0.0083446502685546,0.013136863708496,1.696,1.696,8.88,9.072,8.264,7.736,20.0,117.888,20.0,0.0107765197753906,0.0283718109130859,-378.9673328399658,707.9105138778687,-589.7762775421143,463.1425142288208,17742.752,0
60,0.0,0.0,0.0,0.0,0.0,0.0,0.0,0.0,0,0,0.0,0.0,0.0,0.0,0.0078773024070322,0.0100135803222656,0.0038907524863011,0.0045299530029296,0.0,0.0,0.0,0.0,0.0,0.0,0.0,0.0,6.576,6.928,0.0,0.0,20.0,117.888,20.0,0.0,0.0,-394.5994377136231,866.283655166626,-612.4855279922485,668.2038903236389,17742.752,0
61,0.0,0.0,0.0,0.0,0.0,0.0,0.0,0.0,0,0,0.0,0.0,0.0,0.0,0.0068837521122951,0.0088214874267578,0.0041921933492024,0.0059366226196289,0.0069459279378255,0.0,0.0,0.0,0.0091075897216796,0.0,0.0,0.0,6.448,6.256,10.776,11.312,40.0,132.768,20.0,0.0101089477539062,0.0210762023925781,-360.0410461425781,705.6372404098511,-533.6615244547526,549.8917102813721,270.336,0
62,0.0,0.0,0.0,0.0,0.0,0.0,0.0,0.0,0,0,0.0,0.0,0.0,0.0,0.0067782402038574,0.0083446502685546,0.0,0.0,0.0060558319091796,0.0,0.0,0.0,0.0077724456787109,0.0,0.0,0.0,5.6,6.544,3.744,4.232,20.0,112.0,25.0,0.0110626220703125,0.0215530395507812,-318.9626216888428,720.7665920257568,-479.737401008606,533.6016813913981,0.0,0
63,0.0,0.0,0.0,0.0,0.0,0.0,0.0,0.0,0,0,0.0,0.0,0.0,0.0,0.0067777301541608,0.0090599060058593,0.0081062316894531,0.0081062316894531,0.0065565109252929,0.0,0.0,0.0,0.0094413757324218,0.0,0.0,0.0,6.096,5.76,7.488,8.464,25.0,113.256,40.0,0.0113248825073242,0.0284910202026367,-362.3949527740479,718.5731410980225,-534.339189529419,533.514658610026,1.192,0
64,0.0,0.0,0.0,0.0,0.0,0.0,0.0,0.0,0,0,0.0,0.0,0.0,0.0,0.0072577420402975,0.0092983245849609,0.0038941328316325,0.0045299530029296,0.0057856241861979,0.0,0.0,0.0,0.0079154968261718,0.0,0.0,0.0,9.856,10.24,12.008,11.968,16.666666666666664,128.832,16.666666666666664,0.010999043782552,0.0288963317871093,-403.4538745880127,749.1762638092041,-576.2163162231445,521.4499473571777,23219.64,0
65,0.0,0.0,0.0,0.0,0.0,0.0,0.0,0.0,0,0,0.0,0.0,0.0,0.0,0.0071041654832292,0.0090599060058593,0.003936615857211,0.0045299530029296,0.0060558319091796,0.0,0.0,0.0,0.0086069107055664,0.0,0.0,0.0,5.6,5.76,8.264,7.736,25.0,118.448,25.0,0.0117301940917968,0.0289201736450195,-363.1670475006104,716.8966293334961,-533.6400667826334,533.3186785380045,963.68,0
66,0.0,0.0,0.0,0.0,0.0,0.0,0.0,0.0,0,0,0.0,0.0,0.0,0.0,0.0062084197998046,0.0085830688476562,0.0,0.0,0.0,0.0,0.0,0.0,0.0,0.0,0.0,0.0,6.448,7.04,0.0,0.0,33.33333333333333,112.0,20.0,0.0,0.0,-323.6618995666504,701.3042211532593,-481.4953804016113,544.6355938911438,0.0,0
67,0.0,0.0,0.0,0.0,0.0,0.0,0.0,0.0,0,0,0.0,0.0,0.0,0.0,0.006263256072998,0.0086069107055664,0.0,0.0,0.0,0.0,0.0,0.0,0.0,0.0,0.0,0.0,6.096,5.76,0.0,0.0,25.0,112.0,40.0,0.0,0.0,-345.49288749694824,729.8725605010986,-520.3507741292318,533.1966082255045,0.0,0
68,0.0,0.0,0.0,0.0,0.0,0.0,0.0,0.0,0,0,0.0,0.0,0.0,0.0,0.0060808658599853,0.0078916549682617,0.0,0.0,0.006103515625,0.0,0.0,0.0,0.0078678131103515,0.0,0.0,0.0,9.856,10.24,3.744,4.232,16.666666666666664,112.0,16.666666666666664,0.0114917755126953,0.02288818359375,-394.9977397918701,763.9761924743652,-579.3640613555908,521.384859085083,0.0,0
69,0.0,0.0,0.0,0.0,0.0,0.0,0.0,0.0,0,0,0.0,0.0,0.0,0.0,0.0062036514282226,0.0085830688476562,0.0,0.0,0.0062253740098741,0.0,0.0,0.0,0.0082015991210937,0.0,0.0,0.0,6.448,6.256,8.016,7.936,40.0,112.0,20.0,0.0110973011363636,0.030517578125,-351.2319564819336,712.5000715255737,-533.66486231486,548.943281173706,0.0,0
70,0.0,0.0,0.0,0.0,0.0,0.0,0.0,0.0,0,0,0.0,0.0,0.0,0.0,0.0063204765319824,0.0086069107055664,0.0090599060058593,0.0090599060058593,0.0063419342041015,0.0,0.0,0.0,0.0080585479736328,0.0,0.0,0.0,5.6,6.544,12.008,11.968,20.0,112.696,25.0,0.0113805135091145,0.0301837921142578,-308.96568298339844,728.9366722106934,-477.4734377861023,533.7261358896891,1.192,0
71,0.0,0.0,0.0,0.0,0.0,0.0,0.0,0.0,0,0,0.0,0.0,0.0,0.0,0.0065155883333576,0.0083446502685546,0.0064373016357421,0.0064373016357421,0.0066280364990234,0.0,0.0,0.0,0.0084161758422851,0.0,0.0,0.0,6.096,5.76,8.264,7.736,25.0,113.256,40.0,0.0109195709228515,0.0262975692749023,-354.3778896331787,728.5061836242676,-534.3604882558187,534.2340469360352,1.192,0
72,0.0,0.0,0.0,0.0,0.0,0.0,0.0,0.0,0,0,0.0,0.0,0.0,0.0,0.0074442150523361,0.0100135803222656,0.003876776340098,0.0045299530029296,0.0,0.0,0.0,0.0,0.0,0.0,0.0,0.0,9.856,10.24,0.0,0.0,16.666666666666664,143.848,16.666666666666664,0.0,0.0,-398.2219219207764,757.6060771942139,-578.3840656280518,521.5059757232666,36706.4,0
73,0.0,0.0,0.0,0.0,0.0,0.0,0.0,0.0,0,0,0.0,0.0,0.0,0.0,0.0076744686904831,0.009775161743164,0.0040253634175295,0.0047683715820312,0.0,0.0,0.0,0.0,0.0,0.0,0.0,0.0,6.448,6.256,0.0,0.0,40.0,117.192,20.0,0.0,0.0,-409.2758655548096,708.4292411804199,-533.3754221598307,548.6627221107483,2145.336,0
74,0.0,0.0,0.0,0.0,0.0,0.0,0.0,0.0,0,0,0.0,0.0,0.0,0.0,0.0060367584228515,0.0078678131103515,0.0,0.0,0.0064849853515625,0.0,0.0,0.0,0.008249282836914,0.0,0.0,0.0,5.6,6.544,3.744,4.232,20.0,112.0,25.0,0.0116825103759765,0.0227928161621093,-313.6037588119507,723.4451293945312,-479.21955585479736,533.3501497904459,0.0,1
75,0.0,0.0,0.0,0.0,0.0,0.0,0.0,0.0,0,0,0.0,0.0,0.0,0.0,0.0061440467834472,0.0083446502685546,0.0,0.0,0.0090599060058593,0.0,0.0,0.0,0.0122785568237304,0.0,0.0,0.0,6.096,5.76,7.488,8.464,25.0,112.0,40.0,85.01827716827393,85.0346326828003,-357.4516773223877,723.8357543945312,-533.3317120869955,534.0802669525146,0.0,1
76,0.0,0.0,0.0,0.0,0.0,0.0,0.0,0.0,0,0,0.0,0.0,0.0,0.0,0.0060486793518066,0.0078916549682617,0.0,0.0,0.0087896982828776,0.0,0.0,0.0,0.0120162963867187,0.0,0.0,0.0,9.856,10.24,12.008,11.968,16.666666666666664,112.0,16.666666666666664,85.01636187235515,85.03217697143555,-401.1775493621826,753.0425071716309,-577.5704383850098,520.6086158752441,0.0,1
77,0.0,0.0,0.0,0.0,0.0,0.0,0.0,0.0,0,0,0.0,0.0,0.0,0.0,0.0062751770019531,0.0085830688476562,0.0,0.0,0.0068545341491699,0.0,0.0,0.0,0.0087499618530273,0.0,0.0,0.0,6.448,6.256,2.688,3.704,40.0,112.0,20.0,85.01799901326497,85.03222465515137,-360.00990867614746,705.5834054946899,-533.7065060933431,549.7134923934937,0.0,1
78,0.0,0.0,0.0,0.0,0.0,0.0,0.0,0.0,0,0,0.0,0.0,0.0,0.0,0.0062985206717875,0.0083446502685546,0.0057220458984375,0.0057220458984375,0.01068909962972,0.0,0.0,0.0,0.0154972076416015,0.0,0.0,0.0,5.6,6.544,5.576,4.032,20.0,113.256,25.0,85.01148223876953,85.0123643875122,-318.937087059021,721.0264205932617,-479.7026515007019,533.717155456543,1.192,1
79,0.0,0.0,0.0,0.0,0.0,0.0,0.0,0.0,0,0,0.0,0.0,0.0,0.0,0.0065219402313232,0.0085830688476562,0.0039136286863346,0.0045299530029296,0.0,0.0,0.0,0.0,0.0,0.0,0.0,0.0,6.096,5.76,0.0,0.0,25.0,112.696,40.0,0.0,0.0,-362.41092681884766,720.819091796875,-534.3624750773112,534.0744654337565,4394.688,1
80,0.0,0.0,0.0,0.0,0.0,0.0,0.0,0.0,0,0,0.0,0.0,0.0,0.0,0.007657171453087,0.0101327896118164,0.0038649431908787,0.0045299530029296,0.0159740447998046,0.0,0.0,0.0,0.0159740447998046,0.0,0.0,0.0,9.856,10.24,0.592,0.592,16.666666666666664,143.848,16.666666666666664,85.02999941507976,85.0487232208252,-403.4073829650879,748.1587409973145,-576.183032989502,521.1838245391846,16157.0,1
81,0.0,0.0,0.0,0.0,0.0,0.0,0.0,0.0,0,0,0.0,0.0,0.0,0.0,0.0067824748025011,0.0085830688476562,0.0042809380425347,0.0049114227294921,0.0092983245849609,0.0,0.0,0.0,0.013136863708496,0.0,0.0,0.0,5.6,5.76,3.152,3.64,25.0,117.192,25.0,85.01160144805908,85.011887550354,-363.2230281829834,716.9266223907471,-533.6697896321615,533.6503187815348,420.168,1
82,0.0,0.0,0.0,0.0,0.0,0.0,0.0,0.0,0,0,0.0,0.0,0.0,0.0,0.0067018157807155,0.0090599060058593,0.0040996819734573,0.0047683715820312,0.0080347061157226,0.0,0.0,0.0,0.0100374221801757,0.0,0.0,0.0,6.448,7.04,8.016,8.464,33.33333333333333,117.192,20.0,85.01846140081233,85.03341674804688,-323.33545684814453,700.413179397583,-481.49728775024414,543.9918637275696,3842.736,1
83,0.0,0.0,0.0,0.0,0.0,0.0,0.0,0.0,0,0,0.0,0.0,0.0,0.0,0.0062465667724609,0.0083684921264648,0.0,0.0,0.0082174936930338,0.0,0.0,0.0,0.0116825103759765,0.0,0.0,0.0,6.096,5.76,12.008,11.968,25.0,112.0,40.0,85.01885732014973,85.03308296203613,-345.6563472747803,731.2260150909424,-520.3345616658529,534.2056751251221,0.0,1
84,0.0,0.0,0.0,0.0,0.0,0.0,0.0,0.0,0,0,0.0,0.0,0.0,0.0,0.0060844421386718,0.0078678131103515,0.0,0.0,0.0086545944213867,0.0,0.0,0.0,0.0130653381347656,0.0,0.0,0.0,9.856,10.24,8.264,7.736,16.666666666666664,112.0,16.666666666666664,85.0161075592041,85.03282070159912,-394.7995662689209,763.2247447967529,-579.3782234191895,520.8958625793457,0.0,1
85,0.0,0.0,0.0,0.0,0.0,0.0,0.0,0.0,0,0,0.0,0.0,0.0,0.0,0.0061702728271484,0.0083446502685546,0.005960464477539,0.005960464477539,0.0,0.0,0.0,0.0,0.0,0.0,0.0,0.0,6.448,6.256,0.0,0.0,40.0,112.696,20.0,0.0,0.0,-351.40981674194336,712.279200553894,-534.0017477671305,549.4399666786194,1.192,1
86,0.0,0.0,0.0,0.0,0.0,0.0,0.0,0.0,0,0,0.0,0.0,0.0,0.0,0.0065523593579951,0.0085830688476562,0.003814697265625,0.003814697265625,0.0,0.0,0.0,0.0,0.0,0.0,0.0,0.0,5.6,6.544,0.0,0.0,20.0,113.256,25.0,0.0,0.0,-308.9929819107056,728.1121730804443,-477.4872064590454,533.3942572275797,1.192,1
87,0.0,0.0,0.0,0.0,0.0,0.0,0.0,0.0,0,0,0.0,0.0,0.0,0.0,0.0063035546279535,0.0081062316894531,0.0039156940248277,0.0045299530029296,0.0092506408691406,0.0,0.0,0.0,0.0133037567138671,0.0,0.0,0.0,6.096,5.76,3.744,4.232,25.0,138.656,40.0,85.02264022827148,85.04652976989746,-353.59764099121094,728.6599159240723,-533.6852073669434,534.4087282816569,3167.824,1
88,0.0,0.0,0.0,0.0,0.0,0.0,0.0,0.0,0,0,0.0,0.0,0.0,0.0,0.006181001663208,0.0085830688476562,0.0,0.0,0.0079075495402018,0.0,0.0,0.0,0.009775161743164,0.0,0.0,0.0,9.856,10.24,4.336,4.824,16.666666666666664,112.0,16.666666666666664,85.01565456390381,85.03262996673584,-398.2036590576172,757.3987007141113,-578.5597324371338,521.6016292572021,0.0,1
89,0.0,0.0,0.0,0.0,0.0,0.0,0.0,0.0,0,0,0.0,0.0,0.0,0.0,0.0061277133315356,0.0083446502685546,0.0050067901611328,0.005960464477539,0.0092983245849609,0.0,0.0,0.0,0.0112533569335937,0.0,0.0,0.0,6.448,6.256,3.152,3.64,40.0,117.192,20.0,85.01887321472168,85.03079414367676,-355.24449348449707,707.9971790313721,-533.3637396494547,548.1889247894287,17.408,1
90,0.0,0.0,0.0,0.0,0.0,0.0,0.0,0.0,0,0,0.0,0.0,0.0,0.0,0.0064278123390615,0.0085830688476562,0.0045796235402425,0.0063657760620117,0.0078201293945312,0.0126361846923828,0.0121593475341796,0.016641616821289,0.010538101196289,0.0142574310302734,1.696,1.696,5.6,6.544,12.008,11.968,20.0,126.456,25.0,85.01553535461426,85.02838611602783,-313.63134384155273,724.1668701171875,-479.00933027267456,533.6520671844482,230.096,1
91,0.0,0.0,0.0,0.0,0.0,0.0,0.0,0.0,0,0,0.0,0.0,0.0,0.0,0.0067102909088134,0.0083446502685546,0.0047619278366501,0.0060558319091796,0.0092029571533203,0.0,0.0,0.0,0.0158309936523437,0.0,0.0,0.0,6.096,5.76,8.264,7.736,25.0,112.0,40.0,85.01708507537842,85.03170013427734,-357.5164318084717,723.712158203125,-533.6918036142985,533.7790648142496,281.528,1
92,0.0,0.0,0.0,0.0,0.0,0.0,0.0,0.0,0,0,0.0,0.0,0.0,0.0,0.0068303382042611,0.0085830688476562,0.0041411036536807,0.0051736831665039,0.0,0.0,0.0,0.0,0.0,0.0,0.0,0.0,9.856,10.24,0.0,0.0,16.666666666666664,115.856,16.666666666666664,0.0,0.0,-401.0129928588867,754.1128635406494,-577.3633480072021,520.8035945892334,811.568,1
93,0.0,0.0,0.0,0.0,0.0,0.0,0.0,0.0,0,0,0.0,0.0,0.0,0.0,0.0060672190651964,0.0081062316894531,0.005960464477539,0.005960464477539,0.0,0.0,0.0,0.0,0.0,0.0,0.0,0.0,6.448,6.256,0.0,0.0,40.0,113.256,20.0,0.0,0.0,-359.4147205352783,705.5619239807129,-533.997376759847,549.6767163276672,1.192,1
94,0.0,0.0,0.0,0.0,0.0,0.0,0.0,0.0,0,0,0.0,0.0,0.0,0.0,0.0062728750294652,0.0082969665527343,0.0047343117850167,0.0051736831665039,0.0096797943115234,0.0,0.0,0.0,0.0151634216308593,0.0,0.0,0.0,5.6,6.544,3.744,4.232,20.0,123.104,25.0,85.01801490783691,85.03098487854004,-318.6575412750244,720.3654766082764,-479.99072074890137,533.3382288614908,67.952,1
95,0.0,0.0,0.0,0.0,0.0,0.0,0.0,0.0,0,0,0.0,0.0,0.0,0.0,0.0063657760620117,0.0085830688476562,0.0040949280582257,0.0050067901611328,0.0084161758422851,0.0,0.0,0.0,0.0122785568237304,0.0,0.0,0.0,6.096,5.76,7.488,8.464,25.0,116.632,40.0,85.0156307220459,85.0367784500122,-362.2244358062744,720.6399917602539,-533.6622397104899,534.0229670206705,2605.952,1
96,0.0,0.0,0.0,0.0,0.0,0.0,0.0,0.0,0,0,0.0,0.0,0.0,0.0,0.0069606304168701,0.0092983245849609,0.0040433074854597,0.0047683715820312,0.008546389066256,0.0,0.0,0.0,0.0113964080810546,0.0,0.0,0.0,9.856,10.24,9.896,10.912,16.666666666666664,112.0,16.666666666666664,85.0212574005127,85.03532409667969,-403.8248062133789,748.9596843719482,-576.3937473297119,521.4630126953125,2906.064,1
97,0.0,0.0,0.0,0.0,0.0,0.0,0.0,0.0,0,0,0.0,0.0,0.0,0.0,0.0063945998006792,0.0085830688476562,0.0041281426703179,0.0050067901611328,0.012516975402832,0.0,0.0,0.0,0.0129938125610351,0.0,0.0,0.0,5.6,5.76,2.112,1.056,25.0,117.192,25.0,85.04271507263184,85.04271507263184,-363.1993293762207,717.2083854675293,-533.6422125498453,533.3411693572998,1386.856,1
98,0.0,0.0,0.0,0.0,0.0,0.0,0.0,0.0,0,0,0.0,0.0,0.0,0.0,0.0061561812215776,0.0083446502685546,0.004589557647705,0.0054121017456054,0.0089406967163085,0.0,0.0,0.0,0.0125646591186523,0.0,0.0,0.0,6.448,7.04,8.792,7.736,33.33333333333333,114.52,20.0,85.01415252685547,85.02142429351807,-309.698486328125,713.5779857635498,-471.496045589447,544.21067237854,162.096,1
99,0.0,0.0,0.0,0.0,0.0,0.0,0.0,0.0,0,0,0.0,0.0,0.0,0.0,0.0061739736528538,0.0081062316894531,0.0069141387939453,0.0071048736572265,0.0,0.0,0.0,0.0,0.0,0.0,0.0,0.0,6.096,5.76,0.0,0.0,25.0,115.088,40.0,0.0,0.0,-349.67103004455566,731.1783313751221,-533.6875120798746,533.7582429250082,3.296,1
100,0.0,0.0,0.0,0.0,0.0,0.0,0.0,0.0,0,0,0.0,0.0,0.0,0.0,0.0066033643276537,0.0085830688476562,0.0061988830566406,0.0067710876464843,0.0,0.0,0.0,0.0,0.0,0.0,0.0,0.0,9.856,10.24,0.0,0.0,16.666666666666664,117.888,16.666666666666664,0.0,0.0,-394.81401443481445,763.9161109924316,-579.3948650360107,521.1654663085938,8.112,1
101,0.0,0.0,0.0,0.0,0.0,0.0,0.0,0.0,0,0,0.0,0.0,0.0,0.0,0.0068465275550956,0.0088214874267578,0.0040209695194544,0.0047683715820312,0.0089168548583984,0.0,0.0,0.0,0.0123500823974609,0.0,0.0,0.0,6.448,6.256,3.744,4.232,40.0,117.888,20.0,85.06207466125488,85.15429496765137,-351.9214630126953,711.8325233459473,-533.9600245157877,549.4701266288757,4030.696,1
102,0.0,0.0,0.0,0.0,0.0,0.0,0.0,0.0,0,0,0.0,0.0,0.0,0.0,0.0069805638707099,0.0090599060058593,0.0040560163140586,0.0047683715820312,0.0087976455688476,0.0,0.0,0.0,0.0125885009765625,0.0,0.0,0.0,5.6,6.544,7.488,8.464,20.0,117.192,25.0,85.01768112182617,85.03527641296387,-308.47644805908203,727.8719902038574,-477.4990677833557,533.3728790283203,3820.504,1
103,0.0,0.0,0.0,0.0,0.0,0.0,0.0,0.0,0,0,0.0,0.0,0.0,0.0,0.0062727928161621,0.0083446502685546,0.0,0.0,0.0083764394124348,0.0,0.0,0.0,0.0126838684082031,0.0,0.0,0.0,6.096,5.76,12.008,11.968,25.0,112.0,40.0,85.01858711242676,85.03589630126953,-354.4027328491211,728.5995960235596,-534.013827641805,534.6856117248535,0.0,1
104,0.0,0.0,0.0,0.0,0.0,0.0,0.0,0.0,0,0,0.0,0.0,0.0,0.0,0.0062406063079833,0.0085830688476562,0.0,0.0,0.0095367431640625,0.0,0.0,0.0,0.0140666961669921,0.0,0.0,0.0,9.856,10.24,4.336,4.824,16.666666666666664,112.0,16.666666666666664,85.01732349395752,85.03246307373047,-398.4211444854736,757.1855068206787,-578.3755302429199,521.2190628051758,0.0,1
105,0.0,0.0,0.0,0.0,0.0,0.0,0.0,0.0,0,0,0.0,0.0,0.0,0.0,0.0062975390204067,0.0083446502685546,0.0041521988905869,0.0050067901611328,0.0084638595581054,0.0,0.0,0.0,0.0113248825073242,0.0,0.0,0.0,6.448,6.256,4.456,2.912,40.0,127.576,20.0,85.00885963439941,85.00981330871582,-355.82103729248047,708.8217973709106,-533.3316326141357,548.7823486328125,1316.224,1
106,0.0,0.0,0.0,0.0,0.0,0.0,0.0,0.0,0,0,0.0,0.0,0.0,0.0,0.0063334361161335,0.0085830688476562,0.0039862423408322,0.0047683715820312,0.0,0.0,0.0,0.0,0.0,0.0,0.0,0.0,5.6,6.544,0.0,0.0,20.0,118.448,25.0,0.0,0.0,-313.714861869812,723.5084533691406,-479.2329072952271,533.8625113169352,5408.112,1
107,0.0,0.0,0.0,0.0,0.0,0.0,0.0,0.0,0,0,0.0,0.0,0.0,0.0,0.0063566426139565,0.0081062316894531,0.0046094258626302,0.0049591064453125,0.0091552734375,0.0,0.0,0.0,0.0115871429443359,0.0,0.0,0.0,6.096,5.76,3.744,4.232,25.0,117.888,40.0,85.0165843963623,85.0290298461914,-358.410120010376,722.3965167999268,-533.9926878611246,533.660093943278,8.472,1
108,0.0,0.0,0.0,0.0,0.0,0.0,0.0,0.0,0,0,0.0,0.0,0.0,0.0,0.0065398216247558,0.0085830688476562,0.0047683715820312,0.0047683715820312,0.0126361846923828,0.0,0.0,0.0,0.0126361846923828,0.0,0.0,0.0,9.856,10.24,0.592,0.592,16.666666666666664,112.696,16.666666666666664,85.02237002054851,85.03766059875488,-402.0281791687012,752.2072792053223,-577.399492263794,520.6647396087646,1.192,1
109,0.0,0.0,0.0,0.0,0.0,0.0,0.0,0.0,0,0,0.0,0.0,0.0,0.0,0.0067639350891113,0.0086069107055664,0.0,0.0,0.0087420145670572,0.0,0.0,0.0,0.0123023986816406,0.0,0.0,0.0,5.6,5.76,6.896,7.872,25.0,112.0,25.0,85.01672744750977,85.03022193908691,-360.17985343933105,719.6725845336914,-533.6605707804362,536.0105037689209,0.0,1
110,0.0,0.0,0.0,0.0,0.0,0.0,0.0,0.0,0,0,0.0,0.0,0.0,0.0,0.0067102909088134,0.0085830688476562,0.0,0.0,0.0077565511067708,0.0,0.0,0.0,0.0113964080810546,0.0,0.0,0.0,6.448,7.04,12.008,11.968,33.33333333333333,112.0,20.0,85.01524925231934,85.03227233886719,-320.3552484512329,702.4826526641846,-480.50087690353394,547.9668974876404,0.0,1
111,0.0,0.0,0.0,0.0,0.0,0.0,0.0,0.0,0,0,0.0,0.0,0.0,0.0,0.006723403930664,0.0088214874267578,0.0,0.0,0.0087738037109375,0.0,0.0,0.0,0.0131845474243164,0.0,0.0,0.0,6.096,5.76,8.264,7.736,25.0,112.0,40.0,85.01572608947754,85.03105640411377,-362.9448890686035,718.4684753417969,-533.6584250132242,534.0755780537924,0.0,1
112,0.0,0.0,0.0,0.0,0.0,0.0,0.0,0.0,0,0,0.0,0.0,0.0,0.0,0.0065696239471435,0.0083446502685546,0.0,0.0,0.0,0.0,0.0,0.0,0.0,0.0,0.0,0.0,9.856,10.24,0.0,0.0,16.666666666666664,112.0,16.666666666666664,0.0,0.0,-404.4043064117432,747.509241104126,-575.9803295135498,521.1933135986328,0.0,1
113,0.0,0.0,0.0,0.0,0.0,0.0,0.0,0.0,0,0,0.0,0.0,0.0,0.0,0.0065386295318603,0.0081062316894531,0.0,0.0,0.0,0.0,0.0,0.0,0.0,0.0,0.0,0.0,6.448,6.256,0.0,0.0,40.0,112.0,20.0,0.0,0.0,-360.23082733154297,714.1669988632202,-527.3245970408121,544.2723035812378,0.0,1
114,0.0,0.0,0.0,0.0,0.0,0.0,0.0,0.0,0,0,0.0,0.0,0.0,0.0,0.0068192458271387,0.0085830688476562,0.0050067901611328,0.0050067901611328,0.0092506408691406,0.0,0.0,0.0,0.0116825103759765,0.0,0.0,0.0,5.6,6.544,3.744,4.232,20.0,113.256,25.0,85.01706123352051,85.02993583679199,-304.9896001815796,730.4779052734375,-476.2592911720276,533.6069266001383,1.192,1
115,0.0,0.0,0.0,0.0,0.0,0.0,0.0,0.0,0,0,0.0,0.0,0.0,0.0,0.0069924598730704,0.0090599060058593,0.00407689969325,0.0047683715820312,0.0083446502685546,0.0,0.0,0.0,0.0117301940917968,0.0,0.0,0.0,6.096,5.76,6.432,7.936,25.0,144.408,40.0,85.01827716827393,85.03520488739014,-350.6155490875244,729.8120975494385,-534.321149190267,533.3693822224935,3995.032,1
116,0.0,0.0,0.0,0.0,0.0,0.0,0.0,0.0,0,0,0.0,0.0,0.0,0.0,0.0067854871844301,0.0088214874267578,0.0041698242400909,0.0052452087402343,0.0095367431640625,0.0,0.0,0.0,0.012826919555664,0.0,0.0,0.0,9.856,10.24,3.744,4.232,16.666666666666664,118.144,16.666666666666664,85.02289227076939,85.03947257995605,-395.43471336364746,762.9806518554688,-578.9918899536133,521.0214614868164,1383.384,1
117,0.0,0.0,0.0,0.0,0.0,0.0,0.0,0.0,0,0,0.0,0.0,0.0,0.0,0.0067854871844301,0.0088214874267578,0.0041698242400909,0.0052452087402343,0.0082796270197088,0.0,0.0,0.0,0.0123977661132812,0.0,0.0,0.0,6.448,6.256,9.32,8.264,40.0,118.144,20.0,85.01076698303223,85.01260280609131,-352.6474952697754,713.1568431854248,-533.6805184682211,549.9052405357361,1383.384,1
118,0.0,0.0,0.0,0.0,0.0,0.0,0.0,0.0,0,0,0.0,0.0,0.0,0.0,0.0067854871844301,0.0088214874267578,0.0041698242400909,0.0052452087402343,0.0094413757324218,0.0,0.0,0.0,0.012826919555664,0.0,0.0,0.0,5.6,6.544,8.264,7.736,20.0,118.144,25.0,85.01851558685303,85.03754138946533,-309.31360721588135,726.6550064086914,-477.9692888259888,533.1528981526693,1383.384,1
119,0.0,0.0,0.0,0.0,0.0,0.0,0.0,0.0,0,0,0.0,0.0,0.0,0.0,0.0067854871844301,0.0088214874267578,0.0041698242400909,0.0052452087402343,0.0,0.0,0.0,0.0,0.0,0.0,0.0,0.0,6.096,5.76,0.0,0.0,25.0,118.144,40.0,0.0,0.0,-420.7526206970215,727.6710510253906,-561.3594055175781,533.9032014211019,1383.384,1
120,0.0,0.0,0.0,0.0,0.0,0.0,0.0,0.0,0,0,0.0,0.0,0.0,0.0,0.006495714187622,0.0083923339843749,0.0057220458984375,0.0072479248046875,0.0,0.0,0.0,0.0,0.0,0.0,0.0,0.0,9.856,10.24,0.0,0.0,16.666666666666664,116.632,16.666666666666664,0.0,0.0,-366.2405967712402,757.2976112365723,-561.5908622741699,521.4577198028564,13.408,1
121,0.0,0.0,0.0,0.0,0.0,0.0,0.0,0.0,0,0,0.0,0.0,0.0,0.0,0.0068702507967972,0.0085830688476562,0.0061988830566406,0.0061988830566406,0.0085077787700452,0.0123977661132812,0.0052452087402343,0.0123977661132812,0.0126838684082031,0.0052452087402343,0.848,0.848,6.448,6.256,13.464,15.016,40.0,113.256,20.0,85.01749038696289,85.03427505493164,-356.2359809875488,707.2354555130005,-533.9568456013998,548.7245321273804,1.192,1
122,0.0,0.0,0.0,0.0,0.0,0.0,0.0,0.0,0,0,0.0,0.0,0.0,0.0,0.0066603001077376,0.0085830688476562,0.0042915344238281,0.0042915344238281,0.0088865106756036,0.0050067901611328,0.009775161743164,0.0050067901611328,0.0133514404296875,0.009775161743164,0.848,0.848,5.6,6.544,8.544,8.992,20.0,113.256,25.0,85.01708507537842,85.03291606903076,-314.97251987457275,724.6440887451172,-478.7486791610718,535.3174209594727,1.192,1
123,0.0,0.0,0.0,0.0,0.0,0.0,0.0,0.0,0,0,0.0,0.0,0.0,0.0,0.00633410553434,0.0085830688476562,0.0054836273193359,0.0054836273193359,0.0084241231282552,0.0,0.0,0.0,0.0123500823974609,0.0,0.0,0.0,6.096,5.76,12.008,11.968,25.0,113.256,40.0,85.01644134521484,85.03451347351074,-358.6244583129883,717.4228668212891,-534.3575477600098,532.3576132456461,1.192,1
124,0.0,0.0,0.0,0.0,0.0,0.0,0.0,0.0,0,0,0.0,0.0,0.0,0.0,0.0063109397888183,0.0085830688476562,0.0,0.0,0.0116825103759765,0.0,0.0,0.0,0.0116825103759765,0.0,0.0,0.0,9.856,10.24,0.592,0.592,16.666666666666664,112.0,16.666666666666664,85.02078056335449,85.03327369689941,-401.44314765930176,848.608922958374,-576.9912719726562,552.456521987915,0.0,1
125,0.0,0.0,0.0,0.0,0.0,0.0,0.0,0.0,0,0,0.0,0.0,0.0,0.0,0.006432649565906,0.0088214874267578,0.003958106937265,0.0045299530029296,0.0086095598008897,0.0,0.0,0.0,0.0133514404296875,0.0,0.0,0.0,5.6,5.76,7.672,7.144,25.0,142.592,25.0,85.0139686039516,85.02063751220703,-442.3927783966065,880.9609413146973,-640.3296788533529,640.0070985158285,6553.32,1
126,0.0,0.0,0.0,0.0,0.0,0.0,0.0,0.0,0,0,0.0,0.0,0.0,0.0,0.0072133541107177,0.0095367431640625,0.0041665877887909,0.0052452087402343,0.0,0.0,0.0,0.0,0.0,0.0,0.0,0.0,5.6,5.76,0.0,0.0,25.0,112.0,25.0,0.0,0.0,-442.7084445953369,758.4804534912109,-640.6273047129313,589.302142461141,1825.256,1
127,0.0,0.0,0.0,0.0,0.0,0.0,0.0,0.0,0,0,0.0,0.0,0.0,0.0,0.0066077709197998,0.0083446502685546,0.0,0.0,0.0107288360595703,0.0,0.0,0.0,0.0107288360595703,0.0,0.0,0.0,6.448,7.04,0.592,0.592,33.33333333333333,112.0,20.0,85.01815795898438,85.02964973449707,-320.55842876434326,701.8955707550049,-480.75008392333984,549.4544506072998,0.0,1
128,0.0,0.0,0.0,0.0,0.0,0.0,0.0,0.0,0,0,0.0,0.0,0.0,0.0,0.0068084359756244,0.0088214874267578,0.004587173461914,0.0064849853515625,0.0090599060058593,0.0,0.0,0.0,0.0137090682983398,0.0,0.0,0.0,6.096,5.76,3.152,3.64,25.0,123.64,40.0,85.01958847045898,85.02740859985352,-363.81373405456543,714.5877838134766,-533.6771806081136,532.3335329691569,246.952,1
129,0.0,0.0,0.0,0.0,0.0,0.0,0.0,0.0,0,0,0.0,0.0,0.0,0.0,0.0063008929959577,0.0083446502685546,0.0066757202148437,0.0066757202148437,0.0080823898315429,0.0,0.0,0.0,0.011301040649414,0.0,0.0,0.0,5.6,5.76,7.488,8.464,25.0,113.256,25.0,85.01627445220947,85.03532409667969,-363.8729572296143,712.9220962524414,-533.6724122365316,526.9565582275391,1.192,1
130,0.0,0.0,0.0,0.0,0.0,0.0,0.0,0.0,0,0,0.0,0.0,0.0,0.0,0.0067293643951416,0.0085830688476562,0.0045299530029296,0.0045299530029296,0.0084400177001953,0.0,0.0,0.0,0.0118732452392578,0.0,0.0,0.0,9.856,10.24,12.008,11.968,16.666666666666664,112.696,16.666666666666664,85.0178877512614,85.03432273864746,-386.2228393554688,860.903263092041,-571.775484085083,553.6874294281006,1.192,1
131,0.0,0.0,0.0,0.0,0.0,0.0,0.0,0.0,0,0,0.0,0.0,0.0,0.0,0.0067448616027832,0.0090599060058593,0.0,0.0,0.0082916683620876,0.0,0.0,0.0,0.0121593475341796,0.0,0.0,0.0,5.6,5.76,7.208,7.208,25.0,112.0,25.0,85.01584529876709,85.03153324127197,-435.0260257720947,1146.479892730713,-640.3384208679199,747.0134894053141,0.0,1
132,0.0,0.0,0.0,0.0,0.0,0.0,0.0,0.0,0,0,0.0,0.0,0.0,0.0,0.0067830085754394,0.0090599060058593,0.0,0.0,0.0181198120117187,0.0,0.0,0.0,0.0181198120117187,0.0,0.0,0.0,1.344,1.28,1.056,0.528,50.0,112.0,50.0,0.0,0.0,-395.0679302215576,1076.2345790863037,-395.0679302215576,1076.2345790863037,0.0,1
133,0.0,0.0,0.0,0.0,0.0,0.0,0.0,0.0,0,0,0.0,0.0,0.0,0.0,0.0067007541656494,0.0088214874267578,0.0,0.0,0.0,0.0,0.0,0.0,0.0,0.0,0.0,0.0,9.856,10.24,0.0,0.0,16.666666666666664,112.0,16.666666666666664,0.0,0.0,-395.7473754882813,761.0767364501953,-753.5674095153809,520.7620143890381,0.0,1
134,0.0,0.0,0.0,0.0,0.0,0.0,0.0,0.0,0,0,0.0,0.0,0.0,0.0,0.0065588951110839,0.0081062316894531,0.0,0.0,0.0089645385742187,0.0,0.0,0.0,0.0136375427246093,0.0,0.0,0.0,6.448,6.256,3.744,4.232,40.0,112.0,20.0,85.0163459777832,85.02826690673828,-352.1764278411865,712.038516998291,-533.6759090423584,549.4390726089478,0.0,1
135,0.0,0.0,0.0,0.0,0.0,0.0,0.0,0.0,0,0,0.0,0.0,0.0,0.0,0.0068358177148201,0.0088214874267578,0.0040373449659533,0.0047683715820312,0.0077486038208007,0.0,0.0,0.0,0.01068115234375,0.0,0.0,0.0,5.6,6.544,2.688,3.704,20.0,144.408,25.0,85.01847585042317,85.03568172454834,-310.00678539276123,727.862548828125,-477.77485847473145,533.9978535970052,2402.136,1
136,0.0,0.0,0.0,0.0,0.0,0.0,0.0,0.0,0,0,0.0,0.0,0.0,0.0,0.0068939740384989,0.0092983245849609,0.0039536806079448,0.0045299530029296,0.0109275182088216,0.0,0.0,0.0,0.014662742614746,0.0,0.0,0.0,6.096,5.76,5.328,4.76,25.0,113.256,40.0,85.02054214477539,85.03162860870361,-355.56607246398926,724.5156764984131,-534.6364974975586,533.4043502807617,2176.04,1
137,0.0,0.0,0.0,0.0,0.0,0.0,0.0,0.0,0,0,0.0,0.0,0.0,0.0,0.0063830082959467,0.0083446502685546,0.0044902165730794,0.0058650970458984,0.0079631805419921,0.0,0.0,0.0,0.011444091796875,0.0,0.0,0.0,9.856,10.24,12.008,11.968,16.666666666666664,118.448,16.666666666666664,85.01403672354562,85.0273609161377,-398.6192226409912,757.5513362884521,-577.5693416595459,521.624755859375,164.96,1
138,0.0,0.0,0.0,0.0,0.0,0.0,0.0,0.0,0,0,0.0,0.0,0.0,0.0,0.0068536445276061,0.0088214874267578,0.004123238956227,0.0050067901611328,0.0094890594482421,0.0,0.0,0.0,0.0146150588989257,0.0,0.0,0.0,6.448,6.256,8.264,7.736,40.0,121.824,20.0,85.01734733581543,85.0374698638916,-356.0345649719238,707.2164535522461,-533.6976846059164,548.4328866004944,2090.792,1
139,0.0,0.0,0.0,0.0,0.0,0.0,0.0,0.0,0,0,0.0,0.0,0.0,0.0,0.0068473815917968,0.0088453292846679,0.0042745045253208,0.0047683715820312,0.0,0.0,0.0,0.0,0.0,0.0,0.0,0.0,5.6,6.544,0.0,0.0,20.0,112.0,25.0,0.0,0.0,-315.026593208313,723.9800930023193,-478.9823889732361,534.1886679331461,122.784,1
140,0.0,0.0,0.0,0.0,0.0,0.0,0.0,0.0,0,0,0.0,0.0,0.0,0.0,0.0070920631067076,0.0092983245849609,0.0040146188998441,0.0047683715820312,0.0,0.0,0.0,0.0,0.0,0.0,0.0,0.0,6.096,5.76,0.0,0.0,25.0,121.824,40.0,0.0,0.0,-358.54129791259766,722.0654964447021,-534.304698308309,533.5295995076498,5539.256,1
141,0.0,0.0,0.0,0.0,0.0,0.0,0.0,0.0,0,0,0.0,0.0,0.0,0.0,0.0067623100470547,0.0085830688476562,0.0045431984795464,0.0054836273193359,0.0086784362792968,0.0,0.0,0.0,0.0110149383544921,0.0,0.0,0.0,11.12,11.856,3.744,4.232,14.285714285714285,114.264,14.285714285714285,85.01625061035156,85.02616882324219,-201.521635055542,674.6295690536499,-495.32997608184814,313.4140968322754,168.816,1
142,0.0,0.0,0.0,0.0,0.0,0.0,0.0,0.0,0,0,0.0,0.0,0.0,0.0,0.0063447809931057,0.0083446502685546,0.0042915344238281,0.0042915344238281,0.0089406967163085,0.0,0.0,0.0,0.0122785568237304,0.0,0.0,0.0,16.544,30.608,8.016,8.464,7.6923076923076925,113.256,8.333333333333332,85.01449498263273,85.03580093383789,-48.7697124481201,592.6456451416016,-150.32541751861572,265.674352645874,1.192,1
143,0.0,0.0,0.0,0.0,0.0,0.0,0.0,0.0,0,0,0.0,0.0,0.0,0.0,0.0067919640991818,0.0090599060058593,0.0044164203462146,0.005960464477539,0.0094005039760044,0.0,0.0,0.0,0.014352798461914,0.0,0.0,0.0,5.6,6.544,4.928,5.416,20.0,117.888,25.0,85.01681414517489,85.03556251525879,-321.3916778564453,718.9513683319092,-480.5180430412293,534.7183545430502,175.8,1
144,0.0,0.0,0.0,0.0,0.0,0.0,0.0,0.0,0,0,0.0,0.0,0.0,0.0,0.0068542405302301,0.009012222290039,0.0042052979164935,0.0050067901611328,0.0079274177551269,0.0,0.0,0.0,0.0115633010864257,0.0,0.0,0.0,6.944,5.76,7.08,6.552,25.0,123.64,33.33333333333333,85.01297235488892,85.01715660095215,-363.9976501464844,631.0416460037231,-534.302552541097,450.72638988494873,425.992,1
145,0.0,0.0,0.0,0.0,0.0,0.0,0.0,0.0,0,0,0.0,0.0,0.0,0.0,0.0067535956301281,0.0090599060058593,0.0,0.0,0.0088453292846679,0.0,0.0,0.0,0.0120401382446289,0.0,0.0,0.0,26.112,18.912,8.264,7.736,16.666666666666664,111.376,50.0,85.0163459777832,85.03031730651855,-34.40952301025392,441.50991439819336,-239.76821899414065,290.7012939453125,0.0,1
146,0.0,0.0,0.0,0.0,0.0,0.0,0.0,0.0,0,0,0.0,0.0,0.0,0.0,0.0062263011932373,0.0083446502685546,0.0,0.0,0.0,0.0,0.0,0.0,0.0,0.0,0.0,0.0,6.096,5.76,0.0,0.0,25.0,112.0,40.0,0.0,0.0,-310.9326362609863,730.9108257293701,-383.11243057250977,533.592144648234,0.0,1
147,0.0,0.0,0.0,0.0,0.0,0.0,0.0,0.0,0,0,0.0,0.0,0.0,0.0,0.006335973739624,0.0081062316894531,0.0,0.0,0.0,0.0,0.0,0.0,0.0,0.0,0.0,0.0,9.856,10.24,0.0,0.0,16.666666666666664,112.0,16.666666666666664,0.0,0.0,-394.80834007263184,763.5952949523926,-579.5817852020264,521.2100028991699,0.0,1
148,0.0,0.0,0.0,0.0,0.0,0.0,0.0,0.0,0,0,0.0,0.0,0.0,0.0,0.0069772495942957,0.0088214874267578,0.0040601123267318,0.0049591064453125,0.0093936920166015,0.0,0.0,0.0,0.0153541564941406,0.0,0.0,0.0,6.448,7.04,3.744,4.232,33.33333333333333,132.768,20.0,85.01725196838379,85.03055572509766,-307.2747230529785,712.206506729126,-477.234959602356,549.2091774940491,4067.096,1
149,0.0,0.0,0.0,0.0,0.0,0.0,0.0,0.0,0,0,0.0,0.0,0.0,0.0,0.0066982572944603,0.0083446502685546,0.0054836273193359,0.0054836273193359,0.0092744827270507,0.0,0.0,0.0,0.0126123428344726,0.0,0.0,0.0,6.096,5.76,7.488,8.464,25.0,113.256,40.0,85.01708507537842,85.03150939941406,-352.7323246002197,729.1068077087402,-533.647378285726,534.0050856272379,1.192,1
150,0.0,0.0,0.0,0.0,0.0,0.0,0.0,0.0,0,0,0.0,0.0,0.0,0.0,0.0067782402038574,0.0085830688476562,0.0052452087402343,0.0052452087402343,0.0087261199951171,0.0,0.0,0.0,0.0138282775878906,0.0,0.0,0.0,5.6,5.76,12.536,11.968,25.0,112.696,25.0,85.01581847667694,85.03544330596924,-353.7874221801758,727.4199962615967,-534.3356132507324,533.3324273427328,1.192,1
151,0.0,0.0,0.0,0.0,0.0,0.0,0.0,0.0,0,0,0.0,0.0,0.0,0.0,0.0068204319892238,0.0088214874267578,0.0040531158447265,0.0040531158447265,0.0095367431640625,0.0,0.0,0.0,0.0111103057861328,0.0,0.0,0.0,9.856,10.24,2.688,3.704,16.666666666666664,113.256,16.666666666666664,85.01970767974854,85.03937721252441,-397.8573322296143,758.3124160766602,-578.3775329589844,521.8620300292969,1.192,1
152,0.0,0.0,0.0,0.0,0.0,0.0,0.0,0.0,0,0,0.0,0.0,0.0,0.0,0.0068847768999672,0.0088214874267578,0.00405172564893,0.0047683715820312,0.0093380610148111,0.0152587890625,0.0066757202148437,0.0152587890625,0.0128746032714843,0.0066757202148437,0.848,0.848,6.448,7.04,5.576,4.032,33.33333333333333,132.208,20.0,85.01094579696655,85.01157760620117,-312.37504482269287,708.3313941955566,-478.2927632331848,548.8887429237366,3246.744,1
153,0.0,0.0,0.0,0.0,0.0,0.0,0.0,0.0,0,0,0.0,0.0,0.0,0.0,0.0072296579085772,0.0092983245849609,0.0041659160326885,0.0050067901611328,0.0,0.005960464477539,0.0207424163818359,0.005960464477539,0.0,0.0207424163818359,0.848,0.848,6.096,5.76,0.0,0.0,25.0,117.192,40.0,0.0,0.0,-357.8324794769287,722.6316452026367,-534.6248944600424,533.0931345621744,1790.512,1
154,0.0,0.0,0.0,0.0,0.0,0.0,0.0,0.0,0,0,0.0,0.0,0.0,0.0,0.0066971778869628,0.0081300735473632,0.0,0.0,0.0079274177551269,0.0,0.0,0.0,0.0113487243652343,0.0,0.0,0.0,5.6,5.76,2.688,3.704,25.0,112.0,25.0,85.01629829406738,85.02860069274902,-357.428503036499,723.6940860748291,-533.3379904429117,533.7180296579996,0.0,1
155,0.0,0.0,0.0,0.0,0.0,0.0,0.0,0.0,0,0,0.0,0.0,0.0,0.0,0.0068891048431396,0.0085830688476562,0.0,0.0,0.0188350677490234,0.0,0.0,0.0,0.0188350677490234,0.0,0.0,0.0,9.856,10.24,1.056,0.528,16.666666666666664,112.0,16.666666666666664,85.0372314453125,85.0372314453125,-401.3752937316895,753.6593914031982,-577.5808334350586,521.0052967071533,0.0,1
156,0.0,0.0,0.0,0.0,0.0,0.0,0.0,0.0,0,0,0.0,0.0,0.0,0.0,0.0066389491902061,0.0081062316894531,0.0050067901611328,0.0050067901611328,0.0087261199951171,0.0,0.0,0.0,0.0128984451293945,0.0,0.0,0.0,6.448,7.04,7.488,8.464,33.33333333333333,113.256,20.0,85.01534991794162,85.02240180969238,-318.2871103286743,706.7209243774414,-479.74371910095215,549.9733090400696,1.192,1
157,0.0,0.0,0.0,0.0,0.0,0.0,0.0,0.0,0,0,0.0,0.0,0.0,0.0,0.0067472457885742,0.0088214874267578,0.0045299530029296,0.0045299530029296,0.0083287556966145,0.0,0.0,0.0,0.012063980102539,0.0,0.0,0.0,6.096,5.76,12.536,11.968,25.0,112.696,40.0,85.01575887203217,85.02769470214844,-361.6074085235596,717.9690361022949,-534.3132019042969,532.9398314158121,1.192,1
158,0.0,0.0,0.0,0.0,0.0,0.0,0.0,0.0,0,0,0.0,0.0,0.0,0.0,0.0067457037778636,0.0090599060058593,0.0042915344238281,0.0042915344238281,0.0093936920166015,0.0,0.0,0.0,0.015568733215332,0.0,0.0,0.0,5.6,5.76,8.264,7.736,25.0,113.256,25.0,85.01825332641602,85.03823280334473,-362.1892929077149,721.0218906402588,-533.6827437082926,534.1796875,1.192,1
159,0.0,0.0,0.0,0.0,0.0,0.0,0.0,0.0,0,0,0.0,0.0,0.0,0.0,0.0067710876464843,0.0085830688476562,0.0051259994506835,0.0061750411987304,0.0,0.0,0.0,0.0,0.0,0.0,0.0,0.0,9.856,10.24,0.0,0.0,16.666666666666664,116.632,16.666666666666664,0.0,0.0,-403.84678840637207,748.1037139892578,-576.1832237243652,521.1781024932861,22.864,1
160,0.0,0.0,0.0,0.0,0.0,0.0,0.0,0.0,0,0,0.0,0.0,0.0,0.0,0.0071095257270626,0.0090599060058593,0.0045188637666924,0.0054836273193359,0.0,0.0,0.0,0.0,0.0,0.0,0.0,0.0,6.448,7.04,0.0,0.0,33.33333333333333,139.296,20.0,0.0,0.0,-322.36266136169434,701.9371271133423,-481.0049533843994,548.9646196365356,370.232,1
161,0.0,0.0,0.0,0.0,0.0,0.0,0.0,0.0,0,0,0.0,0.0,0.0,0.0,0.007241519529428,0.009775161743164,0.0044755313707434,0.0054836273193359,0.0093936920166015,0.0,0.0,0.0,0.0146865844726562,0.0,0.0,0.0,6.096,5.76,3.744,4.232,25.0,114.584,40.0,85.01954078674316,85.03327369689941,-365.6559467315674,712.5905513763428,-534.3420505523682,526.9849300384521,549.984,1
162,0.0,0.0,0.0,0.0,0.0,0.0,0.0,0.0,0,0,0.0,0.0,0.0,0.0,0.0067508220672607,0.0083684921264648,0.0050067901611328,0.0053882598876953,0.0111262003580729,0.0,0.0,0.0,0.0145435333251953,0.0,0.0,0.0,5.6,5.76,4.336,4.824,25.0,112.0,25.0,85.01753211021423,85.0297212600708,-345.4442024230957,731.1364650726318,-520.3295548756918,533.8793595631918,21.56,1
163,0.0,0.0,0.0,0.0,0.0,0.0,0.0,0.0,0,0,0.0,0.0,0.0,0.0,0.0069436460438341,0.0092506408691406,0.003905559149314,0.0045299530029296,0.0103950500488281,0.0,0.0,0.0,0.0153064727783203,0.0,0.0,0.0,9.856,10.24,3.744,4.232,16.666666666666664,123.08,16.666666666666664,85.01677513122559,85.02850532531738,-394.8144435882568,763.8140678405762,-579.3914318084717,521.3320732116699,13993.12,1
164,0.0,0.0,0.0,0.0,0.0,0.0,0.0,0.0,0,0,0.0,0.0,0.0,0.0,0.0078937794902537,0.0100135803222656,0.0039013305512985,0.0045299530029296,0.0080892017909458,0.0,0.0,0.0,0.0122785568237304,0.0,0.0,0.0,6.448,7.04,11.416,11.376,33.33333333333333,118.448,20.0,85.0173036257426,85.03026962280273,-307.3042631149292,713.2544755935669,-477.22965478897095,549.3336915969849,22109.264,1
165,0.0,0.0,0.0,0.0,0.0,0.0,0.0,0.0,0,0,0.0,0.0,0.0,0.0,0.0073015689849853,0.0095367431640625,0.0057220458984375,0.0057220458984375,0.009918212890625,0.0,0.0,0.0,0.0151395797729492,0.0,0.0,0.0,6.096,5.76,8.264,7.736,25.0,112.696,40.0,85.01920700073242,85.03303527832031,-353.86037826538086,727.8663635253906,-534.6471468607584,533.686637878418,1.192,1
166,0.0,0.0,0.0,0.0,0.0,0.0,0.0,0.0,0,0,0.0,0.0,0.0,0.0,0.0067591667175292,0.0083684921264648,0.0,0.0,0.0,0.0,0.0,0.0,0.0,0.0,0.0,0.0,5.6,5.76,0.0,0.0,25.0,112.0,25.0,0.0,0.0,-354.3750286102295,726.9515037536621,-533.9807669321696,533.1692695617676,0.0,1
167,0.0,0.0,0.0,0.0,0.0,0.0,0.0,0.0,0,0,0.0,0.0,0.0,0.0,0.0067949295043945,0.0083446502685546,0.0,0.0,0.0,0.0,0.0,0.0,0.0,0.0,0.0,0.0,9.856,10.24,0.0,0.0,16.666666666666664,112.0,16.666666666666664,0.0,0.0,-398.0103969573975,758.8771343231201,-578.1758785247803,521.8748092651367,0.0,1
168,0.0,0.0,0.0,0.0,0.0,0.0,0.0,0.0,0,0,0.0,0.0,0.0,0.0,0.0075826457902496,0.009775161743164,0.0039006772990728,0.0045299530029296,0.0082015991210937,0.0,0.0,0.0,0.0114917755126953,0.0,0.0,0.0,6.448,7.104,3.744,4.232,33.33333333333333,132.768,20.0,85.0182056427002,85.02850532531738,-312.3077630996704,708.7083339691162,-478.2787561416626,548.8152503967285,24575.896,1
169,0.0,0.0,0.0,0.0,0.0,0.0,0.0,0.0,0,0,0.0,0.0,0.0,0.0,0.0080374342885183,0.0102519989013671,0.0038975132152171,0.0045299530029296,0.0090360641479492,0.0,0.0,0.0,0.0131130218505859,0.0,0.0,0.0,6.096,5.792,7.488,8.464,25.0,117.192,40.0,85.02030372619629,85.0386381149292,-356.93488121032715,723.0216979980469,-534.2949231465658,533.1332683563232,26327.72,1
170,0.0,0.0,0.0,0.0,0.0,0.0,0.0,0.0,0,0,0.0,0.0,0.0,0.0,0.0075573968415213,0.0097513198852539,0.0071525573730468,0.0071525573730468,0.0090428761073521,0.0,0.0,0.0,0.0140905380249023,0.0,0.0,0.0,5.6,5.792,10.952,11.44,25.0,118.448,25.0,85.01650492350261,85.02917289733887,-357.64384269714355,723.6244201660156,-533.7146123250326,533.625602722168,1.192,1
171,0.0,0.0,0.0,0.0,0.0,0.0,0.0,0.0,0,0,0.0,0.0,0.0,0.0,0.006800889968872,0.0086069107055664,0.0052452087402343,0.0052452087402343,0.0145435333251953,0.0,0.0,0.0,0.0145435333251953,0.0,0.0,0.0,9.856,10.272,1.056,0.528,16.666666666666664,112.696,16.666666666666664,85.04390716552734,85.04390716552734,-400.7200241088867,753.7435531616211,-577.5657176971436,520.8657741546631,1.192,1
172,0.0,0.0,0.0,0.0,0.0,0.0,0.0,0.0,0,0,0.0,0.0,0.0,0.0,0.0069141387939453,0.0090599060058593,0.0042915344238281,0.0042915344238281,0.0087499618530273,0.0,0.0,0.0,0.0133752822875976,0.0,0.0,0.0,6.448,7.104,8.264,7.736,33.33333333333333,113.256,20.0,85.01497904459636,85.02936363220215,-317.35219955444336,706.0271501541138,-479.4948697090149,549.9310493469238,1.192,1
173,0.0,0.0,0.0,0.0,0.0,0.0,0.0,0.0,0,0,0.0,0.0,0.0,0.0,0.006648302078247,0.0085830688476562,0.0,0.0,0.0,0.0,0.0,0.0,0.0,0.0,0.0,0.0,5.6,5.792,0.0,0.0,25.0,112.0,25.0,0.0,0.0,-428.25212478637695,720.5043315887451,-562.3322327931722,533.76571337382,0.0,1
174,0.0,0.0,0.0,0.0,0.0,0.0,0.0,0.0,0,0,0.0,0.0,0.0,0.0,0.006561279296875,0.0081062316894531,0.0,0.0,0.0,0.0,0.0,0.0,0.0,0.0,0.0,0.0,6.096,5.792,0.0,0.0,25.0,112.0,40.0,85.0369930267334,85.0369930267334,-345.8979606628418,718.3187484741211,-506.372610727946,533.7119897206625,0.0,1
175,0.0,0.0,0.0,0.0,0.0,0.0,0.0,0.0,0,0,0.0,0.0,0.0,0.0,0.0067809048820944,0.0085115432739257,0.0039565901041996,0.0047683715820312,0.0088691711425781,0.0,0.0,0.0,0.0118255615234375,0.0,0.0,0.0,9.856,10.272,3.744,4.232,16.666666666666664,135.816,16.666666666666664,85.0115418434143,85.0121259689331,-403.7549018859863,748.4451293945312,-575.9585380554199,521.1950302124023,2744.936,1
176,0.0,0.0,0.0,0.0,0.0,0.0,0.0,0.0,0,0,0.0,0.0,0.0,0.0,0.0079994771017957,0.0100135803222656,0.0039218301878291,0.0045299530029296,0.0087499618530273,0.0,0.0,0.0,0.013136863708496,0.0,0.0,0.0,6.448,7.104,7.488,8.464,33.33333333333333,117.192,20.0,85.01861095428467,85.04016399383545,-322.3818778991699,701.7269849777222,-481.00608587265015,544.0711379051208,21386.032,1
177,0.0,0.0,0.0,0.0,0.0,0.0,0.0,0.0,0,0,0.0,0.0,0.0,0.0,0.0077930848989913,0.009775161743164,0.0039549434886259,0.0047683715820312,0.0080426534016927,0.0,0.0,0.0,0.012063980102539,0.0,0.0,0.0,6.096,5.792,12.008,11.968,25.0,117.888,40.0,85.01569430033366,85.03427505493164,-344.71983909606934,731.5409183502197,-520.6377506256104,533.8378747304281,14237.12,1
178,0.0,0.0,0.0,0.0,0.0,0.0,0.0,0.0,0,0,0.0,0.0,0.0,0.0,0.0070002999636206,0.0088214874267578,0.0039555476262019,0.0047683715820312,0.0085830688476562,0.0,0.0,0.0,0.01373291015625,0.0,0.0,0.0,5.6,5.792,7.208,7.208,25.0,117.12,25.0,85.01811027526855,85.03141403198242,-349.6769905090332,730.4142951965332,-534.0372721354166,533.3186785380045,6908.88,1
179,0.0,0.0,0.0,0.0,0.0,0.0,0.0,0.0,0,0,0.0,0.0,0.0,0.0,0.0068322936100746,0.0085830688476562,0.0054836273193359,0.0072956085205078,0.0157356262207031,0.0,0.0,0.0,0.0157356262207031,0.0,0.0,0.0,9.856,10.272,1.056,0.528,16.666666666666664,115.536,16.666666666666664,0.0,0.0,-394.7970390319824,763.6645793914795,-579.5637130737305,521.2414264678955,34.36,1
180,0.0,0.0,0.0,0.0,0.0,0.0,0.0,0.0,0,0,0.0,0.0,0.0,0.0,0.0068322936100746,0.0085830688476562,0.0054836273193359,0.0072956085205078,0.0,0.0,0.0,0.0,0.0,0.0,0.0,0.0,6.448,7.104,0.0,0.0,33.33333333333333,115.536,20.0,0.0,0.0,-308.28723907470703,712.1357917785645,-477.5045514106751,549.2342114448547,34.36,1
181,0.0,0.0,0.0,0.0,0.0,0.0,0.0,0.0,0,0,0.0,0.0,0.0,0.0,0.0068322936100746,0.0085830688476562,0.0054836273193359,0.0072956085205078,0.0084952304237767,0.0,0.0,0.0,0.0134944915771484,0.0,0.0,0.0,6.096,5.792,13.464,15.016,25.0,115.536,40.0,85.01724004745483,85.03563404083252,-352.5880813598633,728.8426399230957,-533.2973798116049,534.0440273284912,34.36,1
182,0.0,0.0,0.0,0.0,0.0,0.0,0.0,0.0,0,0,0.0,0.0,0.0,0.0,0.0068322936100746,0.0085830688476562,0.0054836273193359,0.0072956085205078,0.0138282775878906,0.0,0.0,0.0,0.0147819519042968,0.0,0.0,0.0,5.6,5.792,1.648,1.12,25.0,115.536,25.0,85.0232442220052,85.04009246826172,-353.80539894104004,728.3891201019287,-534.3566735585531,535.0942611694336,34.36,1
183,0.0,0.0,0.0,0.0,0.0,0.0,0.0,0.0,0,0,0.0,0.0,0.0,0.0,0.0072086558622472,0.0090599060058593,0.0039290809917306,0.0045299530029296,0.0100665622287326,0.0,0.0,0.0,0.0145912170410156,0.0,0.0,0.0,9.856,10.272,6.896,7.872,16.666666666666664,132.768,16.666666666666664,85.01710210527692,85.02535820007324,-398.4174728393554,756.0735702514648,-578.3913135528564,520.789098739624,14680.88,1
184,0.0,0.0,0.0,0.0,0.0,0.0,0.0,0.0,0,0,0.0,0.0,0.0,0.0,0.0078182409305383,0.0095367431640625,0.0038887814777653,0.0045299530029296,0.0084638595581054,0.013589859008789,0.0064373016357421,0.013589859008789,0.0100374221801757,0.0064373016357421,0.848,0.848,6.448,7.104,8.016,8.464,33.33333333333333,118.448,20.0,85.01841805197976,85.03174781799316,-312.319016456604,707.7330589294434,-478.25127840042114,548.4859943389893,45805.488,1
185,0.0,0.0,0.0,0.0,0.0,0.0,0.0,0.0,0,0,0.0,0.0,0.0,0.0,0.0077344403408541,0.0100135803222656,0.0045299530029296,0.0045299530029296,0.0080347061157226,0.0066757202148437,0.009775161743164,0.0066757202148437,0.0117778778076171,0.009775161743164,0.848,0.848,6.096,5.792,8.264,7.736,25.0,118.448,40.0,85.01718044281006,85.03329753875732,-356.7544460296631,724.1803169250488,-534.004290898641,533.6940288543701,1.192,1
186,0.0,0.0,0.0,0.0,0.0,0.0,0.0,0.0,0,0,0.0,0.0,0.0,0.0,0.010157575701723,0.0171661376953125,0.0057220458984375,0.0057220458984375,0.0,0.0,0.0,0.0,0.0,0.0,0.0,0.0,5.6,5.792,0.0,0.0,25.0,118.448,25.0,0.0,0.0,-357.6214790344238,723.6563682556152,-533.9682102203369,533.998966217041,1.192,1
187,0.0,0.0,0.0,0.0,0.0,0.0,0.0,0.0,0,0,0.0,0.0,0.0,0.0,0.006793737411499,0.0088453292846679,0.0,0.0,0.0,0.0,0.0,0.0,0.0,0.0,0.0,0.0,9.856,10.272,0.0,0.0,16.666666666666664,112.0,16.666666666666664,0.0,0.0,-400.84362030029297,753.2120704650879,-577.3964405059814,520.5909252166748,0.0,1
188,0.0,0.0,0.0,0.0,0.0,0.0,0.0,0.0,0,0,0.0,0.0,0.0,0.0,0.0067555904388427,0.0088214874267578,0.0,0.0,0.0,0.0,0.0,0.0,0.0,0.0,0.0,0.0,6.448,7.104,0.0,0.0,33.33333333333333,112.0,20.0,0.0,0.0,-317.6339864730835,706.686544418335,-479.9915552139282,550.0227212905884,0.0,1
189,0.0,0.0,0.0,0.0,0.0,0.0,0.0,0.0,0,0,0.0,0.0,0.0,0.0,0.0066089630126953,0.0083684921264648,0.0,0.0,0.0081539154052734,0.0,0.0,0.0,0.0119686126708984,0.0,0.0,0.0,6.096,5.792,3.744,4.232,25.0,112.0,40.0,85.01977920532227,85.03232002258301,-360.80288887023926,718.6337471008301,-533.9719454447428,533.2760016123453,0.0,1
190,0.0,0.0,0.0,0.0,0.0,0.0,0.0,0.0,0,0,0.0,0.0,0.0,0.0,0.0066816806793212,0.0088214874267578,0.0,0.0,0.0121593475341796,0.0,0.0,0.0,0.0121593475341796,0.0,0.0,0.0,5.6,5.792,0.592,0.592,25.0,112.0,25.0,85.02316474914551,85.03875732421875,-361.6158962249756,720.5305099487305,-533.6677233378092,533.6354573567709,0.0,1
191,0.0,0.0,0.0,0.0,0.0,0.0,0.0,0.0,0,0,0.0,0.0,0.0,0.0,0.0072281535078839,0.0090599060058593,0.0039360912672551,0.0047683715820312,0.0082850456237792,0.0,0.0,0.0,0.0121355056762695,0.0,0.0,0.0,9.856,10.272,3.152,3.64,16.666666666666664,136.496,16.666666666666664,85.0144624710083,85.01837253570557,-403.8209438323975,749.040699005127,-576.4111518859863,521.6701030731201,13958.072,1
192,0.0,0.0,0.0,0.0,0.0,0.0,0.0,0.0,0,0,0.0,0.0,0.0,0.0,0.0077002119309831,0.0095367431640625,0.0039546386055324,0.0045299530029296,0.009322166442871,0.0,0.0,0.0,0.013899803161621,0.0,0.0,0.0,6.448,7.104,8.264,7.736,33.33333333333333,118.448,20.0,85.01949310302734,85.03656387329102,-322.31366634368896,702.2331476211548,-480.9628129005432,548.9557981491089,11946.592,1
193,0.0,0.0,0.0,0.0,0.0,0.0,0.0,0.0,0,0,0.0,0.0,0.0,0.0,0.0068092346191406,0.0088214874267578,0.0057220458984375,0.0057220458984375,0.0,0.0,0.0,0.0,0.0,0.0,0.0,0.0,6.096,5.792,0.0,0.0,25.0,112.696,40.0,0.0,0.0,-365.0263786315918,711.7670059204102,-534.3399047851562,526.6425609588623,1.192,1
194,0.0,0.0,0.0,0.0,0.0,0.0,0.0,0.0,0,0,0.0,0.0,0.0,0.0,0.0068938732147216,0.0086069107055664,0.0,0.0,0.0,0.0,0.0,0.0,0.0,0.0,0.0,0.0,5.6,5.792,0.0,0.0,25.0,112.0,25.0,0.0,0.0,-345.6575870513916,731.2454700469971,-520.3335285186768,533.694346745809,0.0,1
195,0.0,0.0,0.0,0.0,0.0,0.0,0.0,0.0,0,0,0.0,0.0,0.0,0.0,0.0067341327667236,0.0086069107055664,0.0,0.0,0.0,0.0,0.0,0.0,0.0,0.0,0.0,0.0,9.856,10.272,0.0,0.0,16.666666666666664,112.0,16.666666666666664,0.0,0.0,-394.78816986083984,764.1163349151611,-579.4085502624512,521.2205410003662,0.0,1
196,0.0,0.0,0.0,0.0,0.0,0.0,0.0,0.0,0,0,0.0,0.0,0.0,0.0,0.0068295001983642,0.0081300735473632,0.0,0.0,0.0092029571533203,0.0,0.0,0.0,0.0128746032714843,0.0,0.0,0.0,6.448,7.104,3.744,4.232,33.33333333333333,112.0,20.0,85.01801490783691,85.03131866455078,-334.5881223678589,712.3850584030151,-477.4804711341858,549.2069125175476,0.0,1
197,0.0,0.0,0.0,0.0,0.0,0.0,0.0,0.0,0,0,0.0,0.0,0.0,0.0,0.0067079067230224,0.0085830688476562,0.0,0.0,0.0095367431640625,0.0,0.0,0.0,0.0130176544189453,0.0,0.0,0.0,6.096,5.792,3.744,4.232,25.0,112.0,40.0,85.01625061035156,85.02669334411621,-352.5975704193115,728.5866737365723,-533.6337089538574,533.663272857666,0.0,1
198,0.0,0.0,0.0,0.0,0.0,0.0,0.0,0.0,0,0,0.0,0.0,0.0,0.0,0.0068287351238193,0.0085830688476562,0.0052452087402343,0.0052452087402343,0.0090599060058593,0.0,0.0,0.0,0.0140905380249023,0.0,0.0,0.0,5.6,5.792,2.688,3.704,25.0,113.256,25.0,85.01815795898438,85.03413200378418,-354.3898582458496,728.1262397766113,-534.3334674835205,533.71795018514,1.192,1
199,0.0,0.0,0.0,0.0,0.0,0.0,0.0,0.0,0,0,0.0,0.0,0.0,0.0,0.0070765398550724,0.0090599060058593,0.003910883301829,0.0045299530029296,0.0089406967163085,0.0,0.0,0.0,0.0131130218505859,0.0,0.0,0.0,9.856,10.272,5.576,4.032,16.666666666666664,144.408,16.666666666666664,85.01338958740234,85.01870632171631,-397.42603302001953,758.7475299835205,-578.3858776092529,521.8119621276855,5293.104,1
200,0.0,0.0,0.0,0.0,0.0,0.0,0.0,0.0,0,0,0.0,0.0,0.0,0.0,0.0067207943740768,0.0083446502685546,0.0045299530029296,0.0045299530029296,0.0,0.0,0.0,0.0,0.0,0.0,0.0,0.0,6.448,7.104,0.0,0.0,33.33333333333333,113.256,20.0,0.0,0.0,-312.3481512069702,708.7897300720215,-478.2518148422241,548.7129092216492,1.192,1
201,0.0,0.0,0.0,0.0,0.0,0.0,0.0,0.0,0,0,0.0,0.0,0.0,0.0,0.0068267973342744,0.0083446502685546,0.0063180923461914,0.0066041946411132,0.0,0.0,0.0,0.0,0.0,0.0,0.0,0.0,6.096,5.792,0.0,0.0,25.0,121.696,40.0,0.0,0.0,-356.9718360900879,723.3891487121582,-534.3194802602133,533.2488218943278,12.464,1
202,0.0,0.0,0.0,0.0,0.0,0.0,0.0,0.0,0,0,0.0,0.0,0.0,0.0,0.0065672397613525,0.0085830688476562,0.0,0.0,0.0,0.0,0.0,0.0,0.0,0.0,0.0,0.0,5.6,5.792,0.0,0.0,25.0,112.0,25.0,0.0,0.0,-357.6021194458008,723.853874206543,-533.6606502532959,533.7918599446615,0.0,1
