time_seconds,a1_retransmissions_ul_count,a1_retransmissions_dl_count,a1_packet_loss_ul_percentage,a1_packet_loss_dl_percentage,e2_du_packet_loss_dl_percentage,f1_c_packet_loss_ul_percentage,f1_c_retransmissions_dl_count,e2_du_retransmissions_dl_count,f1_c_packet_loss_dl_percentage,f1_c_retransmissions_ul_count,f1_u_packet_loss_dl_percentage,f1_u_packet_loss_ul_percentage,f1_u_retransmissions_dl_count,f1_u_retransmissions_ul_count,f1_u_latency_mean_ul_ms,f1_u_latency_p90_ul_ms,f1_u_latency_mean_dl_ms,f1_u_latency_p90_dl_ms,a1_latency_mean_ul_ms,f1_c_latency_mean_dl_ms,f1_c_latency_mean_ul_ms,f1_c_latency_p90_dl_ms,f1_c_latency_p90_ul_ms,a1_latency_p90_ul_ms,a1_latency_mean_dl_ms,a1_latency_p90_dl_ms,e2_du_retransmissions_ul_count,e2_du_throughput_dl_kbps,f1_c_throughput_dl_kbps,f1_c_throughput_ul_kbps,e2_du_throughput_ul_kbps,a1_throughput_ul_kbps,a1_throughput_dl_kbps,f1_u_throughput_ul_kbps,e2_du_packet_loss_ul_percentage,e2_du_latency_mean_dl_ms,e2_du_latency_p90_dl_ms,e2_du_latency_mean_ul_ms,e2_du_latency_p90_ul_ms,f1_u_throughput_dl_kbps,F-node
0,0.0,0.0,0.0,0.0,0.0,0.0,0.0,0,0.0,0.0,0.0,0.0,0.0,0,0.0060212612152099,0.0083446502685546,0.0,0.0,0.0,0.0120401382446289,0.0127553939819335,0.0151872634887695,0.0172376632690429,0.0,0.0,0.0,0,0.496,1.696,1.696,1.36,0.0,0.0,112.0,0.0,0.0104904174804687,0.0104904174804687,0.0085830688476562,0.0085830688476562,0.0,0
1,0.0,0.0,0.0,0.0,0.0,0.0,0.0,0,0.0,0.0,0.0,0.0,0.0,0,0.0062668381105874,0.0083446502685546,0.0056136738170276,0.0068902969360351,0.0,0.0120401382446289,0.0127553939819335,0.0151872634887695,0.0172376632690429,0.0,0.0,0.0,0,0.496,1.696,1.696,1.36,0.0,0.0,127.8,0.0,0.0078678131103515,0.0078678131103515,0.0078678131103515,0.0078678131103515,44.688,0
2,0.0,0.0,0.0,0.0,0.0,0.0,0.0,0,0.0,0.0,0.0,0.0,0.0,0,0.0062779624863426,0.0085830688476562,0.0051351693960336,0.0064373016357421,0.0,0.0120401382446289,0.0127553939819335,0.0151872634887695,0.0172376632690429,0.0,0.0,0.0,0,0.496,1.696,1.696,1.36,0.0,0.0,115.536,0.0,0.0123977661132812,0.0123977661132812,0.0092983245849609,0.0092983245849609,53.84,0
3,0.0,0.0,0.0,0.0,0.0,0.0,0.0,0,0.0,0.0,0.0,0.0,0.0,0,0.006231931176516,0.0083446502685546,0.0050862630208333,0.0062465667724609,0.0066280364990234,0.0120401382446289,0.0127553939819335,0.0151872634887695,0.0172376632690429,0.0085830688476562,0.01220703125,0.0226974487304687,0,0.496,1.696,1.696,1.36,3.504,4.52,115.584,0.0,0.0066757202148437,0.0066757202148437,0.0078678131103515,0.0078678131103515,19.256,0
4,0.0,0.0,0.0,0.0,0.0,0.0,0.0,0,0.0,0.0,0.0,0.0,0.0,0,0.0063293608859996,0.0085830688476562,0.0060399373372395,0.0073909759521484,0.0,0.0120401382446289,0.0127553939819335,0.0151872634887695,0.0172376632690429,0.0,0.0,0.0,0,0.496,1.696,1.696,1.36,0.0,0.0,114.328,0.0,0.0069141387939453,0.0069141387939453,0.0073909759521484,0.0073909759521484,12.896,0
5,0.0,0.0,0.0,0.0,0.0,0.0,0.0,0,0.0,0.0,0.0,0.0,0.0,0,0.0062297232708527,0.0085830688476562,0.0078678131103515,0.0078678131103515,0.0,0.0120401382446289,0.0127553939819335,0.0151872634887695,0.0172376632690429,0.0,0.0,0.0,0,0.496,1.696,1.696,1.36,0.0,0.0,114.392,0.0,0.0119209289550781,0.0119209289550781,0.0071525573730468,0.0071525573730468,2.104,0
6,0.0,0.0,0.0,0.0,0.0,0.0,0.0,0,0.0,0.0,0.0,0.0,0.0,0,0.0062831005646814,0.0085830688476562,0.0057220458984375,0.0075101852416992,0.0,0.0120401382446289,0.0127553939819335,0.0151872634887695,0.0172376632690429,0.0,0.0,0.0,0,0.496,1.696,1.696,1.36,0.0,0.0,114.424,0.0,0.0073909759521484,0.0073909759521484,0.0061988830566406,0.0061988830566406,13.104,0
7,0.0,0.0,0.0,0.0,0.0,0.0,0.0,0,0.0,0.0,0.0,0.0,0.0,0,0.0064883066054007,0.0090599060058593,0.0049114227294921,0.0058650970458984,0.0067710876464843,0.0120401382446289,0.0127553939819335,0.0151872634887695,0.0172376632690429,0.0089168548583984,0.0117301940917968,0.0214099884033203,0,0.496,1.696,1.696,1.36,4.232,3.744,115.384,0.0,0.0102519989013671,0.0102519989013671,0.0090599060058593,0.0090599060058593,38.712,0
8,0.0,0.0,0.0,0.0,0.0,0.0,0.0,0,0.0,0.0,0.0,0.0,0.0,0,0.0062331114665116,0.008559226989746,0.004876743663441,0.0054836273193359,0.0059127807617187,0.0120401382446289,0.0127553939819335,0.0151872634887695,0.0172376632690429,0.0075340270996093,0.0103950500488281,0.0187873840332031,0,0.496,1.696,1.696,1.36,4.232,3.744,116.064,0.0,0.009775161743164,0.009775161743164,0.0071525573730468,0.0071525573730468,34.664,0
9,0.0,0.0,0.0,0.0,0.0,0.0,0.0,0,0.0,0.0,0.0,0.0,0.0,0,0.006084394927072,0.0083446502685546,0.00762939453125,0.0078201293945312,0.0061750411987304,0.0,0.0,0.0,0.0,0.0085830688476562,0.0101089477539062,0.0236034393310546,0,0.496,0.0,0.0,1.36,7.736,8.264,117.504,0.0,0.0157356262207031,0.0157356262207031,0.0078678131103515,0.0078678131103515,5.152,0
10,0.0,0.0,0.0,0.0,0.0,0.0,0.0,0,0.0,0.0,0.0,0.0,0.0,0,0.0070911822932781,0.0097513198852539,0.0041455794603396,0.0047683715820312,0.0,0.0,0.0,0.0,0.0,0.0,0.0,0.0,0,0.496,0.0,0.0,1.36,0.0,0.0,118.448,0.0,0.0119209289550781,0.0119209289550781,0.0126361846923828,0.0126361846923828,2699.808,0
11,0.0,0.0,0.0,0.0,0.0,0.0,0.0,0,0.0,0.0,0.0,0.0,0.0,0,0.0063661319106372,0.0085830688476562,0.0044804699016067,0.0054836273193359,0.0,0.0,0.0,0.0,0.0,0.0,0.0,0.0,0,0.496,0.0,0.0,1.36,0.0,0.0,117.192,0.0,0.00762939453125,0.00762939453125,0.0128746032714843,0.0128746032714843,735.904,0
12,0.0,0.0,0.0,0.0,0.0,0.0,0.0,0,0.0,0.0,0.0,0.0,0.0,0,0.0063851105039985,0.0088214874267578,0.0041094257603937,0.0050067901611328,0.0,0.0,0.0,0.0,0.0,0.0,0.0,0.0,0,0.496,0.0,0.0,1.36,0.0,0.0,114.968,0.0,0.009775161743164,0.009775161743164,0.00762939453125,0.00762939453125,1739.08,0
13,0.0,0.0,0.0,0.0,0.0,0.0,0.0,0,0.0,0.0,0.0,0.0,0.0,0,0.0061953245703853,0.0085830688476562,0.0054836273193359,0.0063419342041015,0.0058650970458984,0.0,0.0,0.0,0.0,0.0075340270996093,0.0102996826171875,0.0188350677490234,0,0.496,0.0,0.0,1.36,4.232,3.744,117.192,0.0,0.009775161743164,0.009775161743164,0.0128746032714843,0.0128746032714843,25.272,0
14,0.0,0.0,0.0,0.0,0.0,0.0,0.0,0,0.0,0.0,0.0,0.0,0.0,0,0.0065037267125068,0.0090599060058593,0.0045335382447206,0.0054359436035156,0.006866455078125,0.0,0.0,0.0,0.0,0.0083446502685546,0.0106334686279296,0.0190258026123046,0,0.496,0.0,0.0,1.36,4.232,3.744,117.192,0.0,0.0085830688476562,0.0085830688476562,0.0069141387939453,0.0069141387939453,779.336,0
15,0.0,0.0,0.0,0.0,0.0,0.0,0.0,0,0.0,0.0,0.0,0.0,0.0,0,0.0072269156427666,0.0100135803222656,0.0042169542360226,0.0050067901611328,0.0059127807617187,0.0,0.0,0.0,0.0,0.0086069107055664,0.0107526779174804,0.0259399414062499,0,0.496,0.0,0.0,1.36,7.736,8.264,116.032,0.0,0.026702880859375,0.026702880859375,0.0083446502685546,0.0083446502685546,4510.856,0
16,0.0,0.0,0.0,0.0,0.0,0.0,0.0,0,0.0,0.0,0.0,0.0,0.0,0,0.0065116599054619,0.0088214874267578,0.0045299530029296,0.0053644180297851,0.0,0.0,0.0,0.0,0.0,0.0,0.0,0.0,0,0.496,0.0,0.0,1.36,0.0,0.0,118.448,0.0,0.017404556274414,0.017404556274414,0.0085830688476562,0.0085830688476562,168.224,0
17,0.0,0.0,0.0,0.0,0.0,0.0,0.0,0,0.0,0.0,0.0,0.0,0.0,0,0.0060666905771387,0.0083208084106445,0.0049701103797325,0.0061511993408203,0.0,0.0,0.0,0.0,0.0,0.0,0.0,0.0,0,0.496,0.0,0.0,1.36,0.0,0.0,117.888,0.0,0.0078678131103515,0.0078678131103515,0.0083446502685546,0.0083446502685546,59.912,0
18,0.0,0.0,0.0,0.0,0.0,0.0,0.0,0,0.0,0.0,0.0,0.0,0.0,0,0.0066828371873542,0.0090599060058593,0.0038516910526445,0.0045299530029296,0.0,0.0,0.0,0.0,0.0,0.0,0.0,0.0,0,0.496,0.0,0.0,1.36,0.0,0.0,115.496,0.0,0.0081062316894531,0.0081062316894531,0.0078678131103515,0.0078678131103515,21445.688,0
19,0.0,0.0,0.0,0.0,0.0,0.0,0.0,0,0.0,0.0,0.0,0.0,0.0,0,0.007784366607666,0.0097990036010742,0.0038725792328057,0.0045299530029296,0.0070571899414062,0.0,0.0,0.0,0.0,0.0089645385742187,0.0109195709228515,0.0202178955078125,0,0.496,0.0,0.0,1.36,4.232,3.744,116.632,0.0,0.011444091796875,0.011444091796875,0.0092983245849609,0.0092983245849609,21637.88,0
20,0.0,0.0,0.0,0.0,0.0,0.0,0.0,0,0.0,0.0,0.0,0.0,0.0,0,0.0066375732421875,0.0085830688476562,0.0,0.0,0.0060558319091796,0.0,0.0,0.0,0.0,0.0075340270996093,0.011301040649414,0.0227928161621093,0,0.496,0.0,0.0,1.36,4.232,3.744,112.0,0.0,0.0104904174804687,0.0104904174804687,0.009775161743164,0.009775161743164,0.0,0
21,0.0,0.0,0.0,0.0,0.0,0.0,0.0,0,0.0,0.0,0.0,0.0,0.0,0,0.0067436695098876,0.0085830688476562,0.0,0.0,0.0063657760620117,0.0,0.0,0.0,0.0,0.0088453292846679,0.010991096496582,0.0252485275268554,0,0.496,0.0,0.0,1.36,7.736,8.264,112.0,0.0,0.009775161743164,0.009775161743164,0.0078678131103515,0.0078678131103515,0.0,0
22,0.0,0.0,0.0,0.0,0.0,0.0,0.0,0,0.0,0.0,0.0,0.0,0.0,0,0.0068068504333496,0.0090599060058593,0.0,0.0,0.0,0.0,0.0,0.0,0.0,0.0,0.0,0.0,0,0.496,0.0,0.0,1.36,0.0,0.0,112.0,0.0,0.0081062316894531,0.0081062316894531,0.0095367431640625,0.0095367431640625,0.0,0
23,0.0,0.0,0.0,0.0,0.0,0.0,0.0,0,0.0,0.0,0.0,0.0,0.0,0,0.0069897349287823,0.0095367431640625,0.0038391834980732,0.0042915344238281,0.0,0.0,0.0,0.0,0.0,0.0,0.0,0.0,0,0.496,0.0,0.0,1.36,0.0,0.0,131.4,0.0,0.0100135803222656,0.0100135803222656,0.0071525573730468,0.0071525573730468,16970.704,0
24,0.0,0.0,0.0,0.0,0.0,0.0,0.0,0,0.0,0.0,0.0,0.0,0.0,0,0.0062107446774914,0.0083446502685546,0.0057220458984375,0.0057220458984375,0.0,0.0,0.0,0.0,0.0,0.0,0.0,0.0,0,0.496,0.0,0.0,1.36,0.0,0.0,113.256,0.0,0.0088214874267578,0.0088214874267578,0.0112056732177734,0.0112056732177734,1.192,0
25,0.0,0.0,0.0,0.0,0.0,0.0,0.0,0,0.0,0.0,0.0,0.0,0.0,0,0.0063352916964251,0.0090599060058593,0.0064373016357421,0.0064373016357421,0.0058174133300781,0.0,0.0,0.0,0.0,0.0073432922363281,0.0102043151855468,0.018930435180664,0,0.496,0.0,0.0,1.36,4.232,3.744,113.256,0.0,0.0109672546386718,0.0109672546386718,0.0073909759521484,0.0073909759521484,1.192,0
26,0.0,0.0,0.0,0.0,0.0,0.0,0.0,0,0.0,0.0,0.0,0.0,0.0,0,0.0060868263244628,0.0083446502685546,0.0,0.0,0.0070571899414062,0.0,0.0,0.0,0.0,0.0089645385742187,0.010538101196289,0.0193595886230468,0,0.496,0.0,0.0,1.36,4.232,3.744,112.0,0.0,0.0107288360595703,0.0107288360595703,0.0083446502685546,0.0083446502685546,0.0,0
27,0.0,0.0,0.0,0.0,0.0,0.0,0.0,0,0.0,0.0,0.0,0.0,0.0,0,0.0063508164648916,0.0085830688476562,0.004731691800631,0.0075101852416992,0.0062942504882812,0.0,0.0,0.0,0.0,0.0088691711425781,0.0112295150756835,0.026249885559082,0,0.496,0.0,0.0,1.36,7.736,8.264,132.416,0.0,0.0109672546386718,0.0109672546386718,0.0095367431640625,0.0095367431640625,248.992,0
28,0.0,0.0,0.0,0.0,0.0,0.0,0.0,0,0.0,0.0,0.0,0.0,0.0,0,0.0062973345097024,0.0083446502685546,0.0053735879751352,0.006723403930664,0.0,0.0,0.0,0.0,0.0,0.0,0.0,0.0,0,0.496,0.0,0.0,1.36,0.0,0.0,114.552,0.0,0.0133514404296875,0.0133514404296875,0.0073909759521484,0.0073909759521484,32.68,0
29,0.0,0.0,0.0,0.0,0.0,0.0,0.0,0,0.0,0.0,0.0,0.0,0.0,0,0.0063044514822129,0.0083446502685546,0.0052054723103841,0.0063657760620117,0.0,0.0,0.0,0.0,0.0,0.0,0.0,0.0,0,1.344,0.0,0.0,2.208,0.0,0.0,114.552,0.0,0.0122785568237304,0.0129461288452148,0.0058412551879882,0.0066995620727539,59.392,0
30,0.0,0.0,0.0,0.0,0.0,0.0,0.0,0,0.0,0.0,0.0,0.0,0.0,0,0.0063499601760713,0.008559226989746,0.0052452087402343,0.005960464477539,0.0,0.0,0.0,0.0,0.0,0.0,0.0,0.0,0,0.496,0.0,0.0,1.36,0.0,0.0,115.792,0.0,0.0112056732177734,0.0112056732177734,0.0081062316894531,0.0081062316894531,5.88,0
31,0.0,0.0,0.0,0.0,0.0,0.0,0.0,0,0.0,0.0,0.0,0.0,0.0,0,0.006197702766645,0.0081062316894531,0.0056028366088867,0.0068187713623046,0.0062465667724609,0.0,0.0,0.0,0.0,0.0080585479736328,0.0119686126708984,0.0226020812988281,0,0.496,0.0,0.0,1.36,4.232,3.744,115.792,0.0,0.009775161743164,0.009775161743164,0.0085830688476562,0.0085830688476562,25.168,0
32,0.0,0.0,0.0,0.0,0.0,0.0,0.0,0,0.0,0.0,0.0,0.0,0.0,0,0.0060945007931533,0.0081062316894531,0.0044107437133789,0.0045061111450195,0.006103515625,0.0,0.0,0.0,0.0,0.0078678131103515,0.01068115234375,0.0206470489501953,0,0.496,0.0,0.0,1.36,4.232,3.744,113.256,0.0,0.021219253540039,0.021219253540039,0.0081062316894531,0.0081062316894531,3.952,0
33,0.0,0.0,0.0,0.0,0.0,0.0,0.0,0,0.0,0.0,0.0,0.0,0.0,0,0.0063782871359645,0.0088214874267578,0.0047529897382182,0.0057220458984375,0.0062227249145507,0.0,0.0,0.0,0.0,0.0079154968261718,0.0108003616333007,0.0241756439208984,0,0.496,0.0,0.0,1.36,7.736,8.264,122.384,0.0,0.0092983245849609,0.0092983245849609,0.0085830688476562,0.0085830688476562,214.728,0
34,0.0,0.0,0.0,0.0,0.0,0.0,0.0,0,0.0,0.0,0.0,0.0,0.0,0,0.006031634202644,0.0083446502685546,0.0065565109252929,0.007033348083496,0.0,0.0,0.0,0.0,0.0,0.0,0.0,0.0,0,0.496,0.0,0.0,1.36,0.0,0.0,117.192,0.0,0.00762939453125,0.00762939453125,0.0071525573730468,0.0071525573730468,9.344,0
35,0.0,0.0,0.0,0.0,0.0,0.0,0.0,0,0.0,0.0,0.0,0.0,0.0,0,0.0064823757949753,0.0090599060058593,0.0069141387939453,0.0069141387939453,0.0,0.0,0.0,0.0,0.0,0.0,0.0,0.0,0,0.496,0.0,0.0,1.36,0.0,0.0,115.544,0.0,0.0090599060058593,0.0090599060058593,0.0073909759521484,0.0073909759521484,3.256,0
36,0.0,0.0,0.0,0.0,0.0,0.0,0.0,0,0.0,0.0,0.0,0.0,0.0,0,0.0060565436064307,0.0081062316894531,0.0047683715820312,0.0051498413085937,0.0,0.0,0.0,0.0,0.0,0.0,0.0,0.0,0,0.496,0.0,0.0,1.36,0.0,0.0,116.248,0.0,0.0083446502685546,0.0083446502685546,0.0073909759521484,0.0073909759521484,7.912,0
37,0.0,0.0,0.0,0.0,0.0,0.0,0.0,0,0.0,0.0,0.0,0.0,0.0,0,0.0061799044632793,0.0083446502685546,0.0057220458984375,0.0057220458984375,0.0060558319091796,0.0,0.0,0.0,0.0,0.0079154968261718,0.0105857849121093,0.0198841094970703,0,0.496,0.0,0.0,1.36,4.232,3.744,113.256,0.0,0.0090599060058593,0.0090599060058593,0.0066757202148437,0.0066757202148437,1.192,0
38,0.0,0.0,0.0,0.0,0.0,0.0,0.0,0,0.0,0.0,0.0,0.0,0.0,0,0.0064693280120394,0.0088214874267578,0.0047683715820312,0.0047683715820312,0.0061511993408203,0.0052452087402343,0.0109672546386718,0.0052452087402343,0.0109672546386718,0.0076770782470703,0.0115871429443359,0.0211238861083984,0,0.496,0.848,0.848,1.36,4.232,3.744,113.256,0.0,0.0116825103759765,0.0116825103759765,0.0131130218505859,0.0131130218505859,1.192,0
39,0.0,0.0,0.0,0.0,0.0,0.0,0.0,0,0.0,0.0,0.0,0.0,0.0,0,0.0060695913893666,0.0083446502685546,0.0083446502685546,0.0083446502685546,0.0063419342041015,0.0078678131103515,0.0042915344238281,0.0078678131103515,0.0042915344238281,0.0084877014160156,0.010538101196289,0.0245094299316406,0,0.496,0.848,0.848,1.36,7.736,8.264,113.256,0.0,0.0083446502685546,0.0083446502685546,0.00762939453125,0.00762939453125,1.192,0
40,0.0,0.0,0.0,0.0,0.0,0.0,0.0,0,0.0,0.0,0.0,0.0,0.0,0,0.0063621351871584,0.0088214874267578,0.0070730845133463,0.0084877014160156,0.0,0.0,0.0,0.0,0.0,0.0,0.0,0.0,0,0.496,0.0,0.0,1.36,0.0,0.0,121.928,0.0,0.0126361846923828,0.0126361846923828,0.0085830688476562,0.0085830688476562,9.064,0
41,0.0,0.0,0.0,0.0,0.0,0.0,0.0,0,0.0,0.0,0.0,0.0,0.0,0,0.0060272216796875,0.00762939453125,0.0,0.0,0.0,0.0,0.0,0.0,0.0,0.0,0.0,0.0,0,0.496,0.0,0.0,1.36,0.0,0.0,112.0,0.0,0.0119209289550781,0.0119209289550781,0.0071525573730468,0.0071525573730468,0.0,0
42,0.0,0.0,0.0,0.0,0.0,0.0,0.0,0,0.0,0.0,0.0,0.0,0.0,0,0.0062441825866699,0.0083684921264648,0.0,0.0,0.0,0.0,0.0,0.0,0.0,0.0,0.0,0.0,0,0.496,0.0,0.0,1.36,0.0,0.0,112.0,0.0,0.0147819519042968,0.0147819519042968,0.0092983245849609,0.0092983245849609,0.0,0
43,0.0,0.0,0.0,0.0,0.0,0.0,0.0,0,0.0,0.0,0.0,0.0,0.0,0,0.0064005306111046,0.0088214874267578,0.0083446502685546,0.0083446502685546,0.0071525573730468,0.0,0.0,0.0,0.0,0.009918212890625,0.0117778778076171,0.0220298767089843,0,0.496,0.0,0.0,1.36,4.232,3.744,114.264,0.0,0.0071525573730468,0.0071525573730468,0.0083446502685546,0.0083446502685546,1.976,0
44,0.0,0.0,0.0,0.0,0.0,0.0,0.0,0,0.0,0.0,0.0,0.0,0.0,0,0.0064361213457466,0.0088214874267578,0.003935517491521,0.0042915344238281,0.0060081481933593,0.0,0.0,0.0,0.0,0.0077247619628906,0.0109672546386718,0.020599365234375,0,0.496,0.0,0.0,1.36,4.232,3.744,118.448,0.0,0.0107288360595703,0.0107288360595703,0.0090599060058593,0.0090599060058593,1615.296,0
45,0.0,0.0,0.0,0.0,0.0,0.0,0.0,0,0.0,0.0,0.0,0.0,0.0,0,0.0080352876244521,0.0107288360595703,0.0038818133475482,0.0045299530029296,0.0059366226196289,0.0,0.0,0.0,0.0,0.0083684921264648,0.0108242034912109,0.028848648071289,0,0.496,0.0,0.0,1.36,7.736,8.264,134.024,0.0,0.0126361846923828,0.0126361846923828,0.0126361846923828,0.0126361846923828,37525.248,0
46,0.0,0.0,0.0,0.0,0.0,0.0,0.0,0,0.0,0.0,0.0,0.0,0.0,0,0.006603722525115,0.0092744827270507,0.005960464477539,0.005960464477539,0.0,0.0,0.0,0.0,0.0,0.0,0.0,0.0,0,0.496,0.0,0.0,1.36,0.0,0.0,118.448,0.0,0.0131130218505859,0.0131130218505859,0.0090599060058593,0.0090599060058593,1.192,0
47,0.0,0.0,0.0,0.0,0.0,0.0,0.0,0,0.0,0.0,0.0,0.0,0.0,0,0.006305637644298,0.0085830688476562,0.0041528623931261,0.0050067901611328,0.0,0.0,0.0,0.0,0.0,0.0,0.0,0.0,0,0.496,0.0,0.0,1.36,0.0,0.0,117.192,0.0,0.0121593475341796,0.0121593475341796,0.0083446502685546,0.0083446502685546,960.512,0
48,0.0,0.0,0.0,0.0,0.0,0.0,0.0,0,0.0,0.0,0.0,0.0,0.0,0,0.0065381254129741,0.0090599060058593,0.0040838212677926,0.0047683715820312,0.0,0.0,0.0,0.0,0.0,0.0,0.0,0.0,0,0.496,0.0,0.0,1.36,0.0,0.0,114.712,0.0,0.0066757202148437,0.0066757202148437,0.0069141387939453,0.0069141387939453,2279.44,0
49,0.0,0.0,0.0,0.0,0.0,0.0,0.0,0,0.0,0.0,0.0,0.0,0.0,0,0.0072735459057252,0.009775161743164,0.003897131846805,0.0045299530029296,0.0064373016357421,0.0,0.0,0.0,0.0,0.008249282836914,0.0104427337646484,0.0197410583496093,0,0.496,0.0,0.0,1.36,4.232,3.744,117.192,0.0,0.0126361846923828,0.0126361846923828,0.0083446502685546,0.0083446502685546,16036.424,0
50,0.0,0.0,0.0,0.0,0.0,0.0,0.0,0,0.0,0.0,0.0,0.0,0.0,0,0.0065784549238669,0.0090599060058593,0.0045994917551676,0.0057935714721679,0.0065326690673828,0.0,0.0,0.0,0.0,0.0080108642578125,0.0107288360595703,0.0200748443603515,0,0.496,0.0,0.0,1.36,4.232,3.744,117.192,0.0,0.0138282775878906,0.0138282775878906,0.0088214874267578,0.0088214874267578,341.136,0
51,0.0,0.0,0.0,0.0,0.0,0.0,0.0,0,0.0,0.0,0.0,0.0,0.0,0,0.0069271219838963,0.0097513198852539,0.0039361389388752,0.0045299530029296,0.0059843063354492,0.0,0.0,0.0,0.0,0.0081777572631835,0.0100612640380859,0.0238418579101562,0,0.496,0.0,0.0,1.36,7.736,8.264,115.68,0.0,0.0083446502685546,0.0083446502685546,0.0066757202148437,0.0066757202148437,5773.408,0
52,0.0,0.0,0.0,0.0,0.0,0.0,0.0,0,0.0,0.0,0.0,0.0,0.0,0,0.0070132831535717,0.0095367431640625,0.0038651541862426,0.0045299530029296,0.0,0.0,0.0,0.0,0.0,0.0,0.0,0.0,0,0.496,0.0,0.0,1.36,0.0,0.0,115.84,0.0,0.0092983245849609,0.0092983245849609,0.0090599060058593,0.0090599060058593,20783.176,0
53,0.0,0.0,0.0,0.0,0.0,0.0,0.0,0,0.0,0.0,0.0,0.0,0.0,0,0.0075503151015479,0.0100135803222656,0.0038869603872713,0.0045299530029296,0.0,0.0,0.0,0.0,0.0,0.0,0.0,0.0,0,0.496,0.0,0.0,1.36,0.0,0.0,118.448,0.0,0.0095367431640625,0.0095367431640625,0.0088214874267578,0.0088214874267578,31478.728,0
54,0.0,0.0,0.0,0.0,0.0,0.0,0.0,0,0.0,0.0,0.0,0.0,0.0,0,0.0072854075265761,0.0100135803222656,0.0039007262364879,0.0045299530029296,0.0,0.0,0.0,0.0,0.0,0.0,0.0,0.0,0,0.496,0.0,0.0,1.36,0.0,0.0,117.192,0.0,0.0090599060058593,0.0090599060058593,0.0088214874267578,0.0088214874267578,16273.624,0
55,0.0,0.0,0.0,0.0,0.0,0.0,0.0,0,0.0,0.0,0.0,0.0,0.0,0,0.0077835956023107,0.0102519989013671,0.0038848400785816,0.0045299530029296,0.0057697296142578,0.0,0.0,0.0,0.0,0.0074386596679687,0.0106334686279296,0.0197887420654296,0,0.496,0.0,0.0,1.36,4.232,3.744,117.192,0.0,0.0119209289550781,0.0119209289550781,0.0092983245849609,0.0092983245849609,55017.752,0
56,0.0,0.0,0.0,0.0,0.0,0.0,0.0,0,0.0,0.0,0.0,0.0,0.0,0,0.0075855065341019,0.0102519989013671,0.003929706769907,0.0047683715820312,0.0066280364990234,0.0,0.0,0.0,0.0,0.0088691711425781,0.0108242034912109,0.0200748443603515,0,0.496,0.0,0.0,1.36,4.232,3.744,117.192,0.0,0.0109672546386718,0.0109672546386718,0.0092983245849609,0.0092983245849609,7831.808,0
57,0.0,0.0,0.0,0.0,0.0,0.0,0.0,0,0.0,0.0,0.0,0.0,0.0,0,0.0064159507182107,0.0088214874267578,0.0,0.0,0.0064611434936523,0.0,0.0,0.0,0.0,0.0088214874267578,0.0107765197753906,0.0266790390014648,0,0.496,0.0,0.0,1.36,7.736,8.264,117.192,0.0,0.0109672546386718,0.0109672546386718,0.00762939453125,0.00762939453125,0.0,0
58,0.0,0.0,0.0,0.0,0.0,0.0,0.0,0,0.0,0.0,0.0,0.0,0.0,0,0.0064066140958578,0.0085830688476562,0.003954387446332,0.0045299530029296,0.0,0.0,0.0,0.0,0.0,0.0,0.0,0.0,0,0.496,0.0,0.0,1.36,0.0,0.0,118.448,0.0,0.0121593475341796,0.0121593475341796,0.0083446502685546,0.0083446502685546,4877.76,0
59,0.0,0.0,0.0,0.0,0.0,0.0,0.0,0,0.0,0.0,0.0,0.0,0.0,0,0.0062154071165783,0.0083446502685546,0.0057220458984375,0.0057220458984375,0.0069300333658854,0.0,0.0,0.0,0.0,0.0093460083007812,0.0098864237467447,0.0205516815185546,0,1.344,0.0,0.0,2.208,11.312,10.776,117.376,0.0,0.0078678131103515,0.0086307525634765,0.0065565109252929,0.0079870223999023,5.024,0
60,0.0,0.0,0.0,0.0,0.0,0.0,0.0,0,0.0,0.0,0.0,0.0,0.0,0,0.0060695913893666,0.0081062316894531,0.0073909759521484,0.0073909759521484,0.0,0.0,0.0,0.0,0.0,0.0,0.0,0.0,0,0.496,0.0,0.0,1.36,0.0,0.0,113.256,0.0,0.0088214874267578,0.0088214874267578,0.0083446502685546,0.0083446502685546,1.192,0
61,0.0,0.0,0.0,0.0,0.0,0.0,0.0,0,0.0,0.0,0.0,0.0,0.0,0,0.0063633918762207,0.0088453292846679,0.0,0.0,0.005960464477539,0.0,0.0,0.0,0.0,0.00762939453125,0.0116825103759765,0.0219345092773437,0,0.496,0.0,0.0,1.36,4.232,3.744,112.0,0.0,0.011444091796875,0.011444091796875,0.00762939453125,0.00762939453125,0.0,0
62,0.0,0.0,0.0,0.0,0.0,0.0,0.0,0,0.0,0.0,0.0,0.0,0.0,0,0.006256103515625,0.0085830688476562,0.0,0.0,0.0060558319091796,0.0,0.0,0.0,0.0,0.0074386596679687,0.0118732452392578,0.0216484069824218,0,0.496,0.0,0.0,1.36,4.232,3.744,112.0,0.0,0.0081062316894531,0.0081062316894531,0.0078678131103515,0.0078678131103515,0.0,0
63,0.0,0.0,0.0,0.0,0.0,0.0,0.0,0,0.0,0.0,0.0,0.0,0.0,0,0.0062095585154063,0.0085830688476562,0.0090599060058593,0.0090599060058593,0.0062227249145507,0.0,0.0,0.0,0.0,0.0084400177001953,0.0110149383544921,0.0255107879638671,0,0.496,0.0,0.0,1.36,7.736,8.264,117.192,0.0,0.0078678131103515,0.0078678131103515,0.0095367431640625,0.0095367431640625,5.752,0
64,0.0,0.0,0.0,0.0,0.0,0.0,0.0,0,0.0,0.0,0.0,0.0,0.0,0,0.0062118022899909,0.0083446502685546,0.0052928924560546,0.006723403930664,0.0,0.0,0.0,0.0,0.0,0.0,0.0,0.0,0,0.496,0.0,0.0,1.36,0.0,0.0,124.776,0.0,0.0069141387939453,0.0069141387939453,0.0071525573730468,0.0071525573730468,35.96,0
65,0.0,0.0,0.0,0.0,0.0,0.0,0.0,0,0.0,0.0,0.0,0.0,0.0,0,0.0064690124812384,0.009012222290039,0.0042438507080078,0.0052928924560546,0.0,0.0,0.0,0.0,0.0,0.0,0.0,0.0,0,0.496,0.0,0.0,1.36,0.0,0.0,123.64,0.0,0.0085830688476562,0.0085830688476562,0.0078678131103515,0.0078678131103515,656.088,0
66,0.0,0.0,0.0,0.0,0.0,0.0,0.0,0,0.0,0.0,0.0,0.0,0.0,0,0.0061668566803434,0.0081062316894531,0.0061988830566406,0.0061988830566406,0.0,0.0,0.0,0.0,0.0,0.0,0.0,0.0,0,0.496,0.0,0.0,1.36,0.0,0.0,113.256,0.0,0.0085830688476562,0.0085830688476562,0.0083446502685546,0.0083446502685546,1.192,0
67,0.0,0.0,0.0,0.0,0.0,0.0,0.0,0,0.0,0.0,0.0,0.0,0.0,0,0.0063554564518715,0.0085830688476562,0.0057220458984375,0.0057220458984375,0.0058650970458984,0.0,0.0,0.0,0.0,0.0075817108154296,0.011444091796875,0.0220298767089843,0,0.496,0.0,0.0,1.36,4.232,3.744,113.256,0.0,0.0092983245849609,0.0092983245849609,0.0073909759521484,0.0073909759521484,1.192,0
68,0.0,0.0,0.0,0.0,0.0,0.0,0.0,0,0.0,0.0,0.0,0.0,0.0,0,0.0062870979309082,0.0083446502685546,0.0,0.0,0.0062465667724609,0.0,0.0,0.0,0.0,0.0082015991210937,0.0113964080810546,0.0212669372558593,0,0.496,0.0,0.0,1.36,4.232,3.744,112.0,0.0,0.0107288360595703,0.0107288360595703,0.005960464477539,0.005960464477539,0.0,0
69,0.0,0.0,0.0,0.0,0.0,0.0,0.0,0,0.0,0.0,0.0,0.0,0.0,0,0.0062537193298339,0.0083446502685546,0.0,0.0,0.0070571899414062,0.0042915344238281,0.005960464477539,0.0042915344238281,0.005960464477539,0.0099182128906249,0.0107049942016601,0.0243902206420898,0,0.496,0.848,0.848,1.36,7.736,8.264,112.0,0.0,0.0078678131103515,0.0078678131103515,0.0092983245849609,0.0092983245849609,0.0,0
70,0.0,0.0,0.0,0.0,0.0,0.0,0.0,0,0.0,0.0,0.0,0.0,0.0,0,0.0062966346740722,0.0088453292846679,0.0,0.0,0.0,0.0095367431640625,0.0042915344238281,0.0095367431640625,0.0042915344238281,0.0,0.0,0.0,0,0.496,0.848,0.848,1.36,0.0,0.0,112.0,0.0,0.0095367431640625,0.0095367431640625,0.0071525573730468,0.0071525573730468,0.0,0
71,0.0,0.0,0.0,0.0,0.0,0.0,0.0,0,0.0,0.0,0.0,0.0,0.0,0,0.0062394142150878,0.0086069107055664,0.0,0.0,0.0,0.0,0.0,0.0,0.0,0.0,0.0,0.0,0,0.496,0.0,0.0,1.36,0.0,0.0,112.0,0.0,0.0061988830566406,0.0061988830566406,0.0095367431640625,0.0095367431640625,0.0,0
72,0.0,0.0,0.0,0.0,0.0,0.0,0.0,0,0.0,0.0,0.0,0.0,0.0,0,0.0062023383983667,0.0085830688476562,0.0040650367736816,0.0047683715820312,0.0,0.0,0.0,0.0,0.0,0.0,0.0,0.0,0,0.496,0.0,0.0,1.36,0.0,0.0,144.408,0.0,0.0128746032714843,0.0128746032714843,0.0081062316894531,0.0081062316894531,1531.824,0
73,0.0,0.0,0.0,0.0,0.0,0.0,0.0,0,0.0,0.0,0.0,0.0,0.0,0,0.0065281839653997,0.0090360641479492,0.0038620937301451,0.0043153762817382,0.0068187713623046,0.0,0.0,0.0,0.0,0.0092506408691406,0.0110626220703125,0.0198841094970703,0,0.496,0.0,0.0,1.36,4.232,3.744,118.448,0.0,0.0088214874267578,0.0088214874267578,0.0090599060058593,0.0090599060058593,9614.912,0
74,0.0,0.0,0.0,0.0,0.0,0.0,0.0,0,0.0,0.0,0.0,0.0,0.0,0,0.006103990089834,0.0085830688476562,0.0078678131103515,0.0078678131103515,0.0061511993408203,0.0,0.0,0.0,0.0,0.0078678131103515,0.01068115234375,0.0198841094970703,0,0.496,0.0,0.0,1.36,4.232,3.744,113.256,0.0,0.00762939453125,0.00762939453125,0.0083446502685546,0.0083446502685546,1.192,0
75,0.0,0.0,0.0,0.0,0.0,0.0,0.0,0,0.0,0.0,0.0,0.0,0.0,0,0.0063812732696533,0.0088214874267578,0.0,0.0,0.0061511993408203,0.0,0.0,0.0,0.0,0.0083446502685546,0.0104427337646484,0.0248193740844726,0,0.496,0.0,0.0,1.36,7.736,8.264,112.0,0.0,0.0066757202148437,0.0066757202148437,0.0100135803222656,0.0100135803222656,0.0,0
76,0.0,0.0,0.0,0.0,0.0,0.0,0.0,0,0.0,0.0,0.0,0.0,0.0,0,0.0063145160675048,0.0088214874267578,0.0,0.0,0.0,0.0,0.0,0.0,0.0,0.0,0.0,0.0,0,0.496,0.0,0.0,1.36,0.0,0.0,112.0,0.0,0.0081062316894531,0.0081062316894531,0.0085830688476562,0.0085830688476562,0.0,0
77,0.0,0.0,0.0,0.0,0.0,0.0,0.0,0,0.0,0.0,0.0,0.0,0.0,0,0.0060474872589111,0.0078916549682617,0.0,0.0,0.0,0.0,0.0,0.0,0.0,0.0,0.0,0.0,0,0.496,0.0,0.0,1.36,0.0,0.0,112.0,0.0,0.0107288360595703,0.0107288360595703,0.0061988830566406,0.0061988830566406,0.0,0
78,0.0,0.0,0.0,0.0,0.0,0.0,0.0,0,0.0,0.0,0.0,0.0,0.0,0,0.0060689449310302,0.0088453292846679,0.0,0.0,0.0,0.0,0.0,0.0,0.0,0.0,0.0,0.0,0,0.496,0.0,0.0,1.36,0.0,0.0,112.0,0.0,0.0095367431640625,0.0095367431640625,0.0069141387939453,0.0069141387939453,0.0,0
79,0.0,0.0,0.0,0.0,0.0,0.0,0.0,0,0.0,0.0,0.0,0.0,0.0,0,0.0064977959020813,0.0085830688476562,0.0090599060058593,0.0090599060058593,0.0066757202148437,0.0,0.0,0.0,0.0,0.0092506408691406,0.0108242034912109,0.01983642578125,0,0.496,0.0,0.0,1.36,4.232,3.744,113.256,0.0,0.0121593475341796,0.0121593475341796,0.0104904174804687,0.0104904174804687,1.192,0
80,0.0,0.0,0.0,0.0,0.0,0.0,0.0,0,0.0,0.0,0.0,0.0,0.0,0,0.0061882075978748,0.0085830688476562,0.0071525573730468,0.0071525573730468,0.0058650970458984,0.0,0.0,0.0,0.0,0.0073909759521484,0.0118732452392578,0.0230312347412109,0,0.496,0.0,0.0,1.36,4.232,3.744,113.256,0.0,0.00762939453125,0.00762939453125,0.00762939453125,0.00762939453125,1.192,0
81,0.0,0.0,0.0,0.0,0.0,0.0,0.0,0,0.0,0.0,0.0,0.0,0.0,0,0.0064171368802957,0.0090599060058593,0.0047683715820312,0.0047683715820312,0.005907482571072,0.0,0.0,0.0,0.0,0.0069618225097656,0.0102086500688032,0.0245571136474609,0,0.496,0.0,0.0,1.36,7.208,8.792,113.256,0.0,0.0109672546386718,0.0109672546386718,0.0083446502685546,0.0083446502685546,1.192,0
82,0.0,0.0,0.0,0.0,0.0,0.0,0.0,0,0.0,0.0,0.0,0.0,0.0,0,0.0062322616577148,0.0083446502685546,0.0,0.0,0.0,0.0,0.0,0.0,0.0,0.0,0.0,0.0,0,0.496,0.0,0.0,1.36,0.0,0.0,112.0,0.0,0.011444091796875,0.011444091796875,0.0088214874267578,0.0088214874267578,0.0,0
83,0.0,0.0,0.0,0.0,0.0,0.0,0.0,0,0.0,0.0,0.0,0.0,0.0,0,0.006359757728947,0.0085830688476562,0.003989454339312,0.0045299530029296,0.0,0.0,0.0,0.0,0.0,0.0,0.0,0.0,0,0.496,0.0,0.0,1.36,0.0,0.0,143.152,0.0,0.0085830688476562,0.0085830688476562,0.0061988830566406,0.0061988830566406,2124.824,0
84,0.0,0.0,0.0,0.0,0.0,0.0,0.0,0,0.0,0.0,0.0,0.0,0.0,0,0.0062297232708527,0.0088214874267578,0.0039406037062741,0.0046014785766601,0.0,0.0,0.0,0.0,0.0,0.0,0.0,0.0,0,0.496,0.0,0.0,1.36,0.0,0.0,117.192,0.0,0.011444091796875,0.011444091796875,0.0064373016357421,0.0064373016357421,1923.536,0
85,0.0,0.0,0.0,0.0,0.0,0.0,0.0,0,0.0,0.0,0.0,0.0,0.0,0,0.0061190128326416,0.0083446502685546,0.0,0.0,0.0061511993408203,0.0,0.0,0.0,0.0,0.0081539154052734,0.0129222869873046,0.0261306762695312,0,0.496,0.0,0.0,1.36,4.232,3.744,112.0,0.0,0.0071525573730468,0.0071525573730468,0.0071525573730468,0.0071525573730468,0.0,0
86,0.0,0.0,0.0,0.0,0.0,0.0,0.0,0,0.0,0.0,0.0,0.0,0.0,0,0.0061166697535021,0.0085353851318359,0.004154263120709,0.0047683715820312,0.0065326690673828,0.0,0.0,0.0,0.0,0.0088691711425781,0.0111103057861328,0.0204086303710937,0,0.496,0.0,0.0,1.36,4.232,3.744,123.64,0.0,0.0066757202148437,0.0066757202148437,0.0064373016357421,0.0064373016357421,675.536,0
87,0.0,0.0,0.0,0.0,0.0,0.0,0.0,0,0.0,0.0,0.0,0.0,0.0,0,0.0061965107324704,0.0085830688476562,0.0042915344238281,0.0042915344238281,0.0061750411987304,0.0,0.0,0.0,0.0,0.0081777572631835,0.0103712081909179,0.0240564346313476,0,0.496,0.0,0.0,1.36,7.736,8.264,113.256,0.0,0.0128746032714843,0.0128746032714843,0.0078678131103515,0.0078678131103515,1.192,0
88,0.0,0.0,0.0,0.0,0.0,0.0,0.0,0,0.0,0.0,0.0,0.0,0.0,0,0.0064325569874018,0.0088214874267578,0.0078678131103515,0.0078678131103515,0.0,0.0,0.0,0.0,0.0,0.0,0.0,0.0,0,0.496,0.0,0.0,1.36,0.0,0.0,113.256,0.0,0.0090599060058593,0.0090599060058593,0.0088214874267578,0.0088214874267578,1.192,0
89,0.0,0.0,0.0,0.0,0.0,0.0,0.0,0,0.0,0.0,0.0,0.0,0.0,0,0.0063081093022388,0.0088214874267578,0.0039518695988067,0.0046491622924804,0.0,0.0,0.0,0.0,0.0,0.0,0.0,0.0,0,0.496,0.0,0.0,1.36,0.0,0.0,127.576,0.0,0.0073909759521484,0.0073909759521484,0.0066757202148437,0.0066757202148437,1629.376,0
90,0.0,0.0,0.0,0.0,0.0,0.0,0.0,0,0.0,0.0,0.0,0.0,0.0,0,0.0063967704772949,0.0085830688476562,0.0,0.0,0.0,0.0,0.0,0.0,0.0,0.0,0.0,0.0,0,1.344,0.0,0.0,2.208,0.0,0.0,112.0,0.0,0.0113248825073242,0.011610984802246,0.0069141387939453,0.007486343383789,0.0,0
91,0.0,0.0,0.0,0.0,0.0,0.0,0.0,0,0.0,0.0,0.0,0.0,0.0,0,0.0062274932861328,0.0085830688476562,0.0,0.0,0.0061988830566406,0.0,0.0,0.0,0.0,0.0083446502685546,0.0103473663330078,0.0192165374755859,0,0.496,0.0,0.0,1.36,4.232,3.744,112.0,0.0,0.0057220458984375,0.0057220458984375,0.0107288360595703,0.0107288360595703,0.0,0
92,0.0,0.0,0.0,0.0,0.0,0.0,0.0,0,0.0,0.0,0.0,0.0,0.0,0,0.0063669681549072,0.0088214874267578,0.0,0.0,0.0060081481933593,0.0,0.0,0.0,0.0,0.0075340270996093,0.0110149383544921,0.0207424163818359,0,0.496,0.0,0.0,1.36,4.232,3.744,112.0,0.0,0.0092983245849609,0.0092983245849609,0.0116825103759765,0.0116825103759765,0.0,0
93,0.0,0.0,0.0,0.0,0.0,0.0,0.0,0,0.0,0.0,0.0,0.0,0.0,0,0.0062356540812781,0.0083446502685546,0.0052452087402343,0.0052452087402343,0.0061988830566406,0.0,0.0,0.0,0.0,0.0086069107055664,0.0112295150756835,0.0269889831542968,0,0.496,0.0,0.0,1.36,7.736,8.264,113.256,0.0,0.0071525573730468,0.0071525573730468,0.0071525573730468,0.0071525573730468,1.192,0
94,0.0,0.0,0.0,0.0,0.0,0.0,0.0,0,0.0,0.0,0.0,0.0,0.0,0,0.0061680428424284,0.0083446502685546,0.0047683715820312,0.0047683715820312,0.0,0.0,0.0,0.0,0.0,0.0,0.0,0.0,0,0.496,0.0,0.0,1.36,0.0,0.0,113.256,0.0,0.0085830688476562,0.0085830688476562,0.0100135803222656,0.0100135803222656,1.192,0
95,0.0,0.0,0.0,0.0,0.0,0.0,0.0,0,0.0,0.0,0.0,0.0,0.0,0,0.0062649792963915,0.0083446502685546,0.0069141387939453,0.008249282836914,0.0,0.0,0.0,0.0,0.0,0.0,0.0,0.0,0,0.496,0.0,0.0,1.36,0.0,0.0,116.752,0.0,0.0100135803222656,0.0100135803222656,0.0066757202148437,0.0066757202148437,4.4,0
96,0.0,0.0,0.0,0.0,0.0,0.0,0.0,0,0.0,0.0,0.0,0.0,0.0,0,0.006192922592163,0.0081062316894531,0.0,0.0,0.0,0.0,0.0,0.0,0.0,0.0,0.0,0.0,0,0.496,0.0,0.0,1.36,0.0,0.0,112.0,0.0,0.0104904174804687,0.0104904174804687,0.0073909759521484,0.0073909759521484,0.0,0
97,0.0,0.0,0.0,0.0,0.0,0.0,0.0,0,0.0,0.0,0.0,0.0,0.0,0,0.0061631202697753,0.0083446502685546,0.0,0.0,0.0066280364990234,0.0,0.0,0.0,0.0,0.0084877014160156,0.0110626220703125,0.0205516815185546,0,0.496,0.0,0.0,1.36,4.232,3.744,112.0,0.0,0.0069141387939453,0.0069141387939453,0.0069141387939453,0.0069141387939453,0.0,1
98,0.0,0.0,0.0,0.0,0.0,0.0,0.0,0,0.0,0.0,0.0,0.0,0.0,0,0.0060582160949707,0.0081062316894531,0.0,0.0,0.0065803527832031,0.0,0.0,0.0,0.0,0.0085353851318359,0.0111579895019531,0.0208854675292968,0,0.0,0.0,0.0,1.36,4.232,3.744,112.0,0.0,0.0,0.0,3091.9675827026367,3091.9675827026367,0.0,1
99,0.0,0.0,0.0,0.0,0.0,0.0,0.0,0,0.0,0.0,0.0,0.0,0.0,0,0.0064442458662014,0.0090599060058593,0.0040411199413755,0.0048160552978515,0.0064849853515625,0.0,0.0,0.0,0.0,0.0086069107055664,0.0108242034912109,0.0266551971435546,1,0.0,0.0,0.0,2.352,7.736,8.264,143.152,0.0,0.0,0.0,2048.016309738159,2048.016309738159,1754.904,1
100,0.0,0.0,0.0,0.0,0.0,0.0,0.0,0,0.0,0.0,0.0,0.0,0.0,0,0.0070959034532603,0.009775161743164,0.0039024461863214,0.0045299530029296,0.0,0.0,0.0,0.0,0.0,0.0,0.0,0.0,0,1.008,0.0,0.0,1.84,0.0,0.0,118.448,0.0,0.0066757202148437,0.0066757202148437,0.0140666961669921,0.0140666961669921,15670.208,1
101,0.0,0.0,0.0,0.0,0.0,0.0,0.0,0,0.0,0.0,0.0,0.0,0.0,0,0.0063969721248493,0.0090599060058593,0.0039135911457024,0.0045299530029296,0.0,0.0057220458984375,0.005960464477539,0.006866455078125,0.0072956085205078,0.0,0.0,0.0,1,0.496,1.696,1.696,3.344,0.0,0.0,113.256,0.0,0.0083446502685546,0.0083446502685546,0.013589859008789,0.013589859008789,3471.064,1
102,0.0,0.0,0.0,0.0,0.0,0.0,0.0,0,0.0,0.0,0.0,0.0,0.0,0,0.0061834629495345,0.0083446502685546,0.0047683715820312,0.0047683715820312,0.0,0.0,0.0,0.0,0.0,0.0,0.0,0.0,0,0.848,0.0,0.0,2.208,0.0,0.0,113.256,0.0,0.0071525573730468,0.0071525573730468,1529.4891595840454,2753.066563606262,1.192,1
103,0.0,0.0,0.0,0.0,0.0,0.0,0.0,0,0.0,0.0,0.0,0.0,0.0,0,0.0061941851536041,0.0085353851318359,0.0041647160306889,0.0048637390136718,0.006103515625,0.0,0.0,0.0,0.0,0.0078201293945312,0.0102996826171875,0.0190258026123046,1,0.0,0.0,0.0,2.352,4.232,3.744,127.576,0.0,0.0,0.0,2048.0055809021,2048.0055809021,526.792,1
104,0.0,0.0,0.0,0.0,0.0,0.0,0.0,0,0.0,0.0,0.0,0.0,0.0,0,0.0067746639251708,0.009322166442871,0.0039624738263654,0.0045299530029296,0.0064373016357421,0.0,0.0,0.0,0.0,0.0082969665527343,0.0108718872070312,0.0199794769287109,0,0.0,0.0,0.0,1.84,4.232,3.744,112.0,100.0,0.0,0.0,0.0,0.0,5906.184,1
105,0.0,0.0,0.0,0.0,0.0,0.0,0.0,0,0.0,0.0,0.0,0.0,0.0,0,0.0063700251059957,0.0083446502685546,0.004185570610894,0.0052452087402343,0.0063896179199218,0.0,0.0,0.0,0.0,0.0086545944213867,0.011301040649414,0.0250577926635742,1,0.496,0.0,0.0,4.336,7.736,8.264,122.384,0.0,0.0138282775878906,0.0138282775878906,0.0126361846923828,0.0126361846923828,575.616,1
106,0.0,0.0,0.0,0.0,0.0,0.0,0.0,0,0.0,0.0,0.0,0.0,0.0,0,0.0062119960784912,0.0085830688476562,0.0040595595901076,0.0050067901611328,0.0,0.0,0.0,0.0,0.0,0.0,0.0,0.0,0,0.0,0.0,0.0,1.36,0.0,0.0,112.0,0.0,0.0,0.0,3091.9675827026367,3091.9675827026367,778.896,1
107,0.0,0.0,0.0,0.0,0.0,0.0,0.0,0,0.0,0.0,0.0,0.0,0.0,0,0.0062273509466826,0.0083446502685546,0.0081062316894531,0.0081062316894531,0.0,0.0,0.0,0.0,0.0,0.0,0.0,0.0,1,0.848,0.0,0.0,3.2,0.0,0.0,113.256,0.0,0.0069141387939453,0.0069141387939453,1024.5134830474854,1844.1132068634035,1.192,1
108,0.0,0.0,0.0,0.0,0.0,0.0,0.0,0,0.0,0.0,0.0,0.0,0.0,0,0.0063625734243819,0.0090599060058593,0.0064373016357421,0.0064373016357421,0.0,0.0,0.0,0.0,0.0,0.0,0.0,0.0,0,1.008,0.0,0.0,1.84,0.0,0.0,113.256,0.0,0.0100135803222656,0.0100135803222656,0.0102519989013671,0.0102519989013671,1.192,1
109,0.0,0.0,0.0,0.0,0.0,0.0,0.0,0,0.0,0.0,0.0,0.0,0.0,0,0.0061988830566406,0.0085830688476562,0.0081062316894531,0.0081062316894531,0.006103515625,0.0,0.0,0.0,0.0,0.0073909759521484,0.0117778778076171,0.0221729278564453,1,0.496,0.0,0.0,4.192,4.232,3.744,113.256,50.0,0.011444091796875,0.011444091796875,0.0143051147460937,0.0143051147460937,1.192,1
110,0.0,0.0,0.0,0.0,0.0,0.0,0.0,0,0.0,0.0,0.0,0.0,0.0,0,0.006188154220581,0.0085830688476562,0.0,0.0,0.0063896179199218,0.0,0.0,0.0,0.0,0.0080585479736328,0.0111103057861328,0.0205516815185546,0,0.496,0.0,0.0,2.208,4.232,3.744,112.0,50.0,0.0069141387939453,0.0069141387939453,0.0095367431640625,0.0095367431640625,0.0,1
111,0.0,0.0,0.0,0.0,0.0,0.0,0.0,0,0.0,0.0,0.0,0.0,0.0,0,0.0062441825866699,0.0078678131103515,0.0,0.0,0.0058650970458984,0.0,0.0,0.0,0.0,0.0081539154052734,0.0102996826171875,0.0241756439208984,0,0.496,0.0,0.0,1.36,7.736,8.264,112.0,0.0,0.0092983245849609,0.0092983245849609,0.0102519989013671,0.0102519989013671,0.0,1
112,0.0,0.0,0.0,0.0,0.0,0.0,0.0,0,0.0,0.0,0.0,0.0,0.0,0,0.0062847137451171,0.0085830688476562,0.0,0.0,0.0,0.0,0.0,0.0,0.0,0.0,0.0,0.0,0,0.0,0.0,0.0,1.36,0.0,0.0,112.0,0.0,0.0,0.0,10082.97610282898,10082.97610282898,0.0,1
113,0.0,0.0,0.0,0.0,0.0,0.0,0.0,0,0.0,0.0,0.0,0.0,0.0,0,0.0062590663872876,0.0084638595581054,0.0039841394004581,0.0047683715820312,0.0,0.0,0.0,0.0,0.0,0.0,0.0,0.0,0,0.0,0.0,0.0,1.84,0.0,0.0,143.152,100.0,0.0,0.0,0.0,0.0,1735.816,1
114,0.0,0.0,0.0,0.0,0.0,0.0,0.0,0,0.0,0.0,0.0,0.0,0.0,0,0.0062202339741721,0.0083446502685546,0.0085830688476562,0.0085830688476562,0.0,0.0,0.0,0.0,0.0,0.0,0.0,0.0,1,0.0,0.0,0.0,3.344,0.0,0.0,113.256,0.0,0.0,0.0,8064.018726348877,8064.018726348877,1.192,1
115,0.0,0.0,0.0,0.0,0.0,0.0,0.0,0,0.0,0.0,0.0,0.0,0.0,0,0.006162112032003,0.0083446502685546,0.0050067901611328,0.0050067901611328,0.0061988830566406,0.0,0.0,0.0,0.0,0.0079154968261718,0.0113964080810546,0.0211238861083984,0,0.0,0.0,0.0,0.0,4.232,3.744,113.256,0.0,0.0,0.0,0.0,0.0,1.192,1
116,0.0,0.0,0.0,0.0,0.0,0.0,0.0,0,0.0,0.0,0.0,0.0,0.0,0,0.006103990089834,0.0083446502685546,0.0045299530029296,0.0045299530029296,0.0064373016357421,0.0,0.0,0.0,0.0,0.0078678131103515,0.0133037567138671,0.0253677368164062,0,0.0,0.0,0.0,0.0,4.232,3.744,113.256,0.0,0.0,0.0,0.0,0.0,1.192,1
117,0.0,0.0,0.0,0.0,0.0,0.0,0.0,0,0.0,0.0,0.0,0.0,0.0,0,0.0060820579528808,0.0085830688476562,0.0,0.0,0.0063896179199218,0.0,0.0,0.0,0.0,0.008249282836914,0.0105857849121093,0.0192165374755859,0,0.0,0.0,0.0,0.0,4.232,3.744,112.0,0.0,0.0,0.0,0.0,0.0,0.0,1
118,0.0,0.0,0.0,0.0,0.0,0.0,0.0,0,0.0,0.0,0.0,0.0,0.0,0,0.0061941146850585,0.0083446502685546,0.0,0.0,0.005960464477539,0.0,0.0,0.0,0.0,0.0077247619628906,0.0100135803222656,0.0181198120117187,0,0.0,0.0,0.0,0.0,3.504,4.52,112.0,0.0,0.0,0.0,0.0,0.0,0.0,1
119,0.0,0.0,0.0,0.0,0.0,0.0,0.0,0,0.0,0.0,0.0,0.0,0.0,0,0.0068771028981625,0.0095367431640625,0.0039019285114592,0.0045299530029296,0.0066757202148437,0.0,0.0,0.0,0.0,0.0089645385742187,0.0107765197753906,0.0232696533203125,0,1.008,0.0,0.0,5.808,11.312,10.776,143.152,0.0,0.0050067901611328,0.0050067901611328,0.0195503234863281,0.0195503234863281,12736.0,1
120,0.0,0.0,0.0,0.0,0.0,0.0,0.0,0,0.0,0.0,0.0,0.0,0.0,0,0.0064837932586669,0.0085830688476562,0.0040325625189419,0.0047683715820312,0.0,0.0,0.0,0.0,0.0,0.0,0.0,0.0,0,0.0,0.0,0.0,0.0,0.0,0.0,112.0,0.0,0.0,0.0,0.0,0.0,632.864,1
121,0.0,0.0,0.0,0.0,0.0,0.0,0.0,0,0.0,0.0,0.0,0.0,0.0,0,0.0062154893258317,0.0083446502685546,0.0066757202148437,0.0066757202148437,0.0,0.0,0.0,0.0,0.0,0.0,0.0,0.0,0,0.0,0.0,0.0,0.0,0.0,0.0,115.032,0.0,0.0,0.0,0.0,0.0,2.744,1
122,0.0,0.0,0.0,0.0,0.0,0.0,0.0,0,0.0,0.0,0.0,0.0,0.0,0,0.0062937760234472,0.0088214874267578,0.0054836273193359,0.0054836273193359,0.0069618225097656,0.0,0.0,0.0,0.0,0.0083446502685546,0.010538101196289,0.0190258026123046,1,1.344,0.0,0.0,8.016,4.232,3.744,113.256,33.33333333333333,0.0098943710327148,0.0101804733276367,0.0094175338745117,0.0118017196655273,1.192,1
123,0.0,0.0,0.0,0.0,0.0,0.0,0.0,0,0.0,0.0,0.0,0.0,0.0,0,0.0063898551523388,0.0085830688476562,0.0090599060058593,0.0090599060058593,0.0071048736572265,0.0,0.0,0.0,0.0,0.0096321105957031,0.0111103057861328,0.0203609466552734,0,0.0,0.0,0.0,2.208,4.232,3.744,113.256,50.0,0.0,0.0,21099.99704360962,21099.99704360962,1.192,1
124,0.0,0.0,0.0,0.0,0.0,0.0,0.0,0,0.0,0.0,0.0,0.0,0.0,0,0.0062510741883842,0.0085830688476562,0.0050067901611328,0.0050067901611328,0.0058174133300781,0.0,0.0,0.0,0.0,0.0082015991210937,0.0110387802124023,0.0264644622802734,1,0.0,0.0,0.0,2.352,7.736,8.264,113.256,0.0,0.0,0.0,20097.012758255005,20097.012758255005,1.192,1
125,0.0,0.0,0.0,0.0,0.0,0.0,0.0,0,0.0,0.0,0.0,0.0,0.0,0,0.0062334537506103,0.0088214874267578,0.0,0.0,0.0,0.0,0.0,0.0,0.0,0.0,0.0,0.0,0,0.0,0.0,0.0,0.0,0.0,0.0,112.0,0.0,0.0,0.0,0.0,0.0,0.0,1
126,0.0,0.0,0.0,0.0,0.0,0.0,0.0,0,0.0,0.0,0.0,0.0,0.0,0,0.0061421718412232,0.008702278137207,0.0039732268967553,0.0047683715820312,0.0,0.0,0.0,0.0,0.0,0.0,0.0,0.0,0,0.0,0.0,0.0,2.832,0.0,0.0,143.152,100.0,0.0,0.0,0.0,0.0,2025.08,1
127,0.0,0.0,0.0,0.0,0.0,0.0,0.0,0,0.0,0.0,0.0,0.0,0.0,0,0.0065345669267189,0.0085830688476562,0.0039857659636244,0.0050067901611328,0.0,0.0,0.0,0.0,0.0,0.0,0.0,0.0,0,0.0,0.0,0.0,0.0,0.0,0.0,117.192,100.0,0.0,0.0,0.0,0.0,1947.512,1
128,0.0,0.0,0.0,0.0,0.0,0.0,0.0,0,0.0,0.0,0.0,0.0,0.0,0,0.0062775611877441,0.0085830688476562,0.0065565109252929,0.0066518783569335,0.0059127807617187,0.0,0.0,0.0,0.0,0.0075817108154296,0.0112533569335937,0.021982192993164,1,0.0,0.0,0.0,6.32,4.232,3.744,112.0,0.0,0.0,0.0,16064.01753425598,16064.01753425598,6.128,1
129,0.0,0.0,0.0,0.0,0.0,0.0,0.0,0,0.0,0.0,0.0,0.0,0.0,0,0.0060280757163887,0.0081062316894531,0.0045299530029296,0.0045299530029296,0.0060081481933593,0.0,0.0,0.0,0.0,0.0075340270996093,0.0114917755126953,0.0213146209716796,0,0.0,0.0,0.0,0.0,4.232,3.744,113.256,0.0,0.0,0.0,0.0,0.0,1.192,1
130,0.0,0.0,0.0,0.0,0.0,0.0,0.0,0,0.0,0.0,0.0,0.0,0.0,0,0.0064889785691435,0.0092983245849609,0.0039563662763954,0.0046014785766601,0.0060929192437065,0.0,0.0,0.0,0.0,0.008249282836914,0.0107505104758522,0.0262260437011718,0,0.0,0.0,0.0,0.0,7.208,8.792,123.64,0.0,0.0,0.0,0.0,0.0,1528.272,1
131,0.0,0.0,0.0,0.0,0.0,0.0,0.0,0,0.0,0.0,0.0,0.0,0.0,0,0.0063602011002118,0.0088214874267578,0.0052452087402343,0.0052452087402343,0.0,0.0,0.0,0.0,0.0,0.0,0.0,0.0,0,0.0,0.0,0.0,0.0,0.0,0.0,113.256,0.0,0.0,0.0,0.0,0.0,1.192,1
132,0.0,0.0,0.0,0.0,0.0,0.0,0.0,0,0.0,0.0,0.0,0.0,0.0,0,0.0062358379364013,0.0083446502685546,0.0,0.0,0.0,0.0047683715820312,0.0066757202148437,0.0047683715820312,0.0066757202148437,0.0,0.0,0.0,0,0.0,0.848,0.848,0.0,0.0,0.0,112.0,0.0,0.0,0.0,0.0,0.0,0.0,1
133,0.0,0.0,0.0,0.0,0.0,0.0,0.0,0,0.0,0.0,0.0,0.0,0.0,0,0.0065606215904498,0.0092506408691406,0.0039041778187692,0.0045299530029296,0.0,0.00762939453125,0.0045299530029296,0.00762939453125,0.0045299530029296,0.0,0.0,0.0,0,0.0,0.848,0.848,0.0,0.0,0.0,127.576,0.0,0.0,0.0,0.0,0.0,4508.312,1
134,0.0,0.0,0.0,0.0,0.0,0.0,0.0,0,0.0,0.0,0.0,0.0,0.0,0,0.0062978267669677,0.0088214874267578,0.0,0.0,0.0065803527832031,0.0,0.0,0.0,0.0,0.0088691711425781,0.0123023986816406,0.0235557556152343,0,0.0,0.0,0.0,0.0,4.232,3.744,112.0,0.0,0.0,0.0,0.0,0.0,0.0,1
135,0.0,0.0,0.0,0.0,0.0,0.0,0.0,0,0.0,0.0,0.0,0.0,0.0,0,0.0067878477644212,0.0092983245849609,0.0039257482074741,0.0045299530029296,0.0065326690673828,0.0,0.0,0.0,0.0,0.0094413757324218,0.0116825103759765,0.0222682952880859,0,0.0,0.0,0.0,0.0,4.232,3.744,127.016,0.0,0.0,0.0,0.0,0.0,10917.48,1
136,0.0,0.0,0.0,0.0,0.0,0.0,0.0,0,0.0,0.0,0.0,0.0,0.0,0,0.0061787183011942,0.0083446502685546,0.0052452087402343,0.0052452087402343,0.0060081481933593,0.0,0.0,0.0,0.0,0.007939338684082,0.0104904174804687,0.025177001953125,0,1.008,0.0,0.0,8.784,7.736,8.264,113.256,0.0,0.0050067901611328,0.0050067901611328,0.0140666961669921,0.0140666961669921,1.192,1
137,0.0,0.0,0.0,0.0,0.0,0.0,0.0,0,0.0,0.0,0.0,0.0,0.0,0,0.0061751598149389,0.0083446502685546,0.0095367431640625,0.0095367431640625,0.0,0.0,0.0,0.0,0.0,0.0,0.0,0.0,0,0.0,0.0,0.0,0.0,0.0,0.0,113.256,0.0,0.0,0.0,0.0,0.0,1.192,1
138,0.0,0.0,0.0,0.0,0.0,0.0,0.0,0,0.0,0.0,0.0,0.0,0.0,0,0.0061229686831953,0.0083446502685546,0.0085830688476562,0.0085830688476562,0.0,0.0,0.0,0.0,0.0,0.0,0.0,0.0,0,0.0,0.0,0.0,0.0,0.0,0.0,113.256,0.0,0.0,0.0,0.0,0.0,1.192,1
139,0.0,0.0,0.0,0.0,0.0,0.0,0.0,0,0.0,0.0,0.0,0.0,0.0,0,0.0060999393463134,0.0081062316894531,0.0,0.0,0.0,0.0,0.0,0.0,0.0,0.0,0.0,0.0,0,0.0,0.0,0.0,0.0,0.0,0.0,112.0,0.0,0.0,0.0,0.0,0.0,0.0,1
140,0.0,0.0,0.0,0.0,0.0,0.0,0.0,0,0.0,0.0,0.0,0.0,0.0,0,0.0063157081604003,0.0086069107055664,0.0,0.0,0.0063419342041015,0.0,0.0,0.0,0.0,0.0080108642578125,0.0113964080810546,0.0214099884033203,0,0.0,0.0,0.0,0.0,4.232,3.744,112.0,0.0,0.0,0.0,0.0,0.0,0.0,1
141,0.0,0.0,0.0,0.0,0.0,0.0,0.0,0,0.0,0.0,0.0,0.0,0.0,0,0.0062024593353271,0.0083923339843749,0.0,0.0,0.0064373016357421,0.0,0.0,0.0,0.0,0.0091075897216796,0.0105857849121093,0.0199794769287109,0,0.0,0.0,0.0,0.0,4.232,3.744,112.0,0.0,0.0,0.0,0.0,0.0,0.0,1
142,0.0,0.0,0.0,0.0,0.0,0.0,0.0,0,0.0,0.0,0.0,0.0,0.0,0,0.0063276290893554,0.0088453292846679,0.0,0.0,0.0061988830566406,0.0078976154327392,0.0073115030924479,0.0101327896118164,0.0083446502685546,0.0081300735473632,0.0103473663330078,0.0221252441406249,0,0.0,10.752,24.592,0.0,7.736,8.264,112.0,0.0,0.0,0.0,0.0,0.0,0.0,1
143,0.0,0.0,0.0,0.0,0.0,0.0,0.0,0,0.0,0.0,0.0,0.0,0.0,0,0.0061431334386417,0.0083446502685546,0.0069141387939453,0.0069141387939453,0.0,0.0,0.0,0.0,0.0,0.0,0.0,0.0,0,0.0,0.0,0.0,0.0,0.0,0.0,113.256,0.0,0.0,0.0,0.0,0.0,1.192,1
144,0.0,0.0,0.0,0.0,0.0,0.0,0.0,0,0.0,0.0,0.0,0.0,0.0,0,0.0062320955950229,0.0088214874267578,0.0061988830566406,0.0061988830566406,0.0,0.0,0.0,0.0,0.0,0.0,0.0,0.0,1,1.84,0.0,0.0,15.472,0.0,0.0,113.256,0.0,0.0070730845133463,0.0089645385742187,0.0125567118326822,0.0145912170410156,1.192,1
145,0.0,0.0,0.0,0.0,0.0,0.0,0.0,0,0.0,0.0,0.0,0.0,0.0,0,0.0064821526555731,0.0090599060058593,0.0088214874267578,0.0088214874267578,0.0,0.0073909759521484,0.0065432654486762,0.0091314315795898,0.0080108642578125,0.0,0.0,0.0,0,0.496,21.856,13.648,1.36,0.0,0.0,113.752,0.0,0.0085830688476562,0.0085830688476562,0.0071525573730468,0.0071525573730468,1.192,1
146,0.0,0.0,0.0,0.0,0.0,0.0,0.0,0,0.0,0.0,0.0,0.0,0.0,0,0.0062263011932373,0.0083684921264648,0.0,0.0,0.006866455078125,0.0085830688476562,0.0,0.0085830688476562,0.0,0.0101566314697265,0.010538101196289,0.0199794769287109,0,0.496,0.496,0.0,1.36,4.232,3.744,112.0,0.0,0.0126361846923828,0.0126361846923828,0.0152587890625,0.0152587890625,0.0,1
147,0.0,0.0,0.0,0.0,0.0,0.0,0.0,0,0.0,0.0,0.0,0.0,0.0,0,0.0065159797668457,0.0088214874267578,0.0,0.0,0.0057816505432128,0.0,0.0,0.0,0.0,0.0062942504882812,0.0102122624715169,0.0185966491699218,0,0.0,0.0,0.0,1.776,3.704,4.272,112.0,0.0,0.0,0.0,1003.9775371551514,1003.9775371551514,0.0,1
148,0.0,0.0,0.0,0.0,0.0,0.0,0.0,0,0.0,0.0,0.0,0.0,0.0,0,0.0062799453735351,0.0085830688476562,0.0,0.0,0.0058174133300781,0.0,0.0,0.0,0.0,0.0077486038208007,0.0103712081909179,0.023818016052246,1,0.496,0.0,0.0,3.184,7.736,8.264,112.0,0.0,0.0104904174804687,0.0104904174804687,0.0169277191162109,0.0169277191162109,0.0,1
149,0.0,0.0,0.0,0.0,0.0,0.0,0.0,0,0.0,0.0,0.0,0.0,0.0,0,0.0071258079714891,0.0092983245849609,0.0039115184690894,0.0045299530029296,0.0,0.0,0.0,0.0,0.0,0.0,0.0,0.0,0,0.496,0.0,0.0,2.624,0.0,0.0,142.592,50.0,0.0092983245849609,0.0092983245849609,0.009775161743164,0.009775161743164,9081.392,1
150,0.0,0.0,0.0,0.0,0.0,0.0,0.0,0,0.0,0.0,0.0,0.0,0.0,0,0.0070339411645386,0.0092983245849609,0.0073909759521484,0.0073909759521484,0.0,0.0,0.0,0.0,0.0,0.0,0.0,0.0,0,0.0,0.0,0.0,2.624,0.0,0.0,113.256,50.0,0.0,0.0,1010.962724685669,1010.962724685669,1.192,1
151,0.0,0.0,0.0,0.0,0.0,0.0,0.0,0,0.0,0.0,0.0,0.0,0.0,0,0.006979909436456,0.0088214874267578,0.0040256719795062,0.0047683715820312,0.0,0.0,0.0,0.0,0.0,0.0,0.0,0.0,1,0.496,0.0,0.0,3.184,0.0,0.0,121.48,0.0,1048.02668094635,1886.437726020813,0.0176429748535156,0.0176429748535156,1494.152,1
152,0.0,0.0,0.0,0.0,0.0,0.0,0.0,0,0.0,0.0,0.0,0.0,0.0,0,0.0066840233494393,0.0083446502685546,0.0042915344238281,0.0042915344238281,0.0059127807617187,0.0,0.0,0.0,0.0,0.0075817108154296,0.0118255615234375,0.0229835510253906,0,0.0,0.0,0.0,1.776,4.232,3.744,113.256,0.0,0.0,0.0,20258.872032165527,20258.872032165527,1.192,1
153,0.0,0.0,0.0,0.0,0.0,0.0,0.0,0,0.0,0.0,0.0,0.0,0.0,0,0.006875991821289,0.0086069107055664,0.0,0.0,0.0061511993408203,0.0,0.0,0.0,0.0,0.0078201293945312,0.0108718872070312,0.0199317932128906,0,1.376,0.0,0.0,2.256,4.232,3.744,112.0,0.0,-698.6700693766276,0.0079154968261718,0.00762939453125,0.00762939453125,0.0,1
154,0.0,0.0,0.0,0.0,0.0,0.0,0.0,0,0.0,0.0,0.0,0.0,0.0,0,0.0067877769470214,0.0088214874267578,0.0,0.0,0.0068611568874782,0.0,0.0,0.0,0.0,0.0094413757324218,0.0107938593084161,0.0281333923339843,0,0.0,0.0,0.0,0.0,7.208,8.792,112.0,0.0,0.0,0.0,0.0,0.0,0.0,1
155,0.0,0.0,0.0,0.0,0.0,0.0,0.0,0,0.0,0.0,0.0,0.0,0.0,0,0.0067758560180664,0.0085830688476562,0.0,0.0,0.0,0.0,0.0,0.0,0.0,0.0,0.0,0.0,0,0.0,0.0,0.0,3.664,0.0,0.0,112.0,100.0,0.0,0.0,0.0,0.0,0.0,1
156,0.0,0.0,0.0,0.0,0.0,0.0,0.0,0,0.0,0.0,0.0,0.0,0.0,0,0.006798505783081,0.0083446502685546,0.0,0.0,0.0,0.0,0.0,0.0,0.0,0.0,0.0,0.0,1,0.0,0.0,0.0,6.0,0.0,0.0,112.0,0.0,0.0,0.0,16256.016254425049,16256.016254425049,0.0,1
157,0.0,0.0,0.0,0.0,0.0,0.0,0.0,0,0.0,0.0,0.0,0.0,0.0,0,0.0067741716679055,0.0083446502685546,0.0081062316894531,0.0081062316894531,0.0,0.0,0.0,0.0,0.0,0.0,0.0,0.0,0,0.0,0.0,0.0,0.0,0.0,0.0,113.256,0.0,0.0,0.0,0.0,0.0,1.192,1
158,0.0,0.0,0.0,0.0,0.0,0.0,0.0,0,0.0,0.0,0.0,0.0,0.0,0,0.007054105919985,0.0092983245849609,0.0065167744954427,0.0085830688476562,0.0061511993408203,0.0,0.0,0.0,0.0,0.0084400177001953,0.0107765197753906,0.0205039978027343,0,0.0,0.0,0.0,0.0,4.232,3.744,113.256,0.0,0.0,0.0,0.0,0.0,16.6,1
159,0.0,0.0,0.0,0.0,0.0,0.0,0.0,0,0.0,0.0,0.0,0.0,0.0,0,0.0067890280544167,0.0083446502685546,0.005960464477539,0.005960464477539,0.0060081481933593,0.0,0.0,0.0,0.0,0.0076770782470703,0.0113487243652343,0.020456314086914,0,0.0,0.0,0.0,0.0,4.232,3.744,118.448,0.0,0.0,0.0,0.0,0.0,1.192,1
160,0.0,0.0,0.0,0.0,0.0,0.0,0.0,0,0.0,0.0,0.0,0.0,0.0,0,0.0068771839141845,0.0088214874267578,0.0,0.0,0.0060796737670898,0.0,0.0,0.0,0.0,0.0081777572631835,0.0104427337646484,0.0241994857788085,0,0.0,0.0,0.0,0.0,7.736,8.264,112.0,0.0,0.0,0.0,0.0,0.0,0.0,1
161,0.0,0.0,0.0,0.0,0.0,0.0,0.0,0,0.0,0.0,0.0,0.0,0.0,0,0.0066721439361572,0.0083446502685546,0.0,0.0,0.0,0.0,0.0,0.0,0.0,0.0,0.0,0.0,0,0.0,0.0,0.0,0.0,0.0,0.0,112.0,0.0,0.0,0.0,0.0,0.0,0.0,1
162,0.0,0.0,0.0,0.0,0.0,0.0,0.0,0,0.0,0.0,0.0,0.0,0.0,0,0.0067086055360991,0.0083446502685546,0.0043897067799287,0.0060081481933593,0.0,0.0,0.0,0.0,0.0,0.0,0.0,0.0,0,0.0,0.0,0.0,0.0,0.0,0.0,127.576,0.0,0.0,0.0,0.0,0.0,194.824,1
163,0.0,0.0,0.0,0.0,0.0,0.0,0.0,0,0.0,0.0,0.0,0.0,0.0,0,0.0069520959806679,0.0088214874267578,0.0055631001790364,0.0078678131103515,0.0,0.0,0.0,0.0,0.0,0.0,0.0,0.0,0,0.0,0.0,0.0,0.0,0.0,0.0,117.192,0.0,0.0,0.0,0.0,0.0,28.024,1
164,0.0,0.0,0.0,0.0,0.0,0.0,0.0,0,0.0,0.0,0.0,0.0,0.0,0,0.0073072386950981,0.0090599060058593,0.0043908754984537,0.0054836273193359,0.0057220458984375,0.0,0.0,0.0,0.0,0.0071525573730468,0.0102519989013671,0.0192165374755859,0,1.04,0.0,0.0,12.112,4.232,3.744,130.168,0.0,0.0088214874267578,0.0088214874267578,0.025033950805664,0.025033950805664,1178.88,1
165,0.0,0.0,0.0,0.0,0.0,0.0,0.0,0,0.0,0.0,0.0,0.0,0.0,0,0.006862206034141,0.0083446502685546,0.0050332811143663,0.0058650970458984,0.0059127807617187,0.0,0.0,0.0,0.0,0.00762939453125,0.0101566314697265,0.0189781188964843,0,0.0,0.0,0.0,0.0,4.232,3.744,116.096,0.0,0.0,0.0,0.0,0.0,36.952,1
166,0.0,0.0,0.0,0.0,0.0,0.0,0.0,0,0.0,0.0,0.0,0.0,0.0,0,0.0067996506643767,0.0083446502685546,0.0042210162525445,0.0054836273193359,0.0066518783569335,0.0,0.0,0.0,0.0,0.0086784362792968,0.0104188919067382,0.025796890258789,0,0.0,0.0,0.0,0.0,7.736,8.264,115.968,0.0,0.0,0.0,0.0,0.0,634.792,1
167,0.0,0.0,0.0,0.0,0.0,0.0,0.0,0,0.0,0.0,0.0,0.0,0.0,0,0.0068104267120361,0.0085830688476562,0.0040431297262301,0.0050067901611328,0.0,0.0,0.0,0.0,0.0,0.0,0.0,0.0,0,0.0,0.0,0.0,0.0,0.0,0.0,112.0,0.0,0.0,0.0,0.0,0.0,2029.032,1
168,0.0,0.0,0.0,0.0,0.0,0.0,0.0,0,0.0,0.0,0.0,0.0,0.0,0,0.0072711735815551,0.009775161743164,0.0038928722017374,0.0045299530029296,0.0,0.0,0.0,0.0,0.0,0.0,0.0,0.0,0,0.0,0.0,0.0,0.0,0.0,0.0,117.192,0.0,0.0,0.0,0.0,0.0,8758.416,1
169,0.0,0.0,0.0,0.0,0.0,0.0,0.0,0,0.0,0.0,0.0,0.0,0.0,0,0.0071867857829178,0.009775161743164,0.0039190053939819,0.0045299530029296,0.0,0.0,0.0,0.0,0.0,0.0,0.0,0.0,0,0.0,0.0,0.0,0.0,0.0,0.0,122.384,0.0,0.0,0.0,0.0,0.0,6976.528,1
170,0.0,0.0,0.0,0.0,0.0,0.0,0.0,0,0.0,0.0,0.0,0.0,0.0,0,0.0076675415039062,0.0100135803222656,0.0039214981532894,0.0045299530029296,0.0070571899414062,0.0,0.0,0.0,0.0,0.0089645385742187,0.0106334686279296,0.019073486328125,0,0.0,0.0,0.0,0.0,4.232,3.744,114.024,0.0,0.0,0.0,0.0,0.0,11684.096,1
171,0.0,0.0,0.0,0.0,0.0,0.0,0.0,0,0.0,0.0,0.0,0.0,0.0,0,0.0071206895431669,0.0087976455688476,0.0041422091032329,0.0050067901611328,0.0065803527832031,0.0,0.0,0.0,0.0,0.0082015991210937,0.0123023986816406,0.0241756439208984,0,0.0,0.0,0.0,0.0,4.232,3.744,116.656,0.0,0.0,0.0,0.0,0.0,1802.096,1
172,0.0,0.0,0.0,0.0,0.0,0.0,0.0,0,0.0,0.0,0.0,0.0,0.0,0,0.0069530883637985,0.0085830688476562,0.0040247326805478,0.0049352645874023,0.0058174133300781,0.0,0.0,0.0,0.0,0.0077009201049804,0.0099420547485351,0.0230789184570312,1,0.992,0.0,0.0,17.632,7.736,8.264,116.368,0.0,0.0120401382446289,0.0123262405395507,0.0132322311401367,0.0179052352905273,875.12,1
173,0.0,0.0,0.0,0.0,0.0,0.0,0.0,0,0.0,0.0,0.0,0.0,0.0,0,0.006717030364688,0.0081062316894531,0.005650520324707,0.0078916549682617,0.0,0.0,0.0,0.0,0.0,0.0,0.0,0.0,0,0.496,0.0,0.0,2.624,0.0,0.0,115.52,50.0,24570.883178710938,37796.149587631226,0.0085830688476562,0.0085830688476562,31.568,1
174,0.0,0.0,0.0,0.0,0.0,0.0,0.0,0,0.0,0.0,0.0,0.0,0.0,0,0.0070315688403684,0.0088214874267578,0.004055030853394,0.0048160552978515,0.0,0.0,0.0,0.0,0.0,0.0,0.0,0.0,0,0.0,0.0,0.0,1.776,0.0,0.0,114.36,0.0,0.0,0.0,37000.147342681885,37000.147342681885,2485.256,1
175,0.0,0.0,0.0,0.0,0.0,0.0,0.0,0,0.0,0.0,0.0,0.0,0.0,0,0.0070161487332623,0.0085830688476562,0.0041193432278103,0.0049829483032226,0.0,0.0,0.0,0.0,0.0,0.0,0.0,0.0,1,0.0,0.0,0.0,3.184,0.0,0.0,114.664,0.0,0.0,0.0,35989.173412323,35989.173412323,681.232,1
176,0.0,0.0,0.0,0.0,0.0,0.0,0.0,0,0.0,0.0,0.0,0.0,0.0,0,0.0073743696829572,0.0092983245849609,0.0039738446927917,0.0047683715820312,0.0065326690673828,0.0178813934326171,0.018477439880371,0.0180721282958984,0.0193357467651367,0.0087261199951171,0.0102043151855468,0.0184535980224609,0,0.0,1.696,1.696,2.256,4.232,3.744,117.192,100.0,0.0,0.0,0.0,0.0,4342.256,1
177,0.0,0.0,0.0,0.0,0.0,0.0,0.0,0,0.0,0.0,0.0,0.0,0.0,0,0.0068950653076171,0.0085830688476562,0.0041998349703275,0.0052452087402343,0.005960464477539,0.0,0.0,0.0,0.0,0.0075817108154296,0.010538101196289,0.01983642578125,1,0.0,0.0,0.0,6.0,4.232,3.744,112.0,0.0,0.0,0.0,33940.17171859741,33940.17171859741,706.288,1
178,0.0,0.0,0.0,0.0,0.0,0.0,0.0,0,0.0,0.0,0.0,0.0,0.0,0,0.0068761816072226,0.0088214874267578,0.0042915344238281,0.0042915344238281,0.0061511993408203,0.0,0.0,0.0,0.0,0.0084161758422851,0.0105142593383789,0.023198127746582,0,0.0,0.0,0.0,0.0,7.736,8.264,113.256,0.0,0.0,0.0,0.0,0.0,1.192,1
179,0.0,0.0,0.0,0.0,0.0,0.0,0.0,0,0.0,0.0,0.0,0.0,0.0,0,0.00702806294258,0.0090599060058593,0.0045632207116415,0.0058650970458984,0.0060081481933593,0.0,0.0,0.0,0.0,0.008249282836914,0.009616216023763,0.0193595886230468,0,0.0,0.0,0.0,0.0,11.312,10.776,123.64,0.0,0.0,0.0,0.0,0.0,317.8,1
180,0.0,0.0,0.0,0.0,0.0,0.0,0.0,0,0.0,0.0,0.0,0.0,0.0,0,0.0069449790081574,0.0085830688476562,0.0054836273193359,0.0054836273193359,0.0,0.0,0.0,0.0,0.0,0.0,0.0,0.0,0,0.0,0.0,0.0,0.0,0.0,0.0,113.256,0.0,0.0,0.0,0.0,0.0,1.192,1
181,0.0,0.0,0.0,0.0,0.0,0.0,0.0,0,0.0,0.0,0.0,0.0,0.0,0,0.0068628787994384,0.0088214874267578,0.0,0.0,0.0,0.0,0.0,0.0,0.0,0.0,0.0,0.0,0,0.0,0.0,0.0,6.48,0.0,0.0,112.0,100.0,0.0,0.0,0.0,0.0,0.0,1
182,0.0,0.0,0.0,0.0,0.0,0.0,0.0,0,0.0,0.0,0.0,0.0,0.0,0,0.0069499015808105,0.0088214874267578,0.0,0.0,0.0,0.0,0.0,0.0,0.0,0.0,0.0,0.0,0,0.0,0.0,0.0,0.0,0.0,0.0,112.0,100.0,0.0,0.0,0.0,0.0,0.0,1
183,0.0,0.0,0.0,0.0,0.0,0.0,0.0,0,0.0,0.0,0.0,0.0,0.0,0,0.0069034099578857,0.0086069107055664,0.0,0.0,0.0,0.0,0.0,0.0,0.0,0.0,0.0,0.0,0,0.0,0.0,0.0,0.0,0.0,0.0,112.0,100.0,0.0,0.0,0.0,0.0,0.0,1
184,0.0,0.0,0.0,0.0,0.0,0.0,0.0,0,0.0,0.0,0.0,0.0,0.0,0,0.0068390369415283,0.0088214874267578,0.0,0.0,0.0,0.0,0.0,0.0,0.0,0.0,0.0,0.0,0,1.376,0.0,0.0,5.072,0.0,0.0,112.0,0.0,11023.203730583193,26453.10854911804,0.0085830688476562,0.0085830688476562,0.0,1
185,0.0,0.0,0.0,0.0,0.0,0.0,0.0,0,0.0,0.0,0.0,0.0,0.0,0,0.0067559799345413,0.0083446502685546,0.0073909759521484,0.0085353851318359,0.0,0.0,0.0,0.0,0.0,0.0,0.0,0.0,1,0.0,0.0,0.0,11.632,0.0,0.0,115.712,0.0,0.0,0.0,25429.176330566406,25429.176330566406,3.36,1
186,0.0,0.0,0.0,0.0,0.0,0.0,0.0,0,0.0,0.0,0.0,0.0,0.0,0,0.0068405967446702,0.0085830688476562,0.0066757202148437,0.0066757202148437,0.0,0.0,0.0,0.0,0.0,0.0,0.0,0.0,0,0.0,0.0,0.0,0.0,0.0,0.0,113.256,0.0,0.0,0.0,0.0,0.0,1.192,1
187,0.0,0.0,0.0,0.0,0.0,0.0,0.0,0,0.0,0.0,0.0,0.0,0.0,0,0.0068038257200326,0.0083446502685546,0.0088214874267578,0.0088214874267578,0.0,0.0,0.0,0.0,0.0,0.0,0.0,0.0,0,0.0,0.0,0.0,0.0,0.0,0.0,113.256,0.0,0.0,0.0,0.0,0.0,1.192,1
188,0.0,0.0,0.0,0.0,0.0,0.0,0.0,0,0.0,0.0,0.0,0.0,0.0,0,0.0067555904388427,0.0083446502685546,0.0,0.0,0.0,0.0,0.0,0.0,0.0,0.0,0.0,0.0,0,0.0,0.0,0.0,0.0,0.0,0.0,112.0,0.0,0.0,0.0,0.0,0.0,0.0,1
189,0.0,0.0,0.0,0.0,0.0,0.0,0.0,0,0.0,0.0,0.0,0.0,0.0,0,0.0069058356593497,0.0088214874267578,0.0088214874267578,0.0088214874267578,0.0,0.0,0.0,0.0,0.0,0.0,0.0,0.0,0,0.0,0.0,0.0,0.0,0.0,0.0,114.728,0.0,0.0,0.0,0.0,0.0,2.44,1
190,0.0,0.0,0.0,0.0,0.0,0.0,0.0,0,0.0,0.0,0.0,0.0,0.0,0,0.0069475173950195,0.0088214874267578,0.0,0.0,0.0,0.0,0.0,0.0,0.0,0.0,0.0,0.0,0,0.0,0.0,0.0,0.0,0.0,0.0,112.0,0.0,0.0,0.0,0.0,0.0,0.0,1
191,0.0,0.0,0.0,0.0,0.0,0.0,0.0,0,0.0,0.0,0.0,0.0,0.0,0,0.0069708500093626,0.0085830688476562,0.0041229556305239,0.0050067901611328,0.0,0.0,0.0,0.0,0.0,0.0,0.0,0.0,0,0.0,0.0,0.0,0.0,0.0,0.0,126.16,0.0,0.0,0.0,0.0,0.0,1034.872,1
192,0.0,0.0,0.0,0.0,0.0,0.0,0.0,0,0.0,0.0,0.0,0.0,0.0,0,0.0069615852773486,0.0088214874267578,0.0054836273193359,0.0058650970458984,0.0,0.0,0.0,0.0,0.0,0.0,0.0,0.0,0,0.0,0.0,0.0,0.0,0.0,0.0,113.256,0.0,0.0,0.0,0.0,0.0,3.632,1
193,0.0,0.0,0.0,0.0,0.0,0.0,0.0,0,0.0,0.0,0.0,0.0,0.0,0,0.0068025635968288,0.0085830688476562,0.0050597720675998,0.0062465667724609,0.0,0.0,0.0,0.0,0.0,0.0,0.0,0.0,0,0.0,0.0,0.0,3.184,0.0,0.0,121.288,100.0,0.0,0.0,0.0,0.0,54.072,1
