time_seconds,a1_retransmissions_ul_count,a1_retransmissions_dl_count,a1_packet_loss_ul_percentage,a1_packet_loss_dl_percentage,e2_du_packet_loss_ul_percentage,e2_du_packet_loss_dl_percentage,e2_du_retransmissions_ul_count,e2_du_retransmissions_dl_count,f1_c_packet_loss_dl_percentage,f1_c_packet_loss_ul_percentage,f1_c_retransmissions_dl_count,f1_c_retransmissions_ul_count,f1_u_retransmissions_dl_count,f1_u_retransmissions_ul_count,f1_u_packet_loss_dl_percentage,f1_u_packet_loss_ul_percentage,f1_u_latency_mean_ul_ms,f1_u_latency_p90_ul_ms,f1_u_latency_mean_dl_ms,f1_u_latency_p90_dl_ms,e2_du_latency_mean_ul_ms,e2_du_latency_p90_ul_ms,a1_latency_mean_ul_ms,f1_c_latency_mean_ul_ms,f1_c_latency_mean_dl_ms,f1_c_latency_p90_ul_ms,f1_c_latency_p90_dl_ms,e2_du_latency_mean_dl_ms,e2_du_latency_p90_dl_ms,a1_latency_p90_ul_ms,a1_latency_mean_dl_ms,a1_latency_p90_dl_ms,e2_du_throughput_dl_kbps,e2_du_throughput_ul_kbps,f1_c_throughput_ul_kbps,f1_c_throughput_dl_kbps,f1_u_throughput_ul_kbps,a1_throughput_dl_kbps,a1_throughput_ul_kbps,f1_u_throughput_dl_kbps,F-node
0,0.0,0.0,0.0,0.0,0.0,0.0,0,0,0.0,0.0,0.0,0.0,0.0,0.0,0.0,0.0,0.0060826391723025,0.0081062316894531,0.0090599060058593,0.0090599060058593,0.0102519989013671,0.0102519989013671,0.0062056950160435,0.0083446502685546,0.0082254409790039,0.0100612640380859,0.008702278137207,0.0159740447998046,0.0159740447998046,0.008249282836914,0.009918212890625,0.0204086303710937,0.496,1.36,1.696,1.696,115.8,25.152,27.344,3.512,0
1,0.0,0.0,0.0,0.0,0.0,0.0,0,0,0.0,0.0,0.0,0.0,0.0,0.0,0.0,0.0,0.0060826391723025,0.0081062316894531,0.0090599060058593,0.0090599060058593,0.0081062316894531,0.0081062316894531,0.0062056950160435,0.0083446502685546,0.0082254409790039,0.0100612640380859,0.008702278137207,0.0066757202148437,0.0066757202148437,0.008249282836914,0.009918212890625,0.0204086303710937,0.496,1.36,1.696,1.696,115.8,25.152,27.344,3.512,0
2,0.0,0.0,0.0,0.0,0.0,0.0,0,0,0.0,0.0,0.0,0.0,0.0,0.0,0.0,0.0,0.0059144331677125,0.0078678131103515,0.0085830688476562,0.0089645385742187,0.0066757202148437,0.0066757202148437,0.0062056950160435,0.0083446502685546,0.0082254409790039,0.0100612640380859,0.008702278137207,0.0109672546386718,0.0109672546386718,0.008249282836914,0.009918212890625,0.0204086303710937,0.496,1.424,1.696,1.696,118.128,25.152,27.344,5.552,0
3,0.0,0.0,0.0,0.0,0.0,0.0,0,0,0.0,0.0,0.0,0.0,0.0,0.0,0.0,0.0,0.0058430344311159,0.0081062316894531,0.0047683715820312,0.0047683715820312,0.0069141387939453,0.0069141387939453,0.0062056950160435,0.0083446502685546,0.0082254409790039,0.0100612640380859,0.008702278137207,0.0073909759521484,0.0073909759521484,0.008249282836914,0.009918212890625,0.0204086303710937,0.496,1.424,1.696,1.696,113.256,25.152,27.344,1.192,0
4,0.0,0.0,0.0,0.0,0.0,0.0,0,0,0.0,0.0,0.0,0.0,0.0,0.0,0.0,0.0,0.0060363788509843,0.0078678131103515,0.00762939453125,0.00762939453125,0.0071525573730468,0.0071525573730468,0.0062056950160435,0.0083446502685546,0.0082254409790039,0.0100612640380859,0.008702278137207,0.0107288360595703,0.0107288360595703,0.008249282836914,0.009918212890625,0.0204086303710937,0.496,1.36,1.696,1.696,113.256,25.152,27.344,1.192,0
5,0.0,0.0,0.0,0.0,0.0,0.0,0,0,0.0,0.0,0.0,0.0,0.0,0.0,0.0,0.0,0.0063174992651488,0.0088214874267578,0.0045299530029296,0.0045299530029296,0.0064373016357421,0.0064373016357421,0.0062056950160435,0.0083446502685546,0.0082254409790039,0.0100612640380859,0.008702278137207,0.0083446502685546,0.0083446502685546,0.008249282836914,0.009918212890625,0.0204086303710937,0.496,1.36,1.696,1.696,113.256,25.152,27.344,1.192,0
6,0.0,0.0,0.0,0.0,0.0,0.0,0,0,0.0,0.0,0.0,0.0,0.0,0.0,0.0,0.0,0.006181001663208,0.0085830688476562,0.0,0.0,0.0100135803222656,0.0100135803222656,0.0062056950160435,0.0083446502685546,0.0082254409790039,0.0100612640380859,0.008702278137207,0.005960464477539,0.005960464477539,0.008249282836914,0.009918212890625,0.0204086303710937,0.496,1.36,1.696,1.696,112.0,25.152,27.344,0.0,0
7,0.0,0.0,0.0,0.0,0.0,0.0,0,0,0.0,0.0,0.0,0.0,0.0,0.0,0.0,0.0,0.0060606002807617,0.0083446502685546,0.0,0.0,0.0088214874267578,0.0088214874267578,0.0062056950160435,0.0083446502685546,0.0082254409790039,0.0100612640380859,0.008702278137207,0.0119209289550781,0.0119209289550781,0.008249282836914,0.009918212890625,0.0204086303710937,0.496,1.36,1.696,1.696,112.0,25.152,27.344,0.0,0
8,0.0,0.0,0.0,0.0,0.0,0.0,0,0,0.0,0.0,0.0,0.0,0.0,0.0,0.0,0.0,0.0061233444969252,0.0083446502685546,0.0067949295043945,0.0078439712524414,0.0092983245849609,0.0092983245849609,0.0062056950160435,0.0083446502685546,0.0082254409790039,0.0100612640380859,0.008702278137207,0.0104904174804687,0.0104904174804687,0.008249282836914,0.009918212890625,0.0204086303710937,0.496,1.36,1.696,1.696,119.984,25.152,27.344,7.408,0
9,0.0,0.0,0.0,0.0,0.0,0.0,0,0,0.0,0.0,0.0,0.0,0.0,0.0,0.0,0.0,0.0059972355021766,0.0081062316894531,0.0071525573730468,0.0071525573730468,0.0073909759521484,0.0073909759521484,0.0062056950160435,0.0083446502685546,0.0082254409790039,0.0100612640380859,0.008702278137207,0.0131130218505859,0.0131130218505859,0.008249282836914,0.009918212890625,0.0204086303710937,0.496,1.424,1.696,1.696,115.096,25.152,27.344,2.808,0
10,0.0,0.0,0.0,0.0,0.0,0.0,0,0,0.0,0.0,0.0,0.0,0.0,0.0,0.0,0.0,0.0063528134984877,0.0085830688476562,0.0043895757086923,0.005340576171875,0.0064373016357421,0.0064373016357421,0.0062056950160435,0.0083446502685546,0.0082254409790039,0.0100612640380859,0.008702278137207,0.0143051147460937,0.0143051147460937,0.008249282836914,0.009918212890625,0.0204086303710937,0.496,1.424,1.696,1.696,128.288,25.152,27.344,795.464,0
11,0.0,0.0,0.0,0.0,0.0,0.0,0,0,0.0,0.0,0.0,0.0,0.0,0.0,0.0,0.0,0.0066296889050172,0.0092983245849609,0.0047840055872182,0.0054836273193359,0.0081062316894531,0.0081062316894531,0.0062056950160435,0.0083446502685546,0.0082254409790039,0.0100612640380859,0.008702278137207,0.0104904174804687,0.0104904174804687,0.008249282836914,0.009918212890625,0.0204086303710937,0.496,1.424,1.696,1.696,118.448,25.152,27.344,418.824,0
12,0.0,0.0,0.0,0.0,0.0,0.0,0,0,0.0,0.0,0.0,0.0,0.0,0.0,0.0,0.0,0.0064598387153587,0.0085830688476562,0.0045564439561631,0.0058889389038085,0.0078678131103515,0.0078678131103515,0.0062056950160435,0.0083446502685546,0.0082254409790039,0.0100612640380859,0.008702278137207,0.0131130218505859,0.0131130218505859,0.008249282836914,0.009918212890625,0.0204086303710937,0.496,1.424,1.696,1.696,113.256,25.152,27.344,383.072,0
13,0.0,0.0,0.0,0.0,0.0,0.0,0,0,0.0,0.0,0.0,0.0,0.0,0.0,0.0,0.0,0.006003166312602,0.0081062316894531,0.0073909759521484,0.0073909759521484,0.00762939453125,0.00762939453125,0.0062056950160435,0.0083446502685546,0.0082254409790039,0.0100612640380859,0.008702278137207,0.0100135803222656,0.0100135803222656,0.008249282836914,0.009918212890625,0.0204086303710937,0.496,1.424,1.696,1.696,117.192,25.152,27.344,9.528,0
14,0.0,0.0,0.0,0.0,0.0,0.0,0,0,0.0,0.0,0.0,0.0,0.0,0.0,0.0,0.0,0.0061127218869653,0.0083446502685546,0.0045439776252297,0.0061511993408203,0.0069141387939453,0.0069141387939453,0.0062056950160435,0.0083446502685546,0.0082254409790039,0.0100612640380859,0.008702278137207,0.0109672546386718,0.0109672546386718,0.008249282836914,0.009918212890625,0.0204086303710937,0.496,1.392,1.696,1.696,122.384,25.152,27.344,142.104,0
15,0.0,0.0,0.0,0.0,0.0,0.0,0,0,0.0,0.0,0.0,0.0,0.0,0.0,0.0,0.0,0.0061273574829101,0.0078916549682617,0.0041921933492024,0.0052452087402343,0.0078678131103515,0.0078678131103515,0.0062056950160435,0.0083446502685546,0.0082254409790039,0.0100612640380859,0.008702278137207,0.0145435333251953,0.0145435333251953,0.008249282836914,0.009918212890625,0.0204086303710937,0.496,1.424,1.696,1.696,112.0,25.152,27.344,790.096,0
16,0.0,0.0,0.0,0.0,0.0,0.0,0,0,0.0,0.0,0.0,0.0,0.0,0.0,0.0,0.0,0.0058964117249446,0.0083446502685546,0.0047385692596435,0.0065088272094726,0.0081062316894531,0.0081062316894531,0.0062056950160435,0.0083446502685546,0.0082254409790039,0.0100612640380859,0.008702278137207,0.0100135803222656,0.0100135803222656,0.008249282836914,0.009918212890625,0.0204086303710937,0.496,1.392,1.696,1.696,117.192,25.152,27.344,54.0,0
17,0.0,0.0,0.0,0.0,0.0,0.0,0,0,0.0,0.0,0.0,0.0,0.0,0.0,0.0,0.0,0.0059296242633269,0.0081062316894531,0.0050067901611328,0.0050067901611328,0.0083446502685546,0.0083446502685546,0.0062056950160435,0.0083446502685546,0.0082254409790039,0.0100612640380859,0.008702278137207,0.0128746032714843,0.0128746032714843,0.008249282836914,0.009918212890625,0.0204086303710937,0.496,1.424,1.696,1.696,113.256,25.152,27.344,1.192,0
18,0.0,0.0,0.0,0.0,0.0,0.0,0,0,0.0,0.0,0.0,0.0,0.0,0.0,0.0,0.0,0.0059312465144138,0.0081062316894531,0.0047860322175202,0.0057697296142578,0.0069141387939453,0.0069141387939453,0.0062056950160435,0.0083446502685546,0.0082254409790039,0.0100612640380859,0.008702278137207,0.0090599060058593,0.0090599060058593,0.008249282836914,0.009918212890625,0.0204086303710937,0.496,1.36,1.696,1.696,128.832,25.152,27.344,215.16,0
19,0.0,0.0,0.0,0.0,0.0,0.0,0,0,0.0,0.0,0.0,0.0,0.0,0.0,0.0,0.0,0.0060992454414937,0.0083446502685546,0.0046599995006214,0.0050067901611328,0.0071525573730468,0.0071525573730468,0.0062056950160435,0.0083446502685546,0.0082254409790039,0.0100612640380859,0.008702278137207,0.0104904174804687,0.0104904174804687,0.008249282836914,0.009918212890625,0.0204086303710937,0.496,1.424,1.696,1.696,113.256,25.152,27.344,57.0,0
20,0.0,0.0,0.0,0.0,0.0,0.0,0,0,0.0,0.0,0.0,0.0,0.0,0.0,0.0,0.0,0.0059390068054199,0.00762939453125,0.0,0.0,0.0073909759521484,0.0073909759521484,0.0062056950160435,0.0083446502685546,0.0082254409790039,0.0100612640380859,0.008702278137207,0.0104904174804687,0.0104904174804687,0.008249282836914,0.009918212890625,0.0204086303710937,0.496,1.392,1.696,1.696,112.0,25.152,27.344,0.0,0
21,0.0,0.0,0.0,0.0,0.0,0.0,0,0,0.0,0.0,0.0,0.0,0.0,0.0,0.0,0.0,0.0061339671068852,0.0083446502685546,0.0052111489432198,0.0070810317993164,0.0064373016357421,0.0064373016357421,0.0,0.0083446502685546,0.0082254409790039,0.0100612640380859,0.008702278137207,0.0107288360595703,0.0107288360595703,0.0,0.0,0.0,0.496,1.36,1.696,1.696,122.384,0.0,0.0,98.72,0
22,0.0,0.0,0.0,0.0,0.0,0.0,0,0,0.0,0.0,0.0,0.0,0.0,0.0,0.0,0.0,0.0060743360377069,0.0085830688476562,0.0044769710964626,0.0054836273193359,0.00762939453125,0.00762939453125,0.0069141387939453,0.0083446502685546,0.0082254409790039,0.0100612640380859,0.008702278137207,0.0123977661132812,0.0123977661132812,0.0093936920166015,0.012365976969401,0.0290870666503906,0.496,1.424,1.696,1.696,117.192,12.784,11.24,415.184,0
23,0.0,0.0,0.0,0.0,0.0,0.0,0,0,0.0,0.0,0.0,0.0,0.0,0.0,0.0,0.0,0.0058691299969877,0.00762939453125,0.0069141387939453,0.0069141387939453,0.0069141387939453,0.0069141387939453,0.0,0.0083446502685546,0.0082254409790039,0.0100612640380859,0.008702278137207,0.0138282775878906,0.0138282775878906,0.0,0.0,0.0,0.496,1.424,1.696,1.696,117.192,0.0,0.0,12.656,0
24,0.0,0.0,0.0,0.0,0.0,0.0,0,0,0.0,0.0,0.0,0.0,0.0,0.0,0.0,0.0,0.00702806294258,0.0095367431640625,0.0040008558481225,0.0045299530029296,0.0073909759521484,0.0073909759521484,0.0,0.0083446502685546,0.0082254409790039,0.0100612640380859,0.008702278137207,0.0085830688476562,0.0085830688476562,0.0,0.0,0.0,0.496,1.424,1.696,1.696,123.64,0.0,0.0,7450.096,0
25,0.0,0.0,0.0,0.0,0.0,0.0,0,0,0.0,0.0,0.0,0.0,0.0,0.0,0.0,0.0,0.006234467919193,0.0083446502685546,0.0042586491025727,0.0050067901611328,0.0083446502685546,0.0083446502685546,0.0,0.0083446502685546,0.0082254409790039,0.0100612640380859,0.008702278137207,0.0095367431640625,0.0095367431640625,0.0,0.0,0.0,0.496,1.424,1.696,1.696,113.256,0.0,0.0,750.552,0
26,0.0,0.0,0.0,0.0,0.0,0.0,0,0,0.0,0.0,0.0,0.0,0.0,0.0,0.0,0.0,0.0063022369234432,0.0088214874267578,0.0042846237403759,0.0052928924560546,0.0078678131103515,0.0078678131103515,0.0057220458984375,0.0083446502685546,0.0082254409790039,0.0100612640380859,0.008702278137207,0.0088214874267578,0.0088214874267578,0.0078916549682617,0.0109434127807617,0.0291109085083007,0.496,1.424,1.696,1.696,122.264,7.488,8.464,565.88,0
27,0.0,0.0,0.0,0.0,0.0,0.0,0,0,0.0,0.0,0.0,0.0,0.0,0.0,0.0,0.0,0.0067007541656494,0.0095605850219726,0.0041286045768959,0.0050067901611328,0.0088214874267578,0.0088214874267578,0.0063843197292751,0.0,0.0,0.0,0.0,0.011444091796875,0.011444091796875,0.0086784362792968,0.0109889290549538,0.0281333923339843,0.496,1.424,0.0,0.0,112.0,8.016,7.936,3603.064,0
28,0.0,0.0,0.0,0.0,0.0,0.0,0,0,0.0,0.0,0.0,0.0,0.0,0.0,0.0,0.0,0.0058066844940185,0.0078678131103515,0.0,0.0,0.0067949295043945,0.0072717666625976,0.0061631202697753,0.0,0.0,0.0,0.0,0.0103712081909179,0.0114202499389648,0.0081300735473632,0.0110983848571777,0.0282049179077148,1.344,2.24,0.0,0.0,112.0,16.528,15.472,0.0,0
29,0.0,0.0,0.0,0.0,0.0,0.0,0,0,0.0,0.0,0.0,0.0,0.0,0.0,0.0,0.0,0.0063609607113993,0.0087738037109375,0.0041932673067659,0.0050067901611328,0.0069141387939453,0.0069141387939453,0.0,0.0,0.0,0.0,0.0,0.0126361846923828,0.0126361846923828,0.0,0.0,0.0,0.496,1.36,0.0,0.0,127.576,0.0,0.0,1428.016,0
30,0.0,0.0,0.0,0.0,0.0,0.0,0,0,0.0,0.0,0.0,0.0,0.0,0.0,0.0,0.0,0.0063192844390869,0.0088214874267578,0.0047570183163597,0.005960464477539,0.0073909759521484,0.0073909759521484,0.0,0.0,0.0,0.0,0.0,0.0145435333251953,0.0145435333251953,0.0,0.0,0.0,0.496,1.424,0.0,0.0,112.0,0.0,0.0,210.664,0
31,0.0,0.0,0.0,0.0,0.0,0.0,0,0,0.0,0.0,0.0,0.0,0.0,0.0,0.0,0.0,0.0066414918049727,0.0088214874267578,0.0041457159178597,0.0047683715820312,0.0083446502685546,0.0083446502685546,0.0,0.0,0.0,0.0,0.0,0.0145435333251953,0.0145435333251953,0.0,0.0,0.0,0.496,1.392,0.0,0.0,123.08,0.0,0.0,2170.704,0
32,0.0,0.0,0.0,0.0,0.0,0.0,0,0,0.0,0.0,0.0,0.0,0.0,0.0,0.0,0.0,0.0068079126943456,0.0085830688476562,0.0042242506530387,0.0052452087402343,0.0107288360595703,0.0107288360595703,0.0070095062255859,0.0,0.0,0.0,0.0,0.0102519989013671,0.0102519989013671,0.0101566314697265,0.0108003616333007,0.0279903411865234,0.496,1.424,0.0,0.0,118.448,7.488,8.464,1528.568,0
33,0.0,0.0,0.0,0.0,0.0,0.0,0,0,0.0,0.0,0.0,0.0,0.0,0.0,0.0,0.0,0.0063511404660668,0.008559226989746,0.0041667546067282,0.0050067901611328,0.0081062316894531,0.0081062316894531,0.0060399373372395,0.0,0.0,0.0,0.0,0.0104904174804687,0.0104904174804687,0.0072479248046875,0.0111839988014914,0.0298023223876953,0.496,1.424,0.0,0.0,118.448,8.016,7.936,1021.688,0
34,0.0,0.0,0.0,0.0,0.0,0.0,0,0,0.0,0.0,0.0,0.0,0.0,0.0,0.0,0.0,0.0062084197998046,0.0088214874267578,0.0042154433879446,0.0052452087402343,0.0071525573730468,0.0071525573730468,0.0062108039855957,0.0,0.0,0.0,0.0,0.0088214874267578,0.0088214874267578,0.0083446502685546,0.0105023384094238,0.0249624252319336,0.496,1.424,0.0,0.0,112.0,16.528,15.472,458.136,0
35,0.0,0.0,0.0,0.0,0.0,0.0,0,0,0.0,0.0,0.0,0.0,0.0,0.0,0.0,0.0,0.0063364778585101,0.0088214874267578,0.0045949762517755,0.0061988830566406,0.00762939453125,0.00762939453125,0.0,0.0,0.0,0.0,0.0,0.0088214874267578,0.0088214874267578,0.0,0.0,0.0,0.496,1.392,0.0,0.0,117.192,0.0,0.0,670.944,0
36,0.0,0.0,0.0,0.0,0.0,0.0,0,0,0.0,0.0,0.0,0.0,0.0,0.0,0.0,0.0,0.0067028668847414,0.0090599060058593,0.0041691320283072,0.0050067901611328,0.009775161743164,0.009775161743164,0.0,0.0,0.0,0.0,0.0,0.0078678131103515,0.0078678131103515,0.0,0.0,0.0,0.496,1.424,0.0,0.0,122.384,0.0,0.0,2081.84,0
37,0.0,0.0,0.0,0.0,0.0,0.0,0,0,0.0,0.0,0.0,0.0,0.0,0.0,0.0,0.0,0.0063945998006792,0.0088214874267578,0.0042492532964997,0.0052452087402343,0.0085830688476562,0.0085830688476562,0.0,0.0,0.0,0.0,0.0,0.0169277191162109,0.0169277191162109,0.0,0.0,0.0,0.496,1.424,0.0,0.0,117.192,0.0,0.0,2007.608,0
38,0.0,0.0,0.0,0.0,0.0,0.0,0,0,0.0,0.0,0.0,0.0,0.0,0.0,0.0,0.0,0.0060861976585577,0.0083446502685546,0.0041090923806895,0.0050067901611328,0.0078678131103515,0.0078678131103515,0.0060319900512695,0.0,0.0,0.0,0.0,0.0073909759521484,0.0073909759521484,0.0086069107055664,0.0110626220703125,0.0279664993286132,0.496,1.424,0.0,0.0,113.256,7.488,8.464,1214.12,0
39,0.0,0.0,0.0,0.0,0.0,0.0,0,0,0.0,0.0,0.0,0.0,0.0,0.0,0.0,0.0,0.0064290396057733,0.0088214874267578,0.0043424941201246,0.0052452087402343,0.0069141387939453,0.0069141387939453,0.0059843063354492,0.0,0.0,0.0,0.0,0.011444091796875,0.011444091796875,0.0082015991210937,0.0106096267700195,0.0275850296020507,0.496,1.424,0.0,0.0,118.448,7.488,8.464,1203.416,0
40,0.0,0.0,0.0,0.0,0.0,0.0,0,0,0.0,0.0,0.0,0.0,0.0,0.0,0.0,0.0,0.0065641450177272,0.0090599060058593,0.0042350203902633,0.0052452087402343,0.0069141387939453,0.0069141387939453,0.0061273574829101,0.0,0.0,0.0,0.0,0.0092983245849609,0.0092983245849609,0.0081539154052734,0.0107169151306152,0.0272989273071289,0.496,1.424,0.0,0.0,123.64,16.528,15.472,1182.04,0
41,0.0,0.0,0.0,0.0,0.0,0.0,0,0,0.0,0.0,0.0,0.0,0.0,0.0,0.0,0.0,0.0061118602752685,0.0083684921264648,0.004487567477756,0.0054836273193359,0.00762939453125,0.00762939453125,0.0,0.0,0.0,0.0,0.0,0.0171661376953125,0.0171661376953125,0.0,0.0,0.0,0.496,1.424,0.0,0.0,112.0,0.0,0.0,383.56,0
42,0.0,0.0,0.0,0.0,0.0,0.0,0,0,0.0,0.0,0.0,0.0,0.0,0.0,0.0,0.0,0.006073772317112,0.0080823898315429,0.0043282142052283,0.0051021575927734,0.0083446502685546,0.0083446502685546,0.0,0.0,0.0,0.0,0.0,0.0116825103759765,0.0116825103759765,0.0,0.0,0.0,0.496,1.392,0.0,0.0,122.384,0.0,0.0,349.128,0
43,0.0,0.0,0.0,0.0,0.0,0.0,0,0,0.0,0.0,0.0,0.0,0.0,0.0,0.0,0.0,0.0060951709747314,0.0083684921264648,0.0044107437133789,0.0053644180297851,0.0095367431640625,0.0095367431640625,0.0,0.0,0.0,0.0,0.0,0.0069141387939453,0.0069141387939453,0.0,0.0,0.0,0.496,1.424,0.0,0.0,112.0,0.0,0.0,34.992,0
44,0.0,0.0,0.0,0.0,0.0,0.0,0,0,0.0,0.0,0.0,0.0,0.0,0.0,0.0,0.0,0.0062439572158737,0.0083446502685546,0.0042609679393279,0.0053167343139648,0.0064373016357421,0.0064373016357421,0.0061273574829101,0.0,0.0,0.0,0.0,0.0119209289550781,0.0119209289550781,0.0081300735473632,0.0107765197753906,0.0279903411865234,0.496,1.392,0.0,0.0,121.824,7.488,8.464,705.04,0
45,0.0,0.0,0.0,0.0,0.0,0.0,0,0,0.0,0.0,0.0,0.0,0.0,0.0,0.0,0.0,0.007112427513198,0.0087976455688476,0.0041131315560176,0.0050067901611328,0.009775161743164,0.009775161743164,0.0061988830566406,0.0,0.0,0.0,0.0,0.00762939453125,0.00762939453125,0.0080108642578125,0.0104904174804687,0.0200271606445312,0.496,1.424,0.0,0.0,118.448,3.744,4.232,2804.0,0
46,0.0,0.0,0.0,0.0,0.0,0.0,0,0,0.0,0.0,0.0,0.0,0.0,0.0,0.0,0.0,0.0064029029352747,0.0088214874267578,0.0042124798423365,0.0052452087402343,0.0071525573730468,0.0071525573730468,0.0062942504882812,0.0,0.0,0.0,0.0,0.0109672546386718,0.0109672546386718,0.0084877014160156,0.0112851460774739,0.0298023223876953,0.496,1.424,0.0,0.0,113.256,12.008,11.968,1842.64,0
47,0.0,0.0,0.0,0.0,0.0,0.0,0,0,0.0,0.0,0.0,0.0,0.0,0.0,0.0,0.0,0.0059260657770716,0.0083446502685546,0.0050067901611328,0.0050067901611328,0.0090599060058593,0.0090599060058593,0.0063180923461914,0.0,0.0,0.0,0.0,0.0109672546386718,0.0109672546386718,0.0078678131103515,0.0107288360595703,0.0256061553955078,0.496,1.424,0.0,0.0,113.256,8.264,7.736,1.192,0
48,0.0,0.0,0.0,0.0,0.0,0.0,0,0,0.0,0.0,0.0,0.0,0.0,0.0,0.0,0.0,0.0060343742370605,0.0078678131103515,0.0,0.0,0.0069141387939453,0.0069141387939453,0.0,0.0,0.0,0.0,0.0,0.0164508819580078,0.0164508819580078,0.0,0.0,0.0,0.496,1.36,0.0,0.0,112.0,0.0,0.0,0.0,0
49,0.0,0.0,0.0,0.0,0.0,0.0,0,0,0.0,0.0,0.0,0.0,0.0,0.0,0.0,0.0,0.0061917304992675,0.0086069107055664,0.0,0.0,0.0069141387939453,0.0069141387939453,0.0,0.0,0.0,0.0,0.0,0.0157356262207031,0.0157356262207031,0.0,0.0,0.0,0.496,1.36,0.0,0.0,112.0,0.0,0.0,0.0,0
50,0.0,0.0,0.0,0.0,0.0,0.0,0,0,0.0,0.0,0.0,0.0,0.0,0.0,0.0,0.0,0.0057935714721679,0.0078916549682617,0.0,0.0,0.0078678131103515,0.0078678131103515,0.0064849853515625,0.0,0.0,0.0,0.0,0.0078678131103515,0.0078678131103515,0.008249282836914,0.0107288360595703,0.0203609466552734,0.496,1.36,0.0,0.0,112.0,3.744,4.232,0.0,0
51,0.0,0.0,0.0,0.0,0.0,0.0,0,0,0.0,0.0,0.0,0.0,0.0,0.0,0.0,0.0,0.0058948993682861,0.0078916549682617,0.0,0.0,0.0100135803222656,0.0100135803222656,0.0061750411987304,0.0,0.0,0.0,0.0,0.0133514404296875,0.0133514404296875,0.0085353851318359,0.0110387802124023,0.0290155410766601,0.496,1.36,0.0,0.0,112.0,7.488,8.464,0.0,0
52,0.0,0.0,0.0,0.0,0.0,0.0,0,0,0.0,0.0,0.0,0.0,0.0,0.0,0.0,0.0,0.006176345977024,0.0083446502685546,0.0052452087402343,0.0052452087402343,0.0073909759521484,0.0073909759521484,0.0062465667724609,0.0,0.0,0.0,0.0,0.0066757202148437,0.0066757202148437,0.0083446502685546,0.0110785166422526,0.028228759765625,0.496,1.36,0.0,0.0,113.256,12.008,11.968,1.192,0
53,0.0,0.0,0.0,0.0,0.0,0.0,0,0,0.0,0.0,0.0,0.0,0.0,0.0,0.0,0.0,0.0062725970134642,0.0085830688476562,0.0039248213206372,0.0045299530029296,0.0081062316894531,0.0081062316894531,0.0058174133300781,0.0,0.0,0.0,0.0,0.0112056732177734,0.0112056732177734,0.0079631805419921,0.0106573104858398,0.0261783599853515,0.496,1.36,0.0,0.0,144.408,8.264,7.736,4726.952,0
54,0.0,0.0,0.0,0.0,0.0,0.0,0,0,0.0,0.0,0.0,0.0,0.0,0.0,0.0,0.0,0.0061087347381743,0.0078678131103515,0.0071525573730468,0.0071525573730468,0.0092983245849609,0.0092983245849609,0.0,0.0,0.0,0.0,0.0,0.0143051147460937,0.0143051147460937,0.0,0.0,0.0,0.496,1.424,0.0,0.0,113.256,0.0,0.0,1.192,0
55,0.0,0.0,0.0,0.0,0.0,0.0,0,0,0.0,0.0,0.0,0.0,0.0,0.0,0.0,0.0,0.0061571598052978,0.0081300735473632,0.0,0.0,0.0071525573730468,0.0071525573730468,0.0,0.0,0.0,0.0,0.0,0.005960464477539,0.005960464477539,0.0,0.0,0.0,0.496,1.36,0.0,0.0,112.0,0.0,0.0,0.0,0
56,0.0,0.0,0.0,0.0,0.0,0.0,0,0,0.0,0.0,0.0,0.0,0.0,0.0,0.0,0.0,0.0061764575467251,0.0085830688476562,0.0039246267901209,0.0045299530029296,0.0095367431640625,0.0095367431640625,0.0059127807617187,0.0064373016357421,0.0109672546386718,0.0064373016357421,0.0109672546386718,0.0147819519042968,0.0147819519042968,0.0073909759521484,0.012063980102539,0.0231266021728515,0.496,1.36,0.848,0.848,122.384,3.744,4.232,3681.28,0
57,0.0,0.0,0.0,0.0,0.0,0.0,0,0,0.0,0.0,0.0,0.0,0.0,0.0,0.0,0.0,0.0061764575467251,0.0085830688476562,0.0039246267901209,0.0045299530029296,0.0073909759521484,0.0073909759521484,0.006103515625,0.0,0.0,0.0,0.0,0.0123977661132812,0.0123977661132812,0.0077009201049804,0.0112533569335937,0.0293970108032226,0.496,1.424,0.0,0.0,122.384,7.488,8.464,3681.28,0
58,0.0,0.0,0.0,0.0,0.0,0.0,0,0,0.0,0.0,0.0,0.0,0.0,0.0,0.0,0.0,0.0061764575467251,0.0085830688476562,0.0039246267901209,0.0045299530029296,0.0078678131103515,0.0078678131103515,0.0063101450602213,0.0090599060058593,0.005960464477539,0.0090599060058593,0.005960464477539,0.0102519989013671,0.0102519989013671,0.0084877014160156,0.01068115234375,0.0276088714599609,0.496,1.36,0.848,0.848,122.384,12.008,11.968,3681.28,0
59,0.0,0.0,0.0,0.0,0.0,0.0,0,0,0.0,0.0,0.0,0.0,0.0,0.0,0.0,0.0,0.0061764575467251,0.0085830688476562,0.0039246267901209,0.0045299530029296,0.0061988830566406,0.0073432922363281,0.0059127807617187,0.0,0.0,0.0,0.0,0.0092983245849609,0.0104427337646484,0.0076532363891601,0.0116586685180664,0.0273704528808593,1.344,2.208,0.0,0.0,122.384,8.264,7.736,3681.28,0
60,0.0,0.0,0.0,0.0,0.0,0.0,0,0,0.0,0.0,0.0,0.0,0.0,0.0,0.0,0.0,0.0060743360377069,0.0083446502685546,0.0069141387939453,0.0069141387939453,0.00762939453125,0.00762939453125,0.0,0.0,0.0,0.0,0.0,0.0092983245849609,0.0092983245849609,0.0,0.0,0.0,0.496,1.36,0.0,0.0,113.256,0.0,0.0,1.192,0
61,0.0,0.0,0.0,0.0,0.0,0.0,0,0,0.0,0.0,0.0,0.0,0.0,0.0,0.0,0.0,0.0060873838206428,0.0081062316894531,0.0039571154434069,0.0045299530029296,0.0083446502685546,0.0083446502685546,0.0,0.0,0.0,0.0,0.0,0.011444091796875,0.011444091796875,0.0,0.0,0.0,0.496,1.36,0.0,0.0,113.256,0.0,0.0,2466.608,0
62,0.0,0.0,0.0,0.0,0.0,0.0,0,0,0.0,0.0,0.0,0.0,0.0,0.0,0.0,0.0,0.0060376337760888,0.0085830688476562,0.003924530543638,0.0045299530029296,0.0083446502685546,0.0083446502685546,0.0064849853515625,0.0,0.0,0.0,0.0,0.0085830688476562,0.0085830688476562,0.0081062316894531,0.0116825103759765,0.0231742858886718,0.496,1.424,0.0,0.0,144.408,3.744,4.232,917.832,0
63,0.0,0.0,0.0,0.0,0.0,0.0,0,0,0.0,0.0,0.0,0.0,0.0,0.0,0.0,0.0,0.0059723854064941,0.0081062316894531,0.0,0.0,0.0071525573730468,0.0071525573730468,0.0062227249145507,0.0,0.0,0.0,0.0,0.0112056732177734,0.0112056732177734,0.008392333984375,0.0107049942016601,0.0260591506958007,0.496,1.424,0.0,0.0,112.0,7.488,8.464,0.0,0
64,0.0,0.0,0.0,0.0,0.0,0.0,0,0,0.0,0.0,0.0,0.0,0.0,0.0,0.0,0.0,0.0058734416961669,0.00762939453125,0.0,0.0,0.0071525573730468,0.0071525573730468,0.0060876210530598,0.0,0.0,0.0,0.0,0.0133514404296875,0.0133514404296875,0.008249282836914,0.0119368235270182,0.0310420989990234,0.496,1.36,0.0,0.0,112.0,12.008,11.968,0.0,0
65,0.0,0.0,0.0,0.0,0.0,0.0,0,0,0.0,0.0,0.0,0.0,0.0,0.0,0.0,0.0,0.0060975551605224,0.0083446502685546,0.0,0.0,0.0095367431640625,0.0095367431640625,0.0066280364990234,0.0,0.0,0.0,0.0,0.0119209289550781,0.0119209289550781,0.0087976455688476,0.0107288360595703,0.0256061553955078,0.496,1.36,0.0,0.0,112.0,8.264,7.736,0.0,0
66,0.0,0.0,0.0,0.0,0.0,0.0,0,0,0.0,0.0,0.0,0.0,0.0,0.0,0.0,0.0,0.006040334701538,0.0083684921264648,0.0,0.0,0.0071525573730468,0.0071525573730468,0.0,0.0,0.0,0.0,0.0,0.009775161743164,0.009775161743164,0.0,0.0,0.0,0.496,1.36,0.0,0.0,112.0,0.0,0.0,0.0,0
67,0.0,0.0,0.0,0.0,0.0,0.0,0,0,0.0,0.0,0.0,0.0,0.0,0.0,0.0,0.0,0.0059277403588388,0.0078678131103515,0.00394018072831,0.00457763671875,0.0064373016357421,0.0064373016357421,0.0,0.0,0.0,0.0,0.0,0.0109672546386718,0.0109672546386718,0.0,0.0,0.0,0.496,1.36,0.0,0.0,128.832,0.0,0.0,205.864,0
68,0.0,0.0,0.0,0.0,0.0,0.0,0,0,0.0,0.0,0.0,0.0,0.0,0.0,0.0,0.0,0.0061407611144715,0.0083446502685546,0.0081062316894531,0.0081062316894531,0.0121593475341796,0.0121593475341796,0.0072956085205078,0.0,0.0,0.0,0.0,0.0090599060058593,0.0090599060058593,0.0092506408691406,0.0107765197753906,0.0202178955078125,0.496,1.424,0.0,0.0,113.256,3.744,4.232,1.192,0
69,0.0,0.0,0.0,0.0,0.0,0.0,0,0,0.0,0.0,0.0,0.0,0.0,0.0,0.0,0.0,0.0059975003733218,0.0081062316894531,0.0039952141898018,0.0045299530029296,0.0069141387939453,0.0069141387939453,0.0058174133300781,0.0,0.0,0.0,0.0,0.0069141387939453,0.0069141387939453,0.0079154968261718,0.0109434127807617,0.0277042388916015,0.496,1.36,0.0,0.0,139.216,7.488,8.464,768.64,0
70,0.0,0.0,0.0,0.0,0.0,0.0,0,0,0.0,0.0,0.0,0.0,0.0,0.0,0.0,0.0,0.0060141086578369,0.0081062316894531,0.0038981437683105,0.0045537948608398,0.0104904174804687,0.0104904174804687,0.0059945242745535,0.0,0.0,0.0,0.0,0.0100135803222656,0.0100135803222656,0.0086069107055664,0.0103414058685302,0.0271797180175781,0.496,1.424,0.0,0.0,112.0,12.536,11.44,218.848,0
71,0.0,0.0,0.0,0.0,0.0,0.0,0,0,0.0,0.0,0.0,0.0,0.0,0.0,0.0,0.0,0.0059984216642616,0.0083446502685546,0.0040261250621867,0.0047683715820312,0.00762939453125,0.00762939453125,0.0061750411987304,0.0,0.0,0.0,0.0,0.0095367431640625,0.0095367431640625,0.0083446502685546,0.0107765197753906,0.0263214111328125,0.496,1.392,0.0,0.0,117.192,8.264,7.736,1177.552,0
72,0.0,0.0,0.0,0.0,0.0,0.0,0,0,0.0,0.0,0.0,0.0,0.0,0.0,0.0,0.0,0.0065843857342924,0.0090599060058593,0.0038841880270056,0.0045299530029296,0.00762939453125,0.00762939453125,0.0,0.0,0.0,0.0,0.0,0.0112056732177734,0.0112056732177734,0.0,0.0,0.0,0.496,1.424,0.0,0.0,117.192,0.0,0.0,7049.752,0
73,0.0,0.0,0.0,0.0,0.0,0.0,0,0,0.0,0.0,0.0,0.0,0.0,0.0,0.0,0.0,0.006162112032003,0.0081062316894531,0.0040247326805478,0.0049591064453124,0.0092983245849609,0.0092983245849609,0.0,0.0,0.0,0.0,0.0,0.0143051147460937,0.0143051147460937,0.0,0.0,0.0,0.496,1.424,0.0,0.0,114.328,0.0,0.0,457.568,0
74,0.0,0.0,0.0,0.0,0.0,0.0,0,0,0.0,0.0,0.0,0.0,0.0,0.0,0.0,0.0,0.0061075485760892,0.0083446502685546,0.005960464477539,0.005960464477539,0.00762939453125,0.00762939453125,0.0057220458984375,0.0,0.0,0.0,0.0,0.013589859008789,0.013589859008789,0.0071048736572265,0.0110149383544921,0.0216960906982421,0.496,1.424,0.0,0.0,113.256,3.744,4.232,1.192,0
75,0.0,0.0,0.0,0.0,0.0,0.0,0,0,0.0,0.0,0.0,0.0,0.0,0.0,0.0,0.0,0.00604705430975,0.0081062316894531,0.0066757202148437,0.0066757202148437,0.0069141387939453,0.0069141387939453,0.006270408630371,0.0,0.0,0.0,0.0,0.0064373016357421,0.0064373016357421,0.0082015991210937,0.0115394592285156,0.0295162200927734,0.496,1.36,0.0,0.0,113.256,7.488,8.464,1.192,0
76,0.0,0.0,0.0,0.0,0.0,0.0,0,0,0.0,0.0,0.0,0.0,0.0,0.0,0.0,0.0,0.0061977143381156,0.0085115432739257,0.0040421119103064,0.0047683715820312,0.0071525573730468,0.0071525573730468,0.0058809916178385,0.0,0.0,0.0,0.0,0.0162124633789062,0.0162124633789062,0.0079154968261718,0.0104268391927083,0.0255584716796875,0.496,1.36,0.0,0.0,128.832,12.008,11.968,731.144,0
77,0.0,0.0,0.0,0.0,0.0,0.0,0,0,0.0,0.0,0.0,0.0,0.0,0.0,0.0,0.0,0.0060761328971031,0.0081062316894531,0.0040276359965783,0.0050067901611328,0.0069141387939453,0.0069141387939453,0.0058412551879882,0.0,0.0,0.0,0.0,0.0088214874267578,0.0088214874267578,0.0078916549682617,0.0113248825073242,0.0295162200927734,0.496,1.424,0.0,0.0,122.384,8.264,7.736,1405.72,0
78,0.0,0.0,0.0,0.0,0.0,0.0,0,0,0.0,0.0,0.0,0.0,0.0,0.0,0.0,0.0,0.0065922737121582,0.0090599060058593,0.0038979772084249,0.0045299530029296,0.0102519989013671,0.0102519989013671,0.0,0.0,0.0,0.0,0.0,0.0145435333251953,0.0145435333251953,0.0,0.0,0.0,0.496,1.424,0.0,0.0,112.0,0.0,0.0,5543.112,0
79,0.0,0.0,0.0,0.0,0.0,0.0,0,0,0.0,0.0,0.0,0.0,0.0,0.0,0.0,0.0,0.0061798095703125,0.0083446502685546,0.0,0.0,0.0071525573730468,0.0071525573730468,0.0,0.0,0.0,0.0,0.0,0.0131130218505859,0.0131130218505859,0.0,0.0,0.0,0.496,1.392,0.0,0.0,112.0,0.0,0.0,0.0,0
80,0.0,0.0,0.0,0.0,0.0,0.0,0,0,0.0,0.0,0.0,0.0,0.0,0.0,0.0,0.0,0.0061297416687011,0.0083446502685546,0.0,0.0,0.0066757202148437,0.0066757202148437,0.0063871082506681,0.0,0.0,0.0,0.0,0.0138282775878906,0.0138282775878906,0.0088691711425781,0.0106039501371837,0.0216960906982421,0.496,1.36,0.0,0.0,112.0,15.048,15.016,0.0,0
81,0.0,0.0,0.0,0.0,0.0,0.0,0,0,0.0,0.0,0.0,0.0,0.0,0.0,0.0,0.0,0.005768077208264,0.0076055526733398,0.0058412551879882,0.0074386596679687,0.0071525573730468,0.0071525573730468,0.0060796737670898,0.0,0.0,0.0,0.0,0.0081062316894531,0.0081062316894531,0.0083208084106445,0.0116586685180664,0.0286817550659179,0.496,1.36,0.0,0.0,118.448,7.488,8.464,32.288,0
82,0.0,0.0,0.0,0.0,0.0,0.0,0,0,0.0,0.0,0.0,0.0,0.0,0.0,0.0,0.0,0.0061474594415402,0.0083446502685546,0.0039453689868633,0.0047683715820312,0.0116825103759765,0.0116825103759765,0.005960464477539,0.0,0.0,0.0,0.0,0.0112056732177734,0.0112056732177734,0.0080108642578125,0.0111738840738932,0.0291347503662109,0.496,1.424,0.0,0.0,131.752,12.008,11.968,2322.304,0
83,0.0,0.0,0.0,0.0,0.0,0.0,0,0,0.0,0.0,0.0,0.0,0.0,0.0,0.0,0.0,0.0063613872622969,0.0088214874267578,0.0054836273193359,0.0054836273193359,0.0081062316894531,0.0081062316894531,0.0057935714721679,0.0,0.0,0.0,0.0,0.0162124633789062,0.0162124633789062,0.0081539154052734,0.0108718872070312,0.0263214111328125,0.496,1.424,0.0,0.0,113.256,8.264,7.736,1.192,0
84,0.0,0.0,0.0,0.0,0.0,0.0,0,0,0.0,0.0,0.0,0.0,0.0,0.0,0.0,0.0,0.0060209587438782,0.0083446502685546,0.0053644180297851,0.0063657760620117,0.0078678131103515,0.0078678131103515,0.0,0.0,0.0,0.0,0.0,0.0104904174804687,0.0104904174804687,0.0,0.0,0.0,0.496,1.36,0.0,0.0,115.096,0.0,0.0,33.936,0
85,0.0,0.0,0.0,0.0,0.0,0.0,0,0,0.0,0.0,0.0,0.0,0.0,0.0,0.0,0.0,0.0062543566864315,0.0083446502685546,0.0051789813571506,0.0060081481933593,0.00762939453125,0.00762939453125,0.0,0.0,0.0,0.0,0.0,0.011444091796875,0.011444091796875,0.0,0.0,0.0,0.496,1.424,0.0,0.0,117.616,0.0,0.0,44.144,0
86,0.0,0.0,0.0,0.0,0.0,0.0,0,0,0.0,0.0,0.0,0.0,0.0,0.0,0.0,0.0,0.0061383887903014,0.0081062316894531,0.0051470363841337,0.0056743621826171,0.0066757202148437,0.0066757202148437,0.0065326690673828,0.0,0.0,0.0,0.0,0.0116825103759765,0.0116825103759765,0.0085830688476562,0.0123023986816406,0.0232696533203125,0.496,1.424,0.0,0.0,115.8,3.744,4.232,49.72,0
87,0.0,0.0,0.0,0.0,0.0,0.0,0,0,0.0,0.0,0.0,0.0,0.0,0.0,0.0,0.0,0.0059819221496582,0.0078678131103515,0.0056786970658735,0.0073909759521484,0.00762939453125,0.00762939453125,0.0068902969360351,0.0,0.0,0.0,0.0,0.0138282775878906,0.0138282775878906,0.0088453292846679,0.0107526779174804,0.0286340713500976,0.496,1.424,0.0,0.0,112.0,7.488,8.464,24.488,0
88,0.0,0.0,0.0,0.0,0.0,0.0,0,0,0.0,0.0,0.0,0.0,0.0,0.0,0.0,0.0,0.0060579459655461,0.0082969665527343,0.0049114227294921,0.0058650970458984,0.0071525573730468,0.0071525573730468,0.0059922536214192,0.0042915344238281,0.0112056732177734,0.0042915344238281,0.0112056732177734,0.0088214874267578,0.0088214874267578,0.0080108642578125,0.0110149383544921,0.0266551971435546,0.496,1.392,0.848,0.848,117.944,12.008,11.968,33.528,0
89,0.0,0.0,0.0,0.0,0.0,0.0,0,0,0.0,0.0,0.0,0.0,0.0,0.0,0.0,0.0,0.0063157317662003,0.0083208084106445,0.0048130750656127,0.0054836273193359,0.0073909759521484,0.0073909759521484,0.0059366226196289,0.0061988830566406,0.0071525573730468,0.0061988830566406,0.0071525573730468,0.0109672546386718,0.0109672546386718,0.0082254409790039,0.0104188919067382,0.0252246856689453,0.496,1.424,0.848,0.848,116.32,8.264,7.736,41.984,0
90,0.0,0.0,0.0,0.0,0.0,0.0,0,0,0.0,0.0,0.0,0.0,0.0,0.0,0.0,0.0,0.0063582222060401,0.0085830688476562,0.0053002284123347,0.0071525573730468,0.0056028366088867,0.0064611434936523,0.0,0.0,0.0,0.0,0.0,0.0118017196655273,0.0134229660034179,0.0,0.0,0.0,1.344,2.272,0.0,0.0,116.064,0.0,0.0,65.904,0
91,0.0,0.0,0.0,0.0,0.0,0.0,0,0,0.0,0.0,0.0,0.0,0.0,0.0,0.0,0.0,0.006105899810791,0.0078678131103515,0.0050444351999383,0.0063896179199218,0.0071525573730468,0.0071525573730468,0.0,0.0,0.0,0.0,0.0,0.009775161743164,0.009775161743164,0.0,0.0,0.0,0.496,1.424,0.0,0.0,112.0,0.0,0.0,50.872,0
92,0.0,0.0,0.0,0.0,0.0,0.0,0,0,0.0,0.0,0.0,0.0,0.0,0.0,0.0,0.0,0.0062649792963915,0.0083446502685546,0.0055116765639361,0.0070095062255859,0.0073909759521484,0.0073909759521484,0.0059127807617187,0.0,0.0,0.0,0.0,0.0152587890625,0.0152587890625,0.0072956085205078,0.0107288360595703,0.0204086303710937,0.496,1.392,0.0,0.0,119.184,3.744,4.232,42.824,0
93,0.0,0.0,0.0,0.0,0.0,0.0,0,0,0.0,0.0,0.0,0.0,0.0,0.0,0.0,0.0,0.0061094760894775,0.0083446502685546,0.0053882598876953,0.0060081481933593,0.0092983245849609,0.0092983245849609,0.0058809916178385,0.0,0.0,0.0,0.0,0.0090599060058593,0.0090599060058593,0.0073909759521484,0.0104687430641867,0.0281333923339843,0.496,1.424,0.0,0.0,112.0,8.016,7.936,45.832,0
94,0.0,0.0,0.0,0.0,0.0,0.0,0,0,0.0,0.0,0.0,0.0,0.0,0.0,0.0,0.0,0.0061075485760892,0.0081062316894531,0.0053013072294347,0.0057220458984375,0.0066757202148437,0.0066757202148437,0.0057379404703776,0.0,0.0,0.0,0.0,0.0100135803222656,0.0100135803222656,0.0081062316894531,0.0106652577718098,0.0277996063232421,0.496,1.392,0.0,0.0,115.64,12.008,11.968,53.848,1
95,0.0,0.0,0.0,0.0,0.0,0.0,0,0,0.0,0.0,0.0,0.0,0.0,0.0,0.0,0.0,0.0061075485760892,0.0081062316894531,0.0053013072294347,0.0057220458984375,0.0071525573730468,0.0071525573730468,0.0065803527832031,0.0,0.0,0.0,0.0,0.0092983245849609,0.0092983245849609,0.0084877014160156,0.0111818313598632,0.0262737274169921,0.496,1.424,0.0,0.0,115.64,8.264,7.736,53.848,1
96,0.0,0.0,0.0,0.0,0.0,0.0,0,0,0.0,0.0,0.0,0.0,0.0,0.0,0.0,0.0,0.0061075485760892,0.0081062316894531,0.0053013072294347,0.0057220458984375,0.0085830688476562,0.0085830688476562,0.0,0.0,0.0,0.0,0.0,0.0071525573730468,0.0071525573730468,0.0,0.0,0.0,0.496,1.392,0.0,0.0,115.64,0.0,0.0,53.848,1
97,0.0,0.0,0.0,0.0,0.0,0.0,0,0,0.0,0.0,0.0,0.0,0.0,0.0,0.0,0.0,0.0061075485760892,0.0081062316894531,0.0053013072294347,0.0057220458984375,0.0064373016357421,0.0064373016357421,0.0,0.0,0.0,0.0,0.0,0.0088214874267578,0.0088214874267578,0.0,0.0,0.0,0.496,1.36,0.0,0.0,115.64,0.0,0.0,53.848,1
98,0.0,0.0,0.0,0.0,0.0,0.0,0,0,0.0,0.0,0.0,0.0,0.0,0.0,0.0,0.0,0.0061075485760892,0.0081062316894531,0.0053013072294347,0.0057220458984375,0.0073909759521484,0.0073909759521484,0.0060200691223144,0.0,0.0,0.0,0.0,0.005960464477539,0.005960464477539,0.0066995620727539,0.0108083089192708,0.0191926956176757,0.496,1.36,0.0,0.0,115.64,4.272,3.704,53.848,1
99,0.0,0.0,0.0,0.0,0.0,0.0,0,0,0.0,0.0,0.0,0.0,0.0,0.0,0.0,0.0,0.0061075485760892,0.0081062316894531,0.0053013072294347,0.0057220458984375,0.0073909759521484,0.0073909759521484,0.0058889389038085,0.0,0.0,0.0,0.0,0.013589859008789,0.013589859008789,0.0086069107055664,0.0115394592285156,0.0283479690551757,0.496,1.36,0.0,0.0,115.64,7.488,8.464,53.848,1
100,0.0,0.0,0.0,0.0,0.0,0.0,0,0,0.0,0.0,0.0,0.0,0.0,0.0,0.0,0.0,0.0061075485760892,0.0081062316894531,0.0053013072294347,0.0057220458984375,0.0083446502685546,0.0083446502685546,0.0059445699055989,0.0,0.0,0.0,0.0,0.0102519989013671,0.0102519989013671,0.0084877014160156,0.0112215677897135,0.0294208526611328,0.496,1.36,0.0,0.0,115.64,12.008,11.968,53.848,1
101,0.0,0.0,0.0,0.0,0.0,0.0,0,0,0.0,0.0,0.0,0.0,0.0,0.0,0.0,0.0,0.0061075485760892,0.0081062316894531,0.0053013072294347,0.0057220458984375,0.0066757202148437,0.0066757202148437,0.0068187713623046,0.0,0.0,0.0,0.0,0.0116825103759765,0.0116825103759765,0.0105857849121093,0.0111103057861328,0.0274658203124999,0.496,1.36,0.0,0.0,115.64,8.264,7.736,53.848,1
102,0.0,0.0,0.0,0.0,0.0,0.0,0,0,0.0,0.0,0.0,0.0,0.0,0.0,0.0,0.0,0.0061075485760892,0.0081062316894531,0.0053013072294347,0.0057220458984375,0.00762939453125,0.00762939453125,0.0,0.0,0.0,0.0,0.0,0.0064373016357421,0.0064373016357421,0.0,0.0,0.0,0.496,1.36,0.0,0.0,115.64,0.0,0.0,53.848,1
103,0.0,0.0,0.0,0.0,0.0,0.0,0,0,0.0,0.0,0.0,0.0,0.0,0.0,0.0,0.0,0.0061075485760892,0.0081062316894531,0.0053013072294347,0.0057220458984375,0.00762939453125,0.00762939453125,0.0,0.0,0.0,0.0,0.0,0.0073909759521484,0.0073909759521484,0.0,0.0,0.0,0.496,1.36,0.0,0.0,115.64,0.0,0.0,53.848,1
104,0.0,0.0,0.0,0.0,0.0,0.0,0,0,0.0,0.0,0.0,0.0,0.0,0.0,0.0,0.0,0.0061075485760892,0.0081062316894531,0.0053013072294347,0.0057220458984375,0.0066757202148437,0.0066757202148437,0.0060081481933593,0.0,0.0,0.0,0.0,0.0069141387939453,0.0069141387939453,0.0075340270996093,0.0115394592285156,0.0219345092773437,0.496,1.36,0.0,0.0,115.64,3.744,4.232,53.848,1
105,0.0,0.0,0.0,0.0,0.0,0.0,0,0,0.0,0.0,0.0,0.0,0.0,0.0,0.0,0.0,0.0061075485760892,0.0081062316894531,0.0053013072294347,0.0057220458984375,0.0085830688476562,0.0085830688476562,0.0061273574829101,0.0,0.0,0.0,0.0,0.0112056732177734,0.0112056732177734,0.0086307525634765,0.0115394592285156,0.0314712524414062,0.496,1.36,0.0,0.0,115.64,7.488,8.464,53.848,1
106,0.0,0.0,0.0,0.0,0.0,0.0,0,0,0.0,0.0,0.0,0.0,0.0,0.0,0.0,0.0,0.0061075485760892,0.0081062316894531,0.0053013072294347,0.0057220458984375,0.00762939453125,0.00762939453125,0.0062465667724609,0.0,0.0,0.0,0.0,0.0100135803222656,0.0100135803222656,0.0085830688476562,0.0116984049479166,0.028848648071289,0.496,1.36,0.0,0.0,115.64,12.008,11.968,53.848,1
107,0.0,0.0,0.0,0.0,0.0,0.0,0,0,0.0,0.0,0.0,0.0,0.0,0.0,0.0,0.0,0.0061075485760892,0.0081062316894531,0.0053013072294347,0.0057220458984375,0.0071525573730468,0.0071525573730468,0.0060796737670898,0.0,0.0,0.0,0.0,0.0138282775878906,0.0138282775878906,0.0077486038208007,0.0118970870971679,0.0274181365966796,0.496,1.36,0.0,0.0,115.64,8.264,7.736,53.848,1
108,0.0,0.0,0.0,0.0,0.0,0.0,0,0,0.0,0.0,0.0,0.0,0.0,0.0,0.0,0.0,0.0061075485760892,0.0081062316894531,0.0053013072294347,0.0057220458984375,0.0066757202148437,0.0066757202148437,0.0,0.0,0.0,0.0,0.0,0.00762939453125,0.00762939453125,0.0,0.0,0.0,0.496,1.36,0.0,0.0,115.64,0.0,0.0,53.848,1
109,0.0,0.0,0.0,0.0,0.0,0.0,0,0,0.0,0.0,0.0,0.0,0.0,0.0,0.0,0.0,0.0061075485760892,0.0081062316894531,0.0053013072294347,0.0057220458984375,0.0073909759521484,0.0073909759521484,0.0,0.0,0.0,0.0,0.0,0.0073909759521484,0.0073909759521484,0.0,0.0,0.0,0.496,1.36,0.0,0.0,115.64,0.0,0.0,53.848,1
110,0.0,0.0,0.0,0.0,0.0,0.0,0,0,0.0,0.0,0.0,0.0,0.0,0.0,0.0,0.0,0.0061075485760892,0.0081062316894531,0.0053013072294347,0.0057220458984375,0.0112056732177734,0.0112056732177734,0.0065803527832031,0.0,0.0,0.0,0.0,0.0112056732177734,0.0112056732177734,0.0088214874267578,0.012063980102539,0.0235557556152343,0.496,1.36,0.0,0.0,115.64,3.744,4.232,53.848,1
111,0.0,0.0,0.0,0.0,0.0,0.0,0,0,0.0,0.0,0.0,0.0,0.0,0.0,0.0,0.0,0.0061075485760892,0.0081062316894531,0.0053013072294347,0.0057220458984375,0.005960464477539,0.005960464477539,0.0061273574829101,0.0,0.0,0.0,0.0,0.0090599060058593,0.0090599060058593,0.0082015991210937,0.011754035949707,0.029611587524414,0.496,1.36,0.0,0.0,115.64,7.488,8.464,53.848,1
112,0.0,0.0,0.0,0.0,0.0,0.0,0,0,0.0,0.0,0.0,0.0,0.0,0.0,0.0,0.0,0.0061075485760892,0.0081062316894531,0.0053013072294347,0.0057220458984375,0.0061988830566406,0.0061988830566406,0.0061648232596261,0.0,0.0,0.0,0.0,0.0083446502685546,0.0083446502685546,0.0082731246948242,0.0117272138595581,0.0289678573608398,0.496,1.36,0.0,0.0,115.64,12.536,11.44,53.848,1
113,0.0,0.0,0.0,0.0,0.0,0.0,0,0,0.0,0.0,0.0,0.0,0.0,0.0,0.0,0.0,0.0061075485760892,0.0081062316894531,0.0053013072294347,0.0057220458984375,0.0069141387939453,0.0069141387939453,0.0064849853515625,0.0,0.0,0.0,0.0,0.0092983245849609,0.0092983245849609,0.0087261199951171,0.0113964080810546,0.0273704528808593,0.496,1.36,0.0,0.0,115.64,8.264,7.736,53.848,1
114,0.0,0.0,0.0,0.0,0.0,0.0,0,0,0.0,0.0,0.0,0.0,0.0,0.0,0.0,0.0,0.0061075485760892,0.0081062316894531,0.0053013072294347,0.0057220458984375,0.0069141387939453,0.0069141387939453,0.0,0.0,0.0,0.0,0.0,0.0104904174804687,0.0104904174804687,0.0,0.0,0.0,0.496,1.36,0.0,0.0,115.64,0.0,0.0,53.848,1
115,0.0,0.0,0.0,0.0,0.0,0.0,0,0,0.0,0.0,0.0,0.0,0.0,0.0,0.0,0.0,0.0061075485760892,0.0081062316894531,0.0053013072294347,0.0057220458984375,0.0071525573730468,0.0071525573730468,0.0,0.0,0.0,0.0,0.0,0.00762939453125,0.00762939453125,0.0,0.0,0.0,0.496,1.36,0.0,0.0,115.64,0.0,0.0,53.848,1
116,0.0,0.0,0.0,0.0,0.0,0.0,0,0,0.0,0.0,0.0,0.0,0.0,0.0,0.0,0.0,0.0061075485760892,0.0081062316894531,0.0053013072294347,0.0057220458984375,0.0066757202148437,0.0066757202148437,0.0069618225097656,0.0,0.0,0.0,0.0,0.011444091796875,0.011444091796875,0.0098705291748046,0.0116348266601562,0.0220298767089843,0.496,1.36,0.0,0.0,115.64,3.744,4.232,53.848,1
117,0.0,0.0,0.0,0.0,0.0,0.0,0,0,0.0,0.0,0.0,0.0,0.0,0.0,0.0,0.0,0.0061075485760892,0.0081062316894531,0.0053013072294347,0.0057220458984375,0.0071525573730468,0.0071525573730468,0.0061988830566406,0.0,0.0,0.0,0.0,0.0064373016357421,0.0064373016357421,0.0083684921264648,0.0111341476440429,0.029158592224121,0.496,1.36,0.0,0.0,115.64,7.488,8.464,53.848,1
118,0.0,0.0,0.0,0.0,0.0,0.0,0,0,0.0,0.0,0.0,0.0,0.0,0.0,0.0,0.0,0.0061075485760892,0.0081062316894531,0.0053013072294347,0.0057220458984375,0.0071525573730468,0.0071525573730468,0.0063101450602213,0.0,0.0,0.0,0.0,0.0078678131103515,0.0078678131103515,0.009012222290039,0.0110944112141927,0.028848648071289,0.496,1.36,0.0,0.0,115.64,12.008,11.968,53.848,1
119,0.0,0.0,0.0,0.0,0.0,0.0,0,0,0.0,0.0,0.0,0.0,0.0,0.0,0.0,0.0,0.0061075485760892,0.0081062316894531,0.0053013072294347,0.0057220458984375,0.0071525573730468,0.0071525573730468,0.006413459777832,0.0042915344238281,0.0069141387939453,0.0042915344238281,0.0069141387939453,0.0088214874267578,0.0088214874267578,0.0088214874267578,0.0110864639282226,0.0264406204223632,0.496,1.36,0.848,0.848,115.64,8.264,7.736,53.848,1
120,0.0,0.0,0.0,0.0,0.0,0.0,0,0,0.0,0.0,0.0,0.0,0.0,0.0,0.0,0.0,0.0061075485760892,0.0081062316894531,0.0053013072294347,0.0057220458984375,0.0053644180297851,0.0060319900512695,0.0,0.0,0.0,0.0,0.0,0.0106096267700195,0.0107049942016601,0.0,0.0,0.0,1.344,2.208,0.0,0.0,115.64,0.0,0.0,53.848,1
121,0.0,0.0,0.0,0.0,0.0,0.0,0,0,0.0,0.0,0.0,0.0,0.0,0.0,0.0,0.0,0.0061075485760892,0.0081062316894531,0.0053013072294347,0.0057220458984375,0.0061988830566406,0.0061988830566406,0.0,0.0109672546386718,0.0090599060058593,0.0109672546386718,0.0090599060058593,0.0121593475341796,0.0121593475341796,0.0,0.0,0.0,0.496,1.36,0.848,0.848,115.64,0.0,0.0,53.848,1
122,0.0,0.0,0.0,0.0,0.0,0.0,0,0,0.0,0.0,0.0,0.0,0.0,0.0,0.0,0.0,0.0061075485760892,0.0081062316894531,0.0053013072294347,0.0057220458984375,0.0071525573730468,0.0071525573730468,0.0064373016357421,0.0,0.0,0.0,0.0,0.0066757202148437,0.0066757202148437,0.0081062316894531,0.0118732452392578,0.0237941741943359,0.496,1.36,0.0,0.0,115.64,3.744,4.232,53.848,1
123,0.0,0.0,0.0,0.0,0.0,0.0,0,0,0.0,0.0,0.0,0.0,0.0,0.0,0.0,0.0,0.0061075485760892,0.0081062316894531,0.0053013072294347,0.0057220458984375,0.0088214874267578,0.0088214874267578,0.0058889389038085,0.0,0.0,0.0,0.0,0.0133514404296875,0.0133514404296875,0.0081777572631835,0.0120401382446289,0.030064582824707,0.496,1.36,0.0,0.0,115.64,7.488,8.464,53.848,1
124,0.0,0.0,0.0,0.0,0.0,0.0,0,0,0.0,0.0,0.0,0.0,0.0,0.0,0.0,0.0,0.0061075485760892,0.0081062316894531,0.0053013072294347,0.0057220458984375,0.00762939453125,0.00762939453125,0.0061353047688802,0.0,0.0,0.0,0.0,0.0092983245849609,0.0092983245849609,0.0081062316894531,0.0110944112141927,0.02899169921875,0.496,1.36,0.0,0.0,115.64,12.008,11.968,53.848,1
125,0.0,0.0,0.0,0.0,0.0,0.0,0,0,0.0,0.0,0.0,0.0,0.0,0.0,0.0,0.0,0.0061075485760892,0.0081062316894531,0.0053013072294347,0.0057220458984375,0.0071525573730468,0.0071525573730468,0.006270408630371,0.0,0.0,0.0,0.0,0.0061988830566406,0.0061988830566406,0.0088214874267578,0.0116825103759765,0.0263214111328125,0.496,1.36,0.0,0.0,115.64,8.264,7.736,53.848,1
126,0.0,0.0,0.0,0.0,0.0,0.0,0,0,0.0,0.0,0.0,0.0,0.0,0.0,0.0,0.0,0.0061075485760892,0.0081062316894531,0.0053013072294347,0.0057220458984375,0.0073909759521484,0.0073909759521484,0.0,0.0,0.0,0.0,0.0,0.0131130218505859,0.0131130218505859,0.0,0.0,0.0,0.496,1.36,0.0,0.0,115.64,0.0,0.0,53.848,1
127,0.0,0.0,0.0,0.0,0.0,0.0,0,0,0.0,0.0,0.0,0.0,0.0,0.0,0.0,0.0,0.0061075485760892,0.0081062316894531,0.0053013072294347,0.0057220458984375,0.0126361846923828,0.0126361846923828,0.0,0.0,0.0,0.0,0.0,0.011444091796875,0.011444091796875,0.0,0.0,0.0,0.496,1.36,0.0,0.0,115.64,0.0,0.0,53.848,1
128,0.0,0.0,0.0,0.0,0.0,0.0,0,0,0.0,0.0,0.0,0.0,0.0,0.0,0.0,0.0,0.0061075485760892,0.0081062316894531,0.0053013072294347,0.0057220458984375,0.0066757202148437,0.0066757202148437,0.0075817108154296,0.0,0.0,0.0,0.0,0.0131130218505859,0.0131130218505859,0.0118732452392578,0.0108718872070312,0.0203609466552734,0.496,1.36,0.0,0.0,115.64,3.744,4.232,53.848,1
129,0.0,0.0,0.0,0.0,0.0,0.0,0,0,0.0,0.0,0.0,0.0,0.0,0.0,0.0,0.0,0.0061075485760892,0.0081062316894531,0.0053013072294347,0.0057220458984375,0.0061988830566406,0.0061988830566406,0.0063578287760416,0.0,0.0,0.0,0.0,0.0126361846923828,0.0126361846923828,0.0079154968261718,0.0116174871271306,0.0300407409667968,0.496,1.36,0.0,0.0,115.64,8.016,7.936,53.848,1
130,0.0,0.0,0.0,0.0,0.0,0.0,0,0,0.0,0.0,0.0,0.0,0.0,0.0,0.0,0.0,0.0061075485760892,0.0081062316894531,0.0053013072294347,0.0057220458984375,0.0069141387939453,0.0069141387939453,0.0064531962076822,0.0,0.0,0.0,0.0,0.0092983245849609,0.0092983245849609,0.0089645385742187,0.010840098063151,0.0270843505859375,0.496,1.36,0.0,0.0,115.64,12.008,11.968,53.848,1
131,0.0,0.0,0.0,0.0,0.0,0.0,0,0,0.0,0.0,0.0,0.0,0.0,0.0,0.0,0.0,0.0061075485760892,0.0081062316894531,0.0053013072294347,0.0057220458984375,0.0069141387939453,0.0069141387939453,0.0059366226196289,0.0,0.0,0.0,0.0,0.013589859008789,0.013589859008789,0.0084161758422851,0.0105619430541992,0.0262022018432617,0.496,1.36,0.0,0.0,115.64,8.264,7.736,53.848,1
132,0.0,0.0,0.0,0.0,0.0,0.0,0,0,0.0,0.0,0.0,0.0,0.0,0.0,0.0,0.0,0.0061075485760892,0.0081062316894531,0.0053013072294347,0.0057220458984375,0.0073909759521484,0.0073909759521484,0.0,0.0,0.0,0.0,0.0,0.011444091796875,0.011444091796875,0.0,0.0,0.0,0.496,1.36,0.0,0.0,115.64,0.0,0.0,53.848,1
133,0.0,0.0,0.0,0.0,0.0,0.0,0,0,0.0,0.0,0.0,0.0,0.0,0.0,0.0,0.0,0.0061075485760892,0.0081062316894531,0.0053013072294347,0.0057220458984375,0.0061988830566406,0.0061988830566406,0.0,0.0,0.0,0.0,0.0,0.0088214874267578,0.0088214874267578,0.0,0.0,0.0,0.496,1.36,0.0,0.0,115.64,0.0,0.0,53.848,1
134,0.0,0.0,0.0,0.0,0.0,0.0,0,0,0.0,0.0,0.0,0.0,0.0,0.0,0.0,0.0,0.0061075485760892,0.0081062316894531,0.0053013072294347,0.0057220458984375,0.0073909759521484,0.0073909759521484,0.0066757202148437,0.0,0.0,0.0,0.0,0.0095367431640625,0.0095367431640625,0.0092029571533203,0.0115871429443359,0.0218868255615234,0.496,1.36,0.0,0.0,115.64,3.744,4.232,53.848,1
135,0.0,0.0,0.0,0.0,0.0,0.0,0,0,0.0,0.0,0.0,0.0,0.0,0.0,0.0,0.0,0.0061075485760892,0.0081062316894531,0.0053013072294347,0.0057220458984375,0.00762939453125,0.00762939453125,0.0058889389038085,0.0,0.0,0.0,0.0,0.0131130218505859,0.0131130218505859,0.0081300735473632,0.0112533569335937,0.0303030014038085,0.496,1.36,0.0,0.0,115.64,7.488,8.464,53.848,1
136,0.0,0.0,0.0,0.0,0.0,0.0,0,0,0.0,0.0,0.0,0.0,0.0,0.0,0.0,0.0,0.0061075485760892,0.0081062316894531,0.0053013072294347,0.0057220458984375,0.00762939453125,0.00762939453125,0.0074386596679687,0.0,0.0,0.0,0.0,0.0109672546386718,0.0109672546386718,0.0109195709228515,0.0112056732177734,0.0213146209716796,0.496,1.36,0.0,0.0,115.64,3.744,4.232,53.848,1
137,0.0,0.0,0.0,0.0,0.0,0.0,0,0,0.0,0.0,0.0,0.0,0.0,0.0,0.0,0.0,0.0061075485760892,0.0081062316894531,0.0053013072294347,0.0057220458984375,0.0069141387939453,0.0069141387939453,0.0068068504333496,0.0,0.0,0.0,0.0,0.0152587890625,0.0152587890625,0.009322166442871,0.0112295150756835,0.0279903411865234,0.496,1.36,0.0,0.0,115.64,16.528,15.472,53.848,1
138,0.0,0.0,0.0,0.0,0.0,0.0,0,0,0.0,0.0,0.0,0.0,0.0,0.0,0.0,0.0,0.0061075485760892,0.0081062316894531,0.0053013072294347,0.0057220458984375,0.0069141387939453,0.0069141387939453,0.0,0.0,0.0,0.0,0.0,0.0112056732177734,0.0112056732177734,0.0,0.0,0.0,0.496,1.36,0.0,0.0,115.64,0.0,0.0,53.848,1
139,0.0,0.0,0.0,0.0,0.0,0.0,0,0,0.0,0.0,0.0,0.0,0.0,0.0,0.0,0.0,0.0061075485760892,0.0081062316894531,0.0053013072294347,0.0057220458984375,0.0078678131103515,0.0078678131103515,0.0,0.0,0.0,0.0,0.0,0.0081062316894531,0.0081062316894531,0.0,0.0,0.0,0.496,1.36,0.0,0.0,115.64,0.0,0.0,53.848,1
140,0.0,0.0,0.0,0.0,0.0,0.0,0,0,0.0,0.0,0.0,0.0,0.0,0.0,0.0,0.0,0.0061075485760892,0.0081062316894531,0.0053013072294347,0.0057220458984375,0.0121593475341796,0.0121593475341796,0.0063260396321614,0.0073909759521484,0.0096559524536132,0.0085353851318359,0.0107049942016601,0.0166893005371093,0.0166893005371093,0.0080108642578125,0.0098069508870442,0.0215053558349609,0.496,1.36,1.792,1.472,115.64,10.776,11.312,53.848,1
141,0.0,0.0,0.0,0.0,0.0,0.0,0,0,0.0,0.0,0.0,0.0,0.0,0.0,0.0,0.0,0.0061075485760892,0.0081062316894531,0.0053013072294347,0.0057220458984375,0.0,0.0,0.0067710876464843,0.0,0.0,0.0,0.0,0.0,0.0,0.0099420547485351,0.0114917755126953,0.0302314758300781,0.0,0.0,0.0,0.0,115.64,7.488,8.464,53.848,1
142,0.0,0.0,0.0,0.0,0.0,0.0,0,0,0.0,0.0,0.0,0.0,0.0,0.0,0.0,0.0,0.0061075485760892,0.0081062316894531,0.0053013072294347,0.0057220458984375,0.0,0.0,0.0063419342041015,0.0,0.0,0.0,0.0,0.0,0.0,0.008392333984375,0.0115871429443359,0.029301643371582,0.0,0.0,0.0,0.0,115.64,7.488,8.464,53.848,1
143,0.0,0.0,0.0,0.0,0.0,0.0,0,0,0.0,0.0,0.0,0.0,0.0,0.0,0.0,0.0,0.0061075485760892,0.0081062316894531,0.0053013072294347,0.0057220458984375,0.0,0.0,0.0065326690673828,0.0,0.0,0.0,0.0,0.0,0.0,0.0088214874267578,0.0111818313598632,0.0284671783447265,0.0,0.0,0.0,0.0,115.64,16.528,15.472,53.848,1
144,0.0,0.0,0.0,0.0,0.0,0.0,0,0,0.0,0.0,0.0,0.0,0.0,0.0,0.0,0.0,0.0061075485760892,0.0081062316894531,0.0053013072294347,0.0057220458984375,0.0,0.0,0.0,0.0,0.0,0.0,0.0,0.0,0.0,0.0,0.0,0.0,0.0,0.0,0.0,0.0,115.64,0.0,0.0,53.848,1
145,0.0,0.0,0.0,0.0,0.0,0.0,0,0,0.0,0.0,0.0,0.0,0.0,0.0,0.0,0.0,0.0061075485760892,0.0081062316894531,0.0053013072294347,0.0057220458984375,0.0,0.0,0.0,0.0,0.0,0.0,0.0,0.0,0.0,0.0,0.0,0.0,0.0,0.0,0.0,0.0,115.64,0.0,0.0,53.848,1
146,0.0,0.0,0.0,0.0,0.0,0.0,0,0,0.0,0.0,0.0,0.0,0.0,0.0,0.0,0.0,0.0061075485760892,0.0081062316894531,0.0053013072294347,0.0057220458984375,0.0,0.0,0.0,0.0,0.0,0.0,0.0,0.0,0.0,0.0,0.0,0.0,0.0,0.0,0.0,0.0,115.64,0.0,0.0,53.848,1
147,0.0,0.0,0.0,0.0,0.0,0.0,0,0,0.0,0.0,0.0,0.0,0.0,0.0,0.0,0.0,0.0061075485760892,0.0081062316894531,0.0053013072294347,0.0057220458984375,0.0,0.0,0.0063180923461914,0.0,0.0,0.0,0.0,0.0,0.0,0.0090599060058593,0.011444091796875,0.0286102294921875,0.0,0.0,0.0,0.0,115.64,7.488,8.464,53.848,1
148,0.0,0.0,0.0,0.0,0.0,0.0,0,0,0.0,0.0,0.0,0.0,0.0,0.0,0.0,0.0,0.0061075485760892,0.0081062316894531,0.0053013072294347,0.0057220458984375,0.0,0.0,0.0064108106825086,0.0,0.0,0.0,0.0,0.0,0.0,0.0091552734375,0.0112490220503373,0.0276565551757812,0.0,0.0,0.0,0.0,115.64,8.016,7.936,53.848,1
149,0.0,0.0,0.0,0.0,0.0,0.0,0,0,0.0,0.0,0.0,0.0,0.0,0.0,0.0,0.0,0.0061075485760892,0.0081062316894531,0.0053013072294347,0.0057220458984375,0.0,0.0,0.0064611434936523,0.0,0.0,0.0,0.0,0.0,0.0,0.0086069107055664,0.0110983848571777,0.0280380249023437,0.0,0.0,0.0,0.0,115.64,16.528,15.472,53.848,1
150,0.0,0.0,0.0,0.0,0.0,0.0,0,0,0.0,0.0,0.0,0.0,0.0,0.0,0.0,0.0,0.0061075485760892,0.0081062316894531,0.0053013072294347,0.0057220458984375,0.0,0.0,0.0,0.0,0.0,0.0,0.0,0.0,0.0,0.0,0.0,0.0,0.0,0.0,0.0,0.0,115.64,0.0,0.0,53.848,1
151,0.0,0.0,0.0,0.0,0.0,0.0,0,0,0.0,0.0,0.0,0.0,0.0,0.0,0.0,0.0,0.0061075485760892,0.0081062316894531,0.0053013072294347,0.0057220458984375,0.0,0.0,0.0,0.0,0.0,0.0,0.0,0.0,0.0,0.0,0.0,0.0,0.0,0.0,0.0,0.0,115.64,0.0,0.0,53.848,1
152,0.0,0.0,0.0,0.0,0.0,0.0,0,0,0.0,0.0,0.0,0.0,0.0,0.0,0.0,0.0,0.0061075485760892,0.0081062316894531,0.0053013072294347,0.0057220458984375,0.005960464477539,0.005960464477539,0.0,0.0,0.0,0.0,0.0,0.0164508819580078,0.0164508819580078,0.0,0.0,0.0,0.848,0.848,0.0,0.0,115.64,0.0,0.0,53.848,1
153,0.0,0.0,0.0,0.0,0.0,0.0,0,0,0.0,0.0,0.0,0.0,0.0,0.0,0.0,0.0,0.0061075485760892,0.0081062316894531,0.0053013072294347,0.0057220458984375,0.0,0.0,0.0059339735243055,0.0,0.0,0.0,0.0,0.0,0.0,0.006866455078125,0.011400742964311,0.0317096710205078,0.0,0.0,0.0,0.0,115.64,8.016,7.936,53.848,1
154,0.0,0.0,0.0,0.0,0.0,0.0,0,0,0.0,0.0,0.0,0.0,0.0,0.0,0.0,0.0,0.0061075485760892,0.0081062316894531,0.0053013072294347,0.0057220458984375,0.0,0.0,0.006270408630371,0.0,0.0,0.0,0.0,0.0,0.0,0.0086069107055664,0.0112533569335937,0.0293970108032226,0.0,0.0,0.0,0.0,115.64,7.488,8.464,53.848,1
155,0.0,0.0,0.0,0.0,0.0,0.0,0,0,0.0,0.0,0.0,0.0,0.0,0.0,0.0,0.0,0.0061075485760892,0.0081062316894531,0.0053013072294347,0.0057220458984375,0.0,0.0,0.0061511993408203,0.0,0.0,0.0,0.0,0.0,0.0,0.0086069107055664,0.0108242034912109,0.027632713317871,0.0,0.0,0.0,0.0,115.64,16.528,15.472,53.848,1
156,0.0,0.0,0.0,0.0,0.0,0.0,0,0,0.0,0.0,0.0,0.0,0.0,0.0,0.0,0.0,0.0061075485760892,0.0081062316894531,0.0053013072294347,0.0057220458984375,0.0,0.0,0.0,0.0,0.0,0.0,0.0,0.0,0.0,0.0,0.0,0.0,0.0,0.0,0.0,0.0,115.64,0.0,0.0,53.848,1
157,0.0,0.0,0.0,0.0,0.0,0.0,0,0,0.0,0.0,0.0,0.0,0.0,0.0,0.0,0.0,0.0061075485760892,0.0081062316894531,0.0053013072294347,0.0057220458984375,0.0,0.0,0.0,0.0082015991210937,0.0081062316894531,0.0111103057861328,0.0112533569335937,0.0,0.0,0.0,0.0,0.0,0.0,0.0,26.336,11.728,115.64,0.0,0.0,53.848,1
158,0.0,0.0,0.0,0.0,0.0,0.0,0,0,0.0,0.0,0.0,0.0,0.0,0.0,0.0,0.0,0.0061075485760892,0.0081062316894531,0.0053013072294347,0.0057220458984375,0.0147819519042968,0.0147819519042968,0.0,0.0,0.0,0.0,0.0,0.0140666961669921,0.0140666961669921,0.0,0.0,0.0,0.496,1.36,0.0,0.0,115.64,0.0,0.0,53.848,1
159,0.0,0.0,0.0,0.0,0.0,0.0,0,0,0.0,0.0,0.0,0.0,0.0,0.0,0.0,0.0,0.0061075485760892,0.0081062316894531,0.0053013072294347,0.0057220458984375,0.0126361846923828,0.0126361846923828,0.0062465667724609,0.0,0.0,0.0,0.0,0.0128746032714843,0.0128746032714843,0.0086307525634765,0.0113725662231445,0.0289678573608398,0.496,1.36,0.0,0.0,115.64,7.488,8.464,53.848,1
160,0.0,0.0,0.0,0.0,0.0,0.0,0,0,0.0,0.0,0.0,0.0,0.0,0.0,0.0,0.0,0.0061075485760892,0.0081062316894531,0.0053013072294347,0.0057220458984375,0.013589859008789,0.013589859008789,0.006103515625,0.0082121955023871,0.0092089176177978,0.0109672546386718,0.0127077102661132,0.0085830688476562,0.0085830688476562,0.0086307525634765,0.0111341476440429,0.0288724899291992,0.496,1.36,13.648,21.856,115.64,7.488,8.464,53.848,1
161,0.0,0.0,0.0,0.0,0.0,0.0,0,0,0.0,0.0,0.0,0.0,0.0,0.0,0.0,0.0,0.0061075485760892,0.0081062316894531,0.0053013072294347,0.0057220458984375,0.0109672546386718,0.0109672546386718,0.0062741731342516,0.0,0.0150203704833984,0.0,0.0150203704833984,0.0090599060058593,0.0090599060058593,0.0084400177001953,0.0109104883103143,0.0281333923339843,0.496,1.36,0.0,0.496,115.64,17.056,14.944,53.848,1
162,0.0,0.0,0.0,0.0,0.0,0.0,0,0,0.0,0.0,0.0,0.0,0.0,0.0,0.0,0.0,0.0061075485760892,0.0081062316894531,0.0053013072294347,0.0057220458984375,0.0102519989013671,0.0102519989013671,0.0,0.0,0.0,0.0,0.0,0.0121593475341796,0.0121593475341796,0.0,0.0,0.0,0.496,1.36,0.0,0.0,115.64,0.0,0.0,53.848,1
163,0.0,0.0,0.0,0.0,0.0,0.0,0,0,0.0,0.0,0.0,0.0,0.0,0.0,0.0,0.0,0.0061075485760892,0.0081062316894531,0.0053013072294347,0.0057220458984375,0.0090599060058593,0.0090599060058593,0.0,0.0,0.0,0.0,0.0,0.0116825103759765,0.0116825103759765,0.0,0.0,0.0,0.496,1.36,0.0,0.0,115.64,0.0,0.0,53.848,1
164,0.0,0.0,0.0,0.0,0.0,0.0,0,0,0.0,0.0,0.0,0.0,0.0,0.0,0.0,0.0,0.0061075485760892,0.0081062316894531,0.0053013072294347,0.0057220458984375,0.009775161743164,0.009775161743164,0.0,0.0,0.0,0.0,0.0,0.0147819519042968,0.0147819519042968,0.0,0.0,0.0,0.496,1.36,0.0,0.0,115.64,0.0,0.0,53.848,1
165,0.0,0.0,0.0,0.0,0.0,0.0,0,0,0.0,0.0,0.0,0.0,0.0,0.0,0.0,0.0,0.0061075485760892,0.0081062316894531,0.0053013072294347,0.0057220458984375,0.0088214874267578,0.0088214874267578,0.0060081481933593,0.0,0.0,0.0,0.0,0.0171661376953125,0.0171661376953125,0.0081777572631835,0.010848045349121,0.0278949737548828,0.496,1.36,0.0,0.0,115.64,7.488,8.464,53.848,1
166,0.0,0.0,0.0,0.0,0.0,0.0,0,0,0.0,0.0,0.0,0.0,0.0,0.0,0.0,0.0,0.0061075485760892,0.0081062316894531,0.0053013072294347,0.0057220458984375,0.0092983245849609,0.0092983245849609,0.0061511993408203,0.0,0.0,0.0,0.0,0.011444091796875,0.011444091796875,0.0078678131103515,0.0117301940917968,0.0219345092773437,0.496,1.36,0.0,0.0,115.64,3.744,4.232,53.848,1
167,0.0,0.0,0.0,0.0,0.0,0.0,0,0,0.0,0.0,0.0,0.0,0.0,0.0,0.0,0.0,0.0061075485760892,0.0081062316894531,0.0053013072294347,0.0057220458984375,0.0083446502685546,0.0083446502685546,0.0065565109252929,0.0,0.0,0.0,0.0,0.0123977661132812,0.0123977661132812,0.0088214874267578,0.010848045349121,0.026559829711914,0.496,1.36,0.0,0.0,115.64,8.264,7.736,53.848,1
168,0.0,0.0,0.0,0.0,0.0,0.0,0,0,0.0,0.0,0.0,0.0,0.0,0.0,0.0,0.0,0.0061075485760892,0.0081062316894531,0.0053013072294347,0.0057220458984375,0.009775161743164,0.009775161743164,0.0,0.0,0.0,0.0,0.0,0.0107288360595703,0.0107288360595703,0.0,0.0,0.0,0.496,1.36,0.0,0.0,115.64,0.0,0.0,53.848,1
169,0.0,0.0,0.0,0.0,0.0,0.0,0,0,0.0,0.0,0.0,0.0,0.0,0.0,0.0,0.0,0.0061075485760892,0.0081062316894531,0.0053013072294347,0.0057220458984375,0.0088214874267578,0.0088214874267578,0.0,0.0,0.0,0.0,0.0,0.0119209289550781,0.0119209289550781,0.0,0.0,0.0,0.496,1.36,0.0,0.0,115.64,0.0,0.0,53.848,1
170,0.0,0.0,0.0,0.0,0.0,0.0,0,0,0.0,0.0,0.0,0.0,0.0,0.0,0.0,0.0,0.0061075485760892,0.0081062316894531,0.0053013072294347,0.0057220458984375,0.0085830688476562,0.0085830688476562,0.0,0.0,0.0,0.0,0.0,0.0090599060058593,0.0090599060058593,0.0,0.0,0.0,0.496,1.36,0.0,0.0,115.64,0.0,0.0,53.848,1
171,0.0,0.0,0.0,0.0,0.0,0.0,0,0,0.0,0.0,0.0,0.0,0.0,0.0,0.0,0.0,0.0061075485760892,0.0081062316894531,0.0053013072294347,0.0057220458984375,0.0088214874267578,0.0088214874267578,0.0065803527832031,0.0,0.0,0.0,0.0,0.0121593475341796,0.0121593475341796,0.0088691711425781,0.0110149383544921,0.0211238861083984,0.496,1.36,0.0,0.0,115.64,3.744,4.232,53.848,1
172,0.0,0.0,0.0,0.0,0.0,0.0,0,0,0.0,0.0,0.0,0.0,0.0,0.0,0.0,0.0,0.0061075485760892,0.0081062316894531,0.0053013072294347,0.0057220458984375,0.0121593475341796,0.0121593475341796,0.0062942504882812,0.0,0.0,0.0,0.0,0.0128746032714843,0.0128746032714843,0.0080585479736328,0.0116348266601562,0.0222682952880859,0.496,1.36,0.0,0.0,115.64,3.744,4.232,53.848,1
173,0.0,0.0,0.0,0.0,0.0,0.0,0,0,0.0,0.0,0.0,0.0,0.0,0.0,0.0,0.0,0.0061075485760892,0.0081062316894531,0.0053013072294347,0.0057220458984375,0.0088214874267578,0.0088214874267578,0.0060081481933593,0.0,0.0,0.0,0.0,0.0119209289550781,0.0119209289550781,0.0083684921264648,0.0117301940917968,0.0306129455566406,0.496,1.36,0.0,0.0,115.64,8.264,7.736,53.848,1
174,0.0,0.0,0.0,0.0,0.0,0.0,0,0,0.0,0.0,0.0,0.0,0.0,0.0,0.0,0.0,0.0061075485760892,0.0081062316894531,0.0053013072294347,0.0057220458984375,0.0095367431640625,0.0095367431640625,0.0,0.0,0.0,0.0,0.0,0.0112056732177734,0.0112056732177734,0.0,0.0,0.0,0.496,1.36,0.0,0.0,115.64,0.0,0.0,53.848,1
175,0.0,0.0,0.0,0.0,0.0,0.0,0,0,0.0,0.0,0.0,0.0,0.0,0.0,0.0,0.0,0.0061075485760892,0.0081062316894531,0.0053013072294347,0.0057220458984375,0.0092983245849609,0.0092983245849609,0.0,0.0,0.0,0.0,0.0,0.0102519989013671,0.0102519989013671,0.0,0.0,0.0,0.496,1.36,0.0,0.0,115.64,0.0,0.0,53.848,1
176,0.0,0.0,0.0,0.0,0.0,0.0,0,0,0.0,0.0,0.0,0.0,0.0,0.0,0.0,0.0,0.0061075485760892,0.0081062316894531,0.0053013072294347,0.0057220458984375,0.0085830688476562,0.0085830688476562,0.0,0.0,0.0,0.0,0.0,0.0104904174804687,0.0104904174804687,0.0,0.0,0.0,0.496,1.36,0.0,0.0,115.64,0.0,0.0,53.848,1
177,0.0,0.0,0.0,0.0,0.0,0.0,0,0,0.0,0.0,0.0,0.0,0.0,0.0,0.0,0.0,0.0061075485760892,0.0081062316894531,0.0053013072294347,0.0057220458984375,0.0090599060058593,0.0090599060058593,0.0062942504882812,0.0,0.0,0.0,0.0,0.011444091796875,0.011444091796875,0.008249282836914,0.011301040649414,0.0222682952880859,0.496,1.36,0.0,0.0,115.64,3.744,4.232,53.848,1
178,0.0,0.0,0.0,0.0,0.0,0.0,0,0,0.0,0.0,0.0,0.0,0.0,0.0,0.0,0.0,0.0061075485760892,0.0081062316894531,0.0053013072294347,0.0057220458984375,0.0078678131103515,0.0078678131103515,0.006866455078125,0.0,0.0,0.0,0.0,0.0121593475341796,0.0121593475341796,0.0087261199951171,0.0110626220703125,0.020599365234375,0.496,1.36,0.0,0.0,115.64,3.744,4.232,53.848,1
179,0.0,0.0,0.0,0.0,0.0,0.0,0,0,0.0,0.0,0.0,0.0,0.0,0.0,0.0,0.0,0.0061075485760892,0.0081062316894531,0.0053013072294347,0.0057220458984375,0.0088214874267578,0.0088214874267578,0.0060319900512695,0.0,0.0,0.0,0.0,0.0140666961669921,0.0140666961669921,0.0086545944213867,0.0110626220703125,0.0283718109130859,0.496,1.36,0.0,0.0,115.64,8.264,7.736,53.848,1
180,0.0,0.0,0.0,0.0,0.0,0.0,0,0,0.0,0.0,0.0,0.0,0.0,0.0,0.0,0.0,0.0061075485760892,0.0081062316894531,0.0053013072294347,0.0057220458984375,0.0112056732177734,0.0112056732177734,0.0,0.0,0.0,0.0,0.0,0.0123977661132812,0.0123977661132812,0.0,0.0,0.0,0.496,1.36,0.0,0.0,115.64,0.0,0.0,53.848,1
181,0.0,0.0,0.0,0.0,0.0,0.0,0,0,0.0,0.0,0.0,0.0,0.0,0.0,0.0,0.0,0.0061075485760892,0.0081062316894531,0.0053013072294347,0.0057220458984375,0.0119209289550781,0.0119209289550781,0.0,0.0094175338745117,0.0109076499938964,0.0125885009765625,0.0137805938720703,0.0095367431640625,0.0095367431640625,0.0,0.0,0.0,0.496,1.36,9.024,5.824,115.64,0.0,0.0,53.848,1
182,0.0,0.0,0.0,0.0,0.0,0.0,0,0,0.0,0.0,0.0,0.0,0.0,0.0,0.0,0.0,0.0061075485760892,0.0081062316894531,0.0053013072294347,0.0057220458984375,0.009775161743164,0.009775161743164,0.0,0.0083181593153211,0.0101923942565917,0.0107765197753906,0.0151395797729492,0.0202655792236328,0.0202655792236328,0.0,0.0,0.0,0.496,1.36,20.752,32.512,115.64,0.0,0.0,53.848,1
183,0.0,0.0,0.0,0.0,0.0,0.0,0,0,0.0,0.0,0.0,0.0,0.0,0.0,0.0,0.0,0.0061075485760892,0.0081062316894531,0.0053013072294347,0.0057220458984375,0.0095367431640625,0.012969970703125,0.0060081481933593,0.0,0.0,0.0,0.0,0.0189542770385742,0.0194311141967773,0.0073909759521484,0.0122547149658203,0.0230789184570312,1.344,2.624,0.0,0.0,115.64,3.744,4.232,53.848,1
184,0.0,0.0,0.0,0.0,0.0,0.0,0,0,0.0,0.0,0.0,0.0,0.0,0.0,0.0,0.0,0.0061075485760892,0.0081062316894531,0.0053013072294347,0.0057220458984375,0.011444091796875,0.011444091796875,0.0063896179199218,0.0,0.0,0.0,0.0,0.0085830688476562,0.0085830688476562,0.0078678131103515,0.0116348266601562,0.021982192993164,0.496,1.776,0.0,0.0,115.64,3.744,4.232,53.848,1
185,0.0,0.0,0.0,0.0,0.0,0.0,0,0,0.0,0.0,0.0,0.0,0.0,0.0,0.0,0.0,0.0061075485760892,0.0081062316894531,0.0053013072294347,0.0057220458984375,0.0088214874267578,0.0088214874267578,0.006270408630371,0.0,0.0,0.0,0.0,0.0150203704833984,0.0150203704833984,0.007939338684082,0.0115871429443359,0.0288963317871093,0.496,1.776,0.0,0.0,115.64,8.264,7.736,53.848,1
186,0.0,0.0,0.0,0.0,0.0,0.0,0,0,0.0,0.0,0.0,0.0,0.0,0.0,0.0,0.0,0.0061075485760892,0.0081062316894531,0.0053013072294347,0.0057220458984375,0.0112056732177734,0.0112056732177734,0.0,0.0,0.0,0.0,0.0,0.0092983245849609,0.0092983245849609,0.0,0.0,0.0,0.496,1.776,0.0,0.0,115.64,0.0,0.0,53.848,1
187,0.0,0.0,0.0,0.0,0.0,0.0,0,0,0.0,0.0,0.0,0.0,0.0,0.0,0.0,0.0,0.0061075485760892,0.0081062316894531,0.0053013072294347,0.0057220458984375,0.0102519989013671,0.0102519989013671,0.0,0.0,0.0,0.0,0.0,0.0085830688476562,0.0085830688476562,0.0,0.0,0.0,0.496,1.776,0.0,0.0,115.64,0.0,0.0,53.848,1
188,0.0,0.0,0.0,0.0,0.0,0.0,0,0,0.0,0.0,0.0,0.0,0.0,0.0,0.0,0.0,0.0061075485760892,0.0081062316894531,0.0053013072294347,0.0057220458984375,0.0081062316894531,0.0081062316894531,0.0,0.0,0.0,0.0,0.0,0.0147819519042968,0.0147819519042968,0.0,0.0,0.0,0.496,1.776,0.0,0.0,115.64,0.0,0.0,53.848,1
189,0.0,0.0,0.0,0.0,0.0,0.0,0,0,0.0,0.0,0.0,0.0,0.0,0.0,0.0,0.0,0.0061075485760892,0.0081062316894531,0.0053013072294347,0.0057220458984375,0.0092983245849609,0.0092983245849609,0.0065326690673828,0.0,0.0,0.0,0.0,0.0083446502685546,0.0083446502685546,0.0080585479736328,0.0118255615234375,0.0225543975830078,0.496,1.776,0.0,0.0,115.64,3.744,4.232,53.848,1
190,0.0,0.0,0.0,0.0,0.0,0.0,0,0,0.0,0.0,0.0,0.0,0.0,0.0,0.0,0.0,0.0061075485760892,0.0081062316894531,0.0053013072294347,0.0057220458984375,0.0102519989013671,0.0102519989013671,0.0059127807617187,0.0,0.0,0.0,0.0,0.0123977661132812,0.0123977661132812,0.0073909759521484,0.0112533569335937,0.021219253540039,0.496,1.776,0.0,0.0,115.64,3.744,4.232,53.848,1
191,0.0,0.0,0.0,0.0,0.0,0.0,0,0,0.0,0.0,0.0,0.0,0.0,0.0,0.0,0.0,0.0061075485760892,0.0081062316894531,0.0053013072294347,0.0057220458984375,0.0090599060058593,0.0090599060058593,0.006103515625,0.0,0.0,0.0,0.0,0.017404556274414,0.017404556274414,0.0086545944213867,0.0114202499389648,0.0301837921142578,0.496,1.776,0.0,0.0,115.64,8.264,7.736,53.848,1
192,0.0,0.0,0.0,0.0,0.0,0.0,0,0,0.0,0.0,0.0,0.0,0.0,0.0,0.0,0.0,0.0061075485760892,0.0081062316894531,0.0053013072294347,0.0057220458984375,0.0088214874267578,0.0088214874267578,0.0,0.0,0.0,0.0,0.0,0.0154972076416015,0.0154972076416015,0.0,0.0,0.0,0.496,1.776,0.0,0.0,115.64,0.0,0.0,53.848,1
193,0.0,0.0,0.0,0.0,0.0,0.0,0,0,0.0,0.0,0.0,0.0,0.0,0.0,0.0,0.0,0.0061075485760892,0.0081062316894531,0.0053013072294347,0.0057220458984375,0.0121593475341796,0.0121593475341796,0.0,0.0,0.0,0.0,0.0,0.0090599060058593,0.0090599060058593,0.0,0.0,0.0,0.496,1.776,0.0,0.0,115.64,0.0,0.0,53.848,1
194,0.0,0.0,0.0,0.0,0.0,0.0,0,0,0.0,0.0,0.0,0.0,0.0,0.0,0.0,0.0,0.0061075485760892,0.0081062316894531,0.0053013072294347,0.0057220458984375,0.0085830688476562,0.0085830688476562,0.0,0.0,0.0,0.0,0.0,0.011444091796875,0.011444091796875,0.0,0.0,0.0,0.496,1.776,0.0,0.0,115.64,0.0,0.0,53.848,1
195,0.0,0.0,0.0,0.0,0.0,0.0,0,0,0.0,0.0,0.0,0.0,0.0,0.0,0.0,0.0,0.0061075485760892,0.0081062316894531,0.0053013072294347,0.0057220458984375,0.0085830688476562,0.0085830688476562,0.0,0.0,0.0,0.0,0.0,0.011444091796875,0.011444091796875,0.0,0.0,0.0,0.496,1.776,0.0,0.0,115.64,0.0,0.0,53.848,1
196,0.0,0.0,0.0,0.0,0.0,0.0,0,0,0.0,0.0,0.0,0.0,0.0,0.0,0.0,0.0,0.0061075485760892,0.0081062316894531,0.0053013072294347,0.0057220458984375,0.0121593475341796,0.0121593475341796,0.0063896179199218,0.0,0.0,0.0,0.0,0.0090599060058593,0.0090599060058593,0.0084877014160156,0.0117301940917968,0.0222682952880859,0.496,1.776,0.0,0.0,115.64,3.744,4.232,53.848,1
197,0.0,0.0,0.0,0.0,0.0,0.0,0,0,0.0,0.0,0.0,0.0,0.0,0.0,0.0,0.0,0.0061075485760892,0.0081062316894531,0.0053013072294347,0.0057220458984375,0.0104904174804687,0.0104904174804687,0.005960464477539,0.0,0.0,0.0,0.0,0.0104904174804687,0.0104904174804687,0.0075340270996093,0.0116348266601562,0.0222206115722656,0.496,1.776,0.0,0.0,115.64,3.744,4.232,53.848,1
198,0.0,0.0,0.0,0.0,0.0,0.0,0,0,0.0,0.0,0.0,0.0,0.0,0.0,0.0,0.0,0.0061075485760892,0.0081062316894531,0.0053013072294347,0.0057220458984375,0.0085830688476562,0.0085830688476562,0.0061988830566406,0.0,0.0,0.0,0.0,0.0112056732177734,0.0112056732177734,0.0083684921264648,0.0106573104858398,0.0262737274169921,0.496,1.776,0.0,0.0,115.64,8.264,7.736,53.848,1
199,0.0,0.0,0.0,0.0,0.0,0.0,0,0,0.0,0.0,0.0,0.0,0.0,0.0,0.0,0.0,0.0061075485760892,0.0081062316894531,0.0053013072294347,0.0057220458984375,0.0088214874267578,0.0088214874267578,0.0,0.0,0.0,0.0,0.0,0.0131130218505859,0.0131130218505859,0.0,0.0,0.0,0.496,1.776,0.0,0.0,115.64,0.0,0.0,53.848,1
200,0.0,0.0,0.0,0.0,0.0,0.0,0,0,0.0,0.0,0.0,0.0,0.0,0.0,0.0,0.0,0.0061075485760892,0.0081062316894531,0.0053013072294347,0.0057220458984375,0.0083446502685546,0.0083446502685546,0.0065054212297712,0.0,0.0,0.0,0.0,0.0126361846923828,0.0126361846923828,0.008702278137207,0.0103116035461425,0.022292137145996,0.496,1.776,0.0,0.0,115.64,11.304,10.784,53.848,1
201,0.0,0.0,0.0,0.0,0.0,0.0,0,0,0.0,0.0,0.0,0.0,0.0,0.0,0.0,0.0,0.0061075485760892,0.0081062316894531,0.0053013072294347,0.0057220458984375,0.0083446502685546,0.0083446502685546,0.0,0.0,0.0,0.0,0.0,0.0095367431640625,0.0095367431640625,0.0,0.0,0.0,0.496,1.776,0.0,0.0,115.64,0.0,0.0,53.848,1
202,0.0,0.0,0.0,0.0,0.0,0.0,0,0,0.0,0.0,0.0,0.0,0.0,0.0,0.0,0.0,0.0061075485760892,0.0081062316894531,0.0053013072294347,0.0057220458984375,0.0102519989013671,0.0102519989013671,0.0071048736572265,0.0,0.0,0.0,0.0,0.0123977661132812,0.0123977661132812,0.0100612640380859,0.0124454498291015,0.0234127044677734,0.496,1.776,0.0,0.0,115.64,3.744,4.232,53.848,1
203,0.0,0.0,0.0,0.0,0.0,0.0,0,0,0.0,0.0,0.0,0.0,0.0,0.0,0.0,0.0,0.0061075485760892,0.0081062316894531,0.0053013072294347,0.0057220458984375,0.0083446502685546,0.0083446502685546,0.0064373016357421,0.0,0.0,0.0,0.0,0.013589859008789,0.013589859008789,0.0083446502685546,0.0116348266601562,0.0225067138671875,0.496,1.776,0.0,0.0,115.64,3.744,4.232,53.848,1
204,0.0,0.0,0.0,0.0,0.0,0.0,0,0,0.0,0.0,0.0,0.0,0.0,0.0,0.0,0.0,0.0061075485760892,0.0081062316894531,0.0053013072294347,0.0057220458984375,0.00762939453125,0.00762939453125,0.0063896179199218,0.0,0.0,0.0,0.0,0.0138282775878906,0.0138282775878906,0.008392333984375,0.0114917755126953,0.0293970108032226,0.496,1.776,0.0,0.0,115.64,8.264,7.736,53.848,1
205,0.0,0.0,0.0,0.0,0.0,0.0,0,0,0.0,0.0,0.0,0.0,0.0,0.0,0.0,0.0,0.0061075485760892,0.0081062316894531,0.0053013072294347,0.0057220458984375,0.0085830688476562,0.0085830688476562,0.0,0.0,0.0,0.0,0.0,0.0109672546386718,0.0109672546386718,0.0,0.0,0.0,0.496,1.776,0.0,0.0,115.64,0.0,0.0,53.848,1
206,0.0,0.0,0.0,0.0,0.0,0.0,0,0,0.0,0.0,0.0,0.0,0.0,0.0,0.0,0.0,0.0061075485760892,0.0081062316894531,0.0053013072294347,0.0057220458984375,0.0085830688476562,0.0085830688476562,0.0,0.0,0.0,0.0,0.0,0.0121593475341796,0.0121593475341796,0.0,0.0,0.0,0.496,1.776,0.0,0.0,115.64,0.0,0.0,53.848,1
207,0.0,0.0,0.0,0.0,0.0,0.0,0,0,0.0,0.0,0.0,0.0,0.0,0.0,0.0,0.0,0.0061075485760892,0.0081062316894531,0.0053013072294347,0.0057220458984375,0.0085830688476562,0.0085830688476562,0.0,0.0,0.0,0.0,0.0,0.0107288360595703,0.0107288360595703,0.0,0.0,0.0,0.496,1.776,0.0,0.0,115.64,0.0,0.0,53.848,1
208,0.0,0.0,0.0,0.0,0.0,0.0,0,0,0.0,0.0,0.0,0.0,0.0,0.0,0.0,0.0,0.0061075485760892,0.0081062316894531,0.0053013072294347,0.0057220458984375,0.0088214874267578,0.0088214874267578,0.0078678131103515,0.0,0.0,0.0,0.0,0.011444091796875,0.011444091796875,0.0127792358398437,0.0111579895019531,0.0212669372558593,0.496,1.776,0.0,0.0,115.64,3.744,4.232,53.848,1
209,0.0,0.0,0.0,0.0,0.0,0.0,0,0,0.0,0.0,0.0,0.0,0.0,0.0,0.0,0.0,0.0061075485760892,0.0081062316894531,0.0053013072294347,0.0057220458984375,0.0085830688476562,0.0085830688476562,0.0060558319091796,0.0,0.0,0.0,0.0,0.0169277191162109,0.0169277191162109,0.0077247619628906,0.0103950500488281,0.0193595886230468,0.496,1.776,0.0,0.0,115.64,3.744,4.232,53.848,1
210,0.0,0.0,0.0,0.0,0.0,0.0,0,0,0.0,0.0,0.0,0.0,0.0,0.0,0.0,0.0,0.0061075485760892,0.0081062316894531,0.0053013072294347,0.0057220458984375,0.0088214874267578,0.0088214874267578,0.006270408630371,0.0,0.0,0.0,0.0,0.0107288360595703,0.0107288360595703,0.0086545944213867,0.0114202499389648,0.0258922576904296,0.496,1.776,0.0,0.0,115.64,8.264,7.736,53.848,1
211,0.0,0.0,0.0,0.0,0.0,0.0,0,0,0.0,0.0,0.0,0.0,0.0,0.0,0.0,0.0,0.0061075485760892,0.0081062316894531,0.0053013072294347,0.0057220458984375,0.0078678131103515,0.0078678131103515,0.0,0.0,0.0,0.0,0.0,0.0095367431640625,0.0095367431640625,0.0,0.0,0.0,0.496,1.776,0.0,0.0,115.64,0.0,0.0,53.848,1
212,0.0,0.0,0.0,0.0,0.0,0.0,0,0,0.0,0.0,0.0,0.0,0.0,0.0,0.0,0.0,0.0061075485760892,0.0081062316894531,0.0053013072294347,0.0057220458984375,0.0088214874267578,0.0088214874267578,0.0,0.0,0.0,0.0,0.0,0.0088214874267578,0.0088214874267578,0.0,0.0,0.0,0.496,1.776,0.0,0.0,115.64,0.0,0.0,53.848,1
213,0.0,0.0,0.0,0.0,0.0,0.0,0,0,0.0,0.0,0.0,0.0,0.0,0.0,0.0,0.0,0.0061075485760892,0.0081062316894531,0.0053013072294347,0.0057220458984375,0.0100135803222656,0.0100135803222656,0.0,0.0144243240356445,0.0159740447998046,0.0164270401000976,0.0192165374755859,0.0095367431640625,0.0095367431640625,0.0,0.0,0.0,0.496,1.776,1.696,1.696,115.64,0.0,0.0,53.848,1
214,0.0,0.0,0.0,0.0,0.0,0.0,0,0,0.0,0.0,0.0,0.0,0.0,0.0,0.0,0.0,0.0061075485760892,0.0081062316894531,0.0053013072294347,0.0057220458984375,0.009775161743164,0.009775161743164,0.0062942504882812,0.0,0.0,0.0,0.0,0.0095367431640625,0.0095367431640625,0.008249282836914,0.012063980102539,0.0222682952880859,0.496,1.776,0.0,0.0,115.64,3.744,4.232,53.848,1
215,0.0,0.0,0.0,0.0,0.0,0.0,0,0,0.0,0.0,0.0,0.0,0.0,0.0,0.0,0.0,0.0061075485760892,0.0081062316894531,0.0053013072294347,0.0057220458984375,0.0079870223999023,0.0088453292846679,0.0063419342041015,0.0,0.0,0.0,0.0,0.0106096267700195,0.0120401382446289,0.008249282836914,0.0122547149658203,0.0241279602050781,1.344,2.624,0.0,0.0,115.64,3.744,4.232,53.848,1
216,0.0,0.0,0.0,0.0,0.0,0.0,0,0,0.0,0.0,0.0,0.0,0.0,0.0,0.0,0.0,0.0061075485760892,0.0081062316894531,0.0053013072294347,0.0057220458984375,0.0088214874267578,0.0088214874267578,0.0058889389038085,0.0,0.0,0.0,0.0,0.0157356262207031,0.0157356262207031,0.0081300735473632,0.0104904174804687,0.0254392623901367,0.496,1.776,0.0,0.0,115.64,8.264,7.736,53.848,1
217,0.0,0.0,0.0,0.0,0.0,0.0,0,0,0.0,0.0,0.0,0.0,0.0,0.0,0.0,0.0,0.0061075485760892,0.0081062316894531,0.0053013072294347,0.0057220458984375,0.0083446502685546,0.0083446502685546,0.0,0.0,0.0,0.0,0.0,0.013589859008789,0.013589859008789,0.0,0.0,0.0,0.496,1.776,0.0,0.0,115.64,0.0,0.0,53.848,1
218,0.0,0.0,0.0,0.0,0.0,0.0,0,0,0.0,0.0,0.0,0.0,0.0,0.0,0.0,0.0,0.0061075485760892,0.0081062316894531,0.0053013072294347,0.0057220458984375,0.009775161743164,0.009775161743164,0.0,0.0,0.0,0.0,0.0,0.0100135803222656,0.0100135803222656,0.0,0.0,0.0,0.496,1.776,0.0,0.0,115.64,0.0,0.0,53.848,1
219,0.0,0.0,0.0,0.0,0.0,0.0,0,0,0.0,0.0,0.0,0.0,0.0,0.0,0.0,0.0,0.0061075485760892,0.0081062316894531,0.0053013072294347,0.0057220458984375,0.0121593475341796,0.0121593475341796,0.0,0.0,0.0,0.0,0.0,0.0119209289550781,0.0119209289550781,0.0,0.0,0.0,0.496,1.776,0.0,0.0,115.64,0.0,0.0,53.848,1
220,0.0,0.0,0.0,0.0,0.0,0.0,0,0,0.0,0.0,0.0,0.0,0.0,0.0,0.0,0.0,0.0061075485760892,0.0081062316894531,0.0053013072294347,0.0057220458984375,0.0088214874267578,0.0088214874267578,0.0061511993408203,0.0,0.0,0.0,0.0,0.013589859008789,0.013589859008789,0.0079631805419921,0.0107765197753906,0.0199794769287109,0.496,1.776,0.0,0.0,115.64,3.744,4.232,53.848,1
