time_seconds,a1_packet_loss_ul_percentage,e2_du_packet_loss_dl_percentage,e2_du_packet_loss_ul_percentage,f1_c_retransmissions_ul_count,f1_c_packet_loss_dl_percentage,f1_c_packet_loss_ul_percentage,e2_du_retransmissions_ul_count,e2_du_retransmissions_dl_count,f1_c_retransmissions_dl_count,f1_u_retransmissions_ul_count,f1_u_packet_loss_dl_percentage,f1_u_packet_loss_ul_percentage,f1_u_retransmissions_dl_count,f1_u_latency_mean_ul_ms,f1_u_latency_p90_ul_ms,f1_c_latency_mean_dl_ms,f1_c_latency_mean_ul_ms,f1_c_latency_p90_ul_ms,e2_du_latency_mean_ul_ms,e2_du_latency_p90_ul_ms,f1_c_latency_p90_dl_ms,e2_du_latency_mean_dl_ms,e2_du_latency_p90_dl_ms,f1_u_latency_mean_dl_ms,f1_u_latency_p90_dl_ms,e2_du_throughput_dl_kbps,e2_du_throughput_ul_kbps,a1_retransmissions_dl_count,a1_retransmissions_ul_count,f1_c_throughput_dl_kbps,f1_c_throughput_ul_kbps,f1_u_throughput_ul_kbps,a1_throughput_dl_kbps,a1_throughput_ul_kbps,a1_packet_loss_dl_percentage,a1_latency_mean_ul_ms,a1_latency_p90_ul_ms,a1_latency_p90_dl_ms,a1_latency_mean_dl_ms,f1_u_throughput_dl_kbps,F-node
0,0.0,0.0,0.0,0.0,0.0,0.0,0,0,0.0,0.0,0.0,0.0,0.0,0.0061861519674652,0.0083446502685546,0.0061392784118652,0.0067353248596191,0.0073909759521484,0.0078678131103515,0.0078678131103515,0.0071525573730468,0.0128746032714843,0.0128746032714843,0.0041020768029349,0.0052452087402343,0.496,1.36,0.0,0.0,5.6,5.728,143.152,25.152,27.344,0.0,0.0063964298793247,0.009012222290039,0.0218391418457031,0.0102860586983816,1180.464,0
1,0.0,0.0,0.0,0.0,0.0,0.0,0,0,0.0,0.0,0.0,0.0,0.0,0.0060808658599853,0.0081062316894531,0.0061392784118652,0.0067353248596191,0.0073909759521484,0.0073909759521484,0.0073909759521484,0.0071525573730468,0.0102519989013671,0.0102519989013671,0.0040829181671142,0.004887580871582,0.496,1.424,0.0,0.0,5.6,5.728,112.0,25.152,27.344,0.0,0.0063964298793247,0.009012222290039,0.0218391418457031,0.0102860586983816,174.048,0
2,0.0,0.0,0.0,0.0,0.0,0.0,0,0,0.0,0.0,0.0,0.0,0.0,0.0058584545382219,0.0078678131103515,0.0061392784118652,0.0067353248596191,0.0073909759521484,0.0069141387939453,0.0069141387939453,0.0071525573730468,0.011444091796875,0.011444091796875,0.0066757202148437,0.0066757202148437,0.496,1.392,0.0,0.0,5.6,5.728,113.256,25.152,27.344,0.0,0.0063964298793247,0.009012222290039,0.0218391418457031,0.0102860586983816,1.192,0
3,0.0,0.0,0.0,0.0,0.0,0.0,0,0,0.0,0.0,0.0,0.0,0.0,0.0059640229637943,0.0081062316894531,0.0061392784118652,0.0067353248596191,0.0073909759521484,0.0066757202148437,0.0066757202148437,0.0071525573730468,0.0095367431640625,0.0095367431640625,0.0090599060058593,0.0090599060058593,0.496,1.36,0.0,0.0,5.6,5.728,113.256,25.152,27.344,0.0,0.0063964298793247,0.009012222290039,0.0218391418457031,0.0102860586983816,1.192,0
4,0.0,0.0,0.0,0.0,0.0,0.0,0,0,0.0,0.0,0.0,0.0,0.0,0.0060767083618771,0.0085830688476562,0.0061392784118652,0.0067353248596191,0.0073909759521484,0.00762939453125,0.00762939453125,0.0071525573730468,0.0073909759521484,0.0073909759521484,0.005960464477539,0.005960464477539,0.496,1.36,0.0,0.0,5.6,5.728,113.256,25.152,27.344,0.0,0.0063964298793247,0.009012222290039,0.0218391418457031,0.0102860586983816,1.192,0
5,0.0,0.0,0.0,0.0,0.0,0.0,0,0,0.0,0.0,0.0,0.0,0.0,0.005805492401123,0.00762939453125,0.0061392784118652,0.0067353248596191,0.0073909759521484,0.0071525573730468,0.0071525573730468,0.0071525573730468,0.013589859008789,0.013589859008789,0.0,0.0,0.496,1.36,0.0,0.0,5.6,5.728,112.0,25.152,27.344,0.0,0.0063964298793247,0.009012222290039,0.0218391418457031,0.0102860586983816,0.0,0
6,0.0,0.0,0.0,0.0,0.0,0.0,0,0,0.0,0.0,0.0,0.0,0.0,0.0062453746795654,0.0083684921264648,0.0061392784118652,0.0067353248596191,0.0073909759521484,0.0071525573730468,0.0071525573730468,0.0071525573730468,0.0085830688476562,0.0085830688476562,0.0,0.0,0.496,1.36,0.0,0.0,5.6,5.728,112.0,25.152,27.344,0.0,0.0063964298793247,0.009012222290039,0.0218391418457031,0.0102860586983816,0.0,0
7,0.0,0.0,0.0,0.0,0.0,0.0,0,0,0.0,0.0,0.0,0.0,0.0,0.0061094760894775,0.0088214874267578,0.0061392784118652,0.0067353248596191,0.0073909759521484,0.0073909759521484,0.0073909759521484,0.0071525573730468,0.0090599060058593,0.0090599060058593,0.0039847691853841,0.0043153762817382,0.496,1.36,0.0,0.0,5.6,5.728,112.0,25.152,27.344,0.0,0.0063964298793247,0.009012222290039,0.0218391418457031,0.0102860586983816,1656.64,0
8,0.0,0.0,0.0,0.0,0.0,0.0,0,0,0.0,0.0,0.0,0.0,0.0,0.0060542115887391,0.0081062316894531,0.0061392784118652,0.0067353248596191,0.0073909759521484,0.00762939453125,0.00762939453125,0.0071525573730468,0.0069141387939453,0.0069141387939453,0.004019056047712,0.0046253204345703,0.496,1.36,0.0,0.0,5.6,5.728,143.152,25.152,27.344,0.0,0.0063964298793247,0.009012222290039,0.0218391418457031,0.0102860586983816,66.28,0
9,0.0,0.0,0.0,0.0,0.0,0.0,0,0,0.0,0.0,0.0,0.0,0.0,0.005930810425412,0.0078678131103515,0.0061392784118652,0.0067353248596191,0.0073909759521484,0.0085830688476562,0.0085830688476562,0.0071525573730468,0.0090599060058593,0.0090599060058593,0.0071525573730468,0.0071525573730468,0.496,1.424,0.0,0.0,5.6,5.728,113.256,25.152,27.344,0.0,0.0063964298793247,0.009012222290039,0.0218391418457031,0.0102860586983816,1.192,0
10,0.0,0.0,0.0,0.0,0.0,0.0,0,0,0.0,0.0,0.0,0.0,0.0,0.0060885699827279,0.0085830688476562,0.0061392784118652,0.0067353248596191,0.0073909759521484,0.0112056732177734,0.0112056732177734,0.0071525573730468,0.0064373016357421,0.0064373016357421,0.0069141387939453,0.0069141387939453,0.496,1.36,0.0,0.0,5.6,5.728,113.256,25.152,27.344,0.0,0.0063964298793247,0.009012222290039,0.0218391418457031,0.0102860586983816,1.192,0
11,0.0,0.0,0.0,0.0,0.0,0.0,0,0,0.0,0.0,0.0,0.0,0.0,0.0061704151665986,0.0085830688476562,0.0061392784118652,0.0067353248596191,0.0073909759521484,0.00762939453125,0.00762939453125,0.0071525573730468,0.0119209289550781,0.0119209289550781,0.0066757202148437,0.0066757202148437,0.496,1.36,0.0,0.0,5.6,5.728,113.256,25.152,27.344,0.0,0.0063964298793247,0.009012222290039,0.0218391418457031,0.0102860586983816,1.192,0
12,0.0,0.0,0.0,0.0,0.0,0.0,0,0,0.0,0.0,0.0,0.0,0.0,0.0062036514282226,0.0081300735473632,0.0061392784118652,0.0067353248596191,0.0073909759521484,0.0081062316894531,0.0081062316894531,0.0071525573730468,0.011444091796875,0.011444091796875,0.0,0.0,0.496,1.36,0.0,0.0,5.6,5.728,112.0,25.152,27.344,0.0,0.0063964298793247,0.009012222290039,0.0218391418457031,0.0102860586983816,0.0,0
13,0.0,0.0,0.0,0.0,0.0,0.0,0,0,0.0,0.0,0.0,0.0,0.0,0.006177948742378,0.0085830688476562,0.0063578287760416,0.0064770380655924,0.0078678131103515,0.0133514404296875,0.0133514404296875,0.008702278137207,0.0078678131103515,0.0078678131103515,0.0038572433420303,0.0045299530029296,0.496,1.36,0.0,0.0,9.856,10.176,137.96,25.152,27.344,0.0,0.0063964298793247,0.009012222290039,0.0218391418457031,0.0102860586983816,6495.024,0
14,0.0,0.0,0.0,0.0,0.0,0.0,0,0,0.0,0.0,0.0,0.0,0.0,0.0066531831352271,0.0090599060058593,0.0055313110351562,0.0066280364990234,0.0080108642578125,0.0090599060058593,0.0090599060058593,0.0072002410888671,0.0083446502685546,0.0083446502685546,0.0039019688638942,0.0045299530029296,0.496,1.424,0.0,0.0,6.448,6.224,117.192,25.152,27.344,0.0,0.0063964298793247,0.009012222290039,0.0218391418457031,0.0102860586983816,6873.84,0
15,0.0,0.0,0.0,0.0,0.0,0.0,0,0,0.0,0.0,0.0,0.0,0.0,0.0060648467410263,0.0078678131103515,0.0071525573730468,0.0076770782470703,0.0086307525634765,0.0081062316894531,0.0081062316894531,0.0097990036010742,0.0150203704833984,0.0150203704833984,0.0066757202148437,0.0066757202148437,0.496,1.424,0.0,0.0,5.6,6.512,115.032,25.152,27.344,0.0,0.0063964298793247,0.009012222290039,0.0218391418457031,0.0102860586983816,2.744,0
16,0.0,0.0,0.0,0.0,0.0,0.0,0,0,0.0,0.0,0.0,0.0,0.0,0.0062143031637466,0.0085830688476562,0.0079154968261718,0.007331371307373,0.0083684921264648,0.0078678131103515,0.0078678131103515,0.0118732452392578,0.0073909759521484,0.0073909759521484,0.0064373016357421,0.0064373016357421,0.496,1.424,0.0,0.0,6.096,5.728,113.256,25.152,27.344,0.0,0.0063964298793247,0.009012222290039,0.0218391418457031,0.0102860586983816,1.192,0
17,0.0,0.0,0.0,0.0,0.0,0.0,0,0,0.0,0.0,0.0,0.0,0.0,0.0061419472765566,0.0085830688476562,0.006874402364095,0.0075101852416992,0.0084638595581054,0.0088214874267578,0.0088214874267578,0.0095367431640625,0.0095367431640625,0.0095367431640625,0.0069141387939453,0.0069141387939453,0.496,1.36,0.0,0.0,9.856,10.176,113.256,25.152,27.344,0.0,0.0063964298793247,0.009012222290039,0.0218391418457031,0.0102860586983816,1.192,0
18,0.0,0.0,0.0,0.0,0.0,0.0,0,0,0.0,0.0,0.0,0.0,0.0,0.0062819144025963,0.0085830688476562,0.006866455078125,0.0073909759521484,0.0094413757324218,0.0069141387939453,0.0069141387939453,0.0102519989013671,0.0081062316894531,0.0081062316894531,0.0052452087402343,0.0052452087402343,0.496,1.36,0.0,0.0,6.448,6.224,113.256,25.152,27.344,0.0,0.0063964298793247,0.009012222290039,0.0218391418457031,0.0102860586983816,1.192,0
19,0.0,0.0,0.0,0.0,0.0,0.0,0,0,0.0,0.0,0.0,0.0,0.0,0.0062286853790283,0.0085830688476562,0.0078678131103515,0.0062465667724609,0.0069141387939453,0.00762939453125,0.00762939453125,0.0104427337646484,0.0078678131103515,0.0078678131103515,0.0,0.0,0.496,1.36,0.0,0.0,5.6,6.512,112.0,25.152,27.344,0.0,0.0063964298793247,0.009012222290039,0.0218391418457031,0.0102860586983816,0.0,0
20,0.0,0.0,0.0,0.0,0.0,0.0,0,0,0.0,0.0,0.0,0.0,0.0,0.0062918663024902,0.0086069107055664,0.0066757202148437,0.0072121620178222,0.0087499618530273,0.011444091796875,0.011444091796875,0.00762939453125,0.011444091796875,0.011444091796875,0.0,0.0,0.496,1.36,0.0,0.0,6.096,5.728,112.0,25.152,27.344,0.0,0.0063964298793247,0.009012222290039,0.0218391418457031,0.0102860586983816,0.0,0
21,0.0,0.0,0.0,0.0,0.0,0.0,0,0,0.0,0.0,0.0,0.0,0.0,0.0062428631828826,0.0083446502685546,0.006874402364095,0.0081062316894531,0.0094175338745117,0.0092983245849609,0.0092983245849609,0.0088214874267578,0.0081062316894531,0.0081062316894531,0.0039149241842282,0.0045299530029296,0.496,1.36,0.0,0.0,9.856,10.176,143.152,25.152,27.344,0.0,0.0063964298793247,0.009012222290039,0.0218391418457031,0.0102860586983816,3389.776,0
22,0.0,0.0,0.0,0.0,0.0,0.0,0,0,0.0,0.0,0.0,0.0,0.0,0.0064918650916559,0.0085830688476562,0.0066280364990234,0.0081062316894531,0.0103950500488281,0.009775161743164,0.009775161743164,0.0088214874267578,0.0126361846923828,0.0126361846923828,0.0042659895760672,0.005960464477539,0.496,1.424,0.0,0.0,6.448,6.224,117.192,25.152,27.344,0.0,0.0063964298793247,0.009012222290039,0.0218391418457031,0.0102860586983816,588.944,0
23,0.0,0.0,0.0,0.0,0.0,0.0,0,0,0.0,0.0,0.0,0.0,0.0,0.0062131170016616,0.0081062316894531,0.0066161155700683,0.0064849853515625,0.0072956085205078,0.0107288360595703,0.0107288360595703,0.0087499618530273,0.0088214874267578,0.0088214874267578,0.0042915344238281,0.0042915344238281,0.496,1.424,0.0,0.0,5.6,6.512,113.256,25.152,27.344,0.0,0.0063964298793247,0.009012222290039,0.0218391418457031,0.0102860586983816,1.192,0
24,0.0,0.0,0.0,0.0,0.0,0.0,0,0,0.0,0.0,0.0,0.0,0.0,0.0063809267993043,0.0088214874267578,0.0072002410888671,0.0066161155700683,0.0076055526733398,0.0081062316894531,0.0081062316894531,0.0099658966064453,0.0100135803222656,0.0100135803222656,0.0039390895677649,0.0046014785766601,0.496,1.36,0.0,0.0,6.096,5.728,123.64,25.152,27.344,0.0,0.0063964298793247,0.009012222290039,0.0218391418457031,0.0102860586983816,1528.272,0
25,0.0,0.0,0.0,0.0,0.0,0.0,0,0,0.0,0.0,0.0,0.0,0.0,0.0060399373372395,0.0078678131103515,0.0071525573730468,0.0067949295043945,0.0072717666625976,0.0083446502685546,0.0083446502685546,0.0095367431640625,0.0126361846923828,0.0126361846923828,0.0061988830566406,0.0061988830566406,0.496,1.424,0.0,0.0,9.856,10.176,113.256,25.152,27.344,0.0,0.0063964298793247,0.009012222290039,0.0218391418457031,0.0102860586983816,1.192,0
26,0.0,0.0,0.0,0.0,0.0,0.0,0,0,0.0,0.0,0.0,0.0,0.0,0.0063014030456542,0.0085830688476562,0.0062942504882812,0.0071525573730468,0.0092506408691406,0.0081062316894531,0.0081062316894531,0.0069141387939453,0.011444091796875,0.011444091796875,0.0,0.0,0.496,1.36,0.0,0.0,6.448,6.224,112.0,0.0,0.0,0.0,0.0,0.0,0.0,0.0,0.0,0
27,0.0,0.0,0.0,0.0,0.0,0.0,0,0,0.0,0.0,0.0,0.0,0.0,0.0060439109802246,0.0081062316894531,0.0061392784118652,0.0074386596679687,0.0108718872070312,0.0069141387939453,0.0069141387939453,0.0066041946411132,0.009775161743164,0.009775161743164,0.0,0.0,0.496,1.36,0.0,0.0,5.6,6.512,112.0,8.264,7.736,0.0,0.0062942504882812,0.0088930130004882,0.0305652618408203,0.0120162963867187,0.0,0
28,0.0,0.0,0.0,0.0,0.0,0.0,0,0,0.0,0.0,0.0,0.0,0.0,0.006454918772129,0.0094890594482421,0.0082969665527343,0.0066161155700683,0.0078439712524414,0.0072717666625976,0.0085115432739257,0.0135421752929687,0.0092983245849609,0.0100612640380859,0.0038576714786482,0.0045299530029296,1.344,2.208,0.0,0.0,6.096,5.728,127.576,8.264,7.736,0.0,0.006413459777832,0.0082731246948242,0.0288009643554687,0.0116825103759765,4508.312,0
29,0.0,0.0,0.0,0.0,0.0,0.0,0,0,0.0,0.0,0.0,0.0,0.0,0.0061681955167562,0.0081062316894531,0.0064770380655924,0.0084241231282552,0.0102519989013671,0.0095367431640625,0.0095367431640625,0.00762939453125,0.0090599060058593,0.0090599060058593,0.0038584359258198,0.0045299530029296,0.496,1.424,0.0,0.0,9.856,10.176,122.384,0.0,0.0,0.0,0.0,0.0,0.0,0.0,3079.68,0
30,0.0,0.0,0.0,0.0,0.0,0.0,0,0,0.0,0.0,0.0,0.0,0.0,0.006924814252711,0.0095367431640625,0.0072956085205078,0.006103515625,0.0069141387939453,0.0088214874267578,0.0088214874267578,0.0121116638183593,0.0104904174804687,0.0104904174804687,0.0038833020419476,0.0045299530029296,0.496,1.392,0.0,0.0,6.448,6.224,117.888,0.0,0.0,0.0,0.0,0.0,0.0,0.0,7838.992,0
31,0.0,0.0,0.0,0.0,0.0,0.0,0,0,0.0,0.0,0.0,0.0,0.0,0.0062261647845975,0.0085830688476562,0.0080466270446777,0.0075817108154296,0.0101089477539062,0.0088214874267578,0.0088214874267578,0.0119924545288085,0.0116825103759765,0.0116825103759765,0.0045299530029296,0.0045299530029296,0.496,1.424,0.0,0.0,5.6,6.512,113.256,3.744,4.232,0.0,0.0061511993408203,0.0080585479736328,0.0218391418457031,0.0111103057861328,1.192,0
32,0.0,0.0,0.0,0.0,0.0,0.0,0,0,0.0,0.0,0.0,0.0,0.0,0.0061704151665986,0.0085830688476562,0.0069618225097656,0.0067353248596191,0.0080585479736328,0.00762939453125,0.00762939453125,0.009918212890625,0.0090599060058593,0.0090599060058593,0.0045299530029296,0.0045299530029296,0.496,1.36,0.0,0.0,6.096,5.728,113.256,7.488,8.464,0.0,0.0056743621826171,0.0077009201049804,0.0297784805297851,0.0111341476440429,1.192,0
33,0.0,0.0,0.0,0.0,0.0,0.0,0,0,0.0,0.0,0.0,0.0,0.0,0.0059890747070312,0.0078678131103515,0.0063975652058919,0.0081062316894531,0.0107288360595703,0.0083446502685546,0.0083446502685546,0.0078678131103515,0.0073909759521484,0.0073909759521484,0.0,0.0,0.496,1.36,0.0,0.0,9.856,10.176,112.0,12.008,11.968,0.0,0.0062147776285807,0.008249282836914,0.028085708618164,0.0107924143473307,0.0,0
34,0.0,0.0,0.0,0.0,0.0,0.0,0,0,0.0,0.0,0.0,0.0,0.0,0.0061821937561035,0.0083684921264648,0.0064373016357421,0.0085353851318359,0.0099658966064453,0.0131130218505859,0.0131130218505859,0.0096797943115234,0.0073909759521484,0.0073909759521484,0.0,0.0,0.496,1.36,0.0,0.0,6.448,6.224,112.0,8.264,7.736,0.0,0.0064611434936523,0.0086069107055664,0.0273466110229492,0.0112056732177734,0.0,0
35,0.0,0.0,0.0,0.0,0.0,0.0,0,0,0.0,0.0,0.0,0.0,0.0,0.0060689449310302,0.0081062316894531,0.0068545341491699,0.0088691711425781,0.0104904174804687,0.00762939453125,0.00762939453125,0.0090837478637695,0.0112056732177734,0.0112056732177734,0.0,0.0,0.496,1.36,0.0,0.0,5.6,6.512,112.0,0.0,0.0,0.0,0.0,0.0,0.0,0.0,0.0,0
36,0.0,0.0,0.0,0.0,0.0,0.0,0,0,0.0,0.0,0.0,0.0,0.0,0.0060093402862548,0.0081062316894531,0.0071048736572265,0.0067949295043945,0.0079870223999023,0.0085830688476562,0.0085830688476562,0.0101089477539062,0.011444091796875,0.011444091796875,0.0,0.0,0.496,1.36,0.0,0.0,6.096,5.728,112.0,0.0,0.0,0.0,0.0,0.0,0.0,0.0,0.0,0
37,0.0,0.0,0.0,0.0,0.0,0.0,0,0,0.0,0.0,0.0,0.0,0.0,0.0064977959020813,0.0090599060058593,0.0066359837849934,0.0066359837849934,0.007033348083496,0.0066757202148437,0.0066757202148437,0.0081062316894531,0.0121593475341796,0.0121593475341796,0.0054836273193359,0.0054836273193359,0.496,1.36,0.0,0.0,9.856,10.176,113.256,3.744,4.232,0.0,0.006866455078125,0.009012222290039,0.0222682952880859,0.0114917755126953,1.192,0
38,0.0,0.0,0.0,0.0,0.0,0.0,0,0,0.0,0.0,0.0,0.0,0.0,0.0062249786225124,0.0085830688476562,0.0060081481933593,0.008249282836914,0.0102996826171875,0.00762939453125,0.00762939453125,0.0078201293945312,0.0102519989013671,0.0102519989013671,0.0047683715820312,0.0047683715820312,0.496,1.36,0.0,0.0,6.448,6.224,113.256,7.488,8.464,0.0,0.0059366226196289,0.0088691711425781,0.02899169921875,0.0109672546386718,1.192,0
39,0.0,0.0,0.0,0.0,0.0,0.0,0,0,0.0,0.0,0.0,0.0,0.0,0.0062071861912362,0.0083446502685546,0.0061988830566406,0.0082969665527343,0.0107765197753906,0.0073909759521484,0.0073909759521484,0.0077486038208007,0.0123977661132812,0.0123977661132812,0.0057220458984375,0.0057220458984375,0.496,1.36,0.0,0.0,5.6,6.512,113.256,12.008,11.968,0.0,0.0060717264811197,0.0080108642578125,0.0274181365966796,0.0109036763509114,1.192,0
40,0.0,0.0,0.0,0.0,0.0,0.0,0,0,0.0,0.0,0.0,0.0,0.0,0.0061655044555664,0.0083446502685546,0.0064373016357421,0.0074505805969238,0.0087976455688476,0.0092983245849609,0.0092983245849609,0.0070571899414062,0.0100135803222656,0.0100135803222656,0.0,0.0,0.496,1.36,0.0,0.0,6.096,5.728,112.0,3.744,4.232,0.0,0.0064849853515625,0.0087261199951171,0.0206470489501953,0.0108242034912109,0.0,0
41,0.0,0.0,0.0,0.0,0.0,0.0,0,0,0.0,0.0,0.0,0.0,0.0,0.0063550472259521,0.0085830688476562,0.0069538752237955,0.00762939453125,0.0100135803222656,0.0078678131103515,0.0078678131103515,0.00762939453125,0.0078678131103515,0.0078678131103515,0.0,0.0,0.496,1.36,0.0,0.0,9.856,10.176,112.0,4.52,3.504,0.0,0.0061511993408203,0.0080108642578125,0.022125244140625,0.0115871429443359,0.0,0
42,0.0,0.0,0.0,0.0,0.0,0.0,0,0,0.0,0.0,0.0,0.0,0.0,0.00618577003479,0.0081300735473632,0.0070571899414062,0.0065803527832031,0.0080585479736328,0.0064373016357421,0.0064373016357421,0.0098228454589843,0.0081062316894531,0.0081062316894531,0.0,0.0,0.496,1.36,0.0,0.0,6.448,6.224,112.0,0.0,0.0,0.0,0.0,0.0,0.0,0.0,0.0,0
43,0.0,0.0,0.0,0.0,0.0,0.0,0,0,0.0,0.0,0.0,0.0,0.0,0.0065611404122658,0.0091791152954101,0.0064969062805175,0.0058650970458984,0.0070095062255859,0.0081062316894531,0.0081062316894531,0.0082015991210937,0.0128746032714843,0.0128746032714843,0.0038775530728426,0.0045299530029296,0.496,1.36,0.0,0.0,5.6,6.512,143.152,3.744,4.232,0.0,0.0060558319091796,0.0073432922363281,0.0225543975830078,0.0122547149658203,7370.768,0
44,0.0,0.0,0.0,0.0,0.0,0.0,0,0,0.0,0.0,0.0,0.0,0.0,0.0062937760234472,0.0085830688476562,0.006723403930664,0.0076889991760253,0.0088453292846679,0.0085830688476562,0.0085830688476562,0.0087738037109375,0.0095367431640625,0.0095367431640625,0.0038872594418733,0.0045299530029296,0.496,1.424,0.0,0.0,6.096,5.728,113.256,3.744,4.232,0.0,0.005960464477539,0.00762939453125,0.0211715698242187,0.0112533569335937,1711.816,0
45,0.0,0.0,0.0,0.0,0.0,0.0,0,0,0.0,0.0,0.0,0.0,0.0,0.0064017167731897,0.0085830688476562,0.0061591466267903,0.0079075495402018,0.0090599060058593,0.0081062316894531,0.0081062316894531,0.0082254409790039,0.0150203704833984,0.0150203704833984,0.0061988830566406,0.0061988830566406,0.496,1.392,0.0,0.0,9.856,10.176,113.256,12.008,11.968,0.0,0.0066757202148437,0.0088691711425781,0.031137466430664,0.0117460886637369,1.192,0
46,0.0,0.0,0.0,0.0,0.0,0.0,0,0,0.0,0.0,0.0,0.0,0.0,0.0062975390204067,0.0088214874267578,0.0054836273193359,0.007486343383789,0.008249282836914,0.0092983245849609,0.0092983245849609,0.0070571899414062,0.0102519989013671,0.0102519989013671,0.0039381946591164,0.00457763671875,0.496,1.36,0.0,0.0,6.448,6.224,121.48,3.744,4.232,0.0,0.0073432922363281,0.0108242034912109,0.0226020812988281,0.0115394592285156,1494.152,0
47,0.0,0.0,0.0,0.0,0.0,0.0,0,0,0.0,0.0,0.0,0.0,0.0,0.0061738491058349,0.0078916549682617,0.0073909759521484,0.0065326690673828,0.0075340270996093,0.0088214874267578,0.0088214874267578,0.0095367431640625,0.009775161743164,0.009775161743164,0.0,0.0,0.496,1.424,0.0,0.0,5.6,6.512,112.0,8.264,7.736,0.0,0.0071525573730468,0.0098228454589843,0.0271558761596679,0.0111341476440429,0.0,0
48,0.0,0.0,0.0,0.0,0.0,0.0,0,0,0.0,0.0,0.0,0.0,0.0,0.0060927867889404,0.0083446502685546,0.0080585479736328,0.0094175338745117,0.01068115234375,0.0078678131103515,0.0078678131103515,0.010538101196289,0.0109672546386718,0.0109672546386718,0.0,0.0,0.496,1.36,0.0,0.0,6.096,5.728,112.0,0.0,0.0,0.0,0.0,0.0,0.0,0.0,0.0,0
49,0.0,0.0,0.0,0.0,0.0,0.0,0,0,0.0,0.0,0.0,0.0,0.0,0.0064337253570556,0.0083446502685546,0.0059207280476888,0.0063578287760416,0.0077486038208007,0.0083446502685546,0.0083446502685546,0.0071525573730468,0.009775161743164,0.009775161743164,0.0,0.0,0.496,1.36,0.0,0.0,9.856,10.176,112.0,3.744,4.232,0.0,0.0062942504882812,0.0081539154052734,0.0220298767089843,0.011444091796875,0.0,0
50,0.0,0.0,0.0,0.0,0.0,0.0,0,0,0.0,0.0,0.0,0.0,0.0,0.0060617923736572,0.0081300735473632,0.0056266784667968,0.0078678131103515,0.0094890594482421,0.0078678131103515,0.0078678131103515,0.0071525573730468,0.0164508819580078,0.0164508819580078,0.0,0.0,0.496,1.36,0.0,0.0,6.448,6.224,112.0,3.744,4.232,0.0,0.0060558319091796,0.0073432922363281,0.0240325927734375,0.012063980102539,0.0,0
51,0.0,0.0,0.0,0.0,0.0,0.0,0,0,0.0,0.0,0.0,0.0,0.0,0.0061714649200439,0.0083446502685546,0.0071525573730468,0.0061988830566406,0.0074386596679687,0.0071525573730468,0.0071525573730468,0.0099658966064453,0.009775161743164,0.009775161743164,0.0,0.0,0.496,1.36,0.0,0.0,5.6,6.512,112.0,12.008,11.968,0.0,0.0061194101969401,0.0082015991210937,0.02899169921875,0.0111897786458333,0.0,0
52,0.0,0.0,0.0,0.0,0.0,0.0,0,0,0.0,0.0,0.0,0.0,0.0,0.0060731498756218,0.0081062316894531,0.0062465667724609,0.0082254409790039,0.0095844268798828,0.0066757202148437,0.0066757202148437,0.0075817108154296,0.0073909759521484,0.0073909759521484,0.0064373016357421,0.0064373016357421,0.496,1.36,0.0,0.0,6.096,5.728,113.256,3.744,4.232,0.0,0.0062942504882812,0.0075817108154296,0.024271011352539,0.0125408172607421,1.192,0
53,0.0,0.0,0.0,0.0,0.0,0.0,0,0,0.0,0.0,0.0,0.0,0.0,0.006129245946903,0.0083208084106445,0.0063180923461914,0.0072320302327473,0.0085830688476562,0.011444091796875,0.011444091796875,0.0088214874267578,0.0126361846923828,0.0126361846923828,0.0050067901611328,0.006103515625,0.496,1.36,0.0,0.0,9.856,10.176,118.448,8.264,7.736,0.0,0.0069379806518554,0.0092029571533203,0.0293493270874023,0.0112056732177734,16.6,0
54,0.0,0.0,0.0,0.0,0.0,0.0,0,0,0.0,0.0,0.0,0.0,0.0,0.0061976968945555,0.0083446502685546,0.006723403930664,0.0087738037109375,0.0109195709228515,0.0090599060058593,0.0090599060058593,0.0080585479736328,0.0123977661132812,0.0123977661132812,0.0047683715820312,0.0047683715820312,0.496,1.424,0.0,0.0,6.448,6.224,113.256,0.0,0.0,0.0,0.0,0.0,0.0,0.0,1.192,0
55,0.0,0.0,0.0,0.0,0.0,0.0,0,0,0.0,0.0,0.0,0.0,0.0,0.0059938430786132,0.0083684921264648,0.0064373016357421,0.0071525573730468,0.0089645385742187,0.0066757202148437,0.0066757202148437,0.0075817108154296,0.0092983245849609,0.0092983245849609,0.0,0.0,0.496,1.36,0.0,0.0,5.6,6.512,112.0,3.744,4.232,0.0,0.0066280364990234,0.0086307525634765,0.0206470489501953,0.0113964080810546,0.0,0
56,0.0,0.0,0.0,0.0,0.0,0.0,0,0,0.0,0.0,0.0,0.0,0.0,0.0061452388763427,0.0085830688476562,0.0065803527832031,0.0066757202148437,0.0087499618530273,0.0085830688476562,0.0085830688476562,0.0080585479736328,0.0078678131103515,0.0078678131103515,0.0,0.0,0.496,1.36,0.0,0.0,6.096,5.728,112.0,4.272,3.704,0.0,0.0061392784118652,0.0069379806518554,0.0216960906982421,0.0115235646565755,0.0,0
57,0.0,0.0,0.0,0.0,0.0,0.0,0,0,0.0,0.0,0.0,0.0,0.0,0.0063597862356402,0.0088214874267578,0.0069141387939453,0.0069538752237955,0.0085830688476562,0.0116825103759765,0.0116825103759765,0.0098943710327148,0.011444091796875,0.011444091796875,0.004123238956227,0.0052928924560546,0.496,1.36,0.0,0.0,9.856,10.176,127.576,12.008,11.968,0.0,0.0062147776285807,0.0084877014160156,0.0308036804199218,0.0115553538004557,194.824,0
58,0.0,0.0,0.0,0.0,0.0,0.0,0,0,0.0,0.0,0.0,0.0,0.0,0.0064819317145887,0.0085830688476562,0.005960464477539,0.008249282836914,0.0097274780273437,0.0085830688476562,0.0085830688476562,0.0072956085205078,0.0112056732177734,0.0112056732177734,0.0041844893474968,0.0052452087402343,0.496,1.424,0.0,0.0,6.448,6.224,130.816,3.744,4.232,0.0,0.005960464477539,0.0076770782470703,0.0211715698242187,0.0109672546386718,962.048,0
59,0.0,0.0,0.0,0.0,0.0,0.0,0,0,0.0,0.0,0.0,0.0,0.0,0.0063995323558845,0.0088214874267578,0.0057220458984375,0.0073432922363281,0.0088691711425781,0.0061988830566406,0.0071525573730468,0.0072002410888671,0.0098943710327148,0.0103712081909179,0.0047850054363871,0.0056743621826171,1.344,2.272,0.0,0.0,5.6,6.512,115.984,8.792,7.208,0.0,0.0055895911322699,0.0065326690673828,0.0278949737548828,0.0104904174804687,275.32,0
60,0.0,0.0,0.0,0.0,0.0,0.0,0,0,0.0,0.0,0.0,0.0,0.0,0.0060371833272499,0.0080823898315429,0.007486343383789,0.0072717666625976,0.0085353851318359,0.0078678131103515,0.0078678131103515,0.0112533569335937,0.0119209289550781,0.0119209289550781,0.0053246815999348,0.0054359436035156,0.496,1.424,0.0,0.0,6.096,5.728,116.096,0.0,0.0,0.0,0.0,0.0,0.0,0.0,6.488,0
61,0.0,0.0,0.0,0.0,0.0,0.0,0,0,0.0,0.0,0.0,0.0,0.0,0.0063594024960357,0.008559226989746,0.0056823094685872,0.0073909759521484,0.0081062316894531,0.0071525573730468,0.0071525573730468,0.0067949295043945,0.0119209289550781,0.0119209289550781,0.0040637122260199,0.0050067901611328,0.496,1.424,0.0,0.0,9.856,10.176,118.448,3.744,4.232,0.0,0.0065326690673828,0.0078678131103515,0.0232696533203125,0.0117778778076171,2299.848,0
62,0.0,0.0,0.0,0.0,0.0,0.0,0,0,0.0,0.0,0.0,0.0,0.0,0.0062925898613621,0.0083446502685546,0.0058650970458984,0.0079631805419921,0.0085353851318359,0.00762939453125,0.00762939453125,0.00762939453125,0.009775161743164,0.009775161743164,0.0041427775325938,0.0052452087402343,0.496,1.424,0.0,0.0,6.448,6.224,117.192,3.744,4.232,0.0,0.0066280364990234,0.0079154968261718,0.0222682952880859,0.0114917755126953,1162.648,0
63,0.0,0.0,0.0,0.0,0.0,0.0,0,0,0.0,0.0,0.0,0.0,0.0,0.0069058356593497,0.009775161743164,0.0074505805969238,0.0084877014160156,0.0101566314697265,0.0131130218505859,0.0131130218505859,0.0102043151855468,0.0088214874267578,0.0088214874267578,0.0039066016341054,0.0045299530029296,0.496,1.424,0.0,0.0,5.6,6.512,117.192,12.536,11.44,0.0,0.0063351222446986,0.0085115432739257,0.027775764465332,0.0105798244476318,7959.744,0
64,0.0,0.0,0.0,0.0,0.0,0.0,0,0,0.0,0.0,0.0,0.0,0.0,0.006896346362669,0.0092983245849609,0.0069141387939453,0.0073909759521484,0.0078201293945312,0.0092983245849609,0.0092983245849609,0.0092983245849609,0.0095367431640625,0.0095367431640625,0.0038826211136941,0.0045299530029296,0.496,1.424,0.0,0.0,6.096,5.728,117.192,3.744,4.232,0.0,0.0064373016357421,0.0082015991210937,0.0186443328857421,0.0104427337646484,13720.288,0
65,0.0,0.0,0.0,0.0,0.0,0.0,0,0,0.0,0.0,0.0,0.0,0.0,0.0068334797721597,0.0092983245849609,0.0064373016357421,0.007947285970052,0.0098943710327148,0.0078678131103515,0.0078678131103515,0.0089406967163085,0.0100135803222656,0.0100135803222656,0.0040010521688742,0.0047683715820312,0.496,1.424,0.0,0.0,9.856,10.176,117.192,8.264,7.736,0.0,0.005960464477539,0.0081300735473632,0.0272512435913085,0.010991096496582,5954.712,0
66,0.0,0.0,0.0,0.0,0.0,0.0,0,0,0.0,0.0,0.0,0.0,0.0,0.0063157317662003,0.0087976455688476,0.0055789947509765,0.0069141387939453,0.0077724456787109,0.0090599060058593,0.0090599060058593,0.0070095062255859,0.0116825103759765,0.0116825103759765,0.0040427498195482,0.0047683715820312,0.496,1.424,0.0,0.0,6.448,6.224,116.656,0.0,0.0,0.0,0.0,0.0,0.0,0.0,1658.824,0
67,0.0,0.0,0.0,0.0,0.0,0.0,0,0,0.0,0.0,0.0,0.0,0.0,0.0062602581364093,0.0081062316894531,0.0058412551879882,0.0069618225097656,0.0082015991210937,0.0085830688476562,0.0085830688476562,0.0070810317993164,0.0123977661132812,0.0123977661132812,0.0053644180297851,0.0058412551879882,0.496,1.424,0.0,0.0,5.6,6.512,116.368,3.744,4.232,0.0,0.0063419342041015,0.0076770782470703,0.0216007232666015,0.0110149383544921,4.016,0
68,0.0,0.0,0.0,0.0,0.0,0.0,0,0,0.0,0.0,0.0,0.0,0.0,0.0062744216163559,0.0088214874267578,0.0052452087402343,0.006258487701416,0.0073909759521484,0.0085830688476562,0.0085830688476562,0.006103515625,0.0104904174804687,0.0104904174804687,0.0049486392881812,0.0061988830566406,0.496,1.424,0.0,0.0,6.096,5.728,115.52,3.744,4.232,0.0,0.0064849853515625,0.0082015991210937,0.0203132629394531,0.01068115234375,178.456,0
69,0.0,0.0,0.0,0.0,0.0,0.0,0,0,0.0,0.0,0.0,0.0,0.0,0.0064396739599123,0.0085830688476562,0.0059207280476888,0.008861223856608,0.0096559524536132,0.0078678131103515,0.0078678131103515,0.0075101852416992,0.009775161743164,0.009775161743164,0.0039529623152154,0.0047683715820312,0.496,1.424,0.0,0.0,9.856,10.176,114.36,12.008,11.968,0.0,0.0063419342041015,0.0080108642578125,0.028085708618164,0.0109354654947916,2828.328,0
70,0.0,0.0,0.0,0.0,0.0,0.0,0,0,0.0,0.0,0.0,0.0,0.0,0.0061229686831953,0.0078678131103515,0.0066757202148437,0.0082969665527343,0.0100135803222656,0.0081062316894531,0.0081062316894531,0.0096321105957031,0.013589859008789,0.013589859008789,0.0043937138148716,0.0059127807617187,0.496,1.424,0.0,0.0,6.448,6.224,114.664,3.744,4.232,0.0,0.0056266784667968,0.0072002410888671,0.0217437744140625,0.0110626220703125,548.696,0
71,0.0,0.0,0.0,0.0,0.0,0.0,0,0,0.0,0.0,0.0,0.0,0.0,0.0067409591295232,0.0085830688476562,0.0066161155700683,0.0072002410888671,0.0085353851318359,0.0088214874267578,0.0088214874267578,0.0091075897216796,0.0095367431640625,0.0095367431640625,0.0039766850083638,0.0047683715820312,0.496,1.424,0.0,0.0,5.6,6.512,117.192,8.264,7.736,0.0,0.006413459777832,0.0084161758422851,0.0267505645751953,0.0107049942016601,4596.016,0
72,0.0,0.0,0.0,0.0,0.0,0.0,0,0,0.0,0.0,0.0,0.0,0.0,0.0061571598052978,0.0081300735473632,0.0072956085205078,0.006258487701416,0.0066041946411132,0.0071525573730468,0.0071525573730468,0.0111103057861328,0.0088214874267578,0.0088214874267578,0.0042716662089029,0.0052452087402343,0.496,1.424,0.0,0.0,6.096,5.728,112.0,0.0,0.0,0.0,0.0,0.0,0.0,0.0,95.104,0
73,0.0,0.0,0.0,0.0,0.0,0.0,0,0,0.0,0.0,0.0,0.0,0.0,0.0063550883326037,0.0088214874267578,0.0061591466267903,0.0067551930745442,0.0071525573730468,0.0109672546386718,0.0109672546386718,0.0073909759521484,0.0085830688476562,0.0085830688476562,0.0046491622924804,0.0066518783569335,0.496,1.392,0.0,0.0,9.856,10.176,123.64,4.272,3.704,0.0,0.006258487701416,0.0073671340942382,0.0185966491699218,0.0107685724894205,244.352,0
74,0.0,0.0,0.0,0.0,0.0,0.0,0,0,0.0,0.0,0.0,0.0,0.0,0.0064859342812305,0.0085830688476562,0.0061988830566406,0.007486343383789,0.0096321105957031,0.0088214874267578,0.0088214874267578,0.0071525573730468,0.013589859008789,0.013589859008789,0.0049322843551635,0.0064373016357421,0.496,1.424,0.0,0.0,6.448,6.224,113.256,0.0,0.0,0.0,0.0,0.0,4359.036684036255,4359.036684036255,74.64,1
75,0.0,0.0,0.0,0.0,0.0,0.0,0,0,0.0,0.0,0.0,0.0,0.0,0.0060043524746871,0.0081062316894531,0.0060200691223144,0.0071048736572265,0.0085353851318359,0.0100135803222656,0.0100135803222656,0.0070095062255859,0.0123977661132812,0.0123977661132812,0.0061988830566406,0.0061988830566406,0.496,1.392,1.0,0.0,5.6,6.512,113.256,0.0,0.0,0.0,0.0,0.0,4359.036660194397,4359.036564826965,1.192,1
76,0.0,0.0,0.0,0.0,0.0,0.0,0,0,0.0,0.0,0.0,0.0,0.0,0.0061941146850585,0.0086069107055664,0.009775161743164,0.0064373016357421,0.0070095062255859,0.0107288360595703,0.0107288360595703,0.014352798461914,0.0109672546386718,0.0109672546386718,0.0,0.0,0.496,1.36,2.0,0.0,6.096,5.728,112.0,0.0,0.0,0.0,0.0,0.0,4359.089350700378,4359.066367149353,0.0,1
77,0.0,0.0,0.0,0.0,0.0,0.0,0,0,0.0,0.0,0.0,0.0,0.0,0.0063073635101318,0.0088214874267578,0.0069538752237955,0.0080664952596028,0.0092983245849609,0.0085830688476562,0.0085830688476562,0.0085830688476562,0.009775161743164,0.009775161743164,0.0,0.0,0.496,1.36,2.0,0.0,9.856,10.176,112.0,0.0,0.0,0.0,0.0,0.0,4359.028744697571,4359.026551246643,0.0,1
78,0.0,0.0,0.0,0.0,0.0,0.0,0,0,0.0,0.0,0.0,0.0,0.0,0.0062990188598632,0.0086069107055664,0.0071525573730468,0.0066280364990234,0.0077724456787109,0.0085830688476562,0.0085830688476562,0.0104427337646484,0.0112056732177734,0.0112056732177734,0.0,0.0,0.496,1.36,2.0,0.0,6.448,6.224,112.0,0.0,0.0,0.0,0.0,0.0,4359.02795791626,4359.025478363037,0.0,1
79,0.0,0.0,0.0,0.0,0.0,0.0,0,0,0.0,0.0,0.0,0.0,0.0,0.0062692165374755,0.0088453292846679,0.0074505805969238,0.0071525573730468,0.008249282836914,0.0083446502685546,0.0083446502685546,0.0109195709228515,0.0083446502685546,0.0083446502685546,0.0,0.0,0.496,1.36,1.0,0.0,5.6,6.512,112.0,1.184,1.184,0.0,1891.0750945409136,4001.648879051209,4359.020233154297,4359.015607833862,0.0,1
80,0.0,0.0,0.0,0.0,0.0,0.0,0,0,0.0,0.0,0.0,0.0,0.0,0.0060643299971476,0.0081062316894531,0.0071048736572265,0.0066757202148437,0.0083684921264648,0.0083446502685546,0.0083446502685546,0.0097274780273437,0.0252723693847656,0.0252723693847656,0.0050067901611328,0.0053882598876953,0.496,1.36,0.0,4.0,6.096,5.728,115.712,1.184,2.368,0.0,852.6005347569784,3071.9944953918457,4359.014439582825,4359.01415348053,3.36,1
81,0.0,0.0,0.0,0.0,0.0,0.0,0,0,0.0,0.0,0.0,0.0,0.0,0.0062925898613621,0.0085830688476562,0.0066359837849934,0.006715456644694,0.0082254409790039,0.0071525573730468,0.0071525573730468,0.0090599060058593,0.0088214874267578,0.0088214874267578,0.0042915344238281,0.0042915344238281,0.496,1.424,0.0,2.0,9.856,10.176,113.256,1.184,1.184,0.0,-174.89937941233316,1944.719505310059,4359.011888504028,4359.011888504028,1.192,1
82,0.0,0.0,0.0,0.0,0.0,0.0,0,0,0.0,0.0,0.0,0.0,0.0,0.0062071861912362,0.0081062316894531,0.0066280364990234,0.00762939453125,0.009775161743164,0.0069141387939453,0.0069141387939453,0.0082015991210937,0.00762939453125,0.00762939453125,0.0047683715820312,0.0047683715820312,0.496,1.36,0.0,2.0,6.448,6.224,113.256,1.184,1.184,0.0,-1198.8999048868816,920.7209587097173,4359.012818336487,4359.012722969055,1.192,1
83,0.0,0.0,0.0,0.0,0.0,0.0,0,0,0.0,0.0,0.0,0.0,0.0,0.0063424086689355,0.0085830688476562,0.0073909759521484,0.0071048736572265,0.0084877014160156,0.0081062316894531,0.0081062316894531,0.0101327896118164,0.0109672546386718,0.0109672546386718,0.0090599060058593,0.0090599060058593,0.496,1.36,0.0,2.0,5.6,6.512,114.728,5.376,7.408,0.0,-1481.60277472602,0.0100612640380859,4359.016537666321,4359.013398488362,2.44,1
84,0.0,0.0,0.0,0.0,0.0,0.0,0,0,0.0,0.0,0.0,0.0,0.0,0.0060606002807617,0.0083684921264648,0.008392333984375,0.0078082084655761,0.0107288360595703,0.0073909759521484,0.0073909759521484,0.0111579895019531,0.0090599060058593,0.0090599060058593,0.0,0.0,0.496,1.424,0.0,0.0,6.096,5.728,112.0,0.528,0.0,0.0,0.0,0.0,4359.036993980408,4359.036326408386,0.0,1
85,0.0,0.0,0.0,0.0,0.0,0.0,0,0,0.0,0.0,0.0,0.0,0.0,0.0059348780934403,0.0078678131103515,0.0069936116536458,0.0079075495402018,0.0100135803222656,0.0066757202148437,0.0066757202148437,0.0082254409790039,0.0088214874267578,0.0088214874267578,0.0055789947509765,0.0065803527832031,0.496,1.36,1.0,0.0,9.856,10.176,123.864,1.056,0.0,0.0,0.0,0.0,4359.042954444885,4359.033703804016,10.424,1
86,0.0,0.0,0.0,0.0,0.0,0.0,0,0,0.0,0.0,0.0,0.0,0.0,0.006392227476509,0.0085830688476562,0.0062942504882812,0.0079154968261718,0.009012222290039,0.00762939453125,0.00762939453125,0.0072479248046875,0.0083446502685546,0.0083446502685546,0.0039728064286081,0.0046730041503906,0.496,1.424,3.0,0.0,6.448,6.224,114.296,1.056,0.0,0.0,0.0,0.0,4359.036636352539,4359.034140904744,1026.888,1
87,0.0,0.0,0.0,0.0,0.0,0.0,0,0,0.0,0.0,0.0,0.0,0.0,0.0062558188367245,0.0085830688476562,0.0072121620178222,0.0067710876464843,0.0077724456787109,0.0100135803222656,0.0100135803222656,0.0093460083007812,0.0128746032714843,0.0128746032714843,0.0050663948059082,0.0057697296142578,0.496,1.424,3.0,0.0,5.6,6.512,113.256,2.112,0.528,0.0,0.0147819519042968,0.0147819519042968,4359.03468132019,4359.029054641724,21.648,1
88,0.0,0.0,0.0,0.0,0.0,0.0,0,0,0.0,0.0,0.0,0.0,0.0,0.0061025760443927,0.0083446502685546,0.0073432922363281,0.0070929527282714,0.0098466873168945,0.0081062316894531,0.0081062316894531,0.0092029571533203,0.0102519989013671,0.0102519989013671,0.0051259994506835,0.0067949295043945,0.496,1.36,3.0,0.0,6.096,5.728,121.288,2.176,1.12,0.0,1612.56742477417,3487.8000736236577,4359.029769897461,4359.026908874512,33.616,1
89,0.0,0.0,0.0,0.0,0.0,0.0,0,0,0.0,0.0,0.0,0.0,0.0,0.0061776378367206,0.0088214874267578,0.0064373016357421,0.007788340250651,0.0094175338745117,0.013589859008789,0.013589859008789,0.0073909759521484,0.0088214874267578,0.0088214874267578,0.0052452087402343,0.0060558319091796,0.496,1.424,2.0,2.0,9.856,10.176,115.712,1.776,2.368,0.0,1377.849777539571,3101.796078681946,4359.029006958008,4359.017508370535,7.576,1
90,0.0,0.0,0.0,0.0,0.0,0.0,0,0,0.0,0.0,0.0,0.0,0.0,0.0063169120561958,0.0083446502685546,0.0052452087402343,0.0066280364990234,0.0094413757324218,0.0067949295043945,0.0068902969360351,0.006866455078125,0.0113248825073242,0.012373924255371,0.0043999065052379,0.0058412551879882,1.344,2.272,0.0,5.0,6.448,6.224,122.384,1.776,2.96,0.0,646.0274775822958,3072.0037698745728,4359.026670455933,4359.020233154297,167.616,1
91,0.0,0.0,0.0,0.0,0.0,0.0,0,0,0.0,0.0,0.0,0.0,0.0,0.0069473513323276,0.0095367431640625,0.0061392784118652,0.0061988830566406,0.0079631805419921,0.0071525573730468,0.0071525573730468,0.007033348083496,0.0109672546386718,0.0109672546386718,0.00396021481218,0.0047683715820312,0.496,1.424,0.0,3.0,5.6,6.512,117.192,1.776,1.776,0.0,-516.9035461213854,1331.896352767945,4359.011888504028,4359.011332194011,5913.968,1
92,0.0,0.0,0.0,0.0,0.0,0.0,0,0,0.0,0.0,0.0,0.0,0.0,0.0061571598052978,0.0083446502685546,0.0077247619628906,0.0077486038208007,0.009012222290039,0.0081062316894531,0.0081062316894531,0.0121116638183593,0.0078678131103515,0.0078678131103515,0.0066757202148437,0.0066757202148437,0.496,1.424,0.0,3.0,6.096,5.728,112.0,1.776,1.776,0.0,-1540.5677027172512,307.5074195861824,4359.016513824463,4359.014828999837,4.92,1
93,0.0,0.0,0.0,0.0,0.0,0.0,0,0,0.0,0.0,0.0,0.0,0.0,0.0063275346661558,0.0085830688476562,0.0063578287760416,0.0082254409790039,0.0106096267700195,0.0088214874267578,0.0088214874267578,0.0077486038208007,0.0166893005371093,0.0166893005371093,0.003940994675095,0.0047683715820312,0.496,1.392,0.0,2.0,9.856,10.176,122.384,5.376,7.408,0.0,-1483.4118286768596,0.0105142593383789,4359.017491340637,4359.013160069783,2105.16,1
94,0.0,0.0,0.0,0.0,0.0,0.0,0,0,0.0,0.0,0.0,0.0,0.0,0.0063936309059067,0.0085830688476562,0.0054836273193359,0.0075817108154296,0.0091075897216796,0.0081062316894531,0.0081062316894531,0.0068187713623046,0.0123977661132812,0.0123977661132812,0.0065565109252929,0.0068426132202148,0.496,1.424,0.0,0.0,6.448,6.224,116.544,2.96,2.656,0.0,0.0082651774088541,0.0103473663330078,4359.038734436035,4359.027624130249,4.192,1
95,0.0,0.0,0.0,0.0,0.0,0.0,0,0,0.0,0.0,0.0,0.0,0.0,0.0062297232708527,0.0083446502685546,0.005960464477539,0.0077247619628906,0.0094890594482421,0.013589859008789,0.013589859008789,0.0074386596679687,0.0100135803222656,0.0100135803222656,0.0049571196238199,0.0066995620727539,0.496,1.424,2.0,0.0,5.6,6.512,113.256,1.584,0.0,0.0,0.0,0.0,4359.02316570282,4359.0205907821655,182.128,1
96,0.0,0.0,0.0,0.0,0.0,0.0,0,0,0.0,0.0,0.0,0.0,0.0,0.0063317332101698,0.0088214874267578,0.0086784362792968,0.0064373016357421,0.0070095062255859,0.0112056732177734,0.0112056732177734,0.0123500823974609,0.0073909759521484,0.0073909759521484,0.0047683715820312,0.0047683715820312,0.496,1.392,2.0,0.0,6.096,5.728,113.256,1.584,0.0,0.0,0.0,0.0,4359.0256452560425,4359.024405479431,1.192,1
97,0.0,0.0,0.0,0.0,0.0,0.0,0,0,0.0,0.0,0.0,0.0,0.0,0.0063097476959228,0.0085830688476562,0.0063578287760416,0.0064373016357421,0.0077486038208007,0.0069141387939453,0.0069141387939453,0.0084638595581054,0.0073909759521484,0.0073909759521484,0.0,0.0,0.496,1.36,2.0,0.0,9.856,10.176,112.0,2.64,0.528,0.0,0.0138282775878906,0.0138282775878906,4359.032082557678,4359.028935432434,0.0,1
98,0.0,0.0,0.0,0.0,0.0,0.0,0,0,0.0,0.0,0.0,0.0,0.0,0.0062449143664671,0.0088214874267578,0.0075817108154296,0.006103515625,0.0079154968261718,0.00762939453125,0.00762939453125,0.0130653381347656,0.0071525573730468,0.0071525573730468,0.0063180923461914,0.006413459777832,0.496,1.36,2.0,0.0,6.448,6.224,119.776,3.232,1.648,0.0,1414.3062829971311,3390.3929233551025,4359.026646614075,4359.022259712219,7.344,1
99,0.0,0.0,0.0,0.0,0.0,0.0,0,0,0.0,0.0,0.0,0.0,0.0,0.0062997068338726,0.0085830688476562,0.0060796737670898,0.0063896179199218,0.0071048736572265,0.00762939453125,0.00762939453125,0.0078678131103515,0.0069141387939453,0.0069141387939453,0.0054836273193359,0.0054836273193359,0.496,1.424,0.0,2.0,5.6,6.512,117.192,1.184,1.776,0.0,1203.2736937204998,3086.133050918579,4359.018898010254,4359.017372131348,6.024,1
100,0.0,0.0,0.0,0.0,0.0,0.0,0,0,0.0,0.0,0.0,0.0,0.0,0.0063264369964599,0.0085830688476562,0.0072956085205078,0.0064373016357421,0.0067710876464843,0.0104904174804687,0.0104904174804687,0.0104904174804687,0.011444091796875,0.011444091796875,0.0,0.0,0.496,1.424,0.0,3.0,6.096,5.728,112.0,1.184,1.776,0.0,509.2254877090454,2360.4262113571176,4359.0167760849,4359.016299247742,0.0,1
101,0.0,0.0,0.0,0.0,0.0,0.0,0,0,0.0,0.0,0.0,0.0,0.0,0.0061481305868318,0.0081062316894531,0.0059207280476888,0.0071525573730468,0.0090599060058593,0.0083446502685546,0.0083446502685546,0.0069141387939453,0.0073909759521484,0.0073909759521484,0.0046491622924804,0.0051259994506835,0.496,1.36,0.0,2.0,9.856,10.176,118.448,1.184,1.184,0.0,-687.3770356178284,1024.7969150543213,4359.017324447632,4359.015226364136,6.496,1
102,0.0,0.0,0.0,0.0,0.0,0.0,0,0,0.0,0.0,0.0,0.0,0.0,0.0061846491116196,0.0083446502685546,0.0054359436035156,0.0064849853515625,0.0076770782470703,0.0081062316894531,0.0081062316894531,0.006723403930664,0.0088214874267578,0.0088214874267578,0.0088214874267578,0.0088214874267578,0.496,1.424,0.0,2.0,6.448,6.224,113.256,3.208,3.824,0.0,-1369.094451268514,0.0112533569335937,4359.02361869812,4359.015655517578,1.192,1
103,0.0,0.0,0.0,0.0,0.0,0.0,0,0,0.0,0.0,0.0,0.0,0.0,0.0061704151665986,0.0085830688476562,0.0092387199401855,0.0079631805419921,0.0092983245849609,0.0069141387939453,0.0069141387939453,0.0142574310302734,0.0147819519042968,0.0147819519042968,0.0047683715820312,0.0047683715820312,0.496,1.36,1.0,1.0,5.6,6.512,113.256,3.216,3.704,0.0,-1483.7339984046089,0.009918212890625,4359.022235870361,4359.020471572876,1.192,1
104,0.0,0.0,0.0,0.0,0.0,0.0,0,0,0.0,0.0,0.0,0.0,0.0,0.0061410488468585,0.0083446502685546,0.0074386596679687,0.0078678131103515,0.0102996826171875,0.0083446502685546,0.0083446502685546,0.0080585479736328,0.0085830688476562,0.0085830688476562,0.0046491622924804,0.0051259994506835,0.496,1.36,1.0,0.0,6.096,5.728,119.024,1.056,0.0,0.0,0.0,0.0,4359.0521812438965,4359.0521812438965,6.448,1
105,0.0,0.0,0.0,0.0,0.0,0.0,0,0,0.0,0.0,0.0,0.0,0.0,0.0062203407287597,0.0085830688476562,0.0058412551879882,0.0081459681193033,0.0094175338745117,0.0085830688476562,0.0085830688476562,0.0067949295043945,0.0107288360595703,0.0107288360595703,0.0,0.0,0.496,1.424,1.0,0.0,9.856,10.176,112.0,1.056,0.0,0.0,0.0,0.0,4359.038829803467,4359.038829803467,0.0,1
106,0.0,0.0,0.0,0.0,0.0,0.0,0,0,0.0,0.0,0.0,0.0,0.0,0.0060939788818359,0.0078916549682617,0.0066757202148437,0.0078201293945312,0.0101566314697265,0.0071525573730468,0.0071525573730468,0.0077724456787109,0.00762939453125,0.00762939453125,0.0,0.0,0.496,1.36,1.0,0.0,6.448,6.224,112.0,1.056,0.0,0.0,0.0,0.0,4359.028100967407,4359.028100967407,0.0,1
107,0.0,0.0,0.0,0.0,0.0,0.0,0,0,0.0,0.0,0.0,0.0,0.0,0.0062799453735351,0.0085830688476562,0.0067353248596191,0.0079154968261718,0.009775161743164,0.0083446502685546,0.0083446502685546,0.0096082687377929,0.0095367431640625,0.0095367431640625,0.0,0.0,0.496,1.36,0.0,0.0,5.6,6.512,112.0,3.232,1.648,0.0,1403.9585590362549,3374.4322061538696,4359.01255607605,4359.0123653411865,0.0,1
108,0.0,0.0,0.0,0.0,0.0,0.0,0,0,0.0,0.0,0.0,0.0,0.0,0.005946230532518,0.0078678131103515,0.0072479248046875,0.0090003013610839,0.0126838684082031,0.0069141387939453,0.0069141387939453,0.0099658966064453,0.0078678131103515,0.0078678131103515,0.0071525573730468,0.0071525573730468,0.496,1.36,0.0,2.0,6.096,5.728,113.256,0.592,1.184,0.0,856.4550479253134,2970.3377008438115,4359.019041061401,4359.019041061401,1.192,1
109,0.0,0.0,0.0,0.0,0.0,0.0,0,0,0.0,0.0,0.0,0.0,0.0,0.0061150824669564,0.0083446502685546,0.0064770380655924,0.0071922938028971,0.0083446502685546,0.0073909759521484,0.0073909759521484,0.0084638595581054,0.0071525573730468,0.0071525573730468,0.004887580871582,0.0051736831665039,0.496,1.36,0.0,1.0,9.856,10.176,116.224,0.592,0.592,0.0,-170.62143484751385,1536.4726781845093,4359.0123653411865,4359.0123653411865,3.872,1
110,0.0,0.0,0.0,0.0,0.0,0.0,0,0,0.0,0.0,0.0,0.0,0.0,0.0063862966660836,0.0090599060058593,0.0057697296142578,0.0089645385742187,0.0107765197753906,0.0066757202148437,0.0066757202148437,0.0075817108154296,0.0126361846923828,0.0126361846923828,0.0078678131103515,0.0078678131103515,0.496,1.424,0.0,1.0,6.448,6.224,113.256,0.592,0.592,0.0,-1195.57789961497,511.5162134170532,4359.011173248291,4359.011173248291,1.192,1
111,0.0,0.0,0.0,0.0,0.0,0.0,0,0,0.0,0.0,0.0,0.0,0.0,0.0061115415969697,0.0078678131103515,0.0065565109252929,0.0082015991210937,0.0107765197753906,0.0071525573730468,0.0071525573730468,0.0079870223999023,0.0090599060058593,0.0090599060058593,0.0072717666625976,0.0081300735473632,0.496,1.36,0.0,1.0,5.6,6.512,120.24,2.496,3.248,0.0,-1479.0562788645427,0.0103473663330078,4359.031057357788,4359.022283554077,9.04,1
112,0.0,0.0,0.0,0.0,0.0,0.0,0,0,0.0,0.0,0.0,0.0,0.0,0.0059450443704329,0.0078678131103515,0.0071525573730468,0.0103712081909179,0.0113725662231445,0.0104904174804687,0.0104904174804687,0.0091075897216796,0.0085830688476562,0.0085830688476562,0.0044107437133789,0.004887580871582,0.496,1.424,2.0,0.0,6.096,5.728,117.192,0.528,0.0,0.0,0.0,0.0,4359.058475494385,4359.047412872314,15.872,1
113,0.0,0.0,0.0,0.0,0.0,0.0,0,0,0.0,0.0,0.0,0.0,0.0,0.0061372431313119,0.0084877014160156,0.0084638595581054,0.007788340250651,0.0090599060058593,0.0083446502685546,0.0083446502685546,0.013589859008789,0.009775161743164,0.009775161743164,0.0044082073455161,0.0054836273193359,0.496,1.392,2.0,0.0,9.856,10.176,137.96,0.528,0.0,0.0,0.0,0.0,4359.034323692322,4359.029650688171,426.024,1
114,0.0,0.0,0.0,0.0,0.0,0.0,0,0,0.0,0.0,0.0,0.0,0.0,0.0059461593627929,0.0083446502685546,0.0067710876464843,0.0072479248046875,0.0085830688476562,0.0073909759521484,0.0073909759521484,0.0089645385742187,0.0092983245849609,0.0092983245849609,0.0,0.0,0.496,1.424,2.0,0.0,6.448,6.224,112.0,0.528,0.0,0.0,0.0,0.0,4359.056735038757,4359.044432640076,0.0,1
115,0.0,0.0,0.0,0.0,0.0,0.0,0,0,0.0,0.0,0.0,0.0,0.0,0.0063507118035311,0.0088214874267578,0.0068545341491699,0.0057220458984375,0.0071048736572265,0.0092983245849609,0.0092983245849609,0.0094890594482421,0.0085830688476562,0.0085830688476562,0.0071525573730468,0.0071525573730468,0.496,1.392,2.0,0.0,5.6,6.512,113.256,2.768,1.712,0.0,1871.8507106487568,3868.1394577026376,4359.063506126404,4359.0290149052935,1.192,1
116,0.0,0.0,0.0,0.0,0.0,0.0,0,0,0.0,0.0,0.0,0.0,0.0,0.0059901185296661,0.0085830688476562,0.0062942504882812,0.0079274177551269,0.0088214874267578,0.0069141387939453,0.0069141387939453,0.0073909759521484,0.0061988830566406,0.0061988830566406,0.0047683715820312,0.0047683715820312,0.496,1.36,0.0,2.0,6.096,5.728,113.256,1.184,1.184,0.0,1027.042309443156,2969.72405910492,4359.011435508728,4359.010577201843,1.192,1
117,0.0,0.0,0.0,0.0,0.0,0.0,0,0,0.0,0.0,0.0,0.0,0.0,0.0061466919248969,0.0085830688476562,0.0056425730387369,0.0075499216715494,0.0096559524536132,0.0069141387939453,0.0069141387939453,0.0065565109252929,0.0100135803222656,0.0100135803222656,0.0071525573730468,0.0071525573730468,0.496,1.36,0.0,4.0,9.856,10.176,113.256,1.184,2.368,0.0,6.076614061991374,2048.0656147003174,4359.020233154297,4359.0192794799805,1.192,1
118,0.0,0.0,0.0,0.0,0.0,0.0,0,0,0.0,0.0,0.0,0.0,0.0,0.0062072277069091,0.0081062316894531,0.0074386596679687,0.0091552734375,0.0119209289550781,0.0073909759521484,0.0073909759521484,0.0092983245849609,0.0138282775878906,0.0138282775878906,0.0,0.0,0.496,1.36,0.0,2.0,6.448,6.224,112.0,1.184,1.184,0.0,-1021.9664176305135,920.7150459289554,4359.0208530426025,4359.01665687561,0.0,1
119,0.0,0.0,0.0,0.0,0.0,0.0,0,0,0.0,0.0,0.0,0.0,0.0,0.0065391503491447,0.0090599060058593,0.0056028366088867,0.006723403930664,0.0074386596679687,0.00762939453125,0.00762939453125,0.005960464477539,0.0083446502685546,0.0083446502685546,0.0039222976924237,0.0045299530029296,0.496,1.36,0.0,2.0,5.6,6.512,143.152,1.184,1.184,0.0,-2044.9978907903037,-102.29575634002651,4359.0176820755005,4359.01415348053,10197.192,1
120,0.0,0.0,0.0,0.0,0.0,0.0,0,0,0.0,0.0,0.0,0.0,0.0,0.0069034633351795,0.0090599060058593,0.00762939453125,0.0065565109252929,0.0095605850219726,0.0145435333251953,0.0145435333251953,0.0115394592285156,0.0123977661132812,0.0123977661132812,0.0038944406712308,0.0045299530029296,0.496,1.424,0.0,0.0,6.096,5.728,117.192,5.744,4.768,0.0,0.0057220458984375,0.007033348083496,4359.030246734619,4359.016716480255,12592.536,1
121,0.0,0.0,0.0,0.0,0.0,0.0,0,0,0.0,0.0,0.0,0.0,0.0,0.0062596797943115,0.0088214874267578,0.0064373016357421,0.0075499216715494,0.0090599060058593,0.0060796737670898,0.0075101852416992,0.0071525573730468,0.012516975402832,0.0135660171508789,0.0,0.0,1.344,2.272,0.0,0.0,9.856,10.176,112.0,1.056,0.0,0.0,0.0,0.0,0.0,0.0,0.0,1
122,0.0,0.0,0.0,0.0,0.0,0.0,0,0,0.0,0.0,0.0,0.0,0.0,0.0060926569570409,0.0078678131103515,0.0057697296142578,0.0069141387939453,0.0086307525634765,0.0090599060058593,0.0090599060058593,0.0072479248046875,0.0088214874267578,0.0088214874267578,0.0052452087402343,0.0069141387939453,0.496,1.36,0.0,0.0,6.448,6.224,118.448,1.056,0.0,0.0,0.0,0.0,0.0,0.0,52.928,1
123,0.0,0.0,0.0,0.0,0.0,0.0,0,0,0.0,0.0,0.0,0.0,0.0,0.0061706956384217,0.0081062316894531,0.0075697898864746,0.0070095062255859,0.0075340270996093,0.0071525573730468,0.0071525573730468,0.0100374221801757,0.0109672546386718,0.0109672546386718,0.0038796282829122,0.0045299530029296,0.496,1.424,0.0,0.0,5.6,6.512,123.64,1.056,0.0,0.0,0.0,0.0,0.0,0.0,2693.896,1
124,0.0,0.0,0.0,0.0,0.0,0.0,0,0,0.0,0.0,0.0,0.0,0.0,0.0074585871909981,0.009775161743164,0.0084877014160156,0.0082850456237792,0.009012222290039,0.0102519989013671,0.0102519989013671,0.0140666961669921,0.0162124633789062,0.0162124633789062,0.0038740002238397,0.0045299530029296,0.496,1.424,0.0,0.0,6.096,5.728,117.888,3.168,1.056,0.0,0.0106096267700195,0.0137567520141601,4359.034442901611,4359.034061431885,31730.8,1
125,0.0,0.0,0.0,0.0,0.0,0.0,0,0,0.0,0.0,0.0,0.0,0.0,0.0066041946411132,0.0090837478637695,0.006874402364095,0.0071922938028971,0.0085830688476562,0.0116825103759765,0.0116825103759765,0.0089406967163085,0.0095367431640625,0.0095367431640625,0.0,0.0,0.496,1.424,2.0,0.0,9.856,10.176,112.0,0.0,0.0,0.0,0.0,0.0,4359.042692184448,4359.039068222046,0.0,1
126,0.0,0.0,0.0,0.0,0.0,0.0,0,0,0.0,0.0,0.0,0.0,0.0,0.0062763690948486,0.0081300735473632,0.005960464477539,0.0065803527832031,0.0076770782470703,0.0112056732177734,0.0112056732177734,0.008249282836914,0.0126361846923828,0.0126361846923828,0.0,0.0,0.496,1.392,2.0,0.0,6.448,6.224,112.0,0.0,0.0,0.0,0.0,0.0,4359.03913974762,4359.033703804016,0.0,1
127,0.0,0.0,0.0,0.0,0.0,0.0,0,0,0.0,0.0,0.0,0.0,0.0,0.0060498714447021,0.0081062316894531,0.0057220458984375,0.0072956085205078,0.0086307525634765,0.00762939453125,0.00762939453125,0.0069379806518554,0.0083446502685546,0.0083446502685546,0.0,0.0,0.496,1.36,2.0,0.0,5.6,6.512,112.0,0.0,0.0,0.0,0.0,0.0,4359.339833259583,4359.202980995178,0.0,1
128,0.0,0.0,0.0,0.0,0.0,0.0,0,0,0.0,0.0,0.0,0.0,0.0,0.0063081093022388,0.0085830688476562,0.0075340270996093,0.0081062316894531,0.0105619430541992,0.0066757202148437,0.0066757202148437,0.011301040649414,0.0085830688476562,0.0085830688476562,0.0048301838062427,0.0062942504882812,0.496,1.36,2.0,0.0,6.096,5.728,119.144,1.184,1.184,0.0,1908.4012905756636,4031.658840179444,4359.034299850464,4359.021147092183,144.472,1
129,0.0,0.0,0.0,0.0,0.0,0.0,0,0,0.0,0.0,0.0,0.0,0.0,0.0063853688759378,0.0081062316894531,0.0057617823282877,0.0075101852416992,0.0101327896118164,0.0078678131103515,0.0078678131103515,0.0069141387939453,0.0081062316894531,0.0081062316894531,0.0053246815999348,0.0057697296142578,0.496,1.424,0.0,4.0,9.856,10.176,118.864,1.184,2.368,0.0,849.3799368540446,3072.015380859375,4359.020686149597,4359.0205907821655,8.392,1
130,0.0,0.0,0.0,0.0,0.0,0.0,0,0,0.0,0.0,0.0,0.0,0.0,0.006277169754256,0.0085830688476562,0.0066280364990234,0.0066757202148437,0.00762939453125,0.0102519989013671,0.0102519989013671,0.0103950500488281,0.0107288360595703,0.0107288360595703,0.0041512882008272,0.0050544738769531,0.496,1.424,0.0,2.0,6.448,6.224,113.256,1.184,1.184,0.0,-177.63014634450278,1946.635222434998,4359.021472930908,4359.017848968506,172.968,1
131,0.0,0.0,0.0,0.0,0.0,0.0,0,0,0.0,0.0,0.0,0.0,0.0,0.0059874774199988,0.0078678131103515,0.0051856040954589,0.0071048736572265,0.0088691711425781,0.0078678131103515,0.0078678131103515,0.0060796737670898,0.0109672546386718,0.0109672546386718,0.0054459822805304,0.0075340270996093,0.496,1.424,0.0,2.0,5.6,6.512,119.192,1.184,1.184,0.0,-1202.810009320577,921.2911605834964,4359.021377563477,4359.0192794799805,52.504,1
132,0.0,0.0,0.0,0.0,0.0,0.0,0,0,0.0,0.0,0.0,0.0,0.0,0.0064337431494869,0.0088214874267578,0.0070095062255859,0.0086426734924316,0.0101327896118164,0.0104904174804687,0.0104904174804687,0.0081062316894531,0.0116825103759765,0.0116825103759765,0.0047024260175989,0.0058174133300781,0.496,1.424,0.0,2.0,6.096,5.728,113.256,5.376,7.408,0.0,-1484.421518113878,0.0091552734375,4359.012937545776,4359.009947095598,222.584,1
133,0.0,0.0,0.0,0.0,0.0,0.0,0,0,0.0,0.0,0.0,0.0,0.0,0.0062570049988096,0.0085830688476562,0.0062386194864908,0.0073909759521484,0.0085830688476562,0.0071525573730468,0.0071525573730468,0.00762939453125,0.011444091796875,0.011444091796875,0.0065565109252929,0.0075817108154296,0.496,1.424,0.0,0.0,9.856,10.176,117.192,1.056,0.0,0.0,0.0,0.0,4359.038591384888,4359.0357303619385,15.904,1
134,0.0,0.0,0.0,0.0,0.0,0.0,0,0,0.0,0.0,0.0,0.0,0.0,0.0063239937961691,0.0085830688476562,0.0062465667724609,0.0073909759521484,0.0092029571533203,0.0073909759521484,0.0073909759521484,0.0089645385742187,0.0078678131103515,0.0078678131103515,0.0050862630208333,0.0073432922363281,0.496,1.424,2.0,0.0,6.448,6.224,121.44,1.056,0.0,0.0,0.0,0.0,4359.035229682922,4359.028458595276,191.864,1
135,0.0,0.0,0.0,0.0,0.0,0.0,0,0,0.0,0.0,0.0,0.0,0.0,0.0062465667724609,0.0083446502685546,0.0057816505432128,0.0069141387939453,0.0089645385742187,0.0107288360595703,0.0107288360595703,0.0066041946411132,0.0112056732177734,0.0112056732177734,0.0046888987223307,0.005960464477539,0.496,1.424,0.0,0.0,5.6,6.512,112.0,0.0,0.0,0.0,0.0,0.0,0.0,0.0,225.656,1
136,0.0,0.0,0.0,0.0,0.0,0.0,0,0,0.0,0.0,0.0,0.0,0.0,0.006147878086982,0.0078678131103515,0.0079154968261718,0.0073909759521484,0.008392333984375,0.0069141387939453,0.0069141387939453,0.0118255615234375,0.0073909759521484,0.0073909759521484,0.0052154064178466,0.006103515625,0.496,1.392,2.0,0.0,6.096,5.728,114.648,1.056,0.0,0.0,0.0,0.0,4359.038043022156,4359.03012752533,27.264,1
137,0.0,0.0,0.0,0.0,0.0,0.0,0,0,0.0,0.0,0.0,0.0,0.0,0.0062555369764271,0.0088214874267578,0.0064373016357421,0.0067551930745442,0.0075101852416992,0.0081062316894531,0.0081062316894531,0.0075101852416992,0.0092983245849609,0.0092983245849609,0.0055789947509765,0.007486343383789,0.496,1.424,2.0,0.0,9.856,10.176,116.224,3.696,1.056,0.0,0.0096559524536132,0.0103235244750976,4359.036159515381,4359.031200408936,28.824,1
138,0.0,0.0,0.0,0.0,0.0,0.0,0,0,0.0,0.0,0.0,0.0,0.0,0.0064925019964208,0.0085830688476562,0.0063419342041015,0.0088214874267578,0.0111103057861328,0.0069141387939453,0.0069141387939453,0.0099658966064453,0.0071525573730468,0.0071525573730468,0.0049206945631239,0.0064373016357421,0.496,1.424,2.0,0.0,6.448,6.224,118.04,1.184,1.184,0.0,1907.8886310259504,4030.249381065369,4359.039783477783,4359.024564425151,188.32,1
139,0.0,0.0,0.0,0.0,0.0,0.0,0,0,0.0,0.0,0.0,0.0,0.0,0.0062131170016616,0.0083446502685546,0.0065565109252929,0.0078678131103515,0.009775161743164,0.0081062316894531,0.0081062316894531,0.0069379806518554,0.0095367431640625,0.0095367431640625,0.004887580871582,0.0062227249145507,0.496,1.424,0.0,4.0,5.6,6.512,113.256,1.184,2.368,0.0,849.2086927096049,3071.7238664627075,4359.027600288391,4359.02750492096,51.712,1
140,0.0,0.0,0.0,0.0,0.0,0.0,0,0,0.0,0.0,0.0,0.0,0.0,0.0063347816467285,0.0088214874267578,0.0075817108154296,0.0076889991760253,0.0091075897216796,0.0069141387939453,0.0069141387939453,0.0114917755126953,0.0123977661132812,0.0123977661132812,0.0,0.0,0.496,1.392,0.0,2.0,6.096,5.728,112.0,1.184,1.184,0.0,-178.10203631718954,1945.5621957778933,4359.01243686676,4359.009861946106,0.0,1
141,0.0,0.0,0.0,0.0,0.0,0.0,0,0,0.0,0.0,0.0,0.0,0.0,0.0061893463134765,0.0081062316894531,0.0065432654486762,0.007033348083496,0.0081777572631835,0.0073909759521484,0.0073909759521484,0.0083446502685546,0.0112056732177734,0.0112056732177734,0.0,0.0,0.496,1.36,0.0,2.0,13.296,17.824,112.0,1.184,1.184,0.0,-1202.0520170529685,921.6252803802494,4359.019160270691,4359.0167760849,0.0,1
142,0.0,0.0,0.0,0.0,0.0,0.0,0,0,0.0,0.0,0.0,0.0,0.0,0.0062954425811767,0.0085830688476562,0.0059869554307725,0.0065962473551432,0.0082969665527343,0.0073909759521484,0.0073909759521484,0.0073909759521484,0.0147819519042968,0.0147819519042968,0.0,0.0,0.496,1.36,0.0,2.0,13.872,24.048,112.0,5.376,7.408,0.0,-1484.0501149495442,0.0082731246948242,4359.0147495269775,4359.012444814046,0.0,1
143,0.0,0.0,0.0,0.0,0.0,0.0,0,0,0.0,0.0,0.0,0.0,0.0,0.0062513351440429,0.0088214874267578,0.005960464477539,0.0058650970458984,0.0068187713623046,0.0071525573730468,0.0071525573730468,0.0066041946411132,0.0121593475341796,0.0121593475341796,0.0,0.0,0.496,1.36,0.0,0.0,5.6,6.512,112.0,1.056,0.0,0.0,0.0,0.0,4359.048795700073,4359.041929244995,0.0,1
144,0.0,0.0,0.0,0.0,0.0,0.0,0,0,0.0,0.0,0.0,0.0,0.0,0.0062047554354362,0.0085830688476562,0.0061988830566406,0.0069141387939453,0.008392333984375,0.0073909759521484,0.0073909759521484,0.0069618225097656,0.011444091796875,0.011444091796875,0.0045100847880045,0.0059127807617187,0.496,1.36,2.0,0.0,6.576,6.512,123.64,1.056,0.0,0.0,0.0,0.0,4359.028267860413,4359.026074409485,128.688,1
145,0.0,0.0,0.0,0.0,0.0,0.0,0,0,0.0,0.0,0.0,0.0,0.0,0.0067734718322753,0.0090599060058593,0.0074993480335582,0.0058954412286931,0.0073909759521484,0.0078678131103515,0.0078678131103515,0.0100135803222656,0.011444091796875,0.011444091796875,0.0052452087402343,0.0052452087402343,0.496,1.424,2.0,0.0,26.608,18.096,112.632,1.056,0.0,0.0,0.0,0.0,4359.040212631226,4359.033107757568,1.192,1
146,0.0,0.0,0.0,0.0,0.0,0.0,0,0,0.0,0.0,0.0,0.0,0.0,0.0068145011787983,0.0083446502685546,0.0069936116536458,0.0078280766805013,0.0092983245849609,0.0085830688476562,0.0085830688476562,0.0078678131103515,0.0109672546386718,0.0109672546386718,0.0083446502685546,0.0083446502685546,0.496,1.36,3.0,0.0,9.856,10.176,113.256,3.168,1.056,0.0,0.0131130218505859,0.0150203704833984,4359.036540985107,4359.03263092041,1.192,1
147,0.0,0.0,0.0,0.0,0.0,0.0,0,0,0.0,0.0,0.0,0.0,0.0,0.0068145011787983,0.0083446502685546,0.0062942504882812,0.0081857045491536,0.0096559524536132,0.0078678131103515,0.0078678131103515,0.0072002410888671,0.0107288360595703,0.0107288360595703,0.0083446502685546,0.0083446502685546,0.496,1.36,3.0,0.0,6.448,7.008,113.256,0.0,0.0,0.0,0.0,0.0,4359.023714065552,4359.02198155721,1.192,1
148,0.0,0.0,0.0,0.0,0.0,0.0,0,0,0.0,0.0,0.0,0.0,0.0,0.0068145011787983,0.0083446502685546,0.0060558319091796,0.0069737434387207,0.0074148178100585,0.0078678131103515,0.0078678131103515,0.0070571899414062,0.0116825103759765,0.0116825103759765,0.0083446502685546,0.0083446502685546,0.496,1.36,1.0,0.0,6.096,5.728,113.256,1.184,1.184,0.0,1909.24471616745,4032.33449459076,4359.020662307739,4359.01460647583,1.192,1
149,0.0,0.0,0.0,0.0,0.0,0.0,0,0,0.0,0.0,0.0,0.0,0.0,0.0068145011787983,0.0083446502685546,0.0065565109252929,0.007033348083496,0.008249282836914,0.0090599060058593,0.0090599060058593,0.0074148178100585,0.0078678131103515,0.0078678131103515,0.0083446502685546,0.0083446502685546,0.496,1.36,1.0,4.0,5.6,5.728,113.256,1.776,2.96,0.0,1053.6784728368125,3072.624492645264,4359.030818939209,4359.025239944458,1.192,1
150,0.0,0.0,0.0,0.0,0.0,0.0,0,0,0.0,0.0,0.0,0.0,0.0,0.0068145011787983,0.0083446502685546,0.0056028366088867,0.0060796737670898,0.0069141387939453,0.00762939453125,0.00762939453125,0.007033348083496,0.0107288360595703,0.0107288360595703,0.0083446502685546,0.0083446502685546,0.496,1.36,0.0,4.0,9.856,10.176,113.256,1.776,2.368,0.0,339.13206060727435,2053.943419456482,4359.0253829956055,4359.017928441365,1.192,1
151,0.0,0.0,0.0,0.0,0.0,0.0,0,0,0.0,0.0,0.0,0.0,0.0,0.0067359150046169,0.0083208084106445,0.0072479248046875,0.0063180923461914,0.00762939453125,0.0071525573730468,0.0071525573730468,0.0115394592285156,0.0121593475341796,0.0121593475341796,0.0044822692871093,0.0058174133300781,0.496,1.36,0.0,3.0,6.448,7.008,118.448,1.776,1.776,0.0,-858.2347498999702,1024.9944686889648,4359.021472930908,4359.018405278524,41.368,1
152,0.0,0.0,0.0,0.0,0.0,0.0,0,0,0.0,0.0,0.0,0.0,0.0,0.0070926647831276,0.0089168548583984,0.0066280364990234,0.0070929527282714,0.0095129013061523,0.0071525573730468,0.0071525573730468,0.0098705291748046,0.0081062316894531,0.0081062316894531,0.0041458341810438,0.0049829483032226,0.496,1.424,0.0,3.0,6.096,5.728,130.712,5.968,8.0,0.0,-1412.1679067611694,0.0102043151855468,4359.025001525879,4359.017031533377,1327.184,1
153,0.0,0.0,0.0,0.0,0.0,0.0,0,0,0.0,0.0,0.0,0.0,0.0,0.006780102478331,0.0085830688476562,0.0063776969909667,0.0081658363342285,0.0097274780273437,0.00762939453125,0.008392333984375,0.0082731246948242,0.0091791152954101,0.0113725662231445,0.0045299530029296,0.0045299530029296,1.344,2.272,0.0,1.0,5.6,5.728,113.256,1.648,0.592,0.0,-2219.805439313253,-511.9858980178833,4359.025001525879,4359.025001525879,1.192,1
154,0.0,0.0,0.0,0.0,0.0,0.0,0,0,0.0,0.0,0.0,0.0,0.0,0.0068986415863037,0.0083684921264648,0.006715456644694,0.0079075495402018,0.0100135803222656,0.0081062316894531,0.0081062316894531,0.0077486038208007,0.0095367431640625,0.0095367431640625,0.0,0.0,0.496,1.36,0.0,0.0,9.856,10.176,112.0,2.96,2.656,0.0,0.0085035959879557,0.0105857849121093,4359.032869338989,4359.020630518596,0.0,1
155,0.0,0.0,0.0,0.0,0.0,0.0,0,0,0.0,0.0,0.0,0.0,0.0,0.0068962574005126,0.0090599060058593,0.0064849853515625,0.0080664952596028,0.0119209289550781,0.0069141387939453,0.0069141387939453,0.0088691711425781,0.0083446502685546,0.0083446502685546,0.0,0.0,0.496,1.36,1.0,0.0,6.448,7.008,112.0,1.584,0.0,0.0,0.0,0.0,4359.044313430786,4359.044313430786,0.0,1
156,0.0,0.0,0.0,0.0,0.0,0.0,0,0,0.0,0.0,0.0,0.0,0.0,0.006851583424181,0.0088214874267578,0.0071525573730468,0.006258487701416,0.0075578689575195,0.0071525573730468,0.0071525573730468,0.0086307525634765,0.0119209289550781,0.0119209289550781,0.0067949295043945,0.0076532363891601,0.496,1.36,1.0,0.0,6.096,5.728,120.24,3.696,1.056,0.0,0.0104904174804687,0.0131607055664062,4359.034776687622,4359.034776687622,9.728,1
157,0.0,0.0,0.0,0.0,0.0,0.0,0,0,0.0,0.0,0.0,0.0,0.0,0.0068405967446702,0.0090599060058593,0.0066757202148437,0.0080466270446777,0.0097513198852539,0.0081062316894531,0.0081062316894531,0.0092506408691406,0.009775161743164,0.009775161743164,0.0058412551879882,0.0072717666625976,0.496,1.424,1.0,0.0,5.6,5.728,117.192,0.528,0.0,0.0,0.0,0.0,4359.053373336792,4359.053373336792,14.64,1
158,0.0,0.0,0.0,0.0,0.0,0.0,0,0,0.0,0.0,0.0,0.0,0.0,0.0070041301203709,0.0090599060058593,0.0071525573730468,0.0063578287760416,0.0071525573730468,0.0066757202148437,0.0066757202148437,0.008702278137207,0.0150203704833984,0.0150203704833984,0.0050561181430158,0.0063896179199218,0.496,1.424,1.0,0.0,9.856,10.176,124.128,2.176,1.12,0.0,1739.1225269862584,3460.3735446929936,4359.027004241943,4359.017769495647,170.264,1
159,0.0,0.0,0.0,0.0,0.0,0.0,0,0,0.0,0.0,0.0,0.0,0.0,0.0070291965161983,0.0090599060058593,0.0083446502685546,0.0067710876464843,0.0086307525634765,0.0073909759521484,0.0073909759521484,0.0139713287353515,0.0185966491699218,0.0185966491699218,0.005960464477539,0.0061511993408203,0.496,1.424,0.0,1.0,6.448,6.224,113.256,0.592,0.592,0.0,1026.8059968948364,2560.503602027893,4359.022378921509,4359.022378921509,3.248,1
160,0.0,0.0,0.0,0.0,0.0,0.0,0,0,0.0,0.0,0.0,0.0,0.0,0.0068844847418182,0.0088214874267578,0.0061988830566406,0.0069141387939453,0.0088214874267578,0.0078678131103515,0.0078678131103515,0.0070810317993164,0.0078678131103515,0.0078678131103515,0.0045299530029296,0.0045299530029296,0.496,1.392,0.0,2.0,5.6,6.512,113.256,0.592,1.184,0.0,5.830526351928711,1946.298837661744,4359.014987945557,4359.014987945557,1.192,1
161,0.0,0.0,0.0,0.0,0.0,0.0,0,0,0.0,0.0,0.0,0.0,0.0,0.0067245960235595,0.0083684921264648,0.00762939453125,0.0069141387939453,0.0078916549682617,0.0071525573730468,0.0071525573730468,0.0090599060058593,0.0069141387939453,0.0069141387939453,0.0,0.0,0.496,1.36,0.0,1.0,6.096,5.728,112.0,0.592,0.592,0.0,-1022.1973657608032,511.5002393722534,4359.013795852661,4359.013795852661,0.0,1
162,0.0,0.0,0.0,0.0,0.0,0.0,0,0,0.0,0.0,0.0,0.0,0.0,0.006873607635498,0.0083684921264648,0.0063578287760416,0.0091791152954101,0.013589859008789,0.0071525573730468,0.0071525573730468,0.007033348083496,0.0100135803222656,0.0100135803222656,0.0,0.0,0.496,1.36,0.0,1.0,9.856,10.176,112.0,2.616,3.232,0.0,-1363.4460237291123,0.0116348266601562,4359.025359153748,4359.019756317139,0.0,1
163,0.0,0.0,0.0,0.0,0.0,0.0,0,0,0.0,0.0,0.0,0.0,0.0,0.0068867206573486,0.0086069107055664,0.0058174133300781,0.0071922938028971,0.008702278137207,0.0081062316894531,0.0081062316894531,0.0080585479736328,0.009775161743164,0.009775161743164,0.0,0.0,0.496,1.36,1.0,0.0,6.448,7.008,112.0,0.528,0.0,0.0,0.0,0.0,4359.038352966309,4359.038352966309,0.0,1
164,0.0,0.0,0.0,0.0,0.0,0.0,0,0,0.0,0.0,0.0,0.0,0.0,0.0069582462310791,0.0092983245849609,0.0061988830566406,0.0086426734924316,0.0106573104858398,0.00762939453125,0.00762939453125,0.0084400177001953,0.0138282775878906,0.0138282775878906,0.0,0.0,0.496,1.36,1.0,0.0,6.096,5.728,112.0,0.528,0.0,0.0,0.0,0.0,4359.027147293091,4359.027147293091,0.0,1
165,0.0,0.0,0.0,0.0,0.0,0.0,0,0,0.0,0.0,0.0,0.0,0.0,0.0068370033712948,0.0088214874267578,0.0059008598327636,0.0078082084655761,0.010228157043457,0.0085830688476562,0.0085830688476562,0.0071048736572265,0.00762939453125,0.00762939453125,0.0057816505432128,0.0070095062255859,0.496,1.36,1.0,0.0,5.6,5.728,122.912,0.528,0.0,0.0,0.0,0.0,4359.030485153198,4359.030485153198,9.984,1
166,0.0,0.0,0.0,0.0,0.0,0.0,0,0,0.0,0.0,0.0,0.0,0.0,0.0067617835068121,0.0083446502685546,0.005801518758138,0.0075499216715494,0.0094175338745117,0.0064373016357421,0.0064373016357421,0.0064373016357421,0.0102519989013671,0.0102519989013671,0.0058809916178385,0.00762939453125,0.496,1.424,1.0,0.0,9.856,10.176,125.208,0.528,0.0,0.0,0.0,0.0,4359.025001525879,4359.025001525879,15.104,1
167,0.0,0.0,0.0,0.0,0.0,0.0,0,0,0.0,0.0,0.0,0.0,0.0,0.006624967745035,0.0083446502685546,0.0067710876464843,0.0069538752237955,0.0090599060058593,0.0081062316894531,0.0081062316894531,0.0096321105957031,0.0157356262207031,0.0157356262207031,0.0066757202148437,0.0077724456787109,0.496,1.424,0.0,0.0,6.448,7.008,115.6,1.648,1.12,0.0,1627.0901135035924,3507.5306415557866,4359.021186828613,4359.021186828613,5.672,1
168,0.0,0.0,0.0,0.0,0.0,0.0,0,0,0.0,0.0,0.0,0.0,0.0,0.0069570541381835,0.0088214874267578,0.0065326690673828,0.0082254409790039,0.0102996826171875,0.0078678131103515,0.0078678131103515,0.0075817108154296,0.013589859008789,0.013589859008789,0.0,0.0,0.496,1.424,0.0,2.0,6.096,5.728,112.0,0.592,1.184,0.0,850.8689403533936,2969.3147420883183,4359.014511108398,4359.014511108398,0.0,1
169,0.0,0.0,0.0,0.0,0.0,0.0,0,0,0.0,0.0,0.0,0.0,0.0,0.0069046020507812,0.0086069107055664,0.0073909759521484,0.007033348083496,0.0102043151855468,0.0078678131103515,0.0078678131103515,0.0113487243652343,0.0057220458984375,0.0057220458984375,0.0,0.0,0.496,1.36,0.0,1.0,5.6,5.728,112.0,0.592,0.592,0.0,-176.64647102355957,1535.0149869918823,4359.01141166687,4359.01141166687,0.0,1
170,0.0,0.0,0.0,0.0,0.0,0.0,0,0,0.0,0.0,0.0,0.0,0.0,0.0069296360015869,0.0085830688476562,0.0074704488118489,0.0083843866984049,0.0104904174804687,0.0071525573730468,0.0071525573730468,0.0094175338745117,0.0088214874267578,0.0088214874267578,0.0,0.0,0.496,1.36,0.0,1.0,9.856,10.176,112.0,0.592,0.592,0.0,-1199.6488571166992,512.0126008987427,4359.021425247192,4359.021425247192,0.0,1
171,0.0,0.0,0.0,0.0,0.0,0.0,0,0,0.0,0.0,0.0,0.0,0.0,0.0069570541381835,0.0088214874267578,0.0063419342041015,0.0063975652058919,0.0083446502685546,0.0090599060058593,0.0090599060058593,0.008249282836914,0.0069141387939453,0.0069141387939453,0.0,0.0,0.496,1.36,0.0,1.0,6.448,7.008,112.0,2.496,3.248,0.0,-1482.432656817966,0.0101566314697265,4359.030532836914,4359.021759033203,0.0,1
172,0.0,0.0,0.0,0.0,0.0,0.0,0,0,0.0,0.0,0.0,0.0,0.0,0.0070422442991342,0.0090599060058593,0.0051856040954589,0.0069737434387207,0.0083208084106445,0.0081062316894531,0.0081062316894531,0.0065803527832031,0.00762939453125,0.00762939453125,0.0061988830566406,0.0061988830566406,0.496,1.36,2.0,0.0,5.6,5.728,113.256,0.528,0.0,0.0,0.0,0.0,4359.021735191345,4359.020113945007,1.192,1
173,0.0,0.0,0.0,0.0,0.0,0.0,0,0,0.0,0.0,0.0,0.0,0.0,0.0067860332887564,0.0085830688476562,0.0070571899414062,0.006258487701416,0.0079631805419921,0.0078678131103515,0.0078678131103515,0.0096797943115234,0.0104904174804687,0.0104904174804687,0.0052452087402343,0.0052452087402343,0.496,1.36,2.0,0.0,6.096,5.728,113.256,0.528,0.0,0.0,0.0,0.0,4359.027934074402,4359.023451805115,1.192,1
174,0.0,0.0,0.0,0.0,0.0,0.0,0,0,0.0,0.0,0.0,0.0,0.0,0.0067208577128289,0.0083446502685546,0.0063975652058919,0.0071922938028971,0.0085830688476562,0.0083446502685546,0.0083446502685546,0.008702278137207,0.0131130218505859,0.0131130218505859,0.0053644180297851,0.0061988830566406,0.496,1.36,2.0,0.0,9.856,10.176,132.08,0.528,0.0,0.0,0.0,0.0,4359.029746055603,4359.028697013855,21.552,1
175,0.0,0.0,0.0,0.0,0.0,0.0,0,0,0.0,0.0,0.0,0.0,0.0,0.0068527637141765,0.0083446502685546,0.0057220458984375,0.0069141387939453,0.0087261199951171,0.0069141387939453,0.0069141387939453,0.0077724456787109,0.0116825103759765,0.0116825103759765,0.0058809916178385,0.006103515625,0.496,1.424,2.0,0.0,6.448,6.224,120.32,2.768,1.712,0.0,1738.6440497178298,3899.7265338897714,4359.033346176148,4359.020272890727,17.608,1
176,0.0,0.0,0.0,0.0,0.0,0.0,0,0,0.0,0.0,0.0,0.0,0.0,0.0069618225097656,0.0088214874267578,0.0056266784667968,0.0072956085205078,0.0087738037109375,0.0071525573730468,0.0071525573730468,0.0069141387939453,0.0092983245849609,0.0092983245849609,0.0,0.0,0.496,1.424,0.0,4.0,6.096,6.512,112.0,1.184,2.368,0.0,854.2713522911072,3072.4165439605717,4359.022259712219,4359.021782875061,0.0,1
177,0.0,0.0,0.0,0.0,0.0,0.0,0,0,0.0,0.0,0.0,0.0,0.0,0.0066041946411132,0.0081062316894531,0.0064969062805175,0.006258487701416,0.0068426132202148,0.0064373016357421,0.0064373016357421,0.0083208084106445,0.0112056732177734,0.0112056732177734,0.0,0.0,0.496,1.36,0.0,2.0,5.6,5.728,112.0,1.184,1.184,0.0,-173.4951138496399,1945.6152200698857,4359.021186828613,4359.016418457031,0.0,1
178,0.0,0.0,0.0,0.0,0.0,0.0,0,0,0.0,0.0,0.0,0.0,0.0,0.0069308280944824,0.0085830688476562,0.0062386194864908,0.007947285970052,0.0094175338745117,0.0066757202148437,0.0066757202148437,0.0073909759521484,0.011444091796875,0.011444091796875,0.0,0.0,0.496,1.36,0.0,2.0,9.856,10.176,112.0,1.184,1.184,0.0,-1196.9968676567078,921.6288805007938,4359.016871452332,4359.0167760849,0.0,1
179,0.0,0.0,0.0,0.0,0.0,0.0,0,0,0.0,0.0,0.0,0.0,0.0,0.0069342037238697,0.0085830688476562,0.0069618225097656,0.0066757202148437,0.0088214874267578,0.0083446502685546,0.0083446502685546,0.0109195709228515,0.0092983245849609,0.0092983245849609,0.0066757202148437,0.00762939453125,0.496,1.36,0.0,2.0,6.448,7.008,118.448,1.184,1.184,0.0,-2221.504867076874,-102.39357948303189,4359.0195417404175,4359.013915061951,11.888,1
180,0.0,0.0,0.0,0.0,0.0,0.0,0,0,0.0,0.0,0.0,0.0,0.0,0.0068500860413508,0.0083446502685546,0.0080108642578125,0.007331371307373,0.0081062316894531,0.0071525573730468,0.0071525573730468,0.0111579895019531,0.0073909759521484,0.0073909759521484,0.0045299530029296,0.0045299530029296,0.496,1.424,0.0,0.0,6.096,5.728,113.256,5.744,4.856,0.0,0.0098148981730143,0.0189542770385742,4359.014892578125,4359.0123653411865,1.192,1
181,0.0,0.0,0.0,0.0,0.0,0.0,0,0,0.0,0.0,0.0,0.0,0.0,0.0068500860413508,0.0085830688476562,0.0071525573730468,0.0075697898864746,0.0098943710327148,0.0078678131103515,0.0078678131103515,0.0088214874267578,0.0131130218505859,0.0131130218505859,0.0050067901611328,0.0050067901611328,0.496,1.36,0.0,0.0,5.6,5.728,113.256,1.056,0.0,0.0,0.0,0.0,0.0,0.0,1.192,1
182,0.0,0.0,0.0,0.0,0.0,0.0,0,0,0.0,0.0,0.0,0.0,0.0,0.0068389096306365,0.0085830688476562,0.0063578287760416,0.0075101852416992,0.0082254409790039,0.0064373016357421,0.0064373016357421,0.0079870223999023,0.0069141387939453,0.0069141387939453,0.004019056047712,0.0046730041503906,0.496,1.36,0.0,0.0,9.856,10.176,143.152,1.056,0.0,0.0,0.0,0.0,0.0,0.0,407.0,1
183,0.0,0.0,0.0,0.0,0.0,0.0,0,0,0.0,0.0,0.0,0.0,0.0,0.007082573810027,0.0088214874267578,0.0068187713623046,0.0077486038208007,0.0112056732177734,0.00762939453125,0.00762939453125,0.0087261199951171,0.00762939453125,0.00762939453125,0.0040900539344465,0.0047683715820312,0.496,1.424,0.0,0.0,6.448,7.008,117.192,1.056,0.0,0.0,0.0,0.0,0.0,0.0,818.696,1
184,0.0,0.0,0.0,0.0,0.0,0.0,0,0,0.0,0.0,0.0,0.0,0.0,0.0081346995794951,0.0100135803222656,0.006866455078125,0.0070929527282714,0.0090837478637695,0.0091791152954101,0.0113725662231445,0.0107765197753906,0.0132322311401367,0.0144720077514648,0.0038566425020261,0.0045299530029296,1.344,2.272,0.0,0.0,6.096,5.728,117.192,3.168,1.056,0.0,0.0137090682983398,0.0143766403198242,4359.0346574783325,4359.0322732925415,41400.56,1
185,0.0,0.0,0.0,0.0,0.0,0.0,0,0,0.0,0.0,0.0,0.0,0.0,0.0075650215148925,0.0095367431640625,0.007033348083496,0.0069141387939453,0.0080585479736328,0.0100135803222656,0.0100135803222656,0.0094890594482421,0.0162124633789062,0.0162124633789062,0.0,0.0,0.496,1.424,2.0,0.0,5.6,5.728,112.0,0.0,0.0,0.0,0.0,0.0,4359.026455879211,4359.025597572327,0.0,1
186,0.0,0.0,0.0,0.0,0.0,0.0,0,0,0.0,0.0,0.0,0.0,0.0,0.0068465275550956,0.0085830688476562,0.007033348083496,0.0073512395222981,0.0085830688476562,0.0081062316894531,0.0081062316894531,0.0079870223999023,0.0083446502685546,0.0083446502685546,0.0057220458984375,0.0057220458984375,0.496,1.392,2.0,0.0,9.856,10.176,113.256,0.0,0.0,0.0,0.0,0.0,4359.0221881866455,4359.01951789856,1.192,1
187,0.0,0.0,0.0,0.0,0.0,0.0,0,0,0.0,0.0,0.0,0.0,0.0,0.0069010910110094,0.0085830688476562,0.0056743621826171,0.0069936116536458,0.008702278137207,0.0071525573730468,0.0071525573730468,0.0071048736572265,0.0069141387939453,0.0069141387939453,0.0066757202148437,0.0066757202148437,0.496,1.36,2.0,0.0,6.448,7.008,113.256,0.0,0.0,0.0,0.0,0.0,4359.030222892761,4359.029173851013,1.192,1
188,0.0,0.0,0.0,0.0,0.0,0.0,0,0,0.0,0.0,0.0,0.0,0.0,0.00691058030769,0.0085830688476562,0.0073909759521484,0.0075101852416992,0.0086307525634765,0.0071525573730468,0.0071525573730468,0.0104904174804687,0.009775161743164,0.009775161743164,0.0042915344238281,0.0042915344238281,0.496,1.36,2.0,0.0,6.096,5.728,113.256,1.184,1.184,0.0,1882.9931219418845,4000.6580829620366,4359.025239944458,4359.016974767049,1.192,1
189,0.0,0.0,0.0,0.0,0.0,0.0,0,0,0.0,0.0,0.0,0.0,0.0,0.0068633863241365,0.0085830688476562,0.0058412551879882,0.0066161155700683,0.0082969665527343,0.00762939453125,0.00762939453125,0.007486343383789,0.0090599060058593,0.0090599060058593,0.0064373016357421,0.0066280364990234,0.496,1.36,0.0,4.0,5.6,5.728,118.16,1.184,2.368,0.0,854.3238838513693,3072.6964473724365,4359.021377563477,4359.0192794799805,5.584,1
190,0.0,0.0,0.0,0.0,0.0,0.0,0,0,0.0,0.0,0.0,0.0,0.0,0.0069667311275706,0.0087499618530273,0.005801518758138,0.0062783559163411,0.007033348083496,0.0066757202148437,0.0066757202148437,0.0069141387939453,0.009775161743164,0.009775161743164,0.0059008598327636,0.0067949295043945,0.496,1.424,0.0,2.0,9.856,10.176,128.448,1.184,1.184,0.0,-173.1830636660258,1945.7058429718024,4359.018683433533,4359.015345573425,17.376,1
191,0.0,0.0,0.0,0.0,0.0,0.0,0,0,0.0,0.0,0.0,0.0,0.0,0.0069415569305419,0.0085830688476562,0.0064373016357421,0.0064373016357421,0.0073909759521484,0.0064373016357421,0.0064373016357421,0.0087738037109375,0.0147819519042968,0.0147819519042968,0.0055631001790364,0.0064373016357421,0.496,1.424,0.0,2.0,6.448,6.224,112.0,1.184,1.184,0.0,-1197.2003976504009,920.70848941803,4359.012079238892,4359.010934829712,35.408,1
192,0.0,0.0,0.0,0.0,0.0,0.0,0,0,0.0,0.0,0.0,0.0,0.0,0.006951093673706,0.0090599060058593,0.0061511993408203,0.0067710876464843,0.008392333984375,0.0066757202148437,0.0066757202148437,0.0087261199951171,0.0143051147460937,0.0143051147460937,0.0,0.0,0.496,1.392,0.0,2.0,6.096,6.512,112.0,5.376,7.408,0.0,-1480.7873169581096,0.0093460083007812,4359.013915061951,4359.0114911397295,0.0,1
193,0.0,0.0,0.0,0.0,0.0,0.0,0,0,0.0,0.0,0.0,0.0,0.0,0.0069805638707099,0.0090599060058593,0.005960464477539,0.0080466270446777,0.0090837478637695,0.0064373016357421,0.0064373016357421,0.0083446502685546,0.0078678131103515,0.0078678131103515,0.0052452087402343,0.0052452087402343,0.496,1.36,0.0,0.0,5.6,5.728,113.256,1.056,0.0,0.0,0.0,0.0,4359.0473890304565,4359.0463399887085,1.192,1
194,0.0,0.0,0.0,0.0,0.0,0.0,0,0,0.0,0.0,0.0,0.0,0.0,0.0069627714394336,0.0090599060058593,0.0061988830566406,0.0086625417073567,0.0103712081909179,0.0092983245849609,0.0092983245849609,0.00762939453125,0.0073909759521484,0.0073909759521484,0.0057220458984375,0.0057220458984375,0.496,1.36,2.0,0.0,9.856,10.176,113.256,1.056,0.0,0.0,0.0,0.0,4359.041571617127,4359.034419059753,1.192,1
195,0.0,0.0,0.0,0.0,0.0,0.0,0,0,0.0,0.0,0.0,0.0,0.0,0.0068192458271387,0.0083446502685546,0.0064849853515625,0.0064373016357421,0.0081062316894531,0.00762939453125,0.00762939453125,0.0101089477539062,0.0071525573730468,0.0071525573730468,0.0047683715820312,0.0047683715820312,0.496,1.36,2.0,0.0,6.448,7.008,113.256,1.056,0.0,0.0,0.0,0.0,4359.053015708923,4359.041094779968,1.192,1
196,0.0,0.0,0.0,0.0,0.0,0.0,0,0,0.0,0.0,0.0,0.0,0.0,0.0068902969360351,0.0086069107055664,0.0077247619628906,0.0082254409790039,0.0114202499389648,0.00762939453125,0.00762939453125,0.0106334686279296,0.0090599060058593,0.0090599060058593,0.0,0.0,0.496,1.36,2.0,0.0,6.096,5.728,112.0,0.0,0.0,0.0,0.0,0.0,4359.05544757843,4359.044671058655,0.0,1
197,0.0,0.0,0.0,0.0,0.0,0.0,0,0,0.0,0.0,0.0,0.0,0.0,0.0068608996937575,0.0088214874267578,0.0079870223999023,0.0085234642028808,0.0124931335449218,0.0088214874267578,0.0088214874267578,0.0118017196655273,0.0078678131103515,0.0078678131103515,0.005046526590983,0.0069141387939453,0.496,1.36,0.0,0.0,5.6,5.728,139.216,3.168,1.056,0.0,0.0127553939819335,0.0143766403198242,0.0,0.0,30.16,1
198,0.0,0.0,0.0,0.0,0.0,0.0,0,0,0.0,0.0,0.0,0.0,0.0,0.0069689750671386,0.0088214874267578,0.0067949295043945,0.0076691309611002,0.0098943710327148,0.0069141387939453,0.0069141387939453,0.0084638595581054,0.009775161743164,0.009775161743164,0.0,0.0,0.496,1.424,2.0,0.0,9.856,10.176,112.0,1.184,1.184,0.0,1882.8389445940652,3999.7898817062382,4359.050631523132,4359.024842580159,0.0,1
199,0.0,0.0,0.0,0.0,0.0,0.0,0,0,0.0,0.0,0.0,0.0,0.0,0.0069057941436767,0.0088453292846679,0.0062465667724609,0.0081062316894531,0.0101327896118164,0.00762939453125,0.00762939453125,0.0080585479736328,0.0066757202148437,0.0066757202148437,0.0,0.0,0.496,1.36,0.0,4.0,6.448,7.008,112.0,1.184,2.368,100.0,854.3675939242045,3072.0324754714966,0.0,0.0,0.0,1
200,0.0,0.0,0.0,0.0,0.0,0.0,0,0,0.0,0.0,0.0,0.0,0.0,0.0068306922912597,0.0085830688476562,0.0070095062255859,0.0077486038208007,0.0089883804321289,0.0061988830566406,0.0061988830566406,0.0100612640380859,0.0081062316894531,0.0081062316894531,0.0,0.0,0.496,1.36,0.0,2.0,6.096,5.728,112.0,1.184,1.184,100.0,-173.16367228825888,1945.612597465516,0.0,0.0,0.0,1
201,0.0,0.0,0.0,0.0,0.0,0.0,0,0,0.0,0.0,0.0,0.0,0.0,0.0068927878764138,0.0090599060058593,0.0053048133850097,0.0083446502685546,0.0095605850219726,0.0071525573730468,0.0071525573730468,0.0064849853515625,0.0073909759521484,0.0073909759521484,0.0085830688476562,0.0085830688476562,0.496,1.36,0.0,2.0,5.6,5.728,113.256,1.184,1.184,100.0,-1197.167177995046,921.6032981872562,0.0,0.0,1.192,1
202,0.0,0.0,0.0,0.0,0.0,0.0,0,0,0.0,0.0,0.0,0.0,0.0,0.0069093941456049,0.0085830688476562,0.0062386194864908,0.0072717666625976,0.0084638595581054,0.00762939453125,0.00762939453125,0.0075101852416992,0.0078678131103515,0.0078678131103515,0.0047683715820312,0.0047683715820312,0.496,1.36,0.0,2.0,9.856,10.176,113.256,5.376,7.408,100.0,-1480.7750119103323,0.0129938125610351,0.0,0.0,1.192,1
