time_seconds,a1_retransmissions_ul_count,a1_retransmissions_dl_count,a1_packet_loss_ul_percentage,a1_packet_loss_dl_percentage,e2_du_packet_loss_ul_percentage,e2_du_packet_loss_dl_percentage,e2_du_retransmissions_ul_count,e2_du_retransmissions_dl_count,f1_c_packet_loss_ul_percentage,f1_u_retransmissions_ul_count,f1_u_packet_loss_dl_percentage,f1_u_packet_loss_ul_percentage,f1_u_retransmissions_dl_count,f1_u_latency_mean_ul_ms,f1_u_latency_p90_ul_ms,e2_du_latency_p90_ul_ms,e2_du_latency_mean_ul_ms,a1_latency_mean_ul_ms,f1_u_latency_mean_dl_ms,e2_du_latency_mean_dl_ms,f1_u_latency_p90_dl_ms,e2_du_latency_p90_dl_ms,a1_latency_p90_ul_ms,a1_latency_mean_dl_ms,a1_latency_p90_dl_ms,f1_c_retransmissions_ul_count,e2_du_throughput_dl_kbps,e2_du_throughput_ul_kbps,f1_c_retransmissions_dl_count,f1_c_throughput_dl_kbps,f1_c_throughput_ul_kbps,a1_throughput_ul_kbps,a1_throughput_dl_kbps,f1_u_throughput_ul_kbps,f1_c_packet_loss_dl_percentage,f1_c_latency_mean_dl_ms,f1_c_latency_p90_dl_ms,f1_c_latency_mean_ul_ms,f1_u_throughput_dl_kbps,f1_c_latency_p90_ul_ms,F-node
0,0.0,0.0,0.0,0.0,0.0,0.0,0,0,0.0,0.0,0.0,0.0,0.0,0.0071895932688296,0.0100135803222656,0.0095367431640625,0.0095367431640625,0.006866455078125,0.0038707828842634,0.0100135803222656,0.0045299530029296,0.0100135803222656,0.0094413757324218,0.0116348266601562,0.0219345092773437,0.0,0.496,1.36,0.0,1.696,1.696,3.504,4.52,143.152,0.0,0.0057220458984375,0.0066757202148437,0.0060796737670898,36417.368,0.0075101852416992,0
1,0.0,0.0,0.0,0.0,0.0,0.0,0,0,0.0,0.0,0.0,0.0,0.0,0.0071895932688296,0.0100135803222656,0.0071525573730468,0.0071525573730468,0.006866455078125,0.0038707828842634,0.0107288360595703,0.0045299530029296,0.0107288360595703,0.0094413757324218,0.0116348266601562,0.0219345092773437,0.0,0.496,1.36,0.0,1.696,1.696,3.504,4.52,143.152,0.0,0.0057220458984375,0.0066757202148437,0.0060796737670898,36417.368,0.0075101852416992,0
2,0.0,0.0,0.0,0.0,0.0,0.0,0,0,0.0,0.0,0.0,0.0,0.0,0.007328109361639,0.009775161743164,0.0100135803222656,0.0100135803222656,0.006866455078125,0.0038778397958901,0.0121593475341796,0.0045299530029296,0.0121593475341796,0.0094413757324218,0.0116348266601562,0.0219345092773437,0.0,0.496,1.424,0.0,1.696,1.696,3.504,4.52,117.192,0.0,0.0057220458984375,0.0066757202148437,0.0060796737670898,41972.568,0.0075101852416992,0
3,0.0,0.0,0.0,0.0,0.0,0.0,0,0,0.0,0.0,0.0,0.0,0.0,0.0072747320678103,0.0100135803222656,0.0104904174804687,0.0104904174804687,0.0070095062255859,0.0038877429578128,0.0133514404296875,0.0045299530029296,0.0133514404296875,0.0100612640380859,0.0124931335449218,0.0242233276367187,0.0,0.496,1.424,0.0,1.696,1.696,4.232,3.744,117.192,0.0,0.0057220458984375,0.0066757202148437,0.0060796737670898,33687.776,0.0075101852416992,0
4,0.0,0.0,0.0,0.0,0.0,0.0,0,0,0.0,0.0,0.0,0.0,0.0,0.0070947231632648,0.0095367431640625,0.0102519989013671,0.0102519989013671,0.0057935714721679,0.0039188950150101,0.0147819519042968,0.0045299530029296,0.0147819519042968,0.0083684921264648,0.0105142593383789,0.0255584716796875,0.0,0.496,1.424,0.0,1.696,1.696,7.736,8.264,118.448,0.0,0.0057220458984375,0.0066757202148437,0.0060796737670898,1507.88,0.0075101852416992,0
5,0.0,0.0,0.0,0.0,0.0,0.0,0,0,0.0,0.0,0.0,0.0,0.0,0.0068905329940342,0.0092983245849609,0.0092983245849609,0.0092983245849609,0.0,0.0058809916178385,0.0202655792236328,0.0075101852416992,0.0202655792236328,0.0,0.0,0.0,0.0,0.496,1.424,0.0,1.696,1.696,0.0,0.0,118.448,0.0,0.0057220458984375,0.0066757202148437,0.0060796737670898,27.776,0.0075101852416992,0
6,0.0,0.0,0.0,0.0,0.0,0.0,0,0,0.0,0.0,0.0,0.0,0.0,0.0061466919248969,0.0085830688476562,0.0085830688476562,0.0085830688476562,0.0066757202148437,0.0054836273193359,0.0126361846923828,0.0054836273193359,0.0126361846923828,0.0085830688476562,0.0102043151855468,0.0193119049072265,0.0,0.496,1.424,0.0,1.696,1.696,4.232,3.744,113.256,0.0,0.0057220458984375,0.0066757202148437,0.0060796737670898,1.192,0.0075101852416992,0
7,0.0,0.0,0.0,0.0,0.0,0.0,0,0,0.0,0.0,0.0,0.0,0.0,0.0059998035430908,0.0078678131103515,0.0085830688476562,0.0085830688476562,0.005960464477539,0.0,0.0109672546386718,0.0,0.0109672546386718,0.0074386596679687,0.0119686126708984,0.02288818359375,0.0,0.496,1.392,0.0,1.696,1.696,4.232,3.744,112.0,0.0,0.0057220458984375,0.0066757202148437,0.0060796737670898,0.0,0.0075101852416992,0
8,0.0,0.0,0.0,0.0,0.0,0.0,0,0,0.0,0.0,0.0,0.0,0.0,0.0060963630676269,0.0083684921264648,0.0069141387939453,0.0069141387939453,0.0059127807617187,0.0,0.0140666961669921,0.0,0.0140666961669921,0.0080108642578125,0.0110149383544921,0.0266075134277343,0.0,0.496,1.36,0.0,1.696,1.696,11.968,12.008,112.0,0.0,0.0057220458984375,0.0066757202148437,0.0060796737670898,0.0,0.0075101852416992,0
9,0.0,0.0,0.0,0.0,0.0,0.0,0,0,0.0,0.0,0.0,0.0,0.0,0.0059115886688232,0.0076532363891601,0.0069141387939453,0.0069141387939453,0.0054836273193359,0.0,0.0143051147460937,0.0,0.0143051147460937,0.0069141387939453,0.0109672546386718,0.0217437744140625,0.0,0.496,1.36,0.0,1.696,1.696,4.232,3.744,112.0,0.0,0.0057220458984375,0.0066757202148437,0.0060796737670898,0.0,0.0075101852416992,0
10,0.0,0.0,0.0,0.0,0.0,0.0,0,0,0.0,0.0,0.0,0.0,0.0,0.0063180923461914,0.0083684921264648,0.0073909759521484,0.0073909759521484,0.0074148178100585,0.0,0.0102519989013671,0.0,0.0102519989013671,0.0114679336547851,0.0098705291748046,0.0232219696044921,0.0,0.496,1.36,0.0,1.696,1.696,7.736,8.264,112.0,0.0,0.0057220458984375,0.0066757202148437,0.0060796737670898,0.0,0.0075101852416992,0
11,0.0,0.0,0.0,0.0,0.0,0.0,0,0,0.0,0.0,0.0,0.0,0.0,0.0059806292329854,0.0078678131103515,0.0069141387939453,0.0069141387939453,0.0,0.0052452087402343,0.0109672546386718,0.0052452087402343,0.0109672546386718,0.0,0.0,0.0,0.0,0.496,1.36,0.0,1.696,1.696,0.0,0.0,113.256,0.0,0.0057220458984375,0.0066757202148437,0.0060796737670898,1.192,0.0075101852416992,0
12,0.0,0.0,0.0,0.0,0.0,0.0,0,0,0.0,0.0,0.0,0.0,0.0,0.0063566769954662,0.0088214874267578,0.0073909759521484,0.0073909759521484,0.005960464477539,0.003931669383522,0.0085830688476562,0.0047683715820312,0.0085830688476562,0.00762939453125,0.0103473663330078,0.0198841094970703,0.0,0.496,1.36,0.0,0.0,0.0,4.232,3.744,144.408,0.0,0.0,0.0,0.0,4213.816,0.0,0
13,0.0,0.0,0.0,0.0,0.0,0.0,0,0,0.0,0.0,0.0,0.0,0.0,0.006031634202644,0.0083446502685546,0.0081062316894531,0.0081062316894531,0.005960464477539,0.0045299530029296,0.0081062316894531,0.0045299530029296,0.0081062316894531,0.0073909759521484,0.0115394592285156,0.0217437744140625,0.0,0.496,1.36,0.0,0.0,0.0,4.232,3.744,113.256,0.0,0.0,0.0,0.0,1.192,0.0,0
14,0.0,0.0,0.0,0.0,0.0,0.0,0,0,0.0,0.0,0.0,0.0,0.0,0.0061870214357898,0.0081062316894531,0.0078678131103515,0.0078678131103515,0.0058333079020182,0.0047087669372558,0.0123977661132812,0.0065565109252929,0.0123977661132812,0.0078678131103515,0.0101248423258463,0.0260829925537109,0.0,0.496,1.424,0.0,0.0,0.0,11.968,12.008,117.192,0.0,0.0,0.0,0.0,37.056,0.0,0
15,0.0,0.0,0.0,0.0,0.0,0.0,0,0,0.0,0.0,0.0,0.0,0.0,0.006040334701538,0.0081062316894531,0.0069141387939453,0.0069141387939453,0.0056743621826171,0.0,0.0104904174804687,0.0,0.0104904174804687,0.0071525573730468,0.0109672546386718,0.0206947326660156,0.0,0.496,1.424,0.0,0.0,0.0,4.232,3.744,112.0,0.0,0.0,0.0,0.0,0.0,0.0,0
16,0.0,0.0,0.0,0.0,0.0,0.0,0,0,0.0,0.0,0.0,0.0,0.0,0.0060009956359863,0.0081062316894531,0.0083446502685546,0.0083446502685546,0.005748536851671,0.0,0.0064373016357421,0.0,0.0064373016357421,0.0067710876464843,0.0100786035711115,0.0257492065429687,0.0,0.496,1.36,0.0,0.0,0.0,7.208,8.792,112.0,0.0,0.0,0.0,0.0,0.0,0.0,0
17,0.0,0.0,0.0,0.0,0.0,0.0,0,0,0.0,0.0,0.0,0.0,0.0,0.0059819221496582,0.0078678131103515,0.0112056732177734,0.0112056732177734,0.0,0.0,0.0088214874267578,0.0,0.0088214874267578,0.0,0.0,0.0,0.0,0.496,1.36,0.0,0.0,0.0,0.0,0.0,112.0,0.0,0.0,0.0,0.0,0.0,0.0,0
18,0.0,0.0,0.0,0.0,0.0,0.0,0,0,0.0,0.0,0.0,0.0,0.0,0.0059569059912838,0.0083446502685546,0.0071525573730468,0.0071525573730468,0.0058650970458984,0.0047683715820312,0.011444091796875,0.0047683715820312,0.011444091796875,0.00762939453125,0.0108242034912109,0.0209331512451171,0.0,0.496,1.36,0.0,0.0,0.0,4.232,3.744,113.256,0.0,0.0,0.0,0.0,1.192,0.0,0
19,0.0,0.0,0.0,0.0,0.0,0.0,0,0,0.0,0.0,0.0,0.0,0.0,0.0062012553808107,0.0083446502685546,0.0116825103759765,0.0116825103759765,0.0063896179199218,0.0085830688476562,0.0150203704833984,0.0085830688476562,0.0150203704833984,0.0082015991210937,0.011444091796875,0.0220298767089843,0.0,0.496,1.36,0.0,0.0,0.0,4.232,3.744,113.256,0.0,0.0,0.0,0.0,1.192,0.0,0
20,0.0,0.0,0.0,0.0,0.0,0.0,0,0,0.0,0.0,0.0,0.0,0.0,0.0059367412358374,0.0078678131103515,0.0069141387939453,0.0069141387939453,0.0060240427652994,0.0069141387939453,0.0107288360595703,0.0069141387939453,0.0107288360595703,0.0081539154052734,0.010538101196289,0.0267982482910156,0.0,0.496,1.36,0.0,0.0,0.0,11.968,12.008,113.256,0.0,0.0,0.0,0.0,1.192,0.0,0
21,0.0,0.0,0.0,0.0,0.0,0.0,0,0,0.0,0.0,0.0,0.0,0.0,0.0060117244720458,0.0081300735473632,0.0073909759521484,0.0073909759521484,0.0066757202148437,0.0,0.0112056732177734,0.0,0.0112056732177734,0.0092983245849609,0.0121593475341796,0.0234603881835937,0.0,0.496,1.36,0.0,0.0,0.0,4.232,3.744,112.0,0.0,0.0,0.0,0.0,0.0,0.0,0
22,0.0,0.0,0.0,0.0,0.0,0.0,0,0,0.0,0.0,0.0,0.0,0.0,0.0059068202972412,0.0081062316894531,0.0073909759521484,0.0073909759521484,0.0065088272094726,0.0,0.0069141387939453,0.0,0.0069141387939453,0.009012222290039,0.0114202499389648,0.0296354293823242,0.0,0.496,1.36,0.0,0.0,0.0,7.736,8.264,112.0,0.0,0.0,0.0,0.0,0.0,0.0,0
23,0.0,0.0,0.0,0.0,0.0,0.0,0,0,0.0,0.0,0.0,0.0,0.0,0.0061595439910888,0.0083446502685546,0.0071525573730468,0.0071525573730468,0.0,0.0,0.0133514404296875,0.0,0.0133514404296875,0.0,0.0,0.0,0.0,0.496,1.36,0.0,0.0,0.0,0.0,0.0,112.0,0.0,0.0,0.0,0.0,0.0,0.0,0
24,0.0,0.0,0.0,0.0,0.0,0.0,0,0,0.0,0.0,0.0,0.0,0.0,0.0067798836717327,0.0095367431640625,0.0116825103759765,0.0116825103759765,0.005960464477539,0.003947047736701,0.0216960906982421,0.0047683715820312,0.0216960906982421,0.0078201293945312,0.0108718872070312,0.0207424163818359,0.0,0.496,1.36,0.0,0.0,0.0,4.232,3.744,143.152,0.0,0.0,0.0,0.0,8161.664,0.0,0
25,0.0,0.0,0.0,0.0,0.0,0.0,0,0,0.0,0.0,0.0,0.0,0.0,0.0073402234823396,0.0095367431640625,0.0119209289550781,0.0119209289550781,0.0060558319091796,0.0038656438527559,0.0152587890625,0.0045299530029296,0.0152587890625,0.0079631805419921,0.011301040649414,0.0214576721191406,0.0,0.496,1.424,0.0,0.0,0.0,4.232,3.744,115.856,0.0,0.0,0.0,0.0,28094.728,0.0,0
26,0.0,0.0,0.0,0.0,0.0,0.0,0,0,0.0,0.0,0.0,0.0,0.0,0.006783126604439,0.0090599060058593,0.011444091796875,0.011444091796875,0.0063010624476841,0.0040663613213433,0.0157356262207031,0.0047683715820312,0.0157356262207031,0.0079870223999023,0.0112056732177734,0.0287294387817382,0.0,0.496,1.424,0.0,0.0,0.0,11.44,12.536,118.448,0.0,0.0,0.0,0.0,2308.784,0.0,0
27,0.0,0.0,0.0,0.0,0.0,0.0,0,0,0.0,0.0,0.0,0.0,0.0,0.0063924506159112,0.0085830688476562,0.0085830688476562,0.0085830688476562,0.0062942504882812,0.0043511390686035,0.0123977661132812,0.0051736831665039,0.0123977661132812,0.0082015991210937,0.01220703125,0.0226974487304687,0.0,0.496,1.424,0.0,0.0,0.0,4.232,3.744,118.448,0.0,0.0,0.0,0.0,480.544,0.0,0
28,0.0,0.0,0.0,0.0,0.0,0.0,0,0,0.0,0.0,0.0,0.0,0.0,0.0062676804575754,0.0085830688476562,0.009012222290039,0.0088214874267578,0.0059127807617187,0.0040607452392578,0.0126361846923828,0.0050067901611328,0.0168323516845703,0.0083446502685546,0.0108003616333007,0.0255107879638671,0.0,1.344,2.272,0.0,0.0,0.0,7.736,8.264,115.912,0.0,0.0,0.0,0.0,3926.872,0.0,0
29,0.0,0.0,0.0,0.0,0.0,0.0,0,0,0.0,0.0,0.0,0.0,0.0,0.0067694270195652,0.0092983245849609,0.0088214874267578,0.0088214874267578,0.0,0.0040079608108058,0.0119209289550781,0.0047683715820312,0.0119209289550781,0.0,0.0,0.0,0.0,0.496,1.424,0.0,0.0,0.0,0.0,0.0,117.192,0.0,0.0,0.0,0.0,5521.376,0.0,0
30,0.0,0.0,0.0,0.0,0.0,0.0,0,0,0.0,0.0,0.0,0.0,0.0,0.0069046494972646,0.0095367431640625,0.0100135803222656,0.0100135803222656,0.0058174133300781,0.0041155930025031,0.0138282775878906,0.0050067901611328,0.0138282775878906,0.0071525573730468,0.0108718872070312,0.020456314086914,0.0,0.496,1.424,0.0,0.0,0.0,4.232,3.744,117.192,0.0,0.0,0.0,0.0,3177.44,0.0,0
31,0.0,0.0,0.0,0.0,0.0,0.0,0,0,0.0,0.0,0.0,0.0,0.0,0.0065464285475697,0.0088214874267578,0.0066757202148437,0.0066757202148437,0.0059127807617187,0.0039109905946601,0.0092983245849609,0.0045299530029296,0.0092983245849609,0.0073909759521484,0.011301040649414,0.0211715698242187,0.0,0.496,1.424,0.0,0.0,0.0,4.232,3.744,117.192,0.0,0.0,0.0,0.0,5641.832,0.0,0
32,0.0,0.0,0.0,0.0,0.0,0.0,0,0,0.0,0.0,0.0,0.0,0.0,0.0062649792963915,0.0090360641479492,0.0092983245849609,0.0092983245849609,0.0058412551879882,0.0039161141238995,0.0102519989013671,0.0045299530029296,0.0102519989013671,0.0079631805419921,0.0106990337371826,0.0256299972534179,0.0,0.496,1.424,0.0,0.0,0.0,11.44,12.536,118.448,0.0,0.0,0.0,0.0,2978.608,0.0,0
33,0.0,0.0,0.0,0.0,0.0,0.0,0,0,0.0,0.0,0.0,0.0,0.0,0.0059652091258793,0.0078678131103515,0.0071525573730468,0.0071525573730468,0.0067710876464843,0.0042915344238281,0.009775161743164,0.0042915344238281,0.009775161743164,0.0098228454589843,0.0108242034912109,0.0208854675292968,0.0,0.496,1.424,0.0,0.0,0.0,4.232,3.744,113.256,0.0,0.0,0.0,0.0,1.192,0.0,0
34,0.0,0.0,0.0,0.0,0.0,0.0,0,0,0.0,0.0,0.0,0.0,0.0,0.0059806292329854,0.0081062316894531,0.0121593475341796,0.0121593475341796,0.0066518783569335,0.0090599060058593,0.0071525573730468,0.0090599060058593,0.0071525573730468,0.0097513198852539,0.0118017196655273,0.0314712524414062,0.0,0.496,1.392,0.0,0.0,0.0,7.736,8.264,113.256,0.0,0.0,0.0,0.0,1.192,0.0,0
35,0.0,0.0,0.0,0.0,0.0,0.0,0,0,0.0,0.0,0.0,0.0,0.0,0.0061821937561035,0.0085830688476562,0.00762939453125,0.00762939453125,0.0,0.0,0.0066757202148437,0.0,0.0066757202148437,0.0,0.0,0.0,0.0,0.496,1.36,0.0,0.0,0.0,0.0,0.0,112.0,0.0,0.0,0.0,0.0,0.0,0.0,0
36,0.0,0.0,0.0,0.0,0.0,0.0,0,0,0.0,0.0,0.0,0.0,0.0,0.0060689449310302,0.0083446502685546,0.0081062316894531,0.0081062316894531,0.0057220458984375,0.0,0.0109672546386718,0.0,0.0109672546386718,0.0072002410888671,0.0107288360595703,0.0206947326660156,0.0,0.496,1.36,0.0,0.0,0.0,4.232,3.744,112.0,0.0,0.0,0.0,0.0,0.0,0.0,0
37,0.0,0.0,0.0,0.0,0.0,0.0,0,0,0.0,0.0,0.0,0.0,0.0,0.0060820579528808,0.0078678131103515,0.0081062316894531,0.0081062316894531,0.0059127807617187,0.0,0.0100135803222656,0.0,0.0100135803222656,0.007486343383789,0.0117778778076171,0.0218391418457031,0.0,0.496,1.36,0.0,0.0,0.0,4.232,3.744,112.0,0.0,0.0,0.0,0.0,0.0,0.0,0
38,0.0,0.0,0.0,0.0,0.0,0.0,0,0,0.0,0.0,0.0,0.0,0.0,0.0060713291168212,0.0081062316894531,0.0085830688476562,0.0085830688476562,0.005658467610677,0.0,0.0095367431640625,0.0,0.0095367431640625,0.0077724456787109,0.0106016794840494,0.0259876251220703,0.0,0.496,1.36,0.0,0.0,0.0,11.968,12.008,112.0,0.0,0.0,0.0,0.0,0.0,0.0,0
39,0.0,0.0,0.0,0.0,0.0,0.0,0,0,0.0,0.0,0.0,0.0,0.0,0.0059877462054959,0.0081062316894531,0.0073909759521484,0.0073909759521484,0.0057697296142578,0.0088214874267578,0.0102519989013671,0.0088214874267578,0.0102519989013671,0.0072956085205078,0.0111579895019531,0.0208854675292968,0.0,0.496,1.36,0.0,0.0,0.0,4.232,3.744,113.256,0.0,0.0,0.0,0.0,1.192,0.0,0
40,0.0,0.0,0.0,0.0,0.0,0.0,0,0,0.0,0.0,0.0,0.0,0.0,0.0059723260983898,0.0078678131103515,0.0073909759521484,0.0073909759521484,0.0058889389038085,0.0064373016357421,0.0102519989013671,0.0064373016357421,0.0102519989013671,0.0083684921264648,0.0110864639282226,0.0278949737548828,0.0,0.496,1.36,0.0,0.0,0.0,7.736,8.264,113.256,0.0,0.0,0.0,0.0,1.192,0.0,0
41,0.0,0.0,0.0,0.0,0.0,0.0,0,0,0.0,0.0,0.0,0.0,0.0,0.0059521613429434,0.0078678131103515,0.0069141387939453,0.0069141387939453,0.0,0.0052452087402343,0.0092983245849609,0.0052452087402343,0.0092983245849609,0.0,0.0,0.0,0.0,0.496,1.36,0.0,0.0,0.0,0.0,0.0,113.256,0.0,0.0,0.0,0.0,1.192,0.0,0
42,0.0,0.0,0.0,0.0,0.0,0.0,0,0,0.0,0.0,0.0,0.0,0.0,0.0059926509857177,0.0081062316894531,0.0083446502685546,0.0083446502685546,0.0056266784667968,0.0,0.0164508819580078,0.0,0.0164508819580078,0.0071525573730468,0.0109672546386718,0.0213623046875,0.0,0.496,1.36,0.0,1.696,1.696,4.232,3.744,112.0,0.0,0.0075101852416992,0.0097036361694335,0.0072717666625976,0.0,0.0085115432739257,0
43,0.0,0.0,0.0,0.0,0.0,0.0,0,0,0.0,0.0,0.0,0.0,0.0,0.0060665607452392,0.0081062316894531,0.0073909759521484,0.0073909759521484,0.0065326690673828,0.0,0.00762939453125,0.0,0.00762939453125,0.0089645385742187,0.0111579895019531,0.0217437744140625,0.0,0.496,1.36,0.0,0.0,0.0,4.232,3.744,112.0,0.0,0.0,0.0,0.0,0.0,0.0,0
44,0.0,0.0,0.0,0.0,0.0,0.0,0,0,0.0,0.0,0.0,0.0,0.0,0.0061237812042236,0.0083446502685546,0.0081062316894531,0.0081062316894531,0.0059922536214192,0.0,0.009775161743164,0.0,0.009775161743164,0.0083446502685546,0.0112374623616536,0.0290393829345703,0.0,0.496,1.36,0.0,0.0,0.0,11.968,12.008,112.0,0.0,0.0,0.0,0.0,0.0,0.0,0
45,0.0,0.0,0.0,0.0,0.0,0.0,0,0,0.0,0.0,0.0,0.0,0.0,0.0061404705047607,0.0081300735473632,0.0078678131103515,0.0078678131103515,0.0073432922363281,0.0,0.0092983245849609,0.0,0.0092983245849609,0.0100135803222656,0.0110626220703125,0.0213146209716796,0.0,0.496,1.36,0.0,0.0,0.0,4.232,3.744,112.0,0.0,0.0,0.0,0.0,0.0,0.0,0
46,0.0,0.0,0.0,0.0,0.0,0.0,0,0,0.0,0.0,0.0,0.0,0.0,0.0061241548452804,0.0083446502685546,0.0073909759521484,0.0073909759521484,0.0074148178100585,0.0085830688476562,0.011444091796875,0.0085830688476562,0.011444091796875,0.011754035949707,0.0126600265502929,0.0320911407470703,0.0,0.496,1.36,0.0,0.0,0.0,7.736,8.264,113.256,0.0,0.0,0.0,0.0,1.192,0.0,0
47,0.0,0.0,0.0,0.0,0.0,0.0,0,0,0.0,0.0,0.0,0.0,0.0,0.0061551153947765,0.0081062316894531,0.0078678131103515,0.0078678131103515,0.0,0.0040166232050681,0.0104904174804687,0.0043630599975585,0.0104904174804687,0.0,0.0,0.0,0.0,0.496,1.36,0.0,0.0,0.0,0.0,0.0,144.408,0.0,0.0,0.0,0.0,1074.816,0.0,0
48,0.0,0.0,0.0,0.0,0.0,0.0,0,0,0.0,0.0,0.0,0.0,0.0,0.0064314001857644,0.0092744827270507,0.0090599060058593,0.0090599060058593,0.0057697296142578,0.004029132910734,0.0128746032714843,0.0048160552978515,0.0128746032714843,0.0074386596679687,0.0117301940917968,0.0227928161621093,0.0,0.496,1.36,0.0,0.0,0.0,4.232,3.744,115.552,0.0,0.0,0.0,0.0,1692.68,0.0,0
49,0.0,0.0,0.0,0.0,0.0,0.0,0,0,0.0,0.0,0.0,0.0,0.0,0.0059843063354492,0.0081062316894531,0.0078678131103515,0.0078678131103515,0.0060558319091796,0.0052452087402343,0.0081062316894531,0.0054359436035156,0.0081062316894531,0.0075340270996093,0.0115871429443359,0.0228404998779296,0.0,0.496,1.424,0.0,0.0,0.0,4.232,3.744,112.0,0.0,0.0,0.0,0.0,5.376,0.0,0
50,0.0,0.0,0.0,0.0,0.0,0.0,0,0,0.0,0.0,0.0,0.0,0.0,0.0058996677398681,0.0078678131103515,0.0069141387939453,0.0069141387939453,0.0059445699055989,0.0,0.00762939453125,0.0,0.00762939453125,0.0082969665527343,0.0115712483723958,0.0301837921142578,0.0,0.496,1.424,0.0,0.0,0.0,11.968,12.008,112.0,0.0,0.0,0.0,0.0,0.0,0.0,0
51,0.0,0.0,0.0,0.0,0.0,0.0,0,0,0.0,0.0,0.0,0.0,0.0,0.0061774253845214,0.0085830688476562,0.0066757202148437,0.0066757202148437,0.0062942504882812,0.0,0.0073909759521484,0.0,0.0073909759521484,0.0079154968261718,0.0118255615234375,0.0233650207519531,0.0,0.496,1.36,0.0,0.0,0.0,4.232,3.744,112.0,0.0,0.0,0.0,0.0,0.0,0.0,0
52,0.0,0.0,0.0,0.0,0.0,0.0,0,0,0.0,0.0,0.0,0.0,0.0,0.0059711933135986,0.0081062316894531,0.0083446502685546,0.0083446502685546,0.0059843063354492,0.0,0.0157356262207031,0.0,0.0157356262207031,0.0086307525634765,0.0110626220703125,0.0280618667602539,0.0,0.496,1.36,0.0,0.0,0.0,7.736,8.264,112.0,0.0,0.0,0.0,0.0,0.0,0.0,0
53,0.0,0.0,0.0,0.0,0.0,0.0,0,0,0.0,0.0,0.0,0.0,0.0,0.0061664766478307,0.0082254409790039,0.00762939453125,0.00762939453125,0.0,0.0040890419319884,0.0073909759521484,0.0047206878662109,0.0073909759521484,0.0,0.0,0.0,0.0,0.496,1.36,0.0,0.0,0.0,0.0,0.0,139.216,0.0,0.0,0.0,0.0,829.176,0.0,0
54,0.0,0.0,0.0,0.0,0.0,0.0,0,0,0.0,0.0,0.0,0.0,0.0,0.0061526227353224,0.0081062316894531,0.0092983245849609,0.0092983245849609,0.0058174133300781,0.0078678131103515,0.0107288360595703,0.0078678131103515,0.0107288360595703,0.0073909759521484,0.0112056732177734,0.0219345092773437,0.0,0.496,1.36,0.0,0.0,0.0,4.232,3.744,113.256,0.0,0.0,0.0,0.0,1.192,0.0,0
55,0.0,0.0,0.0,0.0,0.0,0.0,0,0,0.0,0.0,0.0,0.0,0.0,0.0060375650130694,0.0081062316894531,0.0102519989013671,0.0102519989013671,0.0058650970458984,0.0052452087402343,0.0092983245849609,0.0052452087402343,0.0092983245849609,0.0074386596679687,0.0120162963867187,0.0243663787841796,0.0,0.496,1.424,0.0,0.0,0.0,4.232,3.744,113.256,0.0,0.0,0.0,0.0,1.192,0.0,0
56,0.0,0.0,0.0,0.0,0.0,0.0,0,0,0.0,0.0,0.0,0.0,0.0,0.0060248374938964,0.0081062316894531,0.0066757202148437,0.0066757202148437,0.0060399373372395,0.0,0.0138282775878906,0.0,0.0138282775878906,0.008392333984375,0.011761983235677,0.0278472900390625,0.0,0.496,1.36,0.0,0.0,0.0,11.968,12.008,112.0,0.0,0.0,0.0,0.0,0.0,0.0,0
57,0.0,0.0,0.0,0.0,0.0,0.0,0,0,0.0,0.0,0.0,0.0,0.0,0.0060182986873211,0.0081062316894531,0.0085830688476562,0.0085830688476562,0.0060081481933593,0.0051259994506835,0.0088214874267578,0.0059843063354492,0.0088214874267578,0.0079631805419921,0.0113964080810546,0.022125244140625,0.0,0.496,1.36,0.0,0.0,0.0,4.232,3.744,120.624,0.0,0.0,0.0,0.0,13.776,0.0,0
58,0.0,0.0,0.0,0.0,0.0,0.0,0,0,0.0,0.0,0.0,0.0,0.0,0.0060182986873211,0.0081062316894531,0.0071525573730468,0.0071525573730468,0.0064468383789062,0.0051259994506835,0.0107288360595703,0.0059843063354492,0.0107288360595703,0.0085830688476562,0.0107860565185546,0.0260353088378906,0.0,0.496,1.424,0.0,0.0,0.0,19.048,19.04,120.624,0.0,0.0,0.0,0.0,13.776,0.0,0
59,0.0,0.0,0.0,0.0,0.0,0.0,0,0,0.0,0.0,0.0,0.0,0.0,0.0060182986873211,0.0081062316894531,0.0078678131103515,0.0078678131103515,0.0,0.0051259994506835,0.0104904174804687,0.0059843063354492,0.0104904174804687,0.0,0.0,0.0,0.0,0.496,1.36,0.0,0.0,0.0,0.0,0.0,120.624,0.0,0.0,0.0,0.0,13.776,0.0,0
60,0.0,0.0,0.0,0.0,0.0,0.0,0,0,0.0,0.0,0.0,0.0,0.0,0.0060182986873211,0.0081062316894531,0.0077724456787109,0.0064373016357421,0.0057697296142578,0.0051259994506835,0.0153779983520507,0.0059843063354492,0.0160455703735351,0.0074386596679687,0.0112056732177734,0.0220298767089843,0.0,1.344,2.208,0.0,0.0,0.0,4.232,3.744,120.624,0.0,0.0,0.0,0.0,13.776,0.0,0
61,0.0,0.0,0.0,0.0,0.0,0.0,0,0,0.0,0.0,0.0,0.0,0.0,0.0061241548452804,0.0083446502685546,0.0069141387939453,0.0069141387939453,0.0069141387939453,0.0052452087402343,0.0119209289550781,0.0052452087402343,0.0119209289550781,0.0092983245849609,0.0115394592285156,0.0226020812988281,0.0,0.496,1.36,0.0,0.0,0.0,4.232,3.744,113.256,0.0,0.0,0.0,0.0,1.192,0.0,0
62,0.0,0.0,0.0,0.0,0.0,0.0,0,0,0.0,0.0,0.0,0.0,0.0,0.0061646546467696,0.0081062316894531,0.0102519989013671,0.0102519989013671,0.0063419342041015,0.0041723251342773,0.0064373016357421,0.0050067901611328,0.0064373016357421,0.0087738037109375,0.0104109446207682,0.025177001953125,0.0,0.496,1.36,0.0,0.0,0.0,11.968,12.008,118.448,0.0,0.0,0.0,0.0,51.552,0.0,0
63,0.0,0.0,0.0,0.0,0.0,0.0,0,0,0.0,0.0,0.0,0.0,0.0,0.0066711130925422,0.0090599060058593,0.0078678131103515,0.0078678131103515,0.0059127807617187,0.0040164360633263,0.00762939453125,0.0050067901611328,0.00762939453125,0.007486343383789,0.0120162963867187,0.024271011352539,0.0,0.496,1.424,0.0,0.0,0.0,4.232,3.744,144.408,0.0,0.0,0.0,0.0,4663.304,0.0,0
64,0.0,0.0,0.0,0.0,0.0,0.0,0,0,0.0,0.0,0.0,0.0,0.0,0.0064147645561256,0.0088214874267578,0.0123977661132812,0.0123977661132812,0.0061988830566406,0.0042110681533813,0.011444091796875,0.0052690505981445,0.011444091796875,0.0085830688476562,0.0108718872070312,0.0263214111328125,0.0,0.496,1.424,0.0,0.0,0.0,7.736,8.264,117.192,0.0,0.0,0.0,0.0,1599.424,0.0,0
65,0.0,0.0,0.0,0.0,0.0,0.0,0,0,0.0,0.0,0.0,0.0,0.0,0.006535753088804,0.0088214874267578,0.0085830688476562,0.0085830688476562,0.0,0.0042476654052734,0.0121593475341796,0.0051498413085937,0.0121593475341796,0.0,0.0,0.0,0.0,0.496,1.424,0.0,0.0,0.0,0.0,0.0,117.192,0.0,0.0,0.0,0.0,1166.552,0.0,0
66,0.0,0.0,0.0,0.0,0.0,0.0,0,0,0.0,0.0,0.0,0.0,0.0,0.0063886689902538,0.0088214874267578,0.0078678131103515,0.0078678131103515,0.006866455078125,0.0042559807760673,0.0164508819580078,0.0052452087402343,0.0164508819580078,0.0093936920166015,0.0129222869873046,0.0255107879638671,0.0,0.496,1.424,0.0,0.0,0.0,4.232,3.744,117.192,0.0,0.0,0.0,0.0,1122.944,0.0,0
67,0.0,0.0,0.0,0.0,0.0,0.0,0,0,0.0,0.0,0.0,0.0,0.0,0.006033182144165,0.0081062316894531,0.0069141387939453,0.0069141387939453,0.0058650970458984,0.0042319297790527,0.0138282775878906,0.0049114227294921,0.0138282775878906,0.0074386596679687,0.0112533569335937,0.0218391418457031,0.0,0.496,1.424,0.0,0.0,0.0,4.232,3.744,112.0,0.0,0.0,0.0,0.0,75.776,0.0,0
68,0.0,0.0,0.0,0.0,0.0,0.0,0,0,0.0,0.0,0.0,0.0,0.0,0.0066017282420191,0.0090599060058593,0.0085830688476562,0.0085830688476562,0.0059774943760463,0.0042581254509603,0.0090599060058593,0.0050067901611328,0.0090599060058593,0.0082731246948242,0.0106692314147949,0.0270605087280273,0.0,0.496,1.392,0.0,0.0,0.0,11.44,12.536,123.64,0.0,0.0,0.0,0.0,1563.4,0.0,0
69,0.0,0.0,0.0,0.0,0.0,0.0,0,0,0.0,0.0,0.0,0.0,0.0,0.0062378326264938,0.0078678131103515,0.0092983245849609,0.0092983245849609,0.0062465667724609,0.0043799800257528,0.0116825103759765,0.0054597854614257,0.0116825103759765,0.0075817108154296,0.011444091796875,0.0225067138671875,0.0,0.496,1.424,0.0,0.0,0.0,4.232,3.744,118.448,0.0,0.0,0.0,0.0,540.16,0.0,0
70,0.0,0.0,0.0,0.0,0.0,0.0,0,0,0.0,0.0,0.0,0.0,0.0,0.0062000692187257,0.0083446502685546,0.00762939453125,0.00762939453125,0.0058650970458984,0.0044504801432291,0.0104904174804687,0.0049591064453125,0.0104904174804687,0.008392333984375,0.0108957290649414,0.0274896621704101,0.0,0.496,1.424,0.0,0.0,0.0,7.736,8.264,113.256,0.0,0.0,0.0,0.0,17.064,0.0,0
71,0.0,0.0,0.0,0.0,0.0,0.0,0,0,0.0,0.0,0.0,0.0,0.0,0.0059926509857177,0.0081062316894531,0.0085830688476562,0.0085830688476562,0.0,0.0,0.0140666961669921,0.0,0.0140666961669921,0.0,0.0,0.0,0.0,0.496,1.392,0.0,0.0,0.0,0.0,0.0,112.0,0.0,0.0,0.0,0.0,0.0,0.0,0
72,0.0,0.0,0.0,0.0,0.0,0.0,0,0,0.0,0.0,0.0,0.0,0.0,0.006261130271874,0.0082969665527343,0.0069141387939453,0.0069141387939453,0.0058174133300781,0.0040531158447265,0.0131130218505859,0.0047683715820312,0.0131130218505859,0.007486343383789,0.011301040649414,0.0218868255615234,0.0,0.496,1.36,0.0,0.0,0.0,4.232,3.744,126.248,0.0,0.0,0.0,0.0,937.696,0.0,0
73,0.0,0.0,0.0,0.0,0.0,0.0,0,0,0.0,0.0,0.0,0.0,0.0,0.0060057640075683,0.0081062316894531,0.0071525573730468,0.0071525573730468,0.0066757202148437,0.0,0.009775161743164,0.0,0.009775161743164,0.0090599060058593,0.011444091796875,0.022125244140625,0.0,0.496,1.424,0.0,1.696,1.696,4.232,3.744,112.0,0.0,0.0050067901611328,0.0053882598876953,0.0077486038208007,0.0,0.0091791152954101,0
74,0.0,0.0,0.0,0.0,0.0,0.0,0,0,0.0,0.0,0.0,0.0,0.0,0.0062688666196604,0.0085830688476562,0.0085830688476562,0.0085830688476562,0.0061194101969401,0.0038774389969675,0.0119209289550781,0.0042915344238281,0.0119209289550781,0.0083446502685546,0.0104745229085286,0.0250816345214843,0.0,0.496,1.424,0.0,0.0,0.0,11.968,12.008,117.192,0.0,0.0,0.0,0.0,2528.576,0.0,0
75,0.0,0.0,0.0,0.0,0.0,0.0,0,0,0.0,0.0,0.0,0.0,0.0,0.0061016177656638,0.0081062316894531,0.0092983245849609,0.0092983245849609,0.0056266784667968,0.0054836273193359,0.0100135803222656,0.0054836273193359,0.0100135803222656,0.0072956085205078,0.0103473663330078,0.0197410583496093,0.0,0.496,1.424,0.0,0.0,0.0,4.232,3.744,113.256,0.0,0.0,0.0,0.0,1.192,0.0,0
76,0.0,0.0,0.0,0.0,0.0,0.0,0,0,0.0,0.0,0.0,0.0,0.0,0.0058940394007744,0.0078678131103515,0.0069141387939453,0.0069141387939453,0.0061988830566406,0.0088214874267578,0.00762939453125,0.0088214874267578,0.00762939453125,0.0086545944213867,0.0120162963867187,0.0307559967041015,0.0,0.496,1.36,0.0,0.0,0.0,7.736,8.264,113.256,0.0,0.0,0.0,0.0,1.192,0.0,0
77,0.0,0.0,0.0,0.0,0.0,0.0,0,0,0.0,0.0,0.0,0.0,0.0,0.0061535253757383,0.0083446502685546,0.0073909759521484,0.0073909759521484,0.0,0.0040867389776767,0.0121593475341796,0.0052452087402343,0.0121593475341796,0.0,0.0,0.0,0.0,0.496,1.36,0.0,0.0,0.0,0.0,0.0,130.792,0.0,0.0,0.0,0.0,797.68,0.0,0
78,0.0,0.0,0.0,0.0,0.0,0.0,0,0,0.0,0.0,0.0,0.0,0.0,0.0061273574829101,0.0081062316894531,0.0078678131103515,0.0078678131103515,0.0061511993408203,0.0041448152982271,0.0102519989013671,0.0053644180297851,0.0102519989013671,0.0081062316894531,0.01220703125,0.0237941741943359,0.0,0.496,1.424,0.0,0.0,0.0,4.232,3.744,112.0,0.0,0.0,0.0,0.0,273.744,0.0,0
79,0.0,0.0,0.0,0.0,0.0,0.0,0,0,0.0,0.0,0.0,0.0,0.0,0.0065022175854975,0.0090360641479492,0.0090599060058593,0.0090599060058593,0.0068187713623046,0.0047882397969563,0.0131130218505859,0.0073909759521484,0.0131130218505859,0.0081062316894531,0.0119209289550781,0.0232219696044921,0.0,0.496,1.392,0.0,0.0,0.0,4.232,3.744,122.384,0.0,0.0,0.0,0.0,536.816,0.0,0
80,0.0,0.0,0.0,0.0,0.0,0.0,0,0,0.0,0.0,0.0,0.0,0.0,0.0064017167731897,0.0088214874267578,0.0064373016357421,0.0064373016357421,0.0058174133300781,0.0042577288044032,0.0100135803222656,0.0052452087402343,0.0100135803222656,0.0081539154052734,0.0103473663330078,0.0252723693847656,0.0,0.496,1.424,0.0,0.0,0.0,11.968,12.008,117.192,0.0,0.0,0.0,0.0,1208.976,0.0,0
81,0.0,0.0,0.0,0.0,0.0,0.0,0,0,0.0,0.0,0.0,0.0,0.0,0.0065167744954427,0.0090599060058593,0.0092983245849609,0.0092983245849609,0.0066280364990234,0.0042019697724196,0.0073909759521484,0.0050067901611328,0.0073909759521484,0.0094890594482421,0.0111579895019531,0.0214576721191406,0.0,0.496,1.424,0.0,0.0,0.0,4.232,3.744,117.192,0.0,0.0,0.0,0.0,1689.08,0.0,0
82,0.0,0.0,0.0,0.0,0.0,0.0,0,0,0.0,0.0,0.0,0.0,0.0,0.0062558188367245,0.0083446502685546,0.0081062316894531,0.0081062316894531,0.0063578287760416,0.0051259994506835,0.0119209289550781,0.0056743621826171,0.0119209289550781,0.008249282836914,0.0108155337246981,0.0269412994384765,0.0,0.496,1.424,0.0,0.0,0.0,7.208,8.792,113.256,0.0,0.0,0.0,0.0,19.376,0.0,0
83,0.0,0.0,0.0,0.0,0.0,0.0,0,0,0.0,0.0,0.0,0.0,0.0,0.0064419995387786,0.0088214874267578,0.011444091796875,0.011444091796875,0.0,0.0042255569553975,0.0066757202148437,0.0052452087402343,0.0066757202148437,0.0,0.0,0.0,0.0,0.496,1.424,0.0,0.0,0.0,0.0,0.0,123.64,0.0,0.0,0.0,0.0,1497.432,0.0,0
84,0.0,0.0,0.0,0.0,0.0,0.0,0,0,0.0,0.0,0.0,0.0,0.0,0.0065376262853641,0.0088214874267578,0.0085830688476562,0.0085830688476562,0.0062942504882812,0.0042360882426417,0.0109672546386718,0.0054836273193359,0.0109672546386718,0.0082969665527343,0.011301040649414,0.0216007232666015,0.0,0.496,1.424,0.0,0.0,0.0,4.232,3.744,118.448,0.0,0.0,0.0,0.0,1254.504,0.0,0
85,0.0,0.0,0.0,0.0,0.0,0.0,0,0,0.0,0.0,0.0,0.0,0.0,0.0063827381798283,0.0085830688476562,0.0102519989013671,0.0102519989013671,0.0062942504882812,0.0042191573551722,0.0119209289550781,0.0054359436035156,0.0119209289550781,0.008392333984375,0.0118732452392578,0.0231266021728515,0.0,0.496,1.424,0.0,0.0,0.0,4.232,3.744,117.192,0.0,0.0,0.0,0.0,1041.184,0.0,0
86,0.0,0.0,0.0,0.0,0.0,0.0,0,0,0.0,0.0,0.0,0.0,0.0,0.006348339479361,0.0088214874267578,0.0085830688476562,0.0085830688476562,0.0057220458984375,0.0042871192649558,0.0095367431640625,0.0054121017456054,0.0095367431640625,0.0078678131103515,0.010654330253601,0.0251531600952148,0.0,0.496,1.424,0.0,0.0,0.0,11.44,12.536,117.192,0.0,0.0,0.0,0.0,520.624,0.0,0
87,0.0,0.0,0.0,0.0,0.0,0.0,0,0,0.0,0.0,0.0,0.0,0.0,0.0062320955950229,0.0085830688476562,0.0083446502685546,0.0083446502685546,0.0058650970458984,0.0043749809265136,0.0088214874267578,0.0057220458984375,0.0088214874267578,0.007486343383789,0.0114917755126953,0.021219253540039,0.0,0.496,1.424,0.0,0.0,0.0,4.232,3.744,117.192,0.0,0.0,0.0,0.0,412.976,0.0,0
88,0.0,0.0,0.0,0.0,0.0,0.0,0,0,0.0,0.0,0.0,0.0,0.0,0.005875825881958,0.0073909759521484,0.00762939453125,0.00762939453125,0.0058889389038085,0.0073909759521484,0.0107288360595703,0.0073909759521484,0.0107288360595703,0.0083684921264648,0.0110626220703125,0.0253200531005859,0.0,0.496,1.392,0.0,0.0,0.0,7.736,8.264,112.0,0.0,0.0,0.0,0.0,2.44,0.0,0
89,0.0,0.0,0.0,0.0,0.0,0.0,0,0,0.0,0.0,0.0,0.0,0.0,0.0060458681476649,0.00762939453125,0.0095367431640625,0.0095367431640625,0.0,0.0047683715820312,0.0090599060058593,0.0047683715820312,0.0090599060058593,0.0,0.0,0.0,0.0,0.496,1.424,0.0,0.0,0.0,0.0,0.0,113.256,0.0,0.0,0.0,0.0,1.192,0.0,0
90,0.0,0.0,0.0,0.0,0.0,0.0,0,0,0.0,0.0,0.0,0.0,0.0,0.0067505182004442,0.0092983245849609,0.0078678131103515,0.0078678131103515,0.0060081481933593,0.0039851554086275,0.0121593475341796,0.0047683715820312,0.0121593475341796,0.0077724456787109,0.0119209289550781,0.0239849090576171,0.0,0.496,1.36,0.0,0.0,0.0,4.232,3.744,126.672,0.0,0.0,0.0,0.0,6634.912,0.0,0
91,0.0,0.0,0.0,0.0,0.0,0.0,0,0,0.0,0.0,0.0,0.0,0.0,0.0063827381798283,0.0083446502685546,0.010848045349121,0.0103712081909179,0.0056743621826171,0.0040641197791466,0.0116825103759765,0.0047683715820312,0.0124454498291015,0.0071525573730468,0.0107765197753906,0.0208854675292968,0.0,1.344,2.272,0.0,0.0,0.0,4.232,3.744,113.256,0.0,0.0,0.0,0.0,668.344,0.0,0
92,0.0,0.0,0.0,0.0,0.0,0.0,0,0,0.0,0.0,0.0,0.0,0.0,0.0061225891113281,0.0081300735473632,0.0066757202148437,0.0066757202148437,0.0057379404703776,0.0,0.0066757202148437,0.0,0.0066757202148437,0.0075340270996093,0.0109036763509114,0.0258922576904296,0.0,0.496,1.424,0.0,0.0,0.0,11.968,12.008,112.0,0.0,0.0,0.0,0.0,0.0,0.0,0
93,0.0,0.0,0.0,0.0,0.0,0.0,0,0,0.0,0.0,0.0,0.0,0.0,0.006037979877641,0.0083446502685546,0.0073909759521484,0.0073909759521484,0.0061988830566406,0.0046321323939732,0.0104904174804687,0.0061750411987304,0.0104904174804687,0.008392333984375,0.0115871429443359,0.02288818359375,0.0,0.496,1.36,0.0,0.0,0.0,4.232,3.744,127.576,0.0,0.0,0.0,0.0,367.136,0.0,0
94,0.0,0.0,0.0,0.0,0.0,0.0,0,0,0.0,0.0,0.0,0.0,0.0,0.0061419472765566,0.0085830688476562,0.0047683715820312,0.0047683715820312,0.0068187713623046,0.0039193688369378,0.0133514404296875,0.0045299530029296,0.0133514404296875,0.0082015991210937,0.0125885009765625,0.0329494476318359,0.0,0.496,1.424,0.0,0.0,0.0,7.736,8.264,117.192,0.0,0.0,0.0,0.0,2688.8,0.0,1
95,0.0,0.0,0.0,0.0,0.0,0.0,0,0,0.0,0.0,0.0,0.0,0.0,0.0064752588224648,0.0088214874267578,0.0092983245849609,0.0092983245849609,0.0,0.0040476506623975,0.0078678131103515,0.0050067901611328,0.0078678131103515,0.0,0.0,0.0,0.0,0.496,1.392,0.0,0.0,0.0,0.0,0.0,117.192,0.0,0.0,0.0,0.0,3641.16,0.0,1
96,0.0,0.0,0.0,0.0,0.0,0.0,0,0,0.0,0.0,0.0,0.0,0.0,0.0063133711862091,0.008559226989746,0.00762939453125,0.00762939453125,0.0057697296142578,0.0046072779475031,0.0145435333251953,0.0055789947509765,0.0145435333251953,0.0073909759521484,0.0104427337646484,0.0199317932128906,0.0,0.496,1.424,0.0,0.0,0.0,4.232,3.744,118.448,0.0,0.0,0.0,0.0,325.704,0.0,1
97,0.0,0.0,0.0,0.0,0.0,0.0,0,0,0.0,0.0,0.0,0.0,0.0,0.0061858998666895,0.0083446502685546,0.0071525573730468,0.0071525573730468,0.0057697296142578,0.0049440484297902,0.0088214874267578,0.0058650970458984,0.0088214874267578,0.0072956085205078,0.012063980102539,0.0234127044677734,0.0,0.496,1.424,0.0,0.0,0.0,4.232,3.744,118.448,0.0,0.0,0.0,0.0,131.832,0.0,1
98,0.0,0.0,0.0,0.0,0.0,0.0,0,0,0.0,0.0,0.0,0.0,0.0,0.0061229686831953,0.0081062316894531,0.0073909759521484,0.0073909759521484,0.0061353047688802,0.0069141387939453,0.0069141387939453,0.0069141387939453,0.0069141387939453,0.0079154968261718,0.0103632609049479,0.0257492065429687,0.0,0.496,1.392,0.0,0.0,0.0,11.968,12.008,113.256,0.0,0.0,0.0,0.0,1.192,0.0,1
99,0.0,0.0,0.0,0.0,0.0,0.0,0,0,0.0,0.0,0.0,0.0,0.0,0.006139868556863,0.0081062316894531,0.00762939453125,0.00762939453125,0.006103515625,0.0048637390136718,0.0090599060058593,0.0077724456787109,0.0090599060058593,0.0079631805419921,0.0107765197753906,0.0201702117919921,0.0,0.496,1.424,0.0,0.0,0.0,4.232,3.744,122.384,0.0,0.0,0.0,0.0,141.048,0.0,1
100,0.0,0.0,0.0,0.0,0.0,0.0,0,0,0.0,0.0,0.0,0.0,0.0,0.0061118602752685,0.0081062316894531,0.0090599060058593,0.0090599060058593,0.0057220458984375,0.0,0.0157356262207031,0.0,0.0157356262207031,0.0081300735473632,0.0108003616333007,0.025796890258789,0.0,0.496,1.424,0.0,0.0,0.0,7.736,8.264,112.0,0.0,0.0,0.0,0.0,0.0,0.0,1
101,0.0,0.0,0.0,0.0,0.0,0.0,0,0,0.0,0.0,0.0,0.0,0.0,0.0060725212097167,0.0081062316894531,0.009775161743164,0.009775161743164,0.0,0.0,0.0121593475341796,0.0,0.0121593475341796,0.0,0.0,0.0,0.0,0.496,1.36,0.0,0.0,0.0,0.0,0.0,112.0,0.0,0.0,0.0,0.0,0.0,0.0,1
102,0.0,0.0,0.0,0.0,0.0,0.0,0,0,0.0,0.0,0.0,0.0,0.0,0.0063045858749615,0.0083446502685546,0.011444091796875,0.011444091796875,0.0065803527832031,0.0044050670805431,0.011444091796875,0.0052452087402343,0.011444091796875,0.0088214874267578,0.011444091796875,0.0214576721191406,0.0,0.496,1.36,0.0,0.0,0.0,4.232,3.744,127.576,0.0,0.0,0.0,0.0,2295.184,0.0,1
103,0.0,0.0,0.0,0.0,0.0,0.0,0,0,0.0,0.0,0.0,0.0,0.0,0.0063145514762047,0.0088214874267578,0.0083446502685546,0.0083446502685546,0.0058650970458984,0.0045842762234844,0.009775161743164,0.0052928924560546,0.009775161743164,0.0073909759521484,0.0109672546386718,0.0209331512451171,0.0,0.496,1.424,0.0,0.0,0.0,4.232,3.744,118.448,0.0,0.0,0.0,0.0,708.52,0.0,1
104,0.0,0.0,0.0,0.0,0.0,0.0,0,0,0.0,0.0,0.0,0.0,0.0,0.0067111289147103,0.0090599060058593,0.0078678131103515,0.0078678131103515,0.0061829884847005,0.0043178426808324,0.00762939453125,0.0052452087402343,0.00762939453125,0.0084877014160156,0.0107765197753906,0.02593994140625,0.0,0.496,1.424,0.0,0.848,0.848,11.968,12.008,118.448,50.0,0.0095367431640625,0.0095367431640625,0.009775161743164,2810.048,0.009775161743164,1
105,0.0,0.0,0.0,0.0,0.0,0.0,0,0,0.0,0.0,0.0,0.0,0.0,0.0066167057150661,0.0088214874267578,0.0119209289550781,0.0119209289550781,0.006103515625,0.0043192295112995,0.0123977661132812,0.0054836273193359,0.0123977661132812,0.0079154968261718,0.0104427337646484,0.0197887420654296,0.0,0.496,1.424,0.0,0.0,0.0,4.232,3.744,118.448,50.0,0.0,0.0,0.0,1902.4,0.0,1
106,0.0,0.0,0.0,0.0,0.0,0.0,0,0,0.0,0.0,0.0,0.0,0.0,0.0063424086689355,0.0088214874267578,0.0112056732177734,0.0112056732177734,0.0057220458984375,0.0044793793649384,0.00762939453125,0.0057220458984375,0.00762939453125,0.0079870223999023,0.0101804733276367,0.0248432159423828,0.0,0.496,1.424,0.0,0.0,0.0,7.736,8.264,117.192,50.0,0.0,0.0,0.0,314.168,0.0,1
107,0.0,0.0,0.0,0.0,0.0,0.0,0,0,0.0,0.0,0.0,0.0,0.0,0.0063708765589775,0.0085830688476562,0.0100135803222656,0.0100135803222656,0.0,0.0044138003618289,0.0121593475341796,0.0053644180297851,0.0121593475341796,0.0,0.0,0.0,0.0,0.496,1.392,0.0,0.0,0.0,0.0,0.0,117.192,50.0,0.0,0.0,0.0,1490.144,0.0,1
108,0.0,0.0,0.0,0.0,0.0,0.0,0,0,0.0,0.0,0.0,0.0,0.0,0.0061523914337158,0.0081062316894531,0.0109672546386718,0.0109672546386718,0.0056743621826171,0.0045041780214051,0.0109672546386718,0.0056743621826171,0.0109672546386718,0.0073432922363281,0.0107288360595703,0.0207424163818359,0.0,0.496,1.424,0.0,0.0,0.0,4.232,3.744,112.0,50.0,0.0,0.0,0.0,332.568,0.0,1
109,0.0,0.0,0.0,0.0,0.0,0.0,0,0,0.0,0.0,0.0,0.0,0.0,0.0066261480350305,0.0085830688476562,0.0090599060058593,0.0090599060058593,0.0056743621826171,0.0043627288606431,0.013589859008789,0.0052452087402343,0.013589859008789,0.0072479248046875,0.0115871429443359,0.0230789184570312,0.0,0.496,1.392,0.0,0.0,0.0,4.232,3.744,122.384,50.0,0.0,0.0,0.0,2752.688,0.0,1
110,0.0,0.0,0.0,0.0,0.0,0.0,0,0,0.0,0.0,0.0,0.0,0.0,0.0063732488831477,0.0085830688476562,0.0081062316894531,0.0081062316894531,0.005960464477539,0.0050306320190429,0.021219253540039,0.0063180923461914,0.021219253540039,0.0081539154052734,0.0105857849121093,0.0250816345214843,0.0,0.496,1.424,0.0,0.0,0.0,11.968,12.008,113.256,50.0,0.0,0.0,0.0,78.48,0.0,1
111,0.0,0.0,0.0,0.0,0.0,0.0,0,0,0.0,0.0,0.0,0.0,0.0,0.0059391135600075,0.00762939453125,0.0081062316894531,0.0081062316894531,0.0057220458984375,0.0050067901611328,0.0102519989013671,0.0050067901611328,0.0102519989013671,0.0072002410888671,0.0104904174804687,0.0201225280761718,0.0,0.496,1.424,0.0,0.0,0.0,4.232,3.744,113.256,50.0,0.0,0.0,0.0,1.192,0.0,1
112,0.0,0.0,0.0,0.0,0.0,0.0,0,0,0.0,0.0,0.0,0.0,0.0,0.0061312718177909,0.0083446502685546,0.0073909759521484,0.0073909759521484,0.0058174133300781,0.0052452087402343,0.00762939453125,0.0052452087402343,0.00762939453125,0.0079154968261718,0.0112771987915039,0.0275373458862304,0.0,0.496,1.36,0.0,0.0,0.0,7.736,8.264,113.256,50.0,0.0,0.0,0.0,1.192,0.0,1
113,0.0,0.0,0.0,0.0,0.0,0.0,0,0,0.0,0.0,0.0,0.0,0.0,0.0062958866942162,0.0085115432739257,0.0073909759521484,0.0073909759521484,0.0,0.004251146577095,0.0100135803222656,0.0052452087402343,0.0100135803222656,0.0,0.0,0.0,0.0,0.496,1.36,0.0,0.0,0.0,0.0,0.0,132.768,50.0,0.0,0.0,0.0,1838.488,0.0,1
114,0.0,0.0,0.0,0.0,0.0,0.0,0,0,0.0,0.0,0.0,0.0,0.0,0.0060737133026123,0.0081300735473632,0.0088214874267578,0.0088214874267578,0.0058174133300781,0.0040947812274821,0.0150203704833984,0.0050067901611328,0.0150203704833984,0.0073909759521484,0.0109195709228515,0.0211238861083984,0.0,0.496,1.36,0.0,0.0,0.0,4.232,3.744,112.0,50.0,0.0,0.0,0.0,2205.008,0.0,1
115,0.0,0.0,0.0,0.0,0.0,0.0,0,0,0.0,0.0,0.0,0.0,0.0,0.0058615207672119,0.0078678131103515,0.0147819519042968,0.0147819519042968,0.0057697296142578,0.0,0.013589859008789,0.0,0.013589859008789,0.0074386596679687,0.0108242034912109,0.0210762023925781,0.0,0.496,1.424,0.0,0.0,0.0,4.232,3.744,112.0,50.0,0.0,0.0,0.0,0.0,0.0,1
116,0.0,0.0,0.0,0.0,0.0,0.0,0,0,0.0,0.0,0.0,0.0,0.0,0.0060529851201754,0.0078678131103515,0.0069141387939453,0.0069141387939453,0.0057379404703776,0.005960464477539,0.0102519989013671,0.007486343383789,0.0102519989013671,0.0076770782470703,0.010236104329427,0.0244140625,0.0,0.496,1.36,0.0,0.0,0.0,11.968,12.008,117.192,50.0,0.0,0.0,0.0,15.872,0.0,1
117,0.0,0.0,0.0,0.0,0.0,0.0,0,0,0.0,0.0,0.0,0.0,0.0,0.0060090971230274,0.0081062316894531,0.0052452087402343,0.0052452087402343,0.0058174133300781,0.0052452087402343,0.0073909759521484,0.0052452087402343,0.0073909759521484,0.0074386596679687,0.0117301940917968,0.022125244140625,0.0,0.496,1.36,0.0,0.0,0.0,4.232,3.744,113.256,50.0,0.0,0.0,0.0,1.192,0.0,1
118,0.0,0.0,0.0,0.0,0.0,0.0,0,0,0.0,0.0,0.0,0.0,0.0,0.0060695913893666,0.0083446502685546,0.0095367431640625,0.0095367431640625,0.005960464477539,0.0092983245849609,0.0121593475341796,0.0092983245849609,0.0121593475341796,0.008249282836914,0.0104713439941406,0.0234127044677734,0.0,0.496,1.424,0.0,0.0,0.0,19.048,19.04,113.256,50.0,0.0,0.0,0.0,1.192,0.0,1
119,0.0,0.0,0.0,0.0,0.0,0.0,0,0,0.0,0.0,0.0,0.0,0.0,0.006061288254771,0.0081062316894531,0.00762939453125,0.00762939453125,0.0,0.0054836273193359,0.0083446502685546,0.0054836273193359,0.0083446502685546,0.0,0.0,0.0,0.0,0.496,1.36,0.0,0.0,0.0,0.0,0.0,113.256,50.0,0.0,0.0,0.0,1.192,0.0,1
120,0.0,0.0,0.0,0.0,0.0,0.0,0,0,0.0,0.0,0.0,0.0,0.0,0.006061288254771,0.0081062316894531,0.0057220458984375,0.0057220458984375,0.0065803527832031,0.0054836273193359,0.0123977661132812,0.0054836273193359,0.0123977661132812,0.0084877014160156,0.011301040649414,0.0216007232666015,0.0,0.496,1.36,0.0,0.0,0.0,4.232,3.744,113.256,50.0,0.0,0.0,0.0,1.192,0.0,1
121,0.0,0.0,0.0,0.0,0.0,0.0,0,0,0.0,0.0,0.0,0.0,0.0,0.006061288254771,0.0081062316894531,0.00762939453125,0.00762939453125,0.0064849853515625,0.0054836273193359,0.0083446502685546,0.0054836273193359,0.0083446502685546,0.0082015991210937,0.0128746032714843,0.0256538391113281,0.0,0.496,1.36,0.0,0.0,0.0,4.232,3.744,113.256,50.0,0.0,0.0,0.0,1.192,0.0,1
122,0.0,0.0,0.0,0.0,0.0,0.0,0,0,0.0,0.0,0.0,0.0,0.0,0.0060773590236034,0.0083446502685546,0.0073432922363281,0.0071525573730468,0.0056266784667968,0.004819461277553,0.0157356262207031,0.0068426132202148,0.0191688537597656,0.0080108642578125,0.0106652577718098,0.0258445739746093,0.0,1.344,2.208,0.0,0.0,0.0,11.968,12.008,141.248,50.0,0.0,0.0,0.0,273.744,0.0,1
123,0.0,0.0,0.0,0.0,0.0,0.0,0,0,0.0,0.0,0.0,0.0,0.0,0.0060280757163887,0.0078678131103515,0.0069141387939453,0.0069141387939453,0.0057697296142578,0.0061988830566406,0.0088214874267578,0.0063896179199218,0.0088214874267578,0.0072956085205078,0.0108242034912109,0.0207424163818359,0.0,0.496,1.424,0.0,0.0,0.0,4.232,3.744,114.504,50.0,0.0,0.0,0.0,9.072,0.0,1
124,0.0,0.0,0.0,0.0,0.0,0.0,0,0,0.0,0.0,0.0,0.0,0.0,0.0061170378727699,0.0081062316894531,0.0092983245849609,0.0092983245849609,0.0060558319091796,0.0077486038208007,0.0123977661132812,0.0091791152954101,0.0123977661132812,0.0086784362792968,0.0106096267700195,0.0267267227172851,0.0,0.496,1.36,0.0,0.0,0.0,7.736,8.264,113.256,50.0,0.0,0.0,0.0,3.664,0.0,1
125,0.0,0.0,0.0,0.0,0.0,0.0,0,0,0.0,0.0,0.0,0.0,0.0,0.0060826099564876,0.0078678131103515,0.00762939453125,0.00762939453125,0.0,0.0041210651397705,0.0102519989013671,0.0047683715820312,0.0102519989013671,0.0,0.0,0.0,0.0,0.496,1.424,0.0,0.0,0.0,0.0,0.0,123.64,50.0,0.0,0.0,0.0,2226.024,0.0,1
126,0.0,0.0,0.0,0.0,0.0,0.0,0,0,0.0,0.0,0.0,0.0,0.0,0.0063720627210626,0.0085830688476562,0.0126361846923828,0.0126361846923828,0.0057697296142578,0.0040519055981321,0.0112056732177734,0.0047683715820312,0.0112056732177734,0.0072956085205078,0.0112533569335937,0.021982192993164,0.0,0.496,1.36,0.0,0.0,0.0,4.232,3.744,113.256,50.0,0.0,0.0,0.0,4418.456,0.0,1
127,0.0,0.0,0.0,0.0,0.0,0.0,0,0,0.0,0.0,0.0,0.0,0.0,0.0059461593627929,0.0081062316894531,0.0083446502685546,0.0083446502685546,0.0055432319641113,0.0,0.0085830688476562,0.0,0.0085830688476562,0.0060558319091796,0.0108083089192708,0.0200271606445312,0.0,0.496,1.424,0.0,0.0,0.0,3.704,4.272,112.0,50.0,0.0,0.0,0.0,0.0,0.0,1
128,0.0,0.0,0.0,0.0,0.0,0.0,0,0,0.0,0.0,0.0,0.0,0.0,0.0059819221496582,0.0078678131103515,0.00762939453125,0.00762939453125,0.0063180923461914,0.0,0.0112056732177734,0.0,0.0112056732177734,0.0086784362792968,0.0103414058685302,0.027775764465332,0.0,0.496,1.36,0.0,0.0,0.0,11.44,12.536,112.0,50.0,0.0,0.0,0.0,0.0,0.0,1
129,0.0,0.0,0.0,0.0,0.0,0.0,0,0,0.0,0.0,0.0,0.0,0.0,0.0063321169684914,0.0083446502685546,0.00762939453125,0.00762939453125,0.0059127807617187,0.0041040063601488,0.0123977661132812,0.0047683715820312,0.0123977661132812,0.0075340270996093,0.01220703125,0.0229835510253906,0.0,0.496,1.36,0.0,0.0,0.0,4.232,3.744,124.944,50.0,0.0,0.0,0.0,3748.384,0.0,1
130,0.0,0.0,0.0,0.0,0.0,0.0,0,0,0.0,0.0,0.0,0.0,0.0,0.0062854728888516,0.0083446502685546,0.0069141387939453,0.0069141387939453,0.0060558319091796,0.0042322910193241,0.0176429748535156,0.0053882598876953,0.0176429748535156,0.0086307525634765,0.0105142593383789,0.0246524810791015,0.0,0.496,1.36,0.0,0.0,0.0,7.736,8.264,117.192,50.0,0.0,0.0,0.0,1820.6,0.0,1
131,0.0,0.0,0.0,0.0,0.0,0.0,0,0,0.0,0.0,0.0,0.0,0.0,0.0061953245703853,0.0081062316894531,0.0090599060058593,0.0090599060058593,0.0,0.0061988830566406,0.0066757202148437,0.0061988830566406,0.0066757202148437,0.0,0.0,0.0,0.0,0.496,1.424,0.0,0.0,0.0,0.0,0.0,113.256,50.0,0.0,0.0,0.0,1.192,0.0,1
132,0.0,0.0,0.0,0.0,0.0,0.0,0,0,0.0,0.0,0.0,0.0,0.0,0.0063860416412353,0.0083446502685546,0.0090599060058593,0.0090599060058593,0.0058650970458984,0.0052452087402343,0.009775161743164,0.0052452087402343,0.009775161743164,0.0072479248046875,0.0117778778076171,0.0236988067626953,0.0,0.496,1.36,0.0,0.0,0.0,4.232,3.744,112.696,50.0,0.0,0.0,0.0,1.192,0.0,1
133,0.0,0.0,0.0,0.0,0.0,0.0,0,0,0.0,0.0,0.0,0.0,0.0,0.0061217825211102,0.0083446502685546,0.0081062316894531,0.0081062316894531,0.0072121620178222,0.0083446502685546,0.0100135803222656,0.0083446502685546,0.0100135803222656,0.0091314315795898,0.0110069910685221,0.0196695327758789,0.0,0.496,1.36,0.0,0.0,0.0,3.704,4.272,113.256,50.0,0.0,0.0,0.0,1.192,0.0,1
134,0.0,0.0,0.0,0.0,0.0,0.0,0,0,0.0,0.0,0.0,0.0,0.0,0.0061264225080901,0.0085115432739257,0.0159740447998046,0.0159740447998046,0.0058492024739583,0.004173664564497,0.0123977661132812,0.0050783157348632,0.0123977661132812,0.0083446502685546,0.0103632609049479,0.0255107879638671,0.0,0.496,1.36,0.0,0.0,0.0,11.968,12.008,131.056,50.0,0.0,0.0,0.0,1953.52,0.0,1
135,0.0,0.0,0.0,0.0,0.0,0.0,0,0,0.0,0.0,0.0,0.0,0.0,0.0063258023997444,0.0088214874267578,0.0081062316894531,0.0081062316894531,0.0058174133300781,0.0041081935544557,0.0138282775878906,0.0050067901611328,0.0138282775878906,0.0073909759521484,0.0118255615234375,0.0237464904785156,0.0,0.496,1.36,0.0,0.0,0.848,4.232,3.744,117.192,100.0,0.0,0.0,0.0243186950683593,3558.608,0.0243186950683593,1
136,0.0,0.0,0.0,0.0,0.0,0.0,0,0,0.0,0.0,0.0,0.0,0.0,0.0060415267944335,0.0078916549682617,0.0090599060058593,0.0090599060058593,0.0059127807617187,0.0,0.0128746032714843,0.0,0.0128746032714843,0.0081062316894531,0.0105857849121093,0.0273466110229492,0.0,0.496,1.424,0.0,0.0,0.0,7.736,8.264,112.0,100.0,0.0,0.0,0.0,0.0,0.0,1
137,0.0,0.0,0.0,0.0,0.0,0.0,0,0,0.0,0.0,0.0,0.0,0.0,0.0060814530102174,0.0083446502685546,0.0102519989013671,0.0102519989013671,0.0,0.0078678131103515,0.0131130218505859,0.0078678131103515,0.0131130218505859,0.0,0.0,0.0,0.0,0.496,1.392,0.0,0.0,0.0,0.0,0.0,117.192,100.0,0.0,0.0,0.0,8.712,0.0,1
138,0.0,0.0,0.0,0.0,0.0,0.0,0,0,0.0,0.0,0.0,0.0,0.0,0.0059284381012418,0.00762939453125,0.0081062316894531,0.0081062316894531,0.0070095062255859,0.0050067901611328,0.0126361846923828,0.0050067901611328,0.0126361846923828,0.0088214874267578,0.012826919555664,0.0249385833740234,0.0,0.496,1.36,0.0,0.0,0.0,4.232,3.744,113.256,100.0,0.0,0.0,0.0,1.192,0.0,1
139,0.0,0.0,0.0,0.0,0.0,0.0,0,0,0.0,0.0,0.0,0.0,0.0,0.006147878086982,0.0083446502685546,0.0085830688476562,0.0085830688476562,0.0065326690673828,0.0073909759521484,0.0116825103759765,0.0073909759521484,0.0116825103759765,0.0079154968261718,0.0112056732177734,0.0216484069824218,0.0,0.496,1.424,0.0,0.0,0.0,4.232,3.744,113.256,100.0,0.0,0.0,0.0,1.192,0.0,1
140,0.0,0.0,0.0,0.0,0.0,0.0,0,0,0.0,0.0,0.0,0.0,0.0,0.0059011563732849,0.0078678131103515,0.0069141387939453,0.0069141387939453,0.005960464477539,0.0047683715820312,0.0090599060058593,0.0047683715820312,0.0090599060058593,0.0083446502685546,0.0103950500488281,0.0256538391113281,0.0,0.496,1.36,0.0,0.0,0.0,11.968,12.008,113.256,100.0,0.0,0.0,0.0,1.192,0.0,1
141,0.0,0.0,0.0,0.0,0.0,0.0,0,0,0.0,0.0,0.0,0.0,0.0,0.0058770179748535,0.0076770782470703,0.0073909759521484,0.0073909759521484,0.0055789947509765,0.0,0.0119209289550781,0.0,0.0119209289550781,0.0072479248046875,0.0116825103759765,0.0234127044677734,0.0,0.496,1.36,0.0,0.0,0.0,4.232,3.744,112.0,100.0,0.0,0.0,0.0,0.0,0.0,1
142,0.0,0.0,0.0,0.0,0.0,0.0,0,0,0.0,0.0,0.0,0.0,0.0,0.006147878086982,0.0085830688476562,0.0123977661132812,0.0123977661132812,0.0060081481933593,0.0054836273193359,0.0090599060058593,0.0066280364990234,0.0090599060058593,0.0085830688476562,0.0122308731079101,0.0291824340820312,0.0,0.496,1.36,0.0,0.0,3.312,7.736,8.264,117.192,100.0,0.0,0.0,38206.98295320784,24.144,104095.32918930054,1
143,0.0,0.0,0.0,0.0,0.0,0.0,0,0,0.0,0.0,0.0,0.0,0.0,0.0068643718089872,0.0091791152954101,0.0071525573730468,0.0071525573730468,0.0,0.0040513321645836,0.0102519989013671,0.0047683715820312,0.0102519989013671,0.0,0.0,0.0,1.0,0.496,1.424,0.0,0.0,3.312,0.0,0.0,143.152,100.0,0.0,0.0,37151.68987001692,22552.168,103040.03610610962,1
144,0.0,0.0,0.0,0.0,0.0,0.0,0,0,0.0,0.0,0.0,0.0,0.0,0.006650810811057,0.0092983245849609,0.0123977661132812,0.0123977661132812,0.0061988830566406,0.0041181765277974,0.0119209289550781,0.0050067901611328,0.0119209289550781,0.0075817108154296,0.0108242034912109,0.0207901000976562,0.0,0.496,1.424,0.0,0.0,0.848,4.232,3.744,114.84,100.0,0.0,0.0,0.0071525573730468,6371.832,0.0071525573730468,1
145,0.0,0.0,0.0,0.0,0.0,0.0,0,0,0.0,0.0,0.0,0.0,0.0,0.0061134793865146,0.0081062316894531,0.0085830688476562,0.0085830688476562,0.0056743621826171,0.0047683715820312,0.0090599060058593,0.0047683715820312,0.0090599060058593,0.0072956085205078,0.0107288360595703,0.0208377838134765,1.0,0.496,1.424,0.0,0.0,3.312,4.232,3.744,113.256,100.0,0.0,0.0,35104.69423021589,1.192,100993.0404663086,1
146,0.0,0.0,0.0,0.0,0.0,0.0,0,0,0.0,0.0,0.0,0.0,0.0,0.0059663952879644,0.0083446502685546,0.0081062316894531,0.0081062316894531,0.0052452087402343,0.00762939453125,0.0143051147460937,0.00762939453125,0.0143051147460937,0.0057220458984375,0.0138680140177408,0.0298023223876953,0.0,0.496,1.36,0.0,0.0,0.0,2.24,5.376,113.256,100.0,0.0,0.0,0.0,1.192,0.0,1
147,0.0,0.0,0.0,0.0,0.0,0.0,0,0,0.0,0.0,0.0,0.0,0.0,0.0061776378367206,0.0083446502685546,0.0090599060058593,0.0090599060058593,0.0061988830566406,0.0046491622924804,0.0095367431640625,0.0061273574829101,0.0095367431640625,0.0085830688476562,0.0093513064914279,0.0141143798828125,0.0,0.496,1.36,0.0,0.0,0.0,9.728,6.632,123.08,100.0,0.0,0.0,0.0,126.624,0.0,1
148,0.0,0.0,0.0,0.0,0.0,0.0,0,0,0.0,0.0,0.0,0.0,0.0,0.0061776378367206,0.0083446502685546,0.0081062316894531,0.0081062316894531,0.0060558319091796,0.0046491622924804,0.0104904174804687,0.0061273574829101,0.0104904174804687,0.0076770782470703,0.0117778778076171,0.0232696533203125,0.0,0.496,1.424,0.0,0.0,0.0,4.232,3.744,123.08,100.0,0.0,0.0,0.0,126.624,0.0,1
149,0.0,0.0,0.0,0.0,0.0,0.0,0,0,0.0,0.0,0.0,0.0,0.0,0.0061776378367206,0.0083446502685546,0.0073909759521484,0.0073909759521484,0.0063896179199218,0.0046491622924804,0.0104904174804687,0.0061273574829101,0.0104904174804687,0.0081539154052734,0.011444091796875,0.026249885559082,0.0,0.496,1.36,0.0,0.0,0.0,7.736,8.264,123.08,100.0,0.0,0.0,0.0,126.624,0.0,1
150,0.0,0.0,0.0,0.0,0.0,0.0,0,0,0.0,0.0,0.0,0.0,0.0,0.0059852505674456,0.0083208084106445,0.0119209289550781,0.0119209289550781,0.0,0.0079870223999023,0.0116825103759765,0.0082731246948242,0.0116825103759765,0.0,0.0,0.0,0.0,0.496,1.36,0.0,0.0,0.848,0.0,0.0,118.064,100.0,0.0,0.0,0.0107288360595703,5.488,0.0107288360595703,1
151,0.0,0.0,0.0,0.0,0.0,0.0,0,0,0.0,0.0,0.0,0.0,0.0,0.0062286853790283,0.0085830688476562,0.00762939453125,0.00762939453125,0.0057220458984375,0.0,0.0164508819580078,0.0,0.0164508819580078,0.0072956085205078,0.0110626220703125,0.0217437744140625,0.0,0.496,1.36,1.0,0.0,0.0,4.232,3.744,112.0,100.0,0.0,0.0,0.0,0.0,0.0,1
152,0.0,0.0,0.0,0.0,0.0,0.0,0,0,0.0,0.0,0.0,0.0,0.0,0.0060363788509843,0.0078678131103515,0.0073909759521484,0.0073909759521484,0.0065326690673828,0.0064373016357421,0.0107288360595703,0.0064373016357421,0.0107288360595703,0.0087261199951171,0.0113487243652343,0.022125244140625,0.0,0.496,1.424,0.0,0.0,0.0,4.232,3.744,113.256,100.0,0.0,0.0,0.0,1.192,0.0,1
153,0.0,0.0,0.0,0.0,0.0,0.0,0,0,0.0,0.0,0.0,0.0,0.0,0.0062297232708527,0.0085830688476562,0.009775161743164,0.0078678131103515,0.0066757202148437,0.0047683715820312,0.0123977661132812,0.0047683715820312,0.0127792358398437,0.0088691711425781,0.0117460886637369,0.0308036804199218,0.0,1.344,2.208,0.0,0.0,0.0,11.968,12.008,113.256,100.0,0.0,0.0,0.0,1.192,0.0,1
154,0.0,0.0,0.0,0.0,0.0,0.0,0,0,0.0,0.0,0.0,0.0,0.0,0.0062937760234472,0.0088214874267578,0.0078678131103515,0.0078678131103515,0.0060558319091796,0.0071525573730468,0.0104904174804687,0.0071525573730468,0.0104904174804687,0.00762939453125,0.0116825103759765,0.0220775604248046,1.0,0.496,1.36,0.0,0.0,6.256,4.232,3.744,113.256,100.0,0.0,0.0,26784.688574927197,1.192,92673.0348110199,1
155,0.0,0.0,0.0,0.0,0.0,0.0,0,0,0.0,0.0,0.0,0.0,0.0,0.0060105323791503,0.0083446502685546,0.0073909759521484,0.0073909759521484,0.006270408630371,0.0,0.0088214874267578,0.0,0.0088214874267578,0.0094175338745117,0.0112056732177734,0.0258445739746093,0.0,0.496,1.36,0.0,0.0,0.0,7.736,8.264,112.0,100.0,0.0,0.0,0.0,0.0,0.0,1
156,0.0,0.0,0.0,0.0,0.0,0.0,0,0,0.0,0.0,0.0,0.0,0.0,0.0063705444335937,0.0085830688476562,0.009775161743164,0.009775161743164,0.0,0.0,0.0095367431640625,0.0,0.0095367431640625,0.0,0.0,0.0,0.0,0.496,1.36,0.0,0.0,0.0,0.0,0.0,112.0,100.0,0.0,0.0,0.0,0.0,0.0,1
157,0.0,0.0,0.0,0.0,0.0,0.0,0,0,0.0,0.0,0.0,0.0,0.0,0.0062751770019531,0.0088214874267578,0.0078678131103515,0.0078678131103515,0.0061511993408203,0.0,0.0123977661132812,0.0,0.0123977661132812,0.0080585479736328,0.0116825103759765,0.0225067138671875,0.0,0.496,1.36,0.0,0.0,0.0,4.232,3.744,112.0,100.0,0.0,0.0,0.0,0.0,0.0,1
158,0.0,0.0,0.0,0.0,0.0,0.0,0,0,0.0,0.0,0.0,0.0,0.0,0.0059700012207031,0.0081062316894531,0.0083446502685546,0.0083446502685546,0.0066280364990234,0.0,0.0090599060058593,0.0,0.0090599060058593,0.0089168548583984,0.0127792358398437,0.025033950805664,0.0,0.496,1.36,0.0,0.0,0.0,4.232,3.744,112.0,100.0,0.0,0.0,0.0,0.0,0.0,1
159,0.0,0.0,0.0,0.0,0.0,0.0,0,0,0.0,0.0,0.0,0.0,0.0,0.0063163131030637,0.0085830688476562,0.00762939453125,0.00762939453125,0.0070571899414062,0.009775161743164,0.0126361846923828,0.009775161743164,0.0126361846923828,0.0097274780273437,0.0111897786458333,0.0290393829345703,0.0,0.496,1.36,0.0,0.0,0.0,11.968,12.008,113.256,100.0,0.0,0.0,0.0,1.192,0.0,1
160,0.0,0.0,0.0,0.0,0.0,0.0,0,0,0.0,0.0,0.0,0.0,0.0,0.0063934136385941,0.0088214874267578,0.00762939453125,0.00762939453125,0.0063419342041015,0.0071525573730468,0.0116825103759765,0.0071525573730468,0.0116825103759765,0.0086307525634765,0.0126838684082031,0.0254154205322265,0.0,0.496,1.36,0.0,0.0,0.0,4.232,3.744,113.256,100.0,0.0,0.0,0.0,1.192,0.0,1
161,0.0,0.0,0.0,0.0,0.0,0.0,0,0,0.0,0.0,0.0,0.0,0.0,0.0062581911608947,0.0083446502685546,0.0078678131103515,0.0078678131103515,0.0066280364990234,0.0057220458984375,0.0107288360595703,0.0057220458984375,0.0107288360595703,0.0087738037109375,0.011754035949707,0.0313758850097656,0.0,0.496,1.36,0.0,0.0,0.0,7.736,8.264,113.256,100.0,0.0,0.0,0.0,1.192,0.0,1
162,0.0,0.0,0.0,0.0,0.0,0.0,0,0,0.0,0.0,0.0,0.0,0.0,0.006110668182373,0.0078916549682617,0.0078678131103515,0.0078678131103515,0.0,0.0,0.0116825103759765,0.0,0.0116825103759765,0.0,0.0,0.0,0.0,0.496,1.36,0.0,0.0,0.0,0.0,0.0,112.0,100.0,0.0,0.0,0.0,0.0,0.0,1
163,0.0,0.0,0.0,0.0,0.0,0.0,0,0,0.0,0.0,0.0,0.0,0.0,0.0061511993408203,0.0085830688476562,0.0085830688476562,0.0085830688476562,0.0060081481933593,0.0,0.0112056732177734,0.0,0.0112056732177734,0.0077247619628906,0.0116825103759765,0.0223159790039062,0.0,0.496,1.36,0.0,0.0,0.0,4.232,3.744,112.0,100.0,0.0,0.0,0.0,0.0,0.0,1
164,0.0,0.0,0.0,0.0,0.0,0.0,0,0,0.0,0.0,0.0,0.0,0.0,0.0059950351715087,0.0078916549682617,0.0116825103759765,0.0116825103759765,0.0072002410888671,0.0,0.0083446502685546,0.0,0.0083446502685546,0.0102519989013671,0.0112533569335937,0.0218868255615234,0.0,0.496,1.36,0.0,0.0,0.0,4.232,3.744,112.0,100.0,0.0,0.0,0.0,0.0,0.0,1
165,0.0,0.0,0.0,0.0,0.0,0.0,0,0,0.0,0.0,0.0,0.0,0.0,0.00618577003479,0.0083446502685546,0.0133514404296875,0.0133514404296875,0.0066280364990234,0.0,0.0083446502685546,0.0,0.0083446502685546,0.008249282836914,0.0109513600667317,0.0273704528808593,0.0,0.496,1.36,0.0,0.0,0.0,11.968,12.008,112.0,100.0,0.0,0.0,0.0,0.0,0.0,1
166,0.0,0.0,0.0,0.0,0.0,0.0,0,0,0.0,0.0,0.0,0.0,0.0,0.0059926509857177,0.0081062316894531,0.0090599060058593,0.0090599060058593,0.0058174133300781,0.0,0.0107288360595703,0.0,0.0107288360595703,0.0077247619628906,0.0120162963867187,0.0233173370361328,0.0,0.496,1.36,0.0,0.0,0.0,4.232,3.744,112.0,100.0,0.0,0.0,0.0,0.0,0.0,1
167,0.0,0.0,0.0,0.0,0.0,0.0,0,0,0.0,0.0,0.0,0.0,0.0,0.0062949621855322,0.0083446502685546,0.0071525573730468,0.0071525573730468,0.0057697296142578,0.0066757202148437,0.011444091796875,0.0066757202148437,0.011444091796875,0.007939338684082,0.01068115234375,0.0282049179077148,0.0,0.496,1.36,0.0,0.0,0.0,7.736,8.264,113.256,100.0,0.0,0.0,0.0,1.192,0.0,1
168,0.0,0.0,0.0,0.0,0.0,0.0,0,0,0.0,0.0,0.0,0.0,0.0,0.0062451433779588,0.0083446502685546,0.0100135803222656,0.0100135803222656,0.0,0.0109672546386718,0.0100135803222656,0.0109672546386718,0.0100135803222656,0.0,0.0,0.0,0.0,0.496,1.36,0.0,0.0,0.0,0.0,0.0,113.256,100.0,0.0,0.0,0.0,1.192,0.0,1
169,0.0,0.0,0.0,0.0,0.0,0.0,0,0,0.0,0.0,0.0,0.0,0.0,0.0060648467410263,0.0081062316894531,0.0069141387939453,0.0069141387939453,0.005960464477539,0.0066757202148437,0.0121593475341796,0.0066757202148437,0.0121593475341796,0.0076770782470703,0.0107765197753906,0.0200271606445312,0.0,0.496,1.36,0.0,0.0,0.0,4.232,3.744,113.256,100.0,0.0,0.0,0.0,1.192,0.0,1
170,0.0,0.0,0.0,0.0,0.0,0.0,0,0,0.0,0.0,0.0,0.0,0.0,0.0062035125436134,0.0081062316894531,0.0078678131103515,0.0078678131103515,0.0057220458984375,0.0055879354476928,0.0071525573730468,0.0092983245849609,0.0071525573730468,0.0072956085205078,0.0102996826171875,0.0195503234863281,0.0,0.496,1.36,1.0,1.328,3.952,4.232,3.744,141.248,66.66666666666666,0.0157356262207031,0.0157356262207031,0.0054836273193359,148.432,0.0054836273193359,1
171,0.0,0.0,0.0,0.0,0.0,0.0,0,0,0.0,0.0,0.0,0.0,0.0,0.0062668323516845,0.0083446502685546,0.0073909759521484,0.0073909759521484,0.0062465667724609,0.0,0.0095367431640625,0.0,0.0095367431640625,0.008392333984375,0.0115394592285156,0.0283241271972656,0.0,0.496,1.392,1.0,0.0,0.0,11.968,12.008,112.0,100.0,0.0,0.0,0.0,0.0,0.0,1
172,0.0,0.0,0.0,0.0,0.0,0.0,0,0,0.0,0.0,0.0,0.0,0.0,0.0062439572158737,0.0083446502685546,0.0116825103759765,0.0116825103759765,0.0056624412536621,0.0041723251342773,0.011444091796875,0.0050306320190429,0.011444091796875,0.0060558319091796,0.0113646189371744,0.0202655792236328,0.0,0.496,1.424,0.0,0.0,0.0,3.704,4.272,117.192,100.0,0.0,0.0,0.0,446.832,0.0,1
173,0.0,0.0,0.0,0.0,0.0,0.0,0,0,0.0,0.0,0.0,0.0,0.0,0.0061845779418945,0.0081062316894531,0.0071525573730468,0.0071525573730468,0.0059127807617187,0.0,0.0126361846923828,0.0,0.0126361846923828,0.0077724456787109,0.0117301940917968,0.022125244140625,0.0,0.496,1.424,1.0,0.0,0.0,4.232,3.744,112.0,100.0,0.0,0.0,0.0,0.0,0.0,1
174,0.0,0.0,0.0,0.0,0.0,0.0,0,0,0.0,0.0,0.0,0.0,0.0,0.006305637644298,0.0083446502685546,0.0081062316894531,0.0081062316894531,0.0,0.0047683715820312,0.0092983245849609,0.0047683715820312,0.0092983245849609,0.0,0.0,0.0,0.0,0.496,1.36,0.0,0.0,0.0,0.0,0.0,113.256,100.0,0.0,0.0,0.0,1.192,0.0,1
175,0.0,0.0,0.0,0.0,0.0,0.0,0,0,0.0,0.0,0.0,0.0,0.0,0.00604705430975,0.0083446502685546,0.0088214874267578,0.0088214874267578,0.0065803527832031,0.0047683715820312,0.0081062316894531,0.0047683715820312,0.0081062316894531,0.0079154968261718,0.011301040649414,0.0207424163818359,0.0,0.496,1.36,0.0,0.0,0.0,4.232,3.744,113.256,100.0,0.0,0.0,0.0,1.192,0.0,1
176,0.0,0.0,0.0,0.0,0.0,0.0,0,0,0.0,0.0,0.0,0.0,0.0,0.0060719637135368,0.0078678131103515,0.00762939453125,0.00762939453125,0.0064849853515625,0.0047683715820312,0.0081062316894531,0.0047683715820312,0.0081062316894531,0.0089645385742187,0.0106334686279296,0.0201225280761718,0.0,0.496,1.36,0.0,0.0,0.0,4.232,3.744,113.256,100.0,0.0,0.0,0.0,1.192,0.0,1
177,0.0,0.0,0.0,0.0,0.0,0.0,0,0,0.0,0.0,0.0,0.0,0.0,0.0060719637135368,0.0078678131103515,0.0069141387939453,0.0069141387939453,0.0058174133300781,0.0047683715820312,0.00762939453125,0.0047683715820312,0.00762939453125,0.0088214874267578,0.0108957290649414,0.0258922576904296,0.0,0.496,1.36,1.0,0.0,0.0,7.736,8.264,113.256,100.0,0.0,0.0,0.0,1.192,0.0,1
178,0.0,0.0,0.0,0.0,0.0,0.0,0,0,0.0,0.0,0.0,0.0,0.0,0.0060719637135368,0.0078678131103515,0.0085830688476562,0.0085830688476562,0.0069141387939453,0.0047683715820312,0.013589859008789,0.0047683715820312,0.013589859008789,0.0098705291748046,0.0112533569335937,0.0272274017333984,0.0,0.496,1.36,0.0,0.0,0.0,11.312,10.776,113.256,100.0,0.0,0.0,0.0,1.192,0.0,1
179,0.0,0.0,0.0,0.0,0.0,0.0,0,0,0.0,0.0,0.0,0.0,0.0,0.0060719637135368,0.0078678131103515,0.0073909759521484,0.0073909759521484,0.0,0.0047683715820312,0.0064373016357421,0.0047683715820312,0.0064373016357421,0.0,0.0,0.0,0.0,0.496,1.36,0.0,0.0,0.0,0.0,0.0,113.256,100.0,0.0,0.0,0.0,1.192,0.0,1
180,0.0,0.0,0.0,0.0,0.0,0.0,0,0,0.0,0.0,0.0,0.0,0.0,0.0060719637135368,0.0078678131103515,0.0081062316894531,0.0081062316894531,0.0,0.0047683715820312,0.0073909759521484,0.0047683715820312,0.0073909759521484,0.0,0.0,0.0,0.0,0.496,1.36,0.0,0.0,0.0,0.0,0.0,113.256,100.0,0.0,0.0,0.0,1.192,0.0,1
181,0.0,0.0,0.0,0.0,0.0,0.0,0,0,0.0,0.0,0.0,0.0,0.0,0.0062815033563292,0.0085830688476562,0.0069141387939453,0.0069141387939453,0.0060081481933593,0.0069141387939453,0.0090599060058593,0.0092029571533203,0.0090599060058593,0.0076770782470703,0.0131130218505859,0.0255107879638671,0.0,0.496,1.36,0.0,0.0,0.0,4.232,3.744,118.448,100.0,0.0,0.0,0.0,15.32,0.0,1
182,0.0,0.0,0.0,0.0,0.0,0.0,0,0,0.0,0.0,0.0,0.0,0.0,0.0061716013286837,0.0083446502685546,0.00762939453125,0.00762939453125,0.0057697296142578,0.0092983245849609,0.0069141387939453,0.0092983245849609,0.0069141387939453,0.0074386596679687,0.0119209289550781,0.0226497650146484,0.0,0.496,1.36,0.0,0.0,0.0,4.232,3.744,113.256,100.0,0.0,0.0,0.0,1.192,0.0,1
183,0.0,0.0,0.0,0.0,0.0,0.0,0,0,0.0,0.0,0.0,0.0,0.0,0.0062249786225124,0.0085830688476562,0.00762939453125,0.00762939453125,0.0059366226196289,0.0057220458984375,0.0128746032714843,0.0057220458984375,0.0128746032714843,0.0082015991210937,0.0116586685180664,0.0298261642456054,0.0,0.496,1.424,0.0,0.0,0.0,7.736,8.264,113.256,100.0,0.0,0.0,0.0,1.192,0.0,1
184,0.0,0.0,0.0,0.0,0.0,0.0,0,0,0.0,0.0,0.0,0.0,0.0,0.0061190128326416,0.0081062316894531,0.0092983245849609,0.0092983245849609,0.0,0.0,0.011444091796875,0.0,0.011444091796875,0.0,0.0,0.0,0.0,0.496,1.36,0.0,0.0,0.0,0.0,0.0,112.0,100.0,0.0,0.0,0.0,0.0,0.0,1
185,0.0,0.0,0.0,0.0,0.0,0.0,0,0,0.0,0.0,0.0,0.0,0.0,0.0059998035430908,0.0078678131103515,0.0085830688476562,0.00762939453125,0.0,0.0,0.0085830688476562,0.0,0.0101089477539062,0.0,0.0,0.0,0.0,1.344,2.208,0.0,0.0,0.0,0.0,0.0,112.0,100.0,0.0,0.0,0.0,0.0,0.0,1
186,0.0,0.0,0.0,0.0,0.0,0.0,0,0,0.0,0.0,0.0,0.0,0.0,0.006108283996582,0.0078678131103515,0.0073909759521484,0.0073909759521484,0.0,0.0,0.0100135803222656,0.0,0.0100135803222656,0.0,0.0,0.0,1.0,0.496,1.36,0.0,0.0,9.2,0.0,0.0,112.0,0.0,60417.04058647156,60417.05222129822,-5471.309798104422,0.0,60417.03643798828,1
187,0.0,0.0,0.0,0.0,0.0,0.0,0,0,0.0,0.0,0.0,0.0,0.0,0.006265640258789,0.0083684921264648,0.0073909759521484,0.0073909759521484,0.0057220458984375,0.0,0.0095367431640625,0.0,0.0095367431640625,0.0073909759521484,0.0112533569335937,0.0221729278564453,0.0,0.496,1.36,0.0,0.0,0.0,4.232,3.744,112.0,0.0,0.0,0.0,0.0,0.0,0.0,1
188,0.0,0.0,0.0,0.0,0.0,0.0,0,0,0.0,0.0,0.0,0.0,0.0,0.0062581911608947,0.0083446502685546,0.0064373016357421,0.0064373016357421,0.0065326690673828,0.0121593475341796,0.0085830688476562,0.0121593475341796,0.0085830688476562,0.0091075897216796,0.0126361846923828,0.0255584716796875,0.0,0.496,1.36,0.0,0.0,0.0,4.232,3.744,113.256,0.0,0.0,0.0,0.0,1.192,0.0,1
189,0.0,0.0,0.0,0.0,0.0,0.0,0,0,0.0,0.0,0.0,0.0,0.0,0.0060802668481323,0.0081062316894531,0.0095367431640625,0.0095367431640625,0.0057697296142578,0.0052452087402343,0.0088214874267578,0.0052452087402343,0.0088214874267578,0.008392333984375,0.0113487243652343,0.0298738479614257,0.0,0.496,1.36,0.0,0.0,0.0,7.736,8.264,113.256,0.0,0.0,0.0,0.0,1.192,0.0,1
190,0.0,0.0,0.0,0.0,0.0,0.0,0,0,0.0,0.0,0.0,0.0,0.0,0.0063121908962136,0.0083446502685546,0.0078678131103515,0.0078678131103515,0.0,0.0054438908894856,0.0133514404296875,0.0075101852416992,0.0133514404296875,0.0,0.0,0.0,0.0,0.496,1.36,0.0,0.0,0.0,0.0,0.0,118.448,0.0,0.0,0.0,0.0,58.464,0.0,1
191,0.0,0.0,0.0,0.0,0.0,0.0,0,0,0.0,0.0,0.0,0.0,0.0,0.0062572956085205,0.0085830688476562,0.0081062316894531,0.0081062316894531,0.0,0.0,0.0095367431640625,0.0,0.0095367431640625,0.0,0.0,0.0,0.0,0.496,1.424,0.0,0.0,0.0,0.0,0.0,112.0,0.0,0.0,0.0,0.0,0.0,0.0,1
192,0.0,0.0,0.0,0.0,0.0,0.0,0,0,0.0,0.0,0.0,0.0,0.0,0.0060760974884033,0.0081062316894531,0.00762939453125,0.00762939453125,0.0,0.0,0.0088214874267578,0.0,0.0088214874267578,0.0,0.0,0.0,0.0,0.496,1.36,0.0,0.0,0.0,0.0,0.0,112.0,0.0,0.0,0.0,0.0,0.0,0.0,1
193,0.0,0.0,0.0,0.0,0.0,0.0,0,0,0.0,0.0,0.0,0.0,0.0,0.0063848495483398,0.0085830688476562,0.0066757202148437,0.0066757202148437,0.0058650970458984,0.0,0.0109672546386718,0.0,0.0109672546386718,0.0076770782470703,0.0111103057861328,0.0210285186767578,0.0,0.496,1.36,1.0,0.0,0.0,4.232,3.744,112.0,100.0,0.0,0.0,0.0,0.0,0.0,1
194,0.0,0.0,0.0,0.0,0.0,0.0,0,0,0.0,0.0,0.0,0.0,0.0,0.0062072277069091,0.0083446502685546,0.0081062316894531,0.0081062316894531,0.0057220458984375,0.0,0.0078678131103515,0.0,0.0078678131103515,0.0075340270996093,0.0109195709228515,0.0209331512451171,0.0,0.496,1.36,0.0,0.0,0.0,4.232,3.744,112.0,100.0,0.0,0.0,0.0,0.0,0.0,1
195,0.0,0.0,0.0,0.0,0.0,0.0,0,0,0.0,0.0,0.0,0.0,0.0,0.0060861976585577,0.0083446502685546,0.00762939453125,0.00762939453125,0.0058889389038085,0.0061988830566406,0.013589859008789,0.0061988830566406,0.013589859008789,0.008249282836914,0.0108718872070312,0.0269651412963867,0.0,0.496,1.36,0.0,0.0,0.0,7.736,8.264,113.256,100.0,0.0,0.0,0.0,1.192,0.0,1
196,0.0,0.0,0.0,0.0,0.0,0.0,0,0,0.0,0.0,0.0,0.0,0.0,0.006277169754256,0.0085830688476562,0.0073909759521484,0.0073909759521484,0.0,0.005960464477539,0.0100135803222656,0.005960464477539,0.0100135803222656,0.0,0.0,0.0,0.0,0.496,1.36,0.0,0.0,0.0,0.0,0.0,113.256,100.0,0.0,0.0,0.0,1.192,0.0,1
197,0.0,0.0,0.0,0.0,0.0,0.0,0,0,0.0,0.0,0.0,0.0,0.0,0.0061632981940881,0.0081062316894531,0.0088214874267578,0.0088214874267578,0.0,0.009775161743164,0.0095367431640625,0.009775161743164,0.0095367431640625,0.0,0.0,0.0,0.0,0.496,1.36,0.0,0.0,0.0,0.0,0.0,113.256,100.0,0.0,0.0,0.0,1.192,0.0,1
198,0.0,0.0,0.0,0.0,0.0,0.0,0,0,0.0,0.0,0.0,0.0,0.0,0.0061611137767829,0.0081062316894531,0.0095367431640625,0.0095367431640625,0.0,0.0073909759521484,0.0116825103759765,0.0093936920166015,0.0116825103759765,0.0,0.0,0.0,0.0,0.496,1.36,0.0,0.0,0.0,0.0,0.0,122.384,100.0,0.0,0.0,0.0,24.248,0.0,1
199,0.0,0.0,0.0,0.0,0.0,0.0,0,0,0.0,0.0,0.0,0.0,0.0,0.0063908100128173,0.0085830688476562,0.0090599060058593,0.0090599060058593,0.006866455078125,0.0,0.0104904174804687,0.0,0.0104904174804687,0.0088214874267578,0.0117778778076171,0.0237941741943359,0.0,0.496,1.424,0.0,0.0,0.0,4.232,3.744,112.0,100.0,0.0,0.0,0.0,0.0,0.0,1
200,0.0,0.0,0.0,0.0,0.0,0.0,0,0,0.0,0.0,0.0,0.0,0.0,0.007157209442883,0.0095367431640625,0.0069141387939453,0.0069141387939453,0.0065565109252929,0.0040352344512939,0.0090599060058593,0.0047683715820312,0.0090599060058593,0.0079870223999023,0.0108083089192708,0.0196695327758789,0.0,0.496,1.424,0.0,0.0,0.0,3.704,4.272,142.592,100.0,0.0,0.0,0.0,50710.128,0.0,1
201,0.0,0.0,0.0,0.0,0.0,0.0,0,0,0.0,0.0,0.0,0.0,0.0,0.0073613219000213,0.0100135803222656,0.0104904174804687,0.0104904174804687,0.0061750411987304,0.0039885851962507,0.0176429748535156,0.0045299530029296,0.0176429748535156,0.0088214874267578,0.0117063522338867,0.0312566757202148,0.0,0.496,1.424,0.0,0.0,0.0,7.736,8.264,117.192,100.0,0.0,0.0,0.0,5471.84,0.0,1
202,0.0,0.0,0.0,0.0,0.0,0.0,0,0,0.0,0.0,0.0,0.0,0.0,0.0067409591295232,0.0090599060058593,0.0147819519042968,0.0147819519042968,0.0,0.0069141387939453,0.0162124633789062,0.0069141387939453,0.0162124633789062,0.0,0.0,0.0,0.0,0.496,1.424,0.0,0.0,0.0,0.0,0.0,117.888,100.0,0.0,0.0,0.0,1.192,0.0,1
203,0.0,0.0,0.0,0.0,0.0,0.0,0,0,0.0,0.0,0.0,0.0,0.0,0.0068279776242699,0.0090599060058593,0.0081062316894531,0.0081062316894531,0.0,0.0040826080851472,0.0221729278564453,0.0047683715820312,0.0221729278564453,0.0,0.0,0.0,0.0,0.496,1.424,0.0,0.0,0.0,0.0,0.0,118.448,100.0,0.0,0.0,0.0,9842.584,0.0,1
204,0.0,0.0,0.0,0.0,0.0,0.0,0,0,0.0,0.0,0.0,0.0,0.0,0.0062617496471499,0.0085830688476562,0.0083446502685546,0.0083446502685546,0.0,0.0042915344238281,0.0143051147460937,0.0042915344238281,0.0143051147460937,0.0,0.0,0.0,0.0,0.496,1.424,0.0,0.0,0.0,0.0,0.0,113.256,100.0,0.0,0.0,0.0,1.192,0.0,1
205,0.0,0.0,0.0,0.0,0.0,0.0,0,0,0.0,0.0,0.0,0.0,0.0,0.0064172367058177,0.0085830688476562,0.00762939453125,0.00762939453125,0.0057220458984375,0.0045575957367385,0.0109672546386718,0.0057935714721679,0.0109672546386718,0.0074386596679687,0.01068115234375,0.0205039978027343,0.0,0.496,1.392,0.0,0.0,0.0,4.232,3.744,121.776,100.0,0.0,0.0,0.0,1217.472,0.0,1
206,0.0,0.0,0.0,0.0,0.0,0.0,0,0,0.0,0.0,0.0,0.0,0.0,0.0063424086689355,0.0085830688476562,0.011444091796875,0.011444091796875,0.0062465667724609,0.0044341399290851,0.011444091796875,0.0052452087402343,0.011444091796875,0.0083446502685546,0.0109195709228515,0.0209331512451171,0.0,0.496,1.424,0.0,0.0,0.0,4.232,3.744,117.192,100.0,0.0,0.0,0.0,902.264,0.0,1
207,0.0,0.0,0.0,0.0,0.0,0.0,0,0,0.0,0.0,0.0,0.0,0.0,0.0064266261769764,0.0085830688476562,0.0078678131103515,0.0078678131103515,0.0062942504882812,0.0045688255973484,0.0150203704833984,0.0054836273193359,0.0150203704833984,0.0093698501586914,0.0117301940917968,0.03204345703125,0.0,0.496,1.424,0.0,0.0,0.0,7.736,8.264,114.264,100.0,0.0,0.0,0.0,726.592,0.0,1
208,0.0,0.0,0.0,0.0,0.0,0.0,0,0,0.0,0.0,0.0,0.0,0.0,0.0065820134101222,0.0085830688476562,0.0092983245849609,0.0092983245849609,0.0,0.0045551703526423,0.00762939453125,0.0054836273193359,0.00762939453125,0.0,0.0,0.0,0.0,0.496,1.424,0.0,0.0,0.0,0.0,0.0,117.192,100.0,0.0,0.0,0.0,884.576,0.0,1
209,0.0,0.0,0.0,0.0,0.0,0.0,0,0,0.0,0.0,0.0,0.0,0.0,0.0062449143664671,0.0083446502685546,0.0095367431640625,0.0095367431640625,0.0,0.0055631001790364,0.0166893005371093,0.0058650970458984,0.0166893005371093,0.0,0.0,0.0,0.0,0.496,1.424,0.0,0.0,0.0,0.0,0.0,116.544,100.0,0.0,0.0,0.0,12.952,0.0,1
210,0.0,0.0,0.0,0.0,0.0,0.0,0,0,0.0,0.0,0.0,0.0,0.0,0.0062791427763381,0.0085830688476562,0.0078678131103515,0.0078678131103515,0.0,0.0061988830566406,0.009775161743164,0.0063896179199218,0.009775161743164,0.0,0.0,0.0,0.0,0.496,1.392,0.0,0.0,0.0,0.0,0.0,117.648,100.0,0.0,0.0,0.0,5.296,0.0,1
211,0.0,0.0,0.0,0.0,0.0,0.0,0,0,0.0,0.0,0.0,0.0,0.0,0.0062519961064404,0.0083446502685546,0.0090599060058593,0.0090599060058593,0.0063419342041015,0.0061591466267903,0.009775161743164,0.0075101852416992,0.009775161743164,0.0080585479736328,0.0109672546386718,0.0210285186767578,0.0,0.496,1.424,0.0,0.0,0.0,4.232,3.744,118.448,100.0,0.0,0.0,0.0,21.824,0.0,1
212,0.0,0.0,0.0,0.0,0.0,0.0,0,0,0.0,0.0,0.0,0.0,0.0,0.0062178616500019,0.0083446502685546,0.00762939453125,0.00762939453125,0.0057220458984375,0.0053048133850097,0.0143051147460937,0.0065565109252929,0.0143051147460937,0.0072479248046875,0.0107765197753906,0.0207901000976562,0.0,0.496,1.424,0.0,0.0,0.0,4.232,3.744,114.264,100.0,0.0,0.0,0.0,66.368,0.0,1
213,0.0,0.0,0.0,0.0,0.0,0.0,0,0,0.0,0.0,0.0,0.0,0.0,0.0063827381798283,0.0085830688476562,0.0088214874267578,0.0088214874267578,0.0057697296142578,0.0051770891462053,0.0121593475341796,0.0057220458984375,0.0121593475341796,0.0081300735473632,0.0110864639282226,0.0265836715698242,0.0,0.496,1.424,0.0,0.0,0.0,7.736,8.264,114.968,100.0,0.0,0.0,0.0,17.672,0.0,1
214,0.0,0.0,0.0,0.0,0.0,0.0,0,0,0.0,0.0,0.0,0.0,0.0,0.0060648467410263,0.0081062316894531,0.0064373016357421,0.0064373016357421,0.0,0.0062783559163411,0.0133514404296875,0.0073909759521484,0.0133514404296875,0.0,0.0,0.0,0.0,0.496,1.424,0.0,0.0,0.0,0.0,0.0,114.584,100.0,0.0,0.0,0.0,9.768,0.0,1
215,0.0,0.0,0.0,0.0,0.0,0.0,0,0,0.0,0.0,0.0,0.0,0.0,0.0063044514822129,0.0085830688476562,0.0083446502685546,0.0083446502685546,0.0,0.0057220458984375,0.0104904174804687,0.006866455078125,0.0104904174804687,0.0,0.0,0.0,0.0,0.496,1.424,0.0,0.0,0.0,0.0,0.0,114.712,100.0,0.0,0.0,0.0,4.72,0.0,1
216,0.0,0.0,0.0,0.0,0.0,0.0,0,0,0.0,0.0,0.0,0.0,0.0,0.0061268853669119,0.0080823898315429,0.0079631805419921,0.0064373016357421,0.0,0.0066757202148437,0.0123977661132812,0.0085353851318359,0.0127792358398437,0.0,0.0,0.0,0.0,1.344,2.24,0.0,0.0,0.0,0.0,0.0,116.272,100.0,0.0,0.0,0.0,7.512,0.0,1
217,0.0,0.0,0.0,0.0,0.0,0.0,0,0,0.0,0.0,0.0,0.0,0.0,0.0062248494365427,0.0083208084106445,0.0069141387939453,0.0069141387939453,0.0062465667724609,0.0056028366088867,0.0100135803222656,0.0067472457885742,0.0100135803222656,0.0082015991210937,0.0118732452392578,0.0230312347412109,0.0,0.496,1.424,0.0,0.0,0.0,4.232,3.744,116.304,100.0,0.0,0.0,0.0,8.512,0.0,1
218,0.0,0.0,0.0,0.0,0.0,0.0,0,0,0.0,0.0,0.0,0.0,0.0,0.0063830082959467,0.0083446502685546,0.0073909759521484,0.0073909759521484,0.005960464477539,0.0069936116536458,0.0095367431640625,0.0078201293945312,0.0095367431640625,0.0080108642578125,0.0113487243652343,0.0220298767089843,0.0,0.496,1.424,0.0,0.0,0.0,4.232,3.744,118.448,100.0,0.0,0.0,0.0,8.888,0.0,1
219,0.0,0.0,0.0,0.0,0.0,0.0,0,0,0.0,0.0,0.0,0.0,0.0,0.0064003467559814,0.0081062316894531,0.0104904174804687,0.0104904174804687,0.0057935714721679,0.005960464477539,0.0081062316894531,0.005960464477539,0.0081062316894531,0.0083684921264648,0.0105142593383789,0.025796890258789,0.0,0.496,1.36,0.0,0.0,0.0,7.736,8.264,115.048,100.0,0.0,0.0,0.0,3.32,0.0,1
220,0.0,0.0,0.0,0.0,0.0,0.0,0,0,0.0,0.0,0.0,0.0,0.0,0.0062712389438306,0.0085830688476562,0.0090599060058593,0.0090599060058593,0.0,0.0066161155700683,0.0073909759521484,0.0087976455688476,0.0073909759521484,0.0,0.0,0.0,0.0,0.496,1.424,0.0,0.0,0.0,0.0,0.0,117.192,100.0,0.0,0.0,0.0,37.68,0.0,1
221,0.0,0.0,0.0,0.0,0.0,0.0,0,0,0.0,0.0,0.0,0.0,0.0,0.006377993531488,0.0088214874267578,0.0073909759521484,0.0073909759521484,0.0,0.0054836273193359,0.0145435333251953,0.0058650970458984,0.0145435333251953,0.0,0.0,0.0,0.0,0.496,1.36,0.0,0.0,0.0,0.0,0.0,114.52,100.0,0.0,0.0,0.0,7.208,0.0,1
222,0.0,0.0,0.0,0.0,0.0,0.0,0,0,0.0,0.0,0.0,0.0,0.0,0.0062676804575754,0.0081062316894531,0.0092983245849609,0.0092983245849609,0.0,0.0055313110351562,0.0119209289550781,0.0069141387939453,0.0119209289550781,0.0,0.0,0.0,0.0,0.496,1.424,0.0,0.0,0.0,0.0,0.0,117.192,100.0,0.0,0.0,0.0,19.672,0.0,1
223,0.0,0.0,0.0,0.0,0.0,0.0,0,0,0.0,0.0,0.0,0.0,0.0,0.0063853688759378,0.0085830688476562,0.0123977661132812,0.0123977661132812,0.0062942504882812,0.0050862630208333,0.0112056732177734,0.0071525573730468,0.0112056732177734,0.0084877014160156,0.0116348266601562,0.0215053558349609,0.0,0.496,1.424,0.0,0.0,0.0,4.232,3.744,118.448,100.0,0.0,0.0,0.0,94.768,0.0,1
