time_seconds,a1_retransmissions_ul_count,a1_retransmissions_dl_count,a1_packet_loss_ul_percentage,a1_packet_loss_dl_percentage,e2_du_packet_loss_ul_percentage,e2_du_packet_loss_dl_percentage,e2_du_retransmissions_ul_count,e2_du_retransmissions_dl_count,f1_c_packet_loss_dl_percentage,f1_c_packet_loss_ul_percentage,f1_c_retransmissions_dl_count,f1_c_retransmissions_ul_count,f1_u_retransmissions_dl_count,f1_u_retransmissions_ul_count,f1_u_packet_loss_dl_percentage,f1_u_packet_loss_ul_percentage,f1_u_latency_mean_ul_ms,f1_u_latency_p90_ul_ms,f1_c_latency_mean_dl_ms,f1_c_latency_mean_ul_ms,f1_c_latency_p90_ul_ms,f1_c_latency_p90_dl_ms,e2_du_latency_p90_ul_ms,e2_du_latency_mean_ul_ms,f1_u_latency_mean_dl_ms,f1_u_latency_p90_dl_ms,a1_latency_mean_ul_ms,e2_du_latency_mean_dl_ms,e2_du_latency_p90_dl_ms,a1_latency_p90_ul_ms,e2_du_throughput_dl_kbps,e2_du_throughput_ul_kbps,f1_c_throughput_dl_kbps,f1_c_throughput_ul_kbps,f1_u_throughput_ul_kbps,a1_throughput_dl_kbps,a1_throughput_ul_kbps,a1_latency_p90_dl_ms,a1_latency_mean_dl_ms,f1_u_throughput_dl_kbps,F-node
0,0.0,0.0,0.0,0.0,0.0,0.0,0,0,0.0,0.0,0.0,0.0,0.0,0.0,0.0,0.0,0.0060574681151146,0.0081062316894531,0.0071922938028971,0.0084241231282552,0.0104904174804687,0.010848045349121,0.0109672546386718,0.0109672546386718,0.0042664377312911,0.0053405761718749,0.0062125069754464,0.0104904174804687,0.0104904174804687,0.0087261199951171,0.496,1.36,9.856,10.24,132.768,25.152,27.344,0.0229358673095703,0.0103405543736049,210.264,0
1,0.0,0.0,0.0,0.0,0.0,0.0,0,0,0.0,0.0,0.0,0.0,0.0,0.0,0.0,0.0,0.0061245247869208,0.0083446502685546,0.0071922938028971,0.0084241231282552,0.0104904174804687,0.010848045349121,0.0092983245849609,0.0092983245849609,0.0044822692871093,0.0061988830566406,0.0062125069754464,0.0121593475341796,0.0121593475341796,0.0087261199951171,0.496,1.424,9.856,10.24,122.384,25.152,27.344,0.0229358673095703,0.0103405543736049,236.704,0
2,0.0,0.0,0.0,0.0,0.0,0.0,0,0,0.0,0.0,0.0,0.0,0.0,0.0,0.0,0.0,0.0064948509479391,0.0090599060058593,0.0071922938028971,0.0084241231282552,0.0104904174804687,0.010848045349121,0.0069141387939453,0.0069141387939453,0.0039193496452306,0.0045299530029296,0.0062125069754464,0.0128746032714843,0.0128746032714843,0.0087261199951171,0.496,1.392,9.856,10.24,123.64,25.152,27.344,0.0229358673095703,0.0103405543736049,3439.56,0
3,0.0,0.0,0.0,0.0,0.0,0.0,0,0,0.0,0.0,0.0,0.0,0.0,0.0,0.0,0.0,0.006377993531488,0.0088214874267578,0.0071922938028971,0.0084241231282552,0.0104904174804687,0.010848045349121,0.0078678131103515,0.0078678131103515,0.0039897066481569,0.0047683715820312,0.0062125069754464,0.0088214874267578,0.0088214874267578,0.0087261199951171,0.496,1.424,9.856,10.24,113.256,25.152,27.344,0.0229358673095703,0.0103405543736049,1046.128,0
4,0.0,0.0,0.0,0.0,0.0,0.0,0,0,0.0,0.0,0.0,0.0,0.0,0.0,0.0,0.0,0.0060517989580904,0.0081062316894531,0.0071922938028971,0.0084241231282552,0.0104904174804687,0.010848045349121,0.005960464477539,0.005960464477539,0.0045299530029296,0.0045299530029296,0.0062125069754464,0.0069141387939453,0.0069141387939453,0.0087261199951171,0.496,1.392,9.856,10.24,113.256,25.152,27.344,0.0229358673095703,0.0103405543736049,1.192,0
5,0.0,0.0,0.0,0.0,0.0,0.0,0,0,0.0,0.0,0.0,0.0,0.0,0.0,0.0,0.0,0.0063097476959228,0.0083446502685546,0.0071922938028971,0.0084241231282552,0.0104904174804687,0.010848045349121,0.0092983245849609,0.0092983245849609,0.0,0.0,0.0062125069754464,0.0073909759521484,0.0073909759521484,0.0087261199951171,0.496,1.36,9.856,10.24,112.0,25.152,27.344,0.0229358673095703,0.0103405543736049,0.0,0
6,0.0,0.0,0.0,0.0,0.0,0.0,0,0,0.0,0.0,0.0,0.0,0.0,0.0,0.0,0.0,0.0061821937561035,0.0083446502685546,0.0071922938028971,0.0084241231282552,0.0104904174804687,0.010848045349121,0.00762939453125,0.00762939453125,0.0,0.0,0.0062125069754464,0.0123977661132812,0.0123977661132812,0.0087261199951171,0.496,1.36,9.856,10.24,112.0,25.152,27.344,0.0229358673095703,0.0103405543736049,0.0,0
7,0.0,0.0,0.0,0.0,0.0,0.0,0,0,0.0,0.0,0.0,0.0,0.0,0.0,0.0,0.0,0.0059902667999267,0.0081062316894531,0.0071922938028971,0.0084241231282552,0.0104904174804687,0.010848045349121,0.0066757202148437,0.0066757202148437,0.0,0.0,0.0062125069754464,0.0183582305908203,0.0183582305908203,0.0087261199951171,0.496,1.36,9.856,10.24,112.0,25.152,27.344,0.0229358673095703,0.0103405543736049,0.0,0
8,0.0,0.0,0.0,0.0,0.0,0.0,0,0,0.0,0.0,0.0,0.0,0.0,0.0,0.0,0.0,0.0058114528656005,0.00762939453125,0.0071922938028971,0.0084241231282552,0.0104904174804687,0.010848045349121,0.0073909759521484,0.0073909759521484,0.0,0.0,0.0062125069754464,0.0095367431640625,0.0095367431640625,0.0087261199951171,0.496,1.36,9.856,10.24,112.0,25.152,27.344,0.0229358673095703,0.0103405543736049,0.0,0
9,0.0,0.0,0.0,0.0,0.0,0.0,0,0,0.0,0.0,0.0,0.0,0.0,0.0,0.0,0.0,0.0060407241972366,0.0078678131103515,0.0071922938028971,0.0084241231282552,0.0104904174804687,0.010848045349121,0.0069141387939453,0.0069141387939453,0.0083446502685546,0.0089168548583984,0.0062125069754464,0.0083446502685546,0.0083446502685546,0.0087261199951171,0.496,1.36,9.856,10.24,118.448,25.152,27.344,0.0229358673095703,0.0103405543736049,6.16,0
10,0.0,0.0,0.0,0.0,0.0,0.0,0,0,0.0,0.0,0.0,0.0,0.0,0.0,0.0,0.0,0.0060885699827279,0.0083446502685546,0.0071922938028971,0.0084241231282552,0.0104904174804687,0.010848045349121,0.0102519989013671,0.0102519989013671,0.0045299530029296,0.0045299530029296,0.0062125069754464,0.0140666961669921,0.0140666961669921,0.0087261199951171,0.496,1.424,9.856,10.24,113.256,25.152,27.344,0.0229358673095703,0.0103405543736049,1.192,0
11,0.0,0.0,0.0,0.0,0.0,0.0,0,0,0.0,0.0,0.0,0.0,0.0,0.0,0.0,0.0,0.0059082733457954,0.0081062316894531,0.0071922938028971,0.0084241231282552,0.0104904174804687,0.010848045349121,0.0066757202148437,0.0066757202148437,0.00762939453125,0.00762939453125,0.0062125069754464,0.0126361846923828,0.0126361846923828,0.0087261199951171,0.496,1.36,9.856,10.24,113.256,25.152,27.344,0.0229358673095703,0.0103405543736049,1.192,0
12,0.0,0.0,0.0,0.0,0.0,0.0,0,0,0.0,0.0,0.0,0.0,0.0,0.0,0.0,0.0,0.0062162436327887,0.0085830688476562,0.0071922938028971,0.0084241231282552,0.0104904174804687,0.010848045349121,0.0064373016357421,0.0064373016357421,0.0039148887307727,0.0045299530029296,0.0062125069754464,0.0152587890625,0.0152587890625,0.0087261199951171,0.496,1.36,9.856,10.24,140.992,25.152,27.344,0.0229358673095703,0.0103405543736049,2806.264,0
13,0.0,0.0,0.0,0.0,0.0,0.0,0,0,0.0,0.0,0.0,0.0,0.0,0.0,0.0,0.0,0.0060558319091796,0.0083446502685546,0.0071922938028971,0.0084241231282552,0.0104904174804687,0.010848045349121,0.0071525573730468,0.0071525573730468,0.0060796737670898,0.0075101852416992,0.0062125069754464,0.0088214874267578,0.0088214874267578,0.0087261199951171,0.496,1.424,9.856,10.24,112.0,25.152,27.344,0.0229358673095703,0.0103405543736049,14.896,0
14,0.0,0.0,0.0,0.0,0.0,0.0,0,0,0.0,0.0,0.0,0.0,0.0,0.0,0.0,0.0,0.0065553306352974,0.0092744827270507,0.0071922938028971,0.0084241231282552,0.0104904174804687,0.010848045349121,0.0085830688476562,0.0085830688476562,0.00408471348774,0.0050067901611328,0.0062125069754464,0.0100135803222656,0.0100135803222656,0.0087261199951171,0.496,1.36,9.856,10.24,122.384,25.152,27.344,0.0229358673095703,0.0103405543736049,2500.456,0
15,0.0,0.0,0.0,0.0,0.0,0.0,0,0,0.0,0.0,0.0,0.0,0.0,0.0,0.0,0.0,0.0067018157807155,0.0090599060058593,0.0071922938028971,0.0084241231282552,0.0104904174804687,0.010848045349121,0.0071525573730468,0.0071525573730468,0.0040626254176821,0.0050067901611328,0.0062125069754464,0.0166893005371093,0.0166893005371093,0.0087261199951171,0.496,1.424,9.856,10.24,117.192,25.152,27.344,0.0229358673095703,0.0103405543736049,3323.224,0
16,0.0,0.0,0.0,0.0,0.0,0.0,0,0,0.0,0.0,0.0,0.0,0.0,0.0,0.0,0.0,0.0061056401469919,0.0081062316894531,0.0071922938028971,0.0084241231282552,0.0104904174804687,0.010848045349121,0.0104904174804687,0.0104904174804687,0.004521438053676,0.0057935714721679,0.0062125069754464,0.00762939453125,0.00762939453125,0.0087261199951171,0.496,1.424,9.856,10.24,118.448,25.152,27.344,0.0229358673095703,0.0103405543736049,226.592,0
17,0.0,0.0,0.0,0.0,0.0,0.0,0,0,0.0,0.0,0.0,0.0,0.0,0.0,0.0,0.0,0.0062664942954903,0.0083446502685546,0.0071922938028971,0.0084241231282552,0.0104904174804687,0.010848045349121,0.0071525573730468,0.0071525573730468,0.0041749742296006,0.0052928924560546,0.0062125069754464,0.0157356262207031,0.0157356262207031,0.0087261199951171,0.496,1.424,9.856,10.24,113.256,25.152,27.344,0.0229358673095703,0.0103405543736049,455.384,0
18,0.0,0.0,0.0,0.0,0.0,0.0,0,0,0.0,0.0,0.0,0.0,0.0,0.0,0.0,0.0,0.0058207018622036,0.00762939453125,0.0071922938028971,0.0084241231282552,0.0104904174804687,0.010848045349121,0.0073909759521484,0.0073909759521484,0.0046166506680575,0.0052452087402343,0.0062125069754464,0.0121593475341796,0.0121593475341796,0.0087261199951171,0.496,1.424,9.856,10.24,121.48,25.152,27.344,0.0229358673095703,0.0103405543736049,80.632,0
19,0.0,0.0,0.0,0.0,0.0,0.0,0,0,0.0,0.0,0.0,0.0,0.0,0.0,0.0,0.0,0.0061028039277489,0.0081062316894531,0.0071922938028971,0.0084241231282552,0.0104904174804687,0.010848045349121,0.0069141387939453,0.0069141387939453,0.0045597553253173,0.0061988830566406,0.0062125069754464,0.0095367431640625,0.0095367431640625,0.0087261199951171,0.496,1.424,9.856,10.24,117.192,25.152,27.344,0.0229358673095703,0.0103405543736049,166.656,0
20,0.0,0.0,0.0,0.0,0.0,0.0,0,0,0.0,0.0,0.0,0.0,0.0,0.0,0.0,0.0,0.0061431334386417,0.0083446502685546,0.0071922938028971,0.0084241231282552,0.0104904174804687,0.010848045349121,0.0112056732177734,0.0112056732177734,0.0048160552978515,0.0056743621826171,0.0062125069754464,0.0104904174804687,0.0104904174804687,0.0087261199951171,0.496,1.424,9.856,10.24,117.192,25.152,27.344,0.0229358673095703,0.0103405543736049,46.44,0
21,0.0,0.0,0.0,0.0,0.0,0.0,0,0,0.0,0.0,0.0,0.0,0.0,0.0,0.0,0.0,0.0061607360839843,0.0083684921264648,0.0066280364990234,0.0078201293945312,0.0086784362792968,0.0098228454589843,0.0069141387939453,0.0069141387939453,0.0,0.0,0.0062125069754464,0.0088214874267578,0.0088214874267578,0.0087261199951171,0.496,1.424,6.448,6.256,112.0,25.152,27.344,0.0229358673095703,0.0103405543736049,0.0,0
22,0.0,0.0,0.0,0.0,0.0,0.0,0,0,0.0,0.0,0.0,0.0,0.0,0.0,0.0,0.0,0.0063633918762207,0.0088214874267578,0.0075101852416992,0.0075340270996093,0.0090599060058593,0.011754035949707,0.0078678131103515,0.0078678131103515,0.0,0.0,0.0062125069754464,0.0112056732177734,0.0112056732177734,0.0087261199951171,0.496,1.36,5.6,6.544,112.0,25.152,27.344,0.0229358673095703,0.0103405543736049,0.0,0
23,0.0,0.0,0.0,0.0,0.0,0.0,0,0,0.0,0.0,0.0,0.0,0.0,0.0,0.0,0.0,0.006108000726983,0.0083446502685546,0.006866455078125,0.0096559524536132,0.01068115234375,0.0098705291748046,0.0071525573730468,0.0071525573730468,0.0051856040954589,0.0063180923461914,0.0062125069754464,0.0107288360595703,0.0107288360595703,0.0087261199951171,0.496,1.36,6.096,5.76,115.968,25.152,27.344,0.0229358673095703,0.0103405543736049,21.536,0
24,0.0,0.0,0.0,0.0,0.0,0.0,0,0,0.0,0.0,0.0,0.0,0.0,0.0,0.0,0.0,0.0060621429892147,0.0085830688476562,0.0053644180297851,0.0083446502685546,0.0115633010864257,0.0064373016357421,0.0066757202148437,0.0066757202148437,0.0046730041503906,0.0056266784667968,0.0062125069754464,0.0138282775878906,0.0138282775878906,0.0087261199951171,0.496,1.424,9.856,10.24,123.888,25.152,27.344,0.0229358673095703,0.0103405543736049,115.496,0
25,0.0,0.0,0.0,0.0,0.0,0.0,0,0,0.0,0.0,0.0,0.0,0.0,0.0,0.0,0.0,0.0063756212073179,0.0088214874267578,0.0057220458984375,0.0060081481933593,0.0076770782470703,0.0072956085205078,0.0064373016357421,0.0064373016357421,0.004993544684516,0.0073432922363281,0.0062125069754464,0.00762939453125,0.00762939453125,0.0087261199951171,0.496,1.424,6.448,6.256,113.256,25.152,27.344,0.0229358673095703,0.0103405543736049,143.968,0
26,0.0,0.0,0.0,0.0,0.0,0.0,0,0,0.0,0.0,0.0,0.0,0.0,0.0,0.0,0.0,0.0061561812215776,0.0081062316894531,0.0064373016357421,0.0075817108154296,0.0101089477539062,0.0074386596679687,0.0078678131103515,0.0078678131103515,0.0055631001790364,0.006723403930664,0.0062125069754464,0.0073909759521484,0.0073909759521484,0.0087261199951171,0.496,1.424,5.6,6.544,117.192,25.152,27.344,0.0229358673095703,0.0103405543736049,18.168,0
27,0.0,0.0,0.0,0.0,0.0,0.0,0,0,0.0,0.0,0.0,0.0,0.0,0.0,0.0,0.0,0.0061440467834472,0.0083684921264648,0.0058174133300781,0.0071525573730468,0.0095844268798828,0.0071048736572265,0.0085830688476562,0.0085830688476562,0.0,0.0,0.0065432654486762,0.0090599060058593,0.0090599060058593,0.0079154968261718,0.496,1.392,6.096,5.76,112.0,8.792,7.208,0.028848648071289,0.0116825103759765,0.0,0
28,0.0,0.0,0.0,0.0,0.0,0.0,0,0,0.0,0.0,0.0,0.0,0.0,0.0,0.0,0.0,0.00600531549737,0.0081062316894531,0.0066757202148437,0.0079870223999023,0.0112056732177734,0.0079870223999023,0.0078916549682617,0.007033348083496,0.0053246815999348,0.0062465667724609,0.005960464477539,0.0103712081909179,0.0140905380249023,0.0072956085205078,1.344,2.272,9.856,10.24,119.904,3.744,4.232,0.0237464904785156,0.0124931335449218,25.208,0
29,0.0,0.0,0.0,0.0,0.0,0.0,0,0,0.0,0.0,0.0,0.0,0.0,0.0,0.0,0.0,0.00600531549737,0.0081062316894531,0.0072479248046875,0.0085830688476562,0.0101089477539062,0.0107288360595703,0.0066757202148437,0.0066757202148437,0.0053246815999348,0.0062465667724609,0.0060929192437065,0.0100135803222656,0.0100135803222656,0.0078678131103515,0.496,1.36,6.448,6.256,119.904,8.792,7.208,0.0274181365966796,0.0107071616432883,25.208,0
30,0.0,0.0,0.0,0.0,0.0,0.0,0,0,0.0,0.0,0.0,0.0,0.0,0.0,0.0,0.0,0.00600531549737,0.0081062316894531,0.0064373016357421,0.0079154968261718,0.0108718872070312,0.0075101852416992,0.00762939453125,0.00762939453125,0.0053246815999348,0.0062465667724609,0.0,0.0057220458984375,0.0057220458984375,0.0,0.496,1.36,5.6,6.544,119.904,0.0,0.0,0.0,0.0,25.208,0
31,0.0,0.0,0.0,0.0,0.0,0.0,0,0,0.0,0.0,0.0,0.0,0.0,0.0,0.0,0.0,0.0060494266339202,0.0078678131103515,0.0078678131103515,0.0074505805969238,0.0097274780273437,0.0104427337646484,0.0071525573730468,0.0071525573730468,0.0052452087402343,0.0052452087402343,0.007486343383789,0.0064373016357421,0.0064373016357421,0.0096321105957031,0.496,1.36,6.096,5.76,113.256,3.744,4.232,0.021982192993164,0.012063980102539,1.192,0
32,0.0,0.0,0.0,0.0,0.0,0.0,0,0,0.0,0.0,0.0,0.0,0.0,0.0,0.0,0.0,0.0063586003572038,0.0083446502685546,0.0071128209431966,0.0063180923461914,0.0073909759521484,0.0103712081909179,0.0069141387939453,0.0069141387939453,0.0045299530029296,0.0058650970458984,0.006866455078125,0.0073909759521484,0.0073909759521484,0.0094413757324218,0.496,1.424,9.856,10.24,135.6,3.744,4.232,0.0199794769287109,0.0107288360595703,127.144,0
33,0.0,0.0,0.0,0.0,0.0,0.0,0,0,0.0,0.0,0.0,0.0,0.0,0.0,0.0,0.0,0.0062779624863426,0.0088214874267578,0.0056266784667968,0.0069141387939453,0.0092983245849609,0.007486343383789,0.0061988830566406,0.0061988830566406,0.0050067901611328,0.0064611434936523,0.0062147776285807,0.0061988830566406,0.0061988830566406,0.0082969665527343,0.496,1.424,6.448,6.256,118.448,12.008,11.968,0.0268936157226562,0.0110149383544921,85.312,0
34,0.0,0.0,0.0,0.0,0.0,0.0,0,0,0.0,0.0,0.0,0.0,0.0,0.0,0.0,0.0,0.0061070919036865,0.0081300735473632,0.0066161155700683,0.0065803527832031,0.0072002410888671,0.0088691711425781,0.0081062316894531,0.0081062316894531,0.0,0.0,0.0065326690673828,0.0107288360595703,0.0107288360595703,0.0087261199951171,0.496,1.424,5.6,6.544,112.0,3.744,4.232,0.0217914581298828,0.0113487243652343,0.0,0
35,0.0,0.0,0.0,0.0,0.0,0.0,0,0,0.0,0.0,0.0,0.0,0.0,0.0,0.0,0.0,0.0062453746795654,0.0085830688476562,0.0075340270996093,0.0067949295043945,0.0084400177001953,0.01068115234375,0.0081062316894531,0.0081062316894531,0.0,0.0,0.006013446384006,0.0152587890625,0.0152587890625,0.006866455078125,0.496,1.36,6.096,5.76,112.0,8.792,7.208,0.0259876251220703,0.0107938593084161,0.0,0
36,0.0,0.0,0.0,0.0,0.0,0.0,0,0,0.0,0.0,0.0,0.0,0.0,0.0,0.0,0.0,0.0064277648925781,0.0088214874267578,0.006715456644694,0.0069538752237955,0.0090599060058593,0.0077486038208007,0.0071525573730468,0.0071525573730468,0.0,0.0,0.0,0.0090599060058593,0.0090599060058593,0.0,0.496,1.36,9.856,10.24,112.0,0.0,0.0,0.0,0.0,0.0,0
37,0.0,0.0,0.0,0.0,0.0,0.0,0,0,0.0,0.0,0.0,0.0,0.0,0.0,0.0,0.0,0.0062453746795654,0.0083446502685546,0.0055789947509765,0.0077247619628906,0.0084877014160156,0.0072956085205078,0.0095367431640625,0.0095367431640625,0.0,0.0,0.0066757202148437,0.0085830688476562,0.0085830688476562,0.0092983245849609,0.496,1.36,6.448,6.256,112.0,3.744,4.232,0.0222682952880859,0.0116825103759765,0.0,0
38,0.0,0.0,0.0,0.0,0.0,0.0,0,0,0.0,0.0,0.0,0.0,0.0,0.0,0.0,0.0,0.0062202339741721,0.0085830688476562,0.0059008598327636,0.0077247619628906,0.0090599060058593,0.0071048736572265,0.0088214874267578,0.0088214874267578,0.0057220458984375,0.0057220458984375,0.0065803527832031,0.0081062316894531,0.0081062316894531,0.0084400177001953,0.496,1.36,5.6,6.544,113.256,3.744,4.232,0.0213146209716796,0.0114917755126953,1.192,0
39,0.0,0.0,0.0,0.0,0.0,0.0,0,0,0.0,0.0,0.0,0.0,0.0,0.0,0.0,0.0,0.006176345977024,0.0081062316894531,0.00762939453125,0.0064373016357421,0.0073909759521484,0.0117778778076171,0.0066757202148437,0.0066757202148437,0.005960464477539,0.005960464477539,0.006413459777832,0.0133514404296875,0.0133514404296875,0.0084638595581054,0.496,1.36,6.096,5.76,113.256,8.264,7.736,0.025796890258789,0.0106096267700195,1.192,0
40,0.0,0.0,0.0,0.0,0.0,0.0,0,0,0.0,0.0,0.0,0.0,0.0,0.0,0.0,0.0,0.0061134793865146,0.0078678131103515,0.0067551930745442,0.0078280766805013,0.0096559524536132,0.0089406967163085,0.0061988830566406,0.0061988830566406,0.0045299530029296,0.0045299530029296,0.0072002410888671,0.0066757202148437,0.0066757202148437,0.0097274780273437,0.496,1.36,9.856,10.24,113.256,3.744,4.232,0.023508071899414,0.0126361846923828,1.192,0
41,0.0,0.0,0.0,0.0,0.0,0.0,0,0,0.0,0.0,0.0,0.0,0.0,0.0,0.0,0.0,0.0062644481658935,0.0085830688476562,0.006103515625,0.006723403930664,0.0078201293945312,0.0085353851318359,0.0083446502685546,0.0083446502685546,0.0,0.0,0.0059127807617187,0.009775161743164,0.009775161743164,0.0075340270996093,0.496,1.36,6.448,6.256,112.0,3.744,4.232,0.0233650207519531,0.0121593475341796,0.0,0
42,0.0,0.0,0.0,0.0,0.0,0.0,0,0,0.0,0.0,0.0,0.0,0.0,0.0,0.0,0.0,0.0061821937561035,0.0085830688476562,0.0063180923461914,0.0072002410888671,0.008392333984375,0.00762939453125,0.00762939453125,0.00762939453125,0.0,0.0,0.0061273574829101,0.0123977661132812,0.0123977661132812,0.0086069107055664,0.496,1.36,5.6,6.544,112.0,8.264,7.736,0.02899169921875,0.011444091796875,0.0,0
43,0.0,0.0,0.0,0.0,0.0,0.0,0,0,0.0,0.0,0.0,0.0,0.0,0.0,0.0,0.0,0.0063240528106689,0.0088214874267578,0.0083446502685546,0.0067949295043945,0.0068902969360351,0.0106334686279296,0.0057220458984375,0.0057220458984375,0.0,0.0,0.0061511993408203,0.0123977661132812,0.0123977661132812,0.0079154968261718,0.496,1.36,4.752,4.48,112.0,3.744,4.232,0.0207424163818359,0.0111103057861328,0.0,0
44,0.0,0.0,0.0,0.0,0.0,0.0,0,0,0.0,0.0,0.0,0.0,0.0,0.0,0.0,0.0,0.0062990188598632,0.0083446502685546,0.0058174133300781,0.0075896581013997,0.0090599060058593,0.0069141387939453,0.0064373016357421,0.0064373016357421,0.0,0.0,0.005960464477539,0.0102519989013671,0.0102519989013671,0.007486343383789,0.496,1.36,6.448,7.04,112.0,3.744,4.232,0.0207901000976562,0.0109672546386718,0.0,0
45,0.0,0.0,0.0,0.0,0.0,0.0,0,0,0.0,0.0,0.0,0.0,0.0,0.0,0.0,0.0,0.0059972355021766,0.0078678131103515,0.0072479248046875,0.0079870223999023,0.0097036361694335,0.0102519989013671,0.0100135803222656,0.0100135803222656,0.0045299530029296,0.0045299530029296,0.0067710876464843,0.0123977661132812,0.0123977661132812,0.011754035949707,0.496,1.36,6.096,5.76,113.256,8.264,7.736,0.025796890258789,0.0108242034912109,1.192,0
46,0.0,0.0,0.0,0.0,0.0,0.0,0,0,0.0,0.0,0.0,0.0,0.0,0.0,0.0,0.0,0.0063044514822129,0.0092983245849609,0.0062942504882812,0.0081062316894531,0.0102043151855468,0.0074386596679687,0.0078678131103515,0.0078678131103515,0.0090599060058593,0.0090599060058593,0.0060558319091796,0.013589859008789,0.013589859008789,0.0078678131103515,0.496,1.36,8.88,9.072,113.256,3.744,4.232,0.0214576721191406,0.0112533569335937,1.192,0
47,0.0,0.0,0.0,0.0,0.0,0.0,0,0,0.0,0.0,0.0,0.0,0.0,0.0,0.0,0.0,0.0062676804575754,0.0088214874267578,0.0070095062255859,0.0073909759521484,0.0086784362792968,0.0094413757324218,0.0088214874267578,0.0088214874267578,0.0054836273193359,0.0054836273193359,0.0062465667724609,0.0092983245849609,0.0092983245849609,0.0081539154052734,0.496,1.36,6.576,6.928,113.256,3.744,4.232,0.0233650207519531,0.0117301940917968,1.192,0
48,0.0,0.0,0.0,0.0,0.0,0.0,0,0,0.0,0.0,0.0,0.0,0.0,0.0,0.0,0.0,0.0060260295867919,0.0081062316894531,0.0070571899414062,0.0075896581013997,0.0101327896118164,0.0098705291748046,0.0119209289550781,0.0119209289550781,0.0,0.0,0.0065565109252929,0.0126361846923828,0.0126361846923828,0.0086307525634765,0.496,1.36,6.448,7.04,112.0,8.264,7.736,0.026559829711914,0.0111579895019531,0.0,0
49,0.0,0.0,0.0,0.0,0.0,0.0,0,0,0.0,0.0,0.0,0.0,0.0,0.0,0.0,0.0,0.0063788890838623,0.0088453292846679,0.0070571899414062,0.00762939453125,0.0089645385742187,0.0091552734375,0.0083446502685546,0.0083446502685546,0.0,0.0,0.0064373016357421,0.0100135803222656,0.0100135803222656,0.0075817108154296,0.496,1.36,6.096,5.76,112.0,3.744,4.232,0.0212669372558593,0.0113487243652343,0.0,0
50,0.0,0.0,0.0,0.0,0.0,0.0,0,0,0.0,0.0,0.0,0.0,0.0,0.0,0.0,0.0,0.0061321258544921,0.0085830688476562,0.0071048736572265,0.0066757202148437,0.0074386596679687,0.0092029571533203,0.00762939453125,0.00762939453125,0.0,0.0,0.0058174133300781,0.0085830688476562,0.0085830688476562,0.0072956085205078,0.496,1.36,8.88,9.072,112.0,3.744,4.232,0.0208377838134765,0.0109672546386718,0.0,0
51,0.0,0.0,0.0,0.0,0.0,0.0,0,0,0.0,0.0,0.0,0.0,0.0,0.0,0.0,0.0,0.0063276290893554,0.0083684921264648,0.0072956085205078,0.005960464477539,0.0079154968261718,0.0101566314697265,0.0119209289550781,0.0119209289550781,0.0,0.0,0.006413459777832,0.013589859008789,0.013589859008789,0.0086069107055664,0.496,1.36,6.576,6.928,112.0,8.264,7.736,0.0268220901489257,0.0119686126708984,0.0,0
52,0.0,0.0,0.0,0.0,0.0,0.0,0,0,0.0,0.0,0.0,0.0,0.0,0.0,0.0,0.0,0.0063566426139565,0.0085830688476562,0.0052928924560546,0.0072320302327473,0.0085830688476562,0.0067710876464843,0.0090599060058593,0.0090599060058593,0.0054836273193359,0.0054836273193359,0.0061988830566406,0.0088214874267578,0.0088214874267578,0.0080108642578125,0.496,1.36,6.448,7.04,113.256,3.744,4.232,0.022125244140625,0.011444091796875,1.192,0
53,0.0,0.0,0.0,0.0,0.0,0.0,0,0,0.0,0.0,0.0,0.0,0.0,0.0,0.0,0.0,0.0061953421866539,0.0085830688476562,0.0083446502685546,0.0071525573730468,0.0078201293945312,0.0135421752929687,0.0088214874267578,0.0088214874267578,0.0053644180297851,0.005650520324707,0.0061988830566406,0.009775161743164,0.009775161743164,0.0068426132202148,0.496,1.424,6.096,5.76,118.448,4.272,3.704,0.0255107879638671,0.0128348668416341,10.096,0
54,0.0,0.0,0.0,0.0,0.0,0.0,0,0,0.0,0.0,0.0,0.0,0.0,0.0,0.0,0.0,0.0063091961305532,0.0088214874267578,0.0064849853515625,0.008249282836914,0.0100612640380859,0.0079631805419921,0.0061988830566406,0.0061988830566406,0.0050067901611328,0.0050067901611328,0.0060319900512695,0.0085830688476562,0.0085830688476562,0.0084161758422851,0.496,1.392,8.88,9.072,113.256,8.264,7.736,0.0272035598754882,0.0108003616333007,1.192,0
55,0.0,0.0,0.0,0.0,0.0,0.0,0,0,0.0,0.0,0.0,0.0,0.0,0.0,0.0,0.0,0.0070831150684541,0.0095367431640625,0.0073432922363281,0.00762939453125,0.0093460083007812,0.0113487243652343,0.0090599060058593,0.0090599060058593,0.0039012042816816,0.0045299530029296,0.0058650970458984,0.0185966491699218,0.0185966491699218,0.0075340270996093,0.496,1.424,6.576,6.928,142.208,3.744,4.232,0.0226497650146484,0.0115871429443359,40354.944,0
56,0.0,0.0,0.0,0.0,0.0,0.0,0,0,0.0,0.0,0.0,0.0,0.0,0.0,0.0,0.0,0.0078191804648631,0.0104904174804687,0.0061511993408203,0.0080664952596028,0.0096559524536132,0.0083446502685546,0.0095367431640625,0.0095367431640625,0.0039034203531203,0.0045299530029296,0.0063419342041015,0.013589859008789,0.013589859008789,0.0081062316894531,0.496,1.424,6.448,7.04,117.192,3.744,4.232,0.020599365234375,0.0108718872070312,40766.872,0
57,0.0,0.0,0.0,0.0,0.0,0.0,0,0,0.0,0.0,0.0,0.0,0.0,0.0,0.0,0.0,0.0074123268696799,0.009775161743164,0.0066757202148437,0.0081062316894531,0.009918212890625,0.0095844268798828,0.0095367431640625,0.0095367431640625,0.0039111318968736,0.0045299530029296,0.0061273574829101,0.0140666961669921,0.0140666961669921,0.0081300735473632,0.496,1.424,6.096,5.76,117.192,8.264,7.736,0.0242233276367187,0.0102758407592773,34672.392,0
58,0.0,0.0,0.0,0.0,0.0,0.0,0,0,0.0,0.0,0.0,0.0,0.0,0.0,0.0,0.0,0.0075795757236765,0.0102519989013671,0.0059127807617187,0.008392333984375,0.0095367431640625,0.0065803527832031,0.0123977661132812,0.0123977661132812,0.0039429907600363,0.0047683715820312,0.0066757202148437,0.0152587890625,0.0152587890625,0.0079154968261718,0.496,1.424,8.88,9.072,117.192,3.744,4.232,0.0197410583496093,0.0104904174804687,24086.376,0
59,0.0,0.0,0.0,0.0,0.0,0.0,0,0,0.0,0.0,0.0,0.0,0.0,0.0,0.0,0.0,0.0078191804648631,0.0104904174804687,0.0062465667724609,0.0081539154052734,0.009918212890625,0.0086784362792968,0.0099420547485351,0.0077486038208007,0.0052187177870008,0.006103515625,0.0065803527832031,0.0107288360595703,0.0116825103759765,0.0085353851318359,1.344,2.272,6.576,6.928,117.888,3.744,4.232,0.0210762023925781,0.0111579895019531,97.28,0
60,0.0,0.0,0.0,0.0,0.0,0.0,0,0,0.0,0.0,0.0,0.0,0.0,0.0,0.0,0.0,0.0074040237350843,0.0100135803222656,0.0061988830566406,0.0079075495402018,0.0090599060058593,0.0088691711425781,0.0088214874267578,0.0088214874267578,0.0047601502517174,0.0061988830566406,0.006103515625,0.0166893005371093,0.0166893005371093,0.0081062316894531,0.496,1.424,6.448,7.04,117.888,8.264,7.736,0.0265359878540039,0.0106334686279296,275.232,0
61,0.0,0.0,0.0,0.0,0.0,0.0,0,0,0.0,0.0,0.0,0.0,0.0,0.0,0.0,0.0,0.0066993260147547,0.0092983245849609,0.005960464477539,0.007331371307373,0.0091075897216796,0.0072002410888671,0.011444091796875,0.011444091796875,0.0045771127218728,0.0052452087402343,0.0056743621826171,0.009775161743164,0.009775161743164,0.0072002410888671,0.496,1.424,6.096,5.76,118.448,3.744,4.232,0.020456314086914,0.0106334686279296,403.16,0
62,0.0,0.0,0.0,0.0,0.0,0.0,0,0,0.0,0.0,0.0,0.0,0.0,0.0,0.0,0.0,0.0061692290045135,0.0081062316894531,0.0059127807617187,0.0073432922363281,0.0087738037109375,0.0069141387939453,0.0092983245849609,0.0092983245849609,0.0052635486309344,0.006103515625,0.0062465667724609,0.0140666961669921,0.0140666961669921,0.0076770782470703,0.496,1.424,8.88,9.072,114.648,3.744,4.232,0.021982192993164,0.0111103057861328,88.712,0
63,0.0,0.0,0.0,0.0,0.0,0.0,0,0,0.0,0.0,0.0,0.0,0.0,0.0,0.0,0.0,0.006133644141961,0.0083446502685546,0.0060558319091796,0.0069618225097656,0.0098228454589843,0.0075340270996093,0.0085830688476562,0.0085830688476562,0.0054836273193359,0.006866455078125,0.0063419342041015,0.0152587890625,0.0152587890625,0.0086545944213867,0.496,1.392,6.576,6.928,117.192,8.264,7.736,0.0276088714599609,0.0112533569335937,24.44,0
64,0.0,0.0,0.0,0.0,0.0,0.0,0,0,0.0,0.0,0.0,0.0,0.0,0.0,0.0,0.0,0.0062143802642822,0.0085830688476562,0.0063896179199218,0.0077486038208007,0.0092983245849609,0.0088214874267578,0.0088214874267578,0.0088214874267578,0.0,0.0,0.0058650970458984,0.0092983245849609,0.0092983245849609,0.0074386596679687,0.496,1.424,6.448,7.04,112.0,3.744,4.232,0.0202178955078125,0.010538101196289,0.0,0
65,0.0,0.0,0.0,0.0,0.0,0.0,0,0,0.0,0.0,0.0,0.0,0.0,0.0,0.0,0.0,0.0060737133026123,0.0078916549682617,0.0075340270996093,0.0072121620178222,0.0095605850219726,0.0107288360595703,0.0088214874267578,0.0088214874267578,0.0,0.0,0.0057697296142578,0.0123977661132812,0.0123977661132812,0.0071525573730468,0.496,1.36,6.096,5.76,112.0,3.744,4.232,0.0218868255615234,0.0112533569335937,0.0,0
66,0.0,0.0,0.0,0.0,0.0,0.0,0,0,0.0,0.0,0.0,0.0,0.0,0.0,0.0,0.0,0.0062427710537886,0.0085830688476562,0.0060081481933593,0.0091552734375,0.0108242034912109,0.006723403930664,0.0088214874267578,0.0088214874267578,0.0078678131103515,0.0078678131103515,0.0064611434936523,0.0147819519042968,0.0147819519042968,0.0083446502685546,0.496,1.36,8.88,9.072,113.256,8.264,7.736,0.0274658203125,0.0108718872070312,1.192,0
67,0.0,0.0,0.0,0.0,0.0,0.0,0,0,0.0,0.0,0.0,0.0,0.0,0.0,0.0,0.0,0.006262935809235,0.0083446502685546,0.0074386596679687,0.0061511993408203,0.0071525573730468,0.0099658966064453,0.0069141387939453,0.0069141387939453,0.0054836273193359,0.0054836273193359,0.0066757202148437,0.0102519989013671,0.0102519989013671,0.0092506408691406,0.496,1.36,6.576,6.928,113.256,3.744,4.232,0.0214099884033203,0.0109672546386718,1.192,0
68,0.0,0.0,0.0,0.0,0.0,0.0,0,0,0.0,0.0,0.0,0.0,0.0,0.0,0.0,0.0,0.0063062894462358,0.0085830688476562,0.0065326690673828,0.0072717666625976,0.0085830688476562,0.0094413757324218,0.0092983245849609,0.0092983245849609,0.004887580871582,0.0051736831665039,0.0066280364990234,0.0085830688476562,0.0085830688476562,0.0089168548583984,0.496,1.36,6.448,7.04,116.096,3.744,4.232,0.0208377838134765,0.0110149383544921,3.744,0
69,0.0,0.0,0.0,0.0,0.0,0.0,0,0,0.0,0.0,0.0,0.0,0.0,0.0,0.0,0.0,0.0061337540789348,0.0081062316894531,0.0071048736572265,0.0060796737670898,0.0072956085205078,0.0104904174804687,0.0107288360595703,0.0107288360595703,0.0054836273193359,0.0063419342041015,0.0,0.0092983245849609,0.0092983245849609,0.0,0.496,1.424,6.096,5.76,131.08,0.0,0.0,0.0,0.0,27.216,0
70,0.0,0.0,0.0,0.0,0.0,0.0,0,0,0.0,0.0,0.0,0.0,0.0,0.0,0.0,0.0,0.0062024593353271,0.0083446502685546,0.0058650970458984,0.0068187713623046,0.008249282836914,0.0068187713623046,0.00762939453125,0.00762939453125,0.0,0.0,0.0063419342041015,0.0131130218505859,0.0131130218505859,0.0086307525634765,0.496,1.424,8.88,9.072,112.0,12.008,11.968,0.0287055969238281,0.0112692515055338,0.0,0
71,0.0,0.0,0.0,0.0,0.0,0.0,0,0,0.0,0.0,0.0,0.0,0.0,0.0,0.0,0.0,0.0061953245703853,0.0081062316894531,0.0073909759521484,0.0087738037109375,0.0117778778076171,0.0107765197753906,0.0073909759521484,0.0073909759521484,0.005960464477539,0.005960464477539,0.0050544738769531,0.013589859008789,0.013589859008789,0.0055789947509765,0.496,1.36,6.576,6.928,116.392,3.744,4.232,0.0226974487304687,0.0118255615234375,4.104,0
72,0.0,0.0,0.0,0.0,0.0,0.0,0,0,0.0,0.0,0.0,0.0,0.0,0.0,0.0,0.0,0.0064420462840825,0.0088214874267578,0.006723403930664,0.006715456644694,0.008702278137207,0.0080585479736328,0.0100135803222656,0.0100135803222656,0.0066757202148437,0.0066757202148437,0.0060558319091796,0.0104904174804687,0.0104904174804687,0.0086307525634765,0.496,1.424,6.448,7.04,114.568,8.264,7.736,0.0281333923339843,0.0110387802124023,2.28,0
73,0.0,0.0,0.0,0.0,0.0,0.0,0,0,0.0,0.0,0.0,0.0,0.0,0.0,0.0,0.0,0.0061383887903014,0.0081062316894531,0.0071525573730468,0.0075697898864746,0.0088214874267578,0.009775161743164,0.0064373016357421,0.0064373016357421,0.0057220458984375,0.0057220458984375,0.0,0.0071525573730468,0.0071525573730468,0.0,0.496,1.424,6.096,5.76,113.256,0.0,0.0,0.0,0.0,1.192,0
74,0.0,0.0,0.0,0.0,0.0,0.0,0,0,0.0,0.0,0.0,0.0,0.0,0.0,0.0,0.0,0.006291403699277,0.0085830688476562,0.00762939453125,0.0072956085205078,0.0092983245849609,0.0119686126708984,0.0071525573730468,0.0071525573730468,0.005960464477539,0.005960464477539,0.0060081481933593,0.0112056732177734,0.0112056732177734,0.0075340270996093,0.496,1.36,8.88,9.072,113.256,3.744,4.232,0.0220775604248046,0.0114917755126953,1.192,1
75,0.0,0.0,0.0,0.0,0.0,0.0,0,0,0.0,0.0,0.0,0.0,0.0,0.0,0.0,0.0,0.0063898551523388,0.0085830688476562,0.005960464477539,0.0075817108154296,0.0093936920166015,0.0077247619628906,0.0102519989013671,0.0102519989013671,0.0081062316894531,0.0081062316894531,0.0104904174804687,0.0081062316894531,0.0081062316894531,0.0104904174804687,0.496,1.36,6.576,6.928,113.256,0.592,0.592,868.0320739746094,868.0217266082764,1.192,1
76,0.0,0.0,0.0,0.0,0.0,0.0,0,0,0.0,0.0,0.0,0.0,0.0,0.0,0.0,0.0,0.0063151848025438,0.0088214874267578,0.0063419342041015,0.005960464477539,0.0064373016357421,0.0094890594482421,0.0104904174804687,0.0104904174804687,0.0052141106646993,0.0069141387939453,0.0081857045491536,0.011444091796875,0.011444091796875,0.0108718872070312,0.496,1.424,6.448,7.04,137.96,2.096,3.112,868.030834197998,868.0194218953451,232.656,1
77,0.0,0.0,0.0,0.0,0.0,0.0,0,0,0.0,0.0,0.0,0.0,0.0,0.0,0.0,0.0,0.0062747974300858,0.0085830688476562,0.0063896179199218,0.0069737434387207,0.0078201293945312,0.0081539154052734,0.0090599060058593,0.0090599060058593,0.0045498212178548,0.0057220458984375,0.0129938125610351,0.009775161743164,0.009775161743164,0.0136613845825195,0.496,1.424,6.096,5.76,114.296,1.648,1.12,868.0319786071777,868.0211702982584,166.56,1
78,0.0,0.0,0.0,0.0,0.0,0.0,0,0,0.0,0.0,0.0,0.0,0.0,0.0,0.0,0.0,0.0061799044632793,0.0083446502685546,0.0071048736572265,0.0069141387939453,0.0081539154052734,0.0100612640380859,0.013589859008789,0.013589859008789,0.0056425730387369,0.007486343383789,0.0089645385742187,0.0112056732177734,0.0112056732177734,0.0123500823974609,0.496,1.392,8.88,9.072,114.424,3.744,4.232,868.024754524231,868.0166602134705,33.08,1
79,0.0,0.0,0.0,0.0,0.0,0.0,0,0,0.0,0.0,0.0,0.0,0.0,0.0,0.0,0.0,0.0063661319106372,0.0088214874267578,0.0081062316894531,0.0073909759521484,0.0092029571533203,0.0119209289550781,0.0083446502685546,0.0083446502685546,0.0054652874286358,0.0063419342041015,0.0085830688476562,0.0112056732177734,0.0112056732177734,0.0129222869873046,0.496,1.424,6.576,6.928,117.192,2.688,3.704,868.0375814437866,868.0228789647421,83.528,1
80,0.0,0.0,0.0,0.0,0.0,0.0,0,0,0.0,0.0,0.0,0.0,0.0,0.0,0.0,0.0,0.0062378326264938,0.008559226989746,0.0060558319091796,0.0080664952596028,0.0098943710327148,0.0068187713623046,0.0095367431640625,0.0095367431640625,0.0059339735243055,0.0089168548583984,0.0089645385742187,0.0112056732177734,0.0112056732177734,0.0132560729980468,0.496,1.424,6.448,7.04,116.016,3.744,4.232,868.0210113525391,868.0169582366943,32.616,1
81,0.0,0.0,0.0,0.0,0.0,0.0,0,0,0.0,0.0,0.0,0.0,0.0,0.0,0.0,0.0,0.0062854728888516,0.0088214874267578,0.0082015991210937,0.0057816505432128,0.0070095062255859,0.0112533569335937,0.0109672546386718,0.0109672546386718,0.0052452087402343,0.0052452087402343,0.0097155570983886,0.0061988830566406,0.0061988830566406,0.0144481658935546,0.496,1.392,6.096,5.76,113.256,3.928,2.912,868.0347919464111,868.0217266082764,1.192,1
82,0.0,0.0,0.0,0.0,0.0,0.0,0,0,0.0,0.0,0.0,0.0,0.0,0.0,0.0,0.0,0.0064114631690415,0.0085830688476562,0.007486343383789,0.0072956085205078,0.0091552734375,0.0100612640380859,0.0152587890625,0.0152587890625,0.0052981906467013,0.006270408630371,0.0153779983520507,0.0057220458984375,0.0057220458984375,0.0179529190063476,0.496,1.424,8.88,9.072,120.744,1.648,1.12,868.0127143859863,868.0119514465332,74.768,1
83,0.0,0.0,0.0,0.0,0.0,0.0,0,0,0.0,0.0,0.0,0.0,0.0,0.0,0.0,0.0,0.0061348303040461,0.0085830688476562,0.0062465667724609,0.0066757202148437,0.0074386596679687,0.0084400177001953,0.0083446502685546,0.0083446502685546,0.0061988830566406,0.0061988830566406,0.0071525573730468,0.0104904174804687,0.0104904174804687,0.0102519989013671,0.496,1.424,6.576,6.928,117.192,2.096,3.112,868.0432319641113,868.0284023284912,10.376,1
84,0.0,0.0,0.0,0.0,0.0,0.0,0,0,0.0,0.0,0.0,0.0,0.0,0.0,0.0,0.0,0.0060760974884033,0.0078678131103515,0.005960464477539,0.0067551930745442,0.0084638595581054,0.0080108642578125,0.0088214874267578,0.0088214874267578,0.0,0.0,0.013589859008789,0.0085830688476562,0.0085830688476562,0.0154972076416015,0.496,1.36,6.448,7.04,112.0,1.648,1.12,868.0139064788818,868.0121898651123,0.0,1
85,0.0,0.0,0.0,0.0,0.0,0.0,0,0,0.0,0.0,0.0,0.0,0.0,0.0,0.0,0.0,0.0063896179199218,0.0081300735473632,0.0084877014160156,0.0065565109252929,0.0073432922363281,0.0123977661132812,0.0078678131103515,0.0078678131103515,0.0,0.0,0.0075499216715494,0.009775161743164,0.009775161743164,0.009918212890625,0.496,1.36,6.096,5.76,112.0,2.872,2.384,868.0310726165771,868.0256207784017,0.0,1
86,0.0,0.0,0.0,0.0,0.0,0.0,0,0,0.0,0.0,0.0,0.0,0.0,0.0,0.0,0.0,0.0063950205084138,0.0088214874267578,0.0063896179199218,0.0078678131103515,0.0092506408691406,0.0083446502685546,0.0102519989013671,0.0102519989013671,0.0053133283342633,0.0070095062255859,0.0128746032714843,0.0104904174804687,0.0104904174804687,0.0138282775878906,0.496,1.424,8.88,9.072,125.752,1.648,1.12,868.0352687835693,868.0210113525391,83.312,1
87,0.0,0.0,0.0,0.0,0.0,0.0,0,0,0.0,0.0,0.0,0.0,0.0,0.0,0.0,0.0,0.0063487798860757,0.0083208084106445,0.00762939453125,0.006866455078125,0.0084877014160156,0.0109672546386718,0.013589859008789,0.013589859008789,0.0041967783218775,0.0053167343139648,0.0092029571533203,0.0133514404296875,0.0133514404296875,0.0130176544189453,0.496,1.424,6.576,6.928,118.448,3.744,4.232,868.0184364318848,868.0139183998108,814.88,1
88,0.0,0.0,0.0,0.0,0.0,0.0,0,0,0.0,0.0,0.0,0.0,0.0,0.0,0.0,0.0,0.0063948111959023,0.0085830688476562,0.0060558319091796,0.0074307123819986,0.0094175338745117,0.00762939453125,0.0123977661132812,0.0123977661132812,0.0047739162001498,0.0063896179199218,0.0079274177551269,0.0107288360595703,0.0107288360595703,0.0104188919067382,0.496,1.424,6.448,7.04,115.552,2.496,3.248,868.0323362350464,868.0206139882406,267.736,1
89,0.0,0.0,0.0,0.0,0.0,0.0,0,0,0.0,0.0,0.0,0.0,0.0,0.0,0.0,0.0,0.006253176396436,0.0081062316894531,0.005960464477539,0.0066161155700683,0.0086307525634765,0.0075340270996093,0.0090599060058593,0.0090599060058593,0.0042915344238281,0.0042915344238281,0.0086724758148193,0.0123977661132812,0.0123977661132812,0.013899803161621,0.496,1.392,6.096,5.76,118.448,5.768,6.872,868.0313587188721,868.0191338062286,1.192,1
90,0.0,0.0,0.0,0.0,0.0,0.0,0,0,0.0,0.0,0.0,0.0,0.0,0.0,0.0,0.0,0.0062000692187257,0.0083446502685546,0.0058174133300781,0.0071048736572265,0.0085830688476562,0.0068187713623046,0.00762939453125,0.00762939453125,0.0056266784667968,0.0071048736572265,0.0110864639282226,0.0140666961669921,0.0140666961669921,0.0137567520141601,0.496,1.392,8.88,9.072,117.192,3.296,2.24,868.0274963378906,868.0206298828125,26.472,1
91,0.0,0.0,0.0,0.0,0.0,0.0,0,0,0.0,0.0,0.0,0.0,0.0,0.0,0.0,0.0,0.0062000692187257,0.0083446502685546,0.0059127807617187,0.0073432922363281,0.0085353851318359,0.0078678131103515,0.0084877014160156,0.0081062316894531,0.0046491622924804,0.0059127807617187,0.0091493129730224,0.0091791152954101,0.0106096267700195,0.010538101196289,1.344,2.272,6.576,6.928,114.296,6.176,6.888,868.0178165435791,868.0133819580078,156.928,1
92,0.0,0.0,0.0,0.0,0.0,0.0,0,0,0.0,0.0,0.0,0.0,0.0,0.0,0.0,0.0,0.0061834629495345,0.0081062316894531,0.0057220458984375,0.0070730845133463,0.008702278137207,0.0071048736572265,0.0081062316894531,0.0081062316894531,0.0042156739668412,0.0049829483032226,0.009918212890625,0.0064373016357421,0.0064373016357421,0.01373291015625,0.496,1.36,6.448,7.04,117.192,3.744,4.232,868.0417537689209,868.024746576945,233.408,1
93,0.0,0.0,0.0,0.0,0.0,0.0,0,0,0.0,0.0,0.0,0.0,0.0,0.0,0.0,0.0,0.0061321258544921,0.0083684921264648,0.0063419342041015,0.0078082084655761,0.0088930130004882,0.0084400177001953,0.005960464477539,0.005960464477539,0.0,0.0,0.0095367431640625,0.0264644622802734,0.0264644622802734,0.01220703125,0.496,1.424,6.096,5.76,112.0,3.744,4.232,868.0131196975708,868.0123090744019,0.0,1
94,0.0,0.0,0.0,0.0,0.0,0.0,0,0,0.0,0.0,0.0,0.0,0.0,0.0,0.0,0.0,0.0061834629495345,0.0083446502685546,0.0076770782470703,0.0084877014160156,0.009775161743164,0.011301040649414,0.009775161743164,0.009775161743164,0.005960464477539,0.005960464477539,0.0085234642028808,0.0133514404296875,0.0133514404296875,0.0120878219604492,0.496,1.36,8.88,9.072,113.256,3.928,2.912,868.0305004119873,868.0196603139242,1.192,1
95,0.0,0.0,0.0,0.0,0.0,0.0,0,0,0.0,0.0,0.0,0.0,0.0,0.0,0.0,0.0,0.0062676804575754,0.0083446502685546,0.0058174133300781,0.008249282836914,0.0098228454589843,0.0071048736572265,0.0085830688476562,0.0085830688476562,0.0088214874267578,0.0088214874267578,0.0138282775878906,0.0150203704833984,0.0150203704833984,0.0159263610839843,0.496,1.36,6.576,6.928,113.256,1.648,1.12,868.0241346359253,868.0185079574585,1.192,1
96,0.0,0.0,0.0,0.0,0.0,0.0,0,0,0.0,0.0,0.0,0.0,0.0,0.0,0.0,0.0,0.0063477492913967,0.0088214874267578,0.0064849853515625,0.006715456644694,0.008702278137207,0.0101566314697265,0.0092983245849609,0.0092983245849609,0.0040884649715965,0.0050067901611328,0.0066757202148437,0.0126361846923828,0.0126361846923828,0.0089645385742187,0.496,1.392,6.448,7.04,133.32,2.096,3.112,868.030595779419,868.0238723754883,3417.464,1
97,0.0,0.0,0.0,0.0,0.0,0.0,0,0,0.0,0.0,0.0,0.0,0.0,0.0,0.0,0.0,0.0062641219713201,0.0083446502685546,0.0061392784118652,0.005960464477539,0.0064373016357421,0.0077247619628906,0.0095367431640625,0.0095367431640625,0.0041903871478456,0.0054836273193359,0.0119209289550781,0.013589859008789,0.013589859008789,0.0140190124511718,0.496,1.424,5.6,5.76,117.192,1.648,1.12,868.0186033248901,868.0156469345093,293.528,1
98,0.0,0.0,0.0,0.0,0.0,0.0,0,0,0.0,0.0,0.0,0.0,0.0,0.0,0.0,0.0,0.0064539079049333,0.0092983245849609,0.006723403930664,0.0075101852416992,0.0081062316894531,0.0095844268798828,0.0088214874267578,0.0088214874267578,0.0043008841720281,0.0050067901611328,0.0085830688476562,0.0145435333251953,0.0145435333251953,0.0111103057861328,0.496,1.424,6.096,5.76,116.008,2.872,2.384,868.0295467376709,868.0183291435242,695.536,1
99,0.0,0.0,0.0,0.0,0.0,0.0,0,0,0.0,0.0,0.0,0.0,0.0,0.0,0.0,0.0,0.0065476147096548,0.0090599060058593,0.0060002009073893,0.0066359837849934,0.0077486038208007,0.007033348083496,0.0078678131103515,0.0078678131103515,0.004409707110861,0.0052452087402343,0.0100135803222656,0.0088214874267578,0.0088214874267578,0.0102043151855468,0.496,1.424,9.856,10.24,114.632,2.176,1.12,868.0119276046753,868.0118322372437,773.224,1
100,0.0,0.0,0.0,0.0,0.0,0.0,0,0,0.0,0.0,0.0,0.0,0.0,0.0,0.0,0.0,0.006507285198762,0.0090599060058593,0.0056266784667968,0.0067710876464843,0.009918212890625,0.0083446502685546,0.0088214874267578,0.0088214874267578,0.0044794643626493,0.0052452087402343,0.0097155570983886,0.0152587890625,0.0152587890625,0.0134944915771484,0.496,1.424,6.448,6.256,114.632,3.152,3.64,868.0130958557129,868.0119514465332,401.688,1
101,0.0,0.0,0.0,0.0,0.0,0.0,0,0,0.0,0.0,0.0,0.0,0.0,0.0,0.0,0.0,0.0065966407851417,0.0095367431640625,0.0071525573730468,0.0087261199951171,0.0101089477539062,0.0108718872070312,0.0092983245849609,0.0092983245849609,0.0045085564637795,0.0053167343139648,0.0102519989013671,0.0107288360595703,0.0107288360595703,0.0102519989013671,0.496,1.424,5.6,6.544,115.888,0.592,0.592,868.0389404296875,868.029514948527,497.472,1
102,0.0,0.0,0.0,0.0,0.0,0.0,0,0,0.0,0.0,0.0,0.0,0.0,0.0,0.0,0.0,0.006479792075582,0.0085830688476562,0.0079154968261718,0.0069737434387207,0.0095129013061523,0.0112056732177734,0.0073909759521484,0.0073909759521484,0.0044551550173291,0.0054836273193359,0.0081062316894531,0.0107288360595703,0.0107288360595703,0.0099658966064453,0.496,1.424,6.096,5.76,115.856,2.096,3.112,868.035078048706,868.024984995524,650.96,1
103,0.0,0.0,0.0,0.0,0.0,0.0,0,0,0.0,0.0,0.0,0.0,0.0,0.0,0.0,0.0,0.0065978210751372,0.0092744827270507,0.0060399373372395,0.0066757202148437,0.0081062316894531,0.0084638595581054,0.0083446502685546,0.0083446502685546,0.0043961039760656,0.0050067901611328,0.0122785568237304,0.0147819519042968,0.0147819519042968,0.0142812728881835,0.496,1.424,9.856,10.24,118.448,1.648,1.12,868.0335521697998,868.0217266082764,747.264,1
104,0.0,0.0,0.0,0.0,0.0,0.0,0,0,0.0,0.0,0.0,0.0,0.0,0.0,0.0,0.0,0.0063186854272339,0.0088214874267578,0.0058174133300781,0.0082969665527343,0.009918212890625,0.0067710876464843,0.0090599060058593,0.0090599060058593,0.0044059753417968,0.0053882598876953,0.0088691711425781,0.0116825103759765,0.0116825103759765,0.0124454498291015,0.496,1.424,6.448,6.256,115.336,3.744,4.232,868.0230379104614,868.0182695388794,475.576,1
105,0.0,0.0,0.0,0.0,0.0,0.0,0,0,0.0,0.0,0.0,0.0,0.0,0.0,0.0,0.0,0.0063080099684682,0.0088214874267578,0.0053048133850097,0.0077247619628906,0.0105857849121093,0.0060558319091796,0.0092983245849609,0.0092983245849609,0.0045817831288213,0.0059127807617187,0.00762939453125,0.0095367431640625,0.0095367431640625,0.0100135803222656,0.496,1.392,5.6,6.544,117.192,2.688,3.704,868.0386543273926,868.0233160654703,204.12,1
106,0.0,0.0,0.0,0.0,0.0,0.0,0,0,0.0,0.0,0.0,0.0,0.0,0.0,0.0,0.0,0.0062427710537886,0.0083446502685546,0.0062465667724609,0.0063180923461914,0.0067710876464843,0.0076770782470703,0.0071525573730468,0.0071525573730468,0.0041814950796274,0.0051498413085937,0.0088691711425781,0.0090599060058593,0.0090599060058593,0.0127792358398437,0.496,1.424,6.096,5.76,117.192,3.744,4.232,868.0215120315552,868.016242980957,146.808,1
107,0.0,0.0,0.0,0.0,0.0,0.0,0,0,0.0,0.0,0.0,0.0,0.0,0.0,0.0,0.0,0.0061965107324704,0.0085830688476562,0.0069141387939453,0.0063578287760416,0.0073909759521484,0.0084638595581054,0.0102519989013671,0.0102519989013671,0.0045394897460937,0.0062942504882812,0.0094771385192871,0.00762939453125,0.00762939453125,0.014352798461914,0.496,1.424,9.856,10.24,117.192,3.928,2.912,868.040943145752,868.0241902669271,223.128,1
108,0.0,0.0,0.0,0.0,0.0,0.0,0,0,0.0,0.0,0.0,0.0,0.0,0.0,0.0,0.0,0.0060773131870987,0.0085353851318359,0.0061511993408203,0.0087261199951171,0.0108718872070312,0.0073432922363281,0.00762939453125,0.00762939453125,0.005046526590983,0.0061988830566406,0.0126361846923828,0.0109672546386718,0.0109672546386718,0.0137805938720703,0.496,1.392,6.448,6.256,116.112,1.648,1.12,868.0246114730835,868.0180311203003,47.728,1
109,0.0,0.0,0.0,0.0,0.0,0.0,0,0,0.0,0.0,0.0,0.0,0.0,0.0,0.0,0.0,0.0062106859565961,0.0083446502685546,0.0071525573730468,0.0063419342041015,0.0072956085205078,0.0111103057861328,0.0088214874267578,0.0088214874267578,0.0041609718686058,0.0053882598876953,0.0077088673909505,0.0054836273193359,0.0054836273193359,0.0109195709228515,0.496,1.424,5.6,6.544,118.448,2.096,3.112,868.0379390716553,868.0251439412435,412.72,1
110,0.0,0.0,0.0,0.0,0.0,0.0,0,0,0.0,0.0,0.0,0.0,0.0,0.0,0.0,0.0,0.0060761328971031,0.0081062316894531,0.007486343383789,0.0076889991760253,0.0106096267700195,0.0095844268798828,0.0078678131103515,0.0078678131103515,0.004887580871582,0.005340576171875,0.011444091796875,0.0081062316894531,0.0081062316894531,0.0133514404296875,0.496,1.392,6.096,5.76,116.592,1.648,1.12,868.0161237716675,868.0156469345093,14.528,1
111,0.0,0.0,0.0,0.0,0.0,0.0,0,0,0.0,0.0,0.0,0.0,0.0,0.0,0.0,0.0,0.0064076475836151,0.0083446502685546,0.0074307123819986,0.0077486038208007,0.0088214874267578,0.0102519989013671,0.0102519989013671,0.0102519989013671,0.0040849656549118,0.0049829483032226,0.0074704488118489,0.0081062316894531,0.0081062316894531,0.0094413757324218,0.496,1.424,9.856,10.24,117.192,2.872,2.384,868.0280685424805,868.0181503295898,2689.488,1
112,0.0,0.0,0.0,0.0,0.0,0.0,0,0,0.0,0.0,0.0,0.0,0.0,0.0,0.0,0.0,0.0071205309967496,0.0100135803222656,0.0060558319091796,0.0072479248046875,0.0091552734375,0.0088691711425781,0.0085830688476562,0.0085830688476562,0.0039134202180085,0.0045299530029296,0.010848045349121,0.0090599060058593,0.0090599060058593,0.0128507614135742,0.496,1.424,6.448,6.256,117.192,1.648,1.12,868.013858795166,868.0129051208496,14936.416,1
113,0.0,0.0,0.0,0.0,0.0,0.0,0,0,0.0,0.0,0.0,0.0,0.0,0.0,0.0,0.0,0.0062783559163411,0.0088214874267578,0.006258487701416,0.0064373016357421,0.0091552734375,0.0070810317993164,0.0109672546386718,0.0109672546386718,0.0040112880238315,0.0047683715820312,0.0083446502685546,0.0131130218505859,0.0131130218505859,0.01068115234375,0.496,1.392,5.6,6.544,117.192,3.68,3.64,868.016242980957,868.0126667022705,621.816,1
114,0.0,0.0,0.0,0.0,0.0,0.0,0,0,0.0,0.0,0.0,0.0,0.0,0.0,0.0,0.0,0.006392227476509,0.0083446502685546,0.006866455078125,0.00762939453125,0.0086307525634765,0.0090599060058593,0.00762939453125,0.00762939453125,0.0043802483137263,0.0056743621826171,0.0100135803222656,0.0107288360595703,0.0107288360595703,0.0100135803222656,0.496,1.424,6.096,5.76,117.192,0.592,0.592,868.0373668670654,868.0225213368734,360.904,1
115,0.0,0.0,0.0,0.0,0.0,0.0,0,0,0.0,0.0,0.0,0.0,0.0,0.0,0.0,0.0,0.0064479242457021,0.0085830688476562,0.0058809916178385,0.0067551930745442,0.0078678131103515,0.0075101852416992,0.0095367431640625,0.0095367431640625,0.0041679638188059,0.0047683715820312,0.0067551930745442,0.0088214874267578,0.0088214874267578,0.0088214874267578,0.496,1.424,9.856,10.24,118.448,2.096,3.112,868.0332660675049,868.0205345153809,1410.08,1
116,0.0,0.0,0.0,0.0,0.0,0.0,0,0,0.0,0.0,0.0,0.0,0.0,0.0,0.0,0.0,0.0064644483056398,0.0090360641479492,0.005960464477539,0.0075817108154296,0.0090599060058593,0.0079631805419921,0.0112056732177734,0.0112056732177734,0.0044782206697284,0.0057220458984375,0.008392333984375,0.0119209289550781,0.0119209289550781,0.0117778778076171,0.496,1.424,6.448,6.256,118.448,3.744,4.232,868.032693862915,868.0205345153809,843.52,1
117,0.0,0.0,0.0,0.0,0.0,0.0,0,0,0.0,0.0,0.0,0.0,0.0,0.0,0.0,0.0,0.006490414685542,0.0087976455688476,0.007033348083496,0.0069141387939453,0.0076770782470703,0.0093698501586914,0.011444091796875,0.011444091796875,0.004740322337431,0.0060558319091796,0.0121593475341796,0.0123977661132812,0.0123977661132812,0.0148296356201171,0.496,1.424,5.6,6.544,118.448,1.648,1.12,868.0147409439087,868.0135011672974,113.592,1
118,0.0,0.0,0.0,0.0,0.0,0.0,0,0,0.0,0.0,0.0,0.0,0.0,0.0,0.0,0.0,0.0062261647845975,0.0085830688476562,0.0080108642578125,0.0077486038208007,0.0083684921264648,0.012826919555664,0.0069141387939453,0.0069141387939453,0.0045343681618019,0.0055789947509765,0.0082850456237792,0.0071525573730468,0.0071525573730468,0.0102758407592773,0.496,1.424,6.096,5.76,115.16,2.688,3.704,868.0410385131836,868.0220047632853,358.064,1
119,0.0,0.0,0.0,0.0,0.0,0.0,0,0,0.0,0.0,0.0,0.0,0.0,0.0,0.0,0.0,0.0061241548452804,0.0081062316894531,0.0056425730387369,0.00762939453125,0.0095367431640625,0.0065565109252929,0.0069141387939453,0.0069141387939453,0.0043648939866286,0.0056982040405273,0.0085353851318359,0.0116825103759765,0.0116825103759765,0.0125408172607421,0.496,1.424,9.856,10.24,117.192,3.744,4.232,868.0192947387695,868.0151700973511,484.336,1
120,0.0,0.0,0.0,0.0,0.0,0.0,0,0,0.0,0.0,0.0,0.0,0.0,0.0,0.0,0.0,0.0061273574829101,0.0083446502685546,0.0064849853515625,0.0066280364990234,0.0081062316894531,0.008392333984375,0.0073909759521484,0.0073909759521484,0.005960464477539,0.005960464477539,0.0099539756774902,0.009775161743164,0.009775161743164,0.0144720077514648,0.496,1.392,6.448,6.256,112.0,3.928,2.912,868.0347442626953,868.022600809733,2.104,1
121,0.0,0.0,0.0,0.0,0.0,0.0,0,0,0.0,0.0,0.0,0.0,0.0,0.0,0.0,0.0,0.0061681955167562,0.0088214874267578,0.0071525573730468,0.0078678131103515,0.0087499618530273,0.0107526779174804,0.00762939453125,0.00762939453125,0.0048213534884982,0.0058412551879882,0.011444091796875,0.0154972076416015,0.0154972076416015,0.0131607055664062,0.496,1.424,5.6,5.76,116.784,1.648,1.12,868.02077293396,868.0169582366943,38.768,1
122,0.0,0.0,0.0,0.0,0.0,0.0,0,0,0.0,0.0,0.0,0.0,0.0,0.0,0.0,0.0,0.0063756212073179,0.0088214874267578,0.0061392784118652,0.0067710876464843,0.0085353851318359,0.0079154968261718,0.0071287155151367,0.0060796737670898,0.0052452087402343,0.0052452087402343,0.0064373016357421,0.0065565109252929,0.0072240829467773,0.0085353851318359,1.344,2.24,5.6,6.544,113.256,2.096,3.112,868.0272579193115,868.0213292439779,1.192,1
123,0.0,0.0,0.0,0.0,0.0,0.0,0,0,0.0,0.0,0.0,0.0,0.0,0.0,0.0,0.0,0.0060371833272499,0.0081062316894531,0.0069618225097656,0.0075697898864746,0.0088930130004882,0.0102519989013671,0.0064373016357421,0.0064373016357421,0.0063180923461914,0.0078201293945312,0.0104904174804687,0.0088214874267578,0.0088214874267578,0.0123977661132812,0.496,1.36,6.096,5.76,117.48,1.648,1.12,868.0143117904663,868.0132627487183,7.504,1
124,0.0,0.0,0.0,0.0,0.0,0.0,0,0,0.0,0.0,0.0,0.0,0.0,0.0,0.0,0.0,0.0065576912152885,0.0092983245849609,0.005960464477539,0.0067949295043945,0.0075101852416992,0.0072717666625976,0.0126361846923828,0.0126361846923828,0.0050251300518329,0.0061988830566406,0.0078678131103515,0.0104904174804687,0.0104904174804687,0.009775161743164,0.496,1.424,9.856,10.24,115.648,2.872,2.384,868.0265426635742,868.0181503295898,54.752,1
125,0.0,0.0,0.0,0.0,0.0,0.0,0,0,0.0,0.0,0.0,0.0,0.0,0.0,0.0,0.0,0.0064717003362095,0.0092983245849609,0.0060081481933593,0.0073432922363281,0.0095367431640625,0.0070571899414062,0.0064373016357421,0.0064373016357421,0.0049226424273322,0.005960464477539,0.0097274780273437,0.0140666961669921,0.0140666961669921,0.0125885009765625,0.496,1.424,6.448,6.256,114.392,3.744,4.232,868.0197715759277,868.0154085159302,35.768,1
126,0.0,0.0,0.0,0.0,0.0,0.0,0,0,0.0,0.0,0.0,0.0,0.0,0.0,0.0,0.0,0.0064444186082526,0.0090599060058593,0.0078678131103515,0.0066280364990234,0.0075817108154296,0.011301040649414,0.0071525573730468,0.0071525573730468,0.0054286076472355,0.007033348083496,0.0152587890625,0.0078678131103515,0.0078678131103515,0.0152587890625,0.496,1.424,5.6,6.544,114.392,1.056,0.528,0.0,0.0,56.112,1
127,0.0,0.0,0.0,0.0,0.0,0.0,0,0,0.0,0.0,0.0,0.0,0.0,0.0,0.0,0.0,0.0061655044555664,0.0085830688476562,0.005960464477539,0.0067353248596191,0.009012222290039,0.0065803527832031,0.0090599060058593,0.0090599060058593,0.0051718491774338,0.0066280364990234,0.0100135803222656,0.0090599060058593,0.0090599060058593,0.0100135803222656,0.496,1.392,6.096,5.76,113.832,0.592,0.592,868.0345058441162,868.0226802825928,27.352,1
128,0.0,0.0,0.0,0.0,0.0,0.0,0,0,0.0,0.0,0.0,0.0,0.0,0.0,0.0,0.0,0.0062178616500019,0.0083446502685546,0.0061194101969401,0.0070730845133463,0.0079870223999023,0.007033348083496,0.0107288360595703,0.0107288360595703,0.0085830688476562,0.0085830688476562,0.0065962473551432,0.0116825103759765,0.0116825103759765,0.0089645385742187,0.496,1.424,9.856,10.24,114.392,2.096,3.112,868.0370807647705,868.0252234141032,2.104,1
129,0.0,0.0,0.0,0.0,0.0,0.0,0,0,0.0,0.0,0.0,0.0,0.0,0.0,0.0,0.0,0.0061788181267162,0.0083446502685546,0.0072956085205078,0.0066280364990234,0.0076770782470703,0.0106334686279296,0.0092983245849609,0.0092983245849609,0.0050961971282958,0.0064849853515625,0.0092983245849609,0.0123977661132812,0.0123977661132812,0.0133037567138671,0.496,1.36,6.448,6.256,115.648,3.744,4.232,868.0291175842285,868.017053604126,15.92,1
130,0.0,0.0,0.0,0.0,0.0,0.0,0,0,0.0,0.0,0.0,0.0,0.0,0.0,0.0,0.0,0.006152851746814,0.0083208084106445,0.0072717666625976,0.0063419342041015,0.0070571899414062,0.0106096267700195,0.0064373016357421,0.0064373016357421,0.0056624412536621,0.0066757202148437,0.0112056732177734,0.0104904174804687,0.0104904174804687,0.0117778778076171,0.496,1.424,5.6,6.544,115.648,1.648,1.12,868.0354595184326,868.0242697397867,7.504,1
131,0.0,0.0,0.0,0.0,0.0,0.0,0,0,0.0,0.0,0.0,0.0,0.0,0.0,0.0,0.0,0.0062803230663337,0.0085830688476562,0.0067710876464843,0.008702278137207,0.010991096496582,0.0092029571533203,0.0083446502685546,0.0083446502685546,0.0054836273193359,0.0071525573730468,0.0088810920715332,0.0131130218505859,0.0131130218505859,0.0105857849121093,0.496,1.424,6.096,5.76,115.648,2.688,3.704,868.022084236145,868.0140574773153,13.376,1
132,0.0,0.0,0.0,0.0,0.0,0.0,0,0,0.0,0.0,0.0,0.0,0.0,0.0,0.0,0.0,0.0060980592794086,0.0083446502685546,0.0062783559163411,0.0065167744954427,0.007033348083496,0.0071525573730468,0.0064373016357421,0.0064373016357421,0.0063180923461914,0.0069856643676757,0.0080108642578125,0.005960464477539,0.005960464477539,0.0110149383544921,0.496,1.424,9.856,10.24,114.392,4.272,4.232,868.0197238922119,868.014931678772,4.208,1
133,0.0,0.0,0.0,0.0,0.0,0.0,0,0,0.0,0.0,0.0,0.0,0.0,0.0,0.0,0.0,0.0062498880262991,0.0083446502685546,0.0057697296142578,0.00762939453125,0.0096797943115234,0.007486343383789,0.0078678131103515,0.0078678131103515,0.0047153896755642,0.0052928924560546,0.0094175338745117,0.0100135803222656,0.0100135803222656,0.0142335891723632,0.496,1.424,6.448,6.256,114.392,3.928,2.912,868.0329322814941,868.0220444997152,18.936,1
134,0.0,0.0,0.0,0.0,0.0,0.0,0,0,0.0,0.0,0.0,0.0,0.0,0.0,0.0,0.0,0.0060296058654785,0.0083446502685546,0.0060200691223144,0.007486343383789,0.0086307525634765,0.0071048736572265,0.0073909759521484,0.0073909759521484,0.0,0.0,0.0126361846923828,0.0145435333251953,0.0145435333251953,0.0149250030517578,0.496,1.392,5.6,6.544,112.0,1.648,1.12,868.0129528045654,868.0121898651123,0.0,1
135,0.0,0.0,0.0,0.0,0.0,0.0,0,0,0.0,0.0,0.0,0.0,0.0,0.0,0.0,0.0,0.0061111070623445,0.0085830688476562,0.0052452087402343,0.0070929527282714,0.0081777572631835,0.0064849853515625,0.0090599060058593,0.0090599060058593,0.005960464477539,0.005960464477539,0.0072320302327473,0.0081062316894531,0.0081062316894531,0.0096797943115234,0.496,1.392,6.096,5.76,114.456,2.096,3.112,868.0300235748291,868.023157119751,2.168,1
136,0.0,0.0,0.0,0.0,0.0,0.0,0,0,0.0,0.0,0.0,0.0,0.0,0.0,0.0,0.0,0.0065453534055813,0.009012222290039,0.0067949295043945,0.008702278137207,0.0101327896118164,0.0082254409790039,0.0081062316894531,0.0081062316894531,0.0039912060479432,0.0047683715820312,0.011444091796875,0.0128746032714843,0.0128746032714843,0.0141143798828125,0.496,1.392,9.856,10.24,123.64,1.648,1.12,868.0218935012817,868.019700050354,3928.608,1
137,0.0,0.0,0.0,0.0,0.0,0.0,0,0,0.0,0.0,0.0,0.0,0.0,0.0,0.0,0.0,0.0066733596348526,0.0092744827270507,0.0060081481933593,0.0070095062255859,0.0086784362792968,0.006723403930664,0.00762939453125,0.00762939453125,0.0039933195451448,0.0047683715820312,0.0071525573730468,0.0100135803222656,0.0100135803222656,0.0095367431640625,0.496,1.424,6.448,6.256,118.448,2.872,2.384,868.02978515625,868.018627166748,3467.976,1
138,0.0,0.0,0.0,0.0,0.0,0.0,0,0,0.0,0.0,0.0,0.0,0.0,0.0,0.0,0.0,0.0062759835921709,0.0088214874267578,0.005960464477539,0.0074386596679687,0.0086784362792968,0.0071048736572265,0.0073909759521484,0.0073909759521484,0.0050067901611328,0.0050067901611328,0.0091552734375,0.0085830688476562,0.0085830688476562,0.0123977661132812,0.496,1.392,5.6,6.544,113.256,3.744,4.232,868.0184364318848,868.0132389068604,1.192,1
139,0.0,0.0,0.0,0.0,0.0,0.0,0,0,0.0,0.0,0.0,0.0,0.0,0.0,0.0,0.0,0.0062751770019531,0.0085830688476562,0.0079154968261718,0.0064373016357421,0.0084877014160156,0.0105857849121093,0.0078678131103515,0.0078678131103515,0.0,0.0,0.0088214874267578,0.0061988830566406,0.0061988830566406,0.0088214874267578,0.496,1.36,6.096,5.76,112.0,1.584,0.528,868.0377006530762,868.0377006530762,0.0,1
140,0.0,0.0,0.0,0.0,0.0,0.0,0,0,0.0,0.0,0.0,0.0,0.0,0.0,0.0,0.0,0.0060856342315673,0.0083446502685546,0.0072320302327473,0.0079870223999023,0.008702278137207,0.0104904174804687,0.0069141387939453,0.0069141387939453,0.0,0.0,0.0095367431640625,0.0083446502685546,0.0083446502685546,0.0095367431640625,0.496,1.36,9.856,10.24,112.0,0.592,0.592,868.018102645874,868.0169582366943,0.0,1
141,0.0,0.0,0.0,0.0,0.0,0.0,0,0,0.0,0.0,0.0,0.0,0.0,0.0,0.0,0.0,0.0065132683398676,0.0090599060058593,0.0061988830566406,0.0070095062255859,0.0108242034912109,0.0078678131103515,0.0071525573730468,0.0071525573730468,0.004168479673324,0.0047683715820312,0.0061988830566406,0.0095367431640625,0.0095367431640625,0.0079631805419921,0.496,1.424,13.296,17.024,132.768,2.096,3.112,868.0399417877197,868.0253823598226,1125.92,1
142,0.0,0.0,0.0,0.0,0.0,0.0,0,0,0.0,0.0,0.0,0.0,0.0,0.0,0.0,0.0,0.0068223476409912,0.0086069107055664,0.0066757202148437,0.0077315739222935,0.0103950500488281,0.0082015991210937,0.0081062316894531,0.0081062316894531,0.0042319297790527,0.0051498413085937,0.0092029571533203,0.00762939453125,0.00762939453125,0.0123977661132812,0.496,1.424,9.632,19.632,116.632,3.744,4.232,868.0392265319824,868.0225849151611,39.36,1
143,0.0,0.0,0.0,0.0,0.0,0.0,0,0,0.0,0.0,0.0,0.0,0.0,0.0,0.0,0.0,0.0066471099853515,0.0078916549682617,0.0072717666625976,0.007788340250651,0.0091791152954101,0.0100135803222656,0.0069141387939453,0.0069141387939453,0.0,0.0,0.0123977661132812,0.0121593475341796,0.0121593475341796,0.0135421752929687,0.496,1.36,9.856,10.24,112.0,1.648,1.12,868.0416584014893,868.0301507314047,0.0,1
144,0.0,0.0,0.0,0.0,0.0,0.0,0,0,0.0,0.0,0.0,0.0,0.0,0.0,0.0,0.0,0.0064195092044659,0.0083446502685546,0.0062386194864908,0.0079870223999023,0.0100135803222656,0.0066757202148437,0.0083446502685546,0.0083446502685546,0.0045299530029296,0.0045299530029296,0.0082254409790039,0.0143051147460937,0.0143051147460937,0.0108242034912109,0.496,1.36,7.424,7.456,113.256,2.688,3.704,868.0277347564697,868.0192470550537,1.192,1
145,0.0,0.0,0.0,0.0,0.0,0.0,0,0,0.0,0.0,0.0,0.0,0.0,0.0,0.0,0.0,0.0061386882668674,0.0083446502685546,0.0085830688476562,0.0075995922088623,0.0108718872070312,0.0108003616333007,0.009775161743164,0.009775161743164,0.0041558192326472,0.0050067901611328,0.0091075897216796,0.0088214874267578,0.0088214874267578,0.0133991241455078,0.496,1.36,24.288,16.16,113.752,3.744,4.232,868.0155992507935,868.0132627487183,654.424,1
146,0.0,0.0,0.0,0.0,0.0,0.0,0,0,0.0,0.0,0.0,0.0,0.0,0.0,0.0,0.0,0.0062640120343464,0.0087261199951171,0.0082651774088541,0.0074307123819986,0.0091791152954101,0.0110864639282226,0.0088214874267578,0.0088214874267578,0.0039411313606031,0.0045299530029296,0.0095963478088378,0.0088214874267578,0.0088214874267578,0.0132560729980468,0.496,1.424,7.552,7.488,134.024,3.928,2.912,868.0417776107788,868.0310845375061,716.576,1
147,0.0,0.0,0.0,0.0,0.0,0.0,0,0,0.0,0.0,0.0,0.0,0.0,0.0,0.0,0.0,0.0062640120343464,0.0087261199951171,0.0065326690673828,0.0061392784118652,0.007176399230957,0.0082015991210937,0.0090599060058593,0.0090599060058593,0.0039411313606031,0.0045299530029296,0.0118414560953776,0.0102519989013671,0.0102519989013671,0.0142097473144531,0.496,1.36,6.096,5.76,134.024,2.24,1.712,868.0143594741821,868.0131435394287,716.576,1
148,0.0,0.0,0.0,0.0,0.0,0.0,0,0,0.0,0.0,0.0,0.0,0.0,0.0,0.0,0.0,0.0062640120343464,0.0087261199951171,0.0064969062805175,0.0074505805969238,0.009012222290039,0.0090599060058593,0.0112056732177734,0.0112056732177734,0.0039411313606031,0.0045299530029296,0.0083446502685546,0.0061988830566406,0.0061988830566406,0.0104904174804687,0.496,1.36,5.6,5.76,134.024,4.0,5.768,868.0276393890381,868.0190086364746,716.576,1
149,0.0,0.0,0.0,0.0,0.0,0.0,0,0,0.0,0.0,0.0,0.0,0.0,0.0,0.0,0.0,0.0062640120343464,0.0087261199951171,0.0074307123819986,0.0084638595581054,0.0103712081909179,0.0085830688476562,0.00762939453125,0.00762939453125,0.0039411313606031,0.0045299530029296,0.0098943710327148,0.013589859008789,0.013589859008789,0.0143051147460937,0.496,1.36,9.856,10.24,134.024,4.728,4.288,868.0265426635742,868.0177688598633,716.576,1
150,0.0,0.0,0.0,0.0,0.0,0.0,0,0,0.0,0.0,0.0,0.0,0.0,0.0,0.0,0.0,0.0062640120343464,0.0087261199951171,0.0064373016357421,0.0060796737670898,0.00762939453125,0.0091552734375,0.0066757202148437,0.0066757202148437,0.0039411313606031,0.0045299530029296,0.010848045349121,0.0081062316894531,0.0081062316894531,0.0151395797729492,0.496,1.36,6.448,7.04,134.024,1.648,1.12,868.0347442626953,868.0260976155599,716.576,1
151,0.0,0.0,0.0,0.0,0.0,0.0,0,0,0.0,0.0,0.0,0.0,0.0,0.0,0.0,0.0,0.0063246162376593,0.0090599060058593,0.0093936920166015,0.0090003013610839,0.0128746032714843,0.0152111053466796,0.0081062316894531,0.0081062316894531,0.0047683715820312,0.0047683715820312,0.0089917864118303,0.0107288360595703,0.0107288360595703,0.011444091796875,0.496,1.36,6.096,5.76,113.256,4.592,6.36,868.0267333984375,868.0179459708078,1.192,1
152,0.0,0.0,0.0,0.0,0.0,0.0,0,0,0.0,0.0,0.0,0.0,0.0,0.0,0.0,0.0,0.0059094595078805,0.0081062316894531,0.0060796737670898,0.008702278137207,0.0103950500488281,0.0066041946411132,0.0103235244750976,0.0077486038208007,0.0050067901611328,0.0050067901611328,0.0145435333251953,0.0098943710327148,0.0101804733276367,0.019693374633789,1.344,2.208,5.6,5.76,113.256,2.704,1.648,868.0395603179932,868.0299917856852,1.192,1
153,0.0,0.0,0.0,0.0,0.0,0.0,0,0,0.0,0.0,0.0,0.0,0.0,0.0,0.0,0.0,0.0062071861912362,0.0085830688476562,0.0063180923461914,0.007033348083496,0.0091791152954101,0.00762939453125,0.0085830688476562,0.0085830688476562,0.0047683715820312,0.0047683715820312,0.0081658363342285,0.0140666961669921,0.0140666961669921,0.0114202499389648,0.496,1.36,9.856,10.24,113.256,3.464,2.976,868.017053604126,868.0141568183899,1.192,1
154,0.0,0.0,0.0,0.0,0.0,0.0,0,0,0.0,0.0,0.0,0.0,0.0,0.0,0.0,0.0,0.0061643123626708,0.0083446502685546,0.0060558319091796,0.0073115030924479,0.0091791152954101,0.0085353851318359,0.00762939453125,0.00762939453125,0.0,0.0,0.0088810920715332,0.0092983245849609,0.0092983245849609,0.0141143798828125,0.496,1.36,6.448,7.04,112.0,3.152,3.64,868.0122375488281,868.011474609375,0.0,1
155,0.0,0.0,0.0,0.0,0.0,0.0,0,0,0.0,0.0,0.0,0.0,0.0,0.0,0.0,0.0,0.0060596088371654,0.0080823898315429,0.0068187713623046,0.0070929527282714,0.0083446502685546,0.0092029571533203,0.0066757202148437,0.0066757202148437,0.0040332476298014,0.0051498413085937,0.0152587890625,0.0143051147460937,0.0143051147460937,0.0152587890625,0.496,1.36,6.096,5.76,122.384,1.056,0.528,868.0527210235596,868.0527210235596,136.576,1
156,0.0,0.0,0.0,0.0,0.0,0.0,0,0,0.0,0.0,0.0,0.0,0.0,0.0,0.0,0.0,0.0063288211822509,0.0085830688476562,0.0073909759521484,0.0085234642028808,0.0114917755126953,0.0087499618530273,0.00762939453125,0.00762939453125,0.0,0.0,0.0112056732177734,0.0095367431640625,0.0095367431640625,0.0112056732177734,0.496,1.424,5.6,5.76,112.0,0.592,0.592,868.0126190185547,868.0124282836914,0.0,1
157,0.0,0.0,0.0,0.0,0.0,0.0,0,0,0.0,0.0,0.0,0.0,0.0,0.0,0.0,0.0,0.0062072277069091,0.0085830688476562,0.0071922938028971,0.0080267588297526,0.0104904174804687,0.009775161743164,0.0102519989013671,0.0102519989013671,0.0,0.0,0.0065962473551432,0.0121593475341796,0.0121593475341796,0.0086307525634765,0.496,1.36,9.856,10.24,112.0,2.096,3.112,868.0362462997437,868.0238127708435,0.0,1
158,0.0,0.0,0.0,0.0,0.0,0.0,0,0,0.0,0.0,0.0,0.0,0.0,0.0,0.0,0.0,0.0062403987296185,0.0085830688476562,0.0058650970458984,0.0080664952596028,0.008702278137207,0.0081539154052734,0.0092983245849609,0.0092983245849609,0.0057220458984375,0.0057220458984375,0.0106493631998697,0.0078678131103515,0.0078678131103515,0.0130653381347656,0.496,1.36,6.448,7.04,113.256,2.24,1.712,868.0193901062012,868.0149912834167,1.192,1
159,0.0,0.0,0.0,0.0,0.0,0.0,0,0,0.0,0.0,0.0,0.0,0.0,0.0,0.0,0.0,0.006277169754256,0.0081062316894531,0.0061988830566406,0.0078082084655761,0.0084638595581054,0.0077724456787109,0.0081062316894531,0.0081062316894531,0.0050067901611328,0.0050067901611328,0.0086852482386997,0.0069141387939453,0.0069141387939453,0.0119686126708984,0.496,1.36,6.096,5.76,113.256,6.024,6.024,868.0193662643433,868.0147528648376,1.192,1
160,0.0,0.0,0.0,0.0,0.0,0.0,0,0,0.0,0.0,0.0,0.0,0.0,0.0,0.0,0.0,0.006061288254771,0.0078678131103515,0.0060200691223144,0.006258487701416,0.0072479248046875,0.0073432922363281,0.0100135803222656,0.0100135803222656,0.0069141387939453,0.0069141387939453,0.0129938125610351,0.0088214874267578,0.0088214874267578,0.0142335891723632,0.496,1.36,5.6,5.76,113.256,1.648,1.12,868.0328369140625,868.0229187011719,1.192,1
161,0.0,0.0,0.0,0.0,0.0,0.0,0,0,0.0,0.0,0.0,0.0,0.0,0.0,0.0,0.0,0.0062501430511474,0.0086069107055664,0.0063975652058919,0.0080664952596028,0.0096559524536132,0.0077486038208007,0.009775161743164,0.009775161743164,0.0,0.0,0.0080267588297526,0.0100135803222656,0.0100135803222656,0.0100612640380859,0.496,1.36,9.856,10.24,112.0,2.096,3.112,868.0109739303589,868.0108785629272,0.0,1
162,0.0,0.0,0.0,0.0,0.0,0.0,0,0,0.0,0.0,0.0,0.0,0.0,0.0,0.0,0.0,0.0062489509582519,0.0083446502685546,0.0054836273193359,0.0064770380655924,0.0073909759521484,0.006723403930664,0.0078678131103515,0.0078678131103515,0.0,0.0,0.0171661376953125,0.0088214874267578,0.0088214874267578,0.0171661376953125,0.496,1.36,6.448,7.04,112.0,1.056,0.528,868.0534362792969,868.0534362792969,0.0,1
163,0.0,0.0,0.0,0.0,0.0,0.0,0,0,0.0,0.0,0.0,0.0,0.0,0.0,0.0,0.0,0.0061762332916259,0.0083446502685546,0.0073432922363281,0.0079274177551269,0.009775161743164,0.01068115234375,0.0073909759521484,0.0073909759521484,0.0,0.0,0.009775161743164,0.00762939453125,0.00762939453125,0.009775161743164,0.496,1.36,6.096,5.76,112.0,0.592,0.592,868.0323123931885,868.0240313212076,0.0,1
164,0.0,0.0,0.0,0.0,0.0,0.0,0,0,0.0,0.0,0.0,0.0,0.0,0.0,0.0,0.0,0.0061655044555664,0.0085830688476562,0.0058412551879882,0.0071525573730468,0.0086069107055664,0.0070571899414062,0.0104904174804687,0.0104904174804687,0.0,0.0,0.0077996935163225,0.0102519989013671,0.0102519989013671,0.0103473663330078,0.496,1.36,5.6,5.76,112.0,4.784,6.816,868.0215835571289,868.0152211870466,0.0,1
165,0.0,0.0,0.0,0.0,0.0,0.0,0,0,0.0,0.0,0.0,0.0,0.0,0.0,0.0,0.0,0.0063934136385941,0.0088214874267578,0.0063180923461914,0.0079870223999023,0.0090599060058593,0.0079870223999023,0.0078678131103515,0.0078678131103515,0.0085830688476562,0.0085830688476562,0.0121593475341796,0.0147819519042968,0.0147819519042968,0.0149726867675781,0.496,1.36,9.856,10.24,113.256,2.704,1.648,868.0371284484863,868.0249055226644,1.192,1
166,0.0,0.0,0.0,0.0,0.0,0.0,0,0,0.0,0.0,0.0,0.0,0.0,0.0,0.0,0.0,0.0062273509466826,0.0085830688476562,0.0052452087402343,0.0069141387939453,0.0094175338745117,0.0061511993408203,0.0109672546386718,0.0109672546386718,0.0057220458984375,0.0057220458984375,0.0081658363342285,0.009775161743164,0.009775161743164,0.0103473663330078,0.496,1.36,6.448,7.04,113.256,3.464,2.976,868.0200099945068,868.0164217948914,1.192,1
167,0.0,0.0,0.0,0.0,0.0,0.0,0,0,0.0,0.0,0.0,0.0,0.0,0.0,0.0,0.0,0.0062688666196604,0.0083446502685546,0.0075101852416992,0.0066757202148437,0.008559226989746,0.010538101196289,0.0069141387939453,0.0069141387939453,0.0052452087402343,0.0052452087402343,0.0091195106506347,0.0123977661132812,0.0123977661132812,0.0142812728881835,0.496,1.36,5.6,5.76,113.256,3.152,3.64,868.0167436599731,868.0158853530884,1.192,1
168,0.0,0.0,0.0,0.0,0.0,0.0,0,0,0.0,0.0,0.0,0.0,0.0,0.0,0.0,0.0,0.0061380863189697,0.0078678131103515,0.0062465667724609,0.0079274177551269,0.0088691711425781,0.0088691711425781,0.00762939453125,0.00762939453125,0.0,0.0,0.0176429748535156,0.0133514404296875,0.0133514404296875,0.0176429748535156,0.496,1.36,6.096,5.76,112.0,1.056,0.528,868.0438995361328,868.0438995361328,0.0,1
169,0.0,0.0,0.0,0.0,0.0,0.0,0,0,0.0,0.0,0.0,0.0,0.0,0.0,0.0,0.0,0.0063097476959228,0.0083684921264648,0.0073909759521484,0.0066161155700683,0.0075101852416992,0.0084877014160156,0.0078678131103515,0.0078678131103515,0.0,0.0,0.009775161743164,0.0085830688476562,0.0085830688476562,0.009775161743164,0.496,1.36,5.6,5.76,112.0,0.592,0.592,868.0156469345093,868.0142164230347,0.0,1
170,0.0,0.0,0.0,0.0,0.0,0.0,0,0,0.0,0.0,0.0,0.0,0.0,0.0,0.0,0.0,0.006333589553833,0.0088214874267578,0.0064770380655924,0.0064770380655924,0.0071525573730468,0.0081062316894531,0.0116825103759765,0.0116825103759765,0.0,0.0,0.0068346659342447,0.0104904174804687,0.0104904174804687,0.0093460083007812,0.496,1.36,9.856,10.24,112.0,2.096,3.112,868.0356979370117,868.0257201194763,0.0,1
171,0.0,0.0,0.0,0.0,0.0,0.0,0,0,0.0,0.0,0.0,0.0,0.0,0.0,0.0,0.0,0.0061345100402832,0.0085830688476562,0.0058650970458984,0.0075499216715494,0.0098943710327148,0.0081539154052734,0.0083446502685546,0.0083446502685546,0.0,0.0,0.0163714090983072,0.00762939453125,0.00762939453125,0.0263690948486328,0.496,1.36,6.448,7.04,112.0,2.24,1.712,868.01438331604,868.0128455162048,0.0,1
172,0.0,0.0,0.0,0.0,0.0,0.0,0,0,0.0,0.0,0.0,0.0,0.0,0.0,0.0,0.0,0.0063388501826803,0.0085830688476562,0.006723403930664,0.0072121620178222,0.0086784362792968,0.0079631805419921,0.0123977661132812,0.0123977661132812,0.0045299530029296,0.0045299530029296,0.0083787100655691,0.0112056732177734,0.0112056732177734,0.014352798461914,0.496,1.36,6.096,5.76,113.256,6.024,6.024,868.0183172225952,868.015468120575,1.192,1
173,0.0,0.0,0.0,0.0,0.0,0.0,0,0,0.0,0.0,0.0,0.0,0.0,0.0,0.0,0.0,0.0060221449059633,0.0085830688476562,0.0079274177551269,0.0067353248596191,0.007796287536621,0.0103473663330078,0.0083446502685546,0.0083446502685546,0.0045299530029296,0.0045299530029296,0.0121593475341796,0.009775161743164,0.009775161743164,0.0138759613037109,0.496,1.36,5.6,5.76,113.256,1.648,1.12,868.0308818817139,868.0199782053629,1.192,1
174,0.0,0.0,0.0,0.0,0.0,0.0,0,0,0.0,0.0,0.0,0.0,0.0,0.0,0.0,0.0,0.0061229686831953,0.0083446502685546,0.0065565109252929,0.0074704488118489,0.0094175338745117,0.0081062316894531,0.0078678131103515,0.0078678131103515,0.0073909759521484,0.0073909759521484,0.007788340250651,0.0104904174804687,0.0104904174804687,0.0100135803222656,0.496,1.36,9.856,10.24,113.256,2.096,3.112,868.0163145065308,868.0137395858765,1.192,1
175,0.0,0.0,0.0,0.0,0.0,0.0,0,0,0.0,0.0,0.0,0.0,0.0,0.0,0.0,0.0,0.0063514709472656,0.0085830688476562,0.0069141387939453,0.0058809916178385,0.0072717666625976,0.0100612640380859,0.0071525573730468,0.0071525573730468,0.0,0.0,0.0133514404296875,0.009775161743164,0.009775161743164,0.0133514404296875,0.496,1.36,6.448,7.04,112.0,1.056,0.528,868.0481910705566,868.0481910705566,0.0,1
176,0.0,0.0,0.0,0.0,0.0,0.0,0,0,0.0,0.0,0.0,0.0,0.0,0.0,0.0,0.0,0.0062692165374755,0.0085830688476562,0.0069618225097656,0.0078678131103515,0.0094175338745117,0.0082969665527343,0.0078678131103515,0.0078678131103515,0.0,0.0,0.0095367431640625,0.0123977661132812,0.0123977661132812,0.0095367431640625,0.496,1.36,6.096,5.76,112.0,0.592,0.592,868.0453777313232,868.029514948527,0.0,1
177,0.0,0.0,0.0,0.0,0.0,0.0,0,0,0.0,0.0,0.0,0.0,0.0,0.0,0.0,0.0,0.0063514709472656,0.0088214874267578,0.0075101852416992,0.0073909759521484,0.0089883804321289,0.009012222290039,0.0069141387939453,0.0069141387939453,0.0,0.0,0.0075953347342354,0.0085830688476562,0.0085830688476562,0.0116348266601562,0.496,1.36,5.6,5.76,112.0,4.784,6.816,868.0307865142822,868.0196149008615,0.0,1
178,0.0,0.0,0.0,0.0,0.0,0.0,0,0,0.0,0.0,0.0,0.0,0.0,0.0,0.0,0.0,0.0060772895812988,0.0083446502685546,0.0063975652058919,0.0085830688476562,0.0103712081909179,0.0069141387939453,0.00762939453125,0.00762939453125,0.0,0.0,0.0126361846923828,0.0123977661132812,0.0123977661132812,0.0158309936523437,0.496,1.36,9.856,10.24,112.0,2.704,1.648,868.0330276489258,868.0232365926107,0.0,1
179,0.0,0.0,0.0,0.0,0.0,0.0,0,0,0.0,0.0,0.0,0.0,0.0,0.0,0.0,0.0,0.0059652091258793,0.00762939453125,0.0075340270996093,0.0065962473551432,0.0084638595581054,0.0118255615234375,0.0092983245849609,0.0092983245849609,0.005960464477539,0.005960464477539,0.0085830688476562,0.0083446502685546,0.0083446502685546,0.010991096496582,0.496,1.36,6.448,7.04,113.256,3.464,2.976,868.0228471755981,868.018627166748,1.192,1
180,0.0,0.0,0.0,0.0,0.0,0.0,0,0,0.0,0.0,0.0,0.0,0.0,0.0,0.0,0.0,0.0060565436064307,0.0078678131103515,0.0063419342041015,0.0073909759521484,0.0084638595581054,0.0076770782470703,0.0073909759521484,0.0073909759521484,0.0042915344238281,0.0042915344238281,0.0093579292297363,0.0121593475341796,0.0121593475341796,0.0142335891723632,0.496,1.36,6.096,5.76,113.256,3.152,3.64,868.0150032043457,868.0129051208496,1.192,1
181,0.0,0.0,0.0,0.0,0.0,0.0,0,0,0.0,0.0,0.0,0.0,0.0,0.0,0.0,0.0,0.0063866232904259,0.0088214874267578,0.0063776969909667,0.0082850456237792,0.011754035949707,0.0079154968261718,0.0071525573730468,0.0071525573730468,0.00400215614843,0.0047683715820312,0.0143051147460937,0.0073909759521484,0.0073909759521484,0.0143051147460937,0.496,1.424,5.6,5.76,144.408,1.056,0.528,868.0367469787598,868.0367469787598,2869.824,1
182,0.0,0.0,0.0,0.0,0.0,0.0,0,0,0.0,0.0,0.0,0.0,0.0,0.0,0.0,0.0,0.0065689656271863,0.0088214874267578,0.0061194101969401,0.0075101852416992,0.0091791152954101,0.007033348083496,0.0107288360595703,0.0107288360595703,0.0039728257833838,0.0047683715820312,0.0109672546386718,0.0126361846923828,0.0126361846923828,0.0109672546386718,0.496,1.424,9.856,10.24,117.192,0.592,0.592,868.0209159851074,868.018627166748,4311.816,1
183,0.0,0.0,0.0,0.0,0.0,0.0,0,0,0.0,0.0,0.0,0.0,0.0,0.0,0.0,0.0,0.0072391472052578,0.0100135803222656,0.0057220458984375,0.0079075495402018,0.0091791152954101,0.006866455078125,0.0078678131103515,0.0078678131103515,0.0038839048809475,0.0045299530029296,0.0074704488118489,0.011444091796875,0.011444091796875,0.0102043151855468,0.496,1.424,6.448,7.04,117.192,2.096,3.112,868.0420637130737,868.0250644683838,16259.76,1
184,0.0,0.0,0.0,0.0,0.0,0.0,0,0,0.0,0.0,0.0,0.0,0.0,0.0,0.0,0.0,0.0065843857342924,0.0092983245849609,0.0057697296142578,0.0077486038208007,0.0097513198852539,0.0071525573730468,0.0080585479736328,0.0078678131103515,0.0039095979724778,0.0047683715820312,0.0104904174804687,0.0122785568237304,0.0133275985717773,0.012826919555664,1.344,2.24,6.096,5.76,117.192,2.24,1.712,868.0181980133057,868.013858795166,6917.992,1
185,0.0,0.0,0.0,0.0,0.0,0.0,0,0,0.0,0.0,0.0,0.0,0.0,0.0,0.0,0.0,0.0074182576801053,0.0102519989013671,0.0064373016357421,0.0061392784118652,0.0075101852416992,0.0097990036010742,0.0083446502685546,0.0083446502685546,0.0038702889244155,0.0045299530029296,0.0092302049909319,0.0104904174804687,0.0104904174804687,0.0130653381347656,0.496,1.424,5.6,5.76,117.192,6.024,6.024,868.0172443389893,868.012285232544,46320.304,1
186,0.0,0.0,0.0,0.0,0.0,0.0,0,0,0.0,0.0,0.0,0.0,0.0,0.0,0.0,0.0,0.0072280959327622,0.009775161743164,0.0062386194864908,0.0060399373372395,0.0073909759521484,0.0081062316894531,0.0121593475341796,0.0121593475341796,0.0039302682106113,0.0045299530029296,0.0106096267700195,0.0166893005371093,0.0166893005371093,0.0107049942016601,0.496,1.424,9.856,10.24,118.448,2.176,1.12,868.0372714996338,868.022600809733,6268.536,1
187,0.0,0.0,0.0,0.0,0.0,0.0,0,0,0.0,0.0,0.0,0.0,0.0,0.0,0.0,0.0,0.0062842867267665,0.0085830688476562,0.0064849853515625,0.0079075495402018,0.0091791152954101,0.0103950500488281,0.0131130218505859,0.0131130218505859,0.0057220458984375,0.0057220458984375,0.0081062316894531,0.0078678131103515,0.0078678131103515,0.0108718872070312,0.496,1.424,6.448,7.04,113.256,2.096,3.112,868.0120229721069,868.0113554000854,1.192,1
188,0.0,0.0,0.0,0.0,0.0,0.0,0,0,0.0,0.0,0.0,0.0,0.0,0.0,0.0,0.0,0.0061573673836627,0.0083446502685546,0.0070095062255859,0.0067353248596191,0.0076532363891601,0.0093936920166015,0.0081062316894531,0.0081062316894531,0.0061988830566406,0.0061988830566406,0.0166893005371093,0.0128746032714843,0.0128746032714843,0.0166893005371093,0.496,1.36,6.096,5.76,113.256,1.056,0.528,868.0446147918701,868.0446147918701,1.192,1
189,0.0,0.0,0.0,0.0,0.0,0.0,0,0,0.0,0.0,0.0,0.0,0.0,0.0,0.0,0.0,0.0061380863189697,0.0081062316894531,0.006258487701416,0.0068545341491699,0.0085115432739257,0.0077009201049804,0.0069141387939453,0.0069141387939453,0.0,0.0,0.009775161743164,0.011444091796875,0.011444091796875,0.009775161743164,0.496,1.36,5.6,5.76,112.0,0.592,0.592,868.0367946624756,868.0245876312256,0.0,1
190,0.0,0.0,0.0,0.0,0.0,0.0,0,0,0.0,0.0,0.0,0.0,0.0,0.0,0.0,0.0,0.0064835619570604,0.0088214874267578,0.0066757202148437,0.0071525573730468,0.0091791152954101,0.0102519989013671,0.0092983245849609,0.0092983245849609,0.0038999457691991,0.0045299530029296,0.0075953347342354,0.009775161743164,0.009775161743164,0.0103950500488281,0.496,1.36,9.856,10.24,117.192,4.784,6.816,868.0304050445557,868.0175031934466,3850.992,1
191,0.0,0.0,0.0,0.0,0.0,0.0,0,0,0.0,0.0,0.0,0.0,0.0,0.0,0.0,0.0,0.0063286108129164,0.0083446502685546,0.0062942504882812,0.0075896581013997,0.0095367431640625,0.0088214874267578,0.0083446502685546,0.0083446502685546,0.0064373016357421,0.0064373016357421,0.0113646189371744,0.0128746032714843,0.0128746032714843,0.0135421752929687,0.496,1.424,6.448,7.04,131.184,2.704,1.648,868.0320739746094,868.0205345153809,3.32,1
192,0.0,0.0,0.0,0.0,0.0,0.0,0,0,0.0,0.0,0.0,0.0,0.0,0.0,0.0,0.0,0.0062178616500019,0.0085830688476562,0.0069141387939453,0.0069737434387207,0.0089645385742187,0.0100135803222656,0.00762939453125,0.00762939453125,0.0050544738769531,0.0054359436035156,0.0073909759521484,0.0121593475341796,0.0121593475341796,0.0098705291748046,0.496,1.424,6.096,5.76,115.608,3.464,2.976,868.0150985717773,868.013858795166,19.16,1
193,0.0,0.0,0.0,0.0,0.0,0.0,0,0,0.0,0.0,0.0,0.0,0.0,0.0,0.0,0.0,0.0063405178561069,0.0081062316894531,0.0068545341491699,0.0081658363342285,0.0097036361694335,0.0082969665527343,0.00762939453125,0.00762939453125,0.0048732757568359,0.0054836273193359,0.0090003013610839,0.0224113464355468,0.0224113464355468,0.0133037567138671,0.496,1.424,5.6,5.76,116.352,3.152,3.64,868.0111408233643,868.0107593536377,65.128,1
194,0.0,0.0,0.0,0.0,0.0,0.0,0,0,0.0,0.0,0.0,0.0,0.0,0.0,0.0,0.0,0.0063051091562403,0.0083446502685546,0.0060796737670898,0.0080267588297526,0.0109672546386718,0.0073909759521484,0.0088214874267578,0.0088214874267578,0.0051409006118774,0.0058412551879882,0.0138282775878906,0.0109672546386718,0.0109672546386718,0.0138282775878906,0.496,1.424,9.856,10.24,116.096,1.056,0.528,868.0381774902344,868.0381774902344,39.664,1
195,0.0,0.0,0.0,0.0,0.0,0.0,0,0,0.0,0.0,0.0,0.0,0.0,0.0,0.0,0.0,0.0061858998666895,0.0083208084106445,0.0062942504882812,0.0067949295043945,0.0078678131103515,0.0094890594482421,0.0088214874267578,0.0088214874267578,0.0053842862447102,0.0061750411987304,0.0121593475341796,0.0126361846923828,0.0126361846923828,0.0121593475341796,0.496,1.424,6.448,7.04,116.224,0.592,0.592,868.0126667022705,868.0126667022705,28.56,1
196,0.0,0.0,0.0,0.0,0.0,0.0,0,0,0.0,0.0,0.0,0.0,0.0,0.0,0.0,0.0,0.0057623754093303,0.00762939453125,0.0077724456787109,0.0066757202148437,0.0077247619628906,0.0117778778076171,0.0090599060058593,0.0090599060058593,0.0052213668823242,0.0056982040405273,0.0078678131103515,0.00762939453125,0.00762939453125,0.0098228454589843,0.496,1.424,6.096,5.76,114.392,2.096,3.112,868.0393934249878,868.0251836776733,22.896,1
197,0.0,0.0,0.0,0.0,0.0,0.0,0,0,0.0,0.0,0.0,0.0,0.0,0.0,0.0,0.0,0.0063044514822129,0.0081062316894531,0.0081658363342285,0.0067949295043945,0.0079870223999023,0.011754035949707,0.0071525573730468,0.0071525573730468,0.0050067901611328,0.0053882598876953,0.0108083089192708,0.0171661376953125,0.0171661376953125,0.0138759613037109,0.496,1.392,5.6,5.76,117.192,2.24,1.712,868.0224180221558,868.0170178413391,10.536,1
198,0.0,0.0,0.0,0.0,0.0,0.0,0,0,0.0,0.0,0.0,0.0,0.0,0.0,0.0,0.0,0.0061016177656638,0.0083446502685546,0.0061194101969401,0.0068346659342447,0.0081062316894531,0.007033348083496,0.0109672546386718,0.0109672546386718,0.0052849451700846,0.0064373016357421,0.0083446502685546,0.013589859008789,0.013589859008789,0.0112056732177734,0.496,1.424,9.856,10.24,115.608,6.024,6.024,868.0252075195312,868.0180311203003,14.224,1
199,0.0,0.0,0.0,0.0,0.0,0.0,0,0,0.0,0.0,0.0,0.0,0.0,0.0,0.0,0.0,0.0062581911608947,0.0083446502685546,0.0065803527832031,0.00762939453125,0.0088214874267578,0.0087738037109375,0.013589859008789,0.013589859008789,0.0057220458984375,0.0061988830566406,0.0119209289550781,0.00762939453125,0.00762939453125,0.0136375427246093,0.496,1.424,6.448,7.04,115.496,1.648,1.12,868.0315494537354,868.0260181427002,12.184,1
200,0.0,0.0,0.0,0.0,0.0,0.0,0,0,0.0,0.0,0.0,0.0,0.0,0.0,0.0,0.0,0.0062130465365872,0.0083446502685546,0.0070095062255859,0.0058412551879882,0.0070095062255859,0.010538101196289,0.00762939453125,0.00762939453125,0.0055789947509765,0.0057220458984375,0.0064373016357421,0.0140666961669921,0.0140666961669921,0.0088691711425781,0.496,1.424,6.096,5.76,116.752,2.096,3.112,868.0132627487183,868.0118322372437,14.408,1
201,0.0,0.0,0.0,0.0,0.0,0.0,0,0,0.0,0.0,0.0,0.0,0.0,0.0,0.0,0.0,0.0062649792963915,0.0085830688476562,0.0058412551879882,0.0069141387939453,0.008392333984375,0.0068426132202148,0.0066757202148437,0.0066757202148437,0.0049620866775512,0.0056028366088867,0.0143051147460937,0.0069141387939453,0.0069141387939453,0.0143051147460937,0.496,1.424,5.6,5.76,117.136,1.056,0.528,868.0400848388672,868.0400848388672,53.92,1
202,0.0,0.0,0.0,0.0,0.0,0.0,0,0,0.0,0.0,0.0,0.0,0.0,0.0,0.0,0.0,0.0063287149561513,0.0085830688476562,0.0056425730387369,0.0073512395222981,0.0092983245849609,0.0065565109252929,0.0071525573730468,0.0071525573730468,0.0061988830566406,0.0074625015258789,0.0128746032714843,0.0152587890625,0.0152587890625,0.0128746032714843,0.496,1.424,9.856,10.24,117.136,0.592,0.592,868.0328845977783,868.0212497711182,34.144,1
