time_seconds,a1_retransmissions_ul_count,a1_retransmissions_dl_count,a1_packet_loss_ul_percentage,a1_packet_loss_dl_percentage,e2_du_packet_loss_ul_percentage,e2_du_packet_loss_dl_percentage,e2_du_retransmissions_ul_count,e2_du_retransmissions_dl_count,f1_c_packet_loss_dl_percentage,f1_c_packet_loss_ul_percentage,f1_c_retransmissions_dl_count,f1_c_retransmissions_ul_count,f1_u_retransmissions_dl_count,f1_u_retransmissions_ul_count,f1_u_packet_loss_dl_percentage,f1_u_packet_loss_ul_percentage,f1_u_latency_mean_ul_ms,f1_u_latency_p90_ul_ms,f1_c_latency_mean_dl_ms,f1_c_latency_mean_ul_ms,f1_c_latency_p90_dl_ms,f1_c_latency_p90_ul_ms,f1_u_latency_mean_dl_ms,f1_u_latency_p90_dl_ms,a1_latency_mean_ul_ms,a1_latency_p90_ul_ms,e2_du_latency_mean_dl_ms,e2_du_latency_p90_dl_ms,a1_latency_mean_dl_ms,a1_latency_p90_dl_ms,e2_du_throughput_dl_kbps,e2_du_throughput_ul_kbps,f1_c_throughput_dl_kbps,f1_c_throughput_ul_kbps,a1_throughput_ul_kbps,a1_throughput_dl_kbps,f1_u_throughput_ul_kbps,e2_du_latency_mean_ul_ms,e2_du_latency_p90_ul_ms,f1_u_throughput_dl_kbps,F-node
0,0.0,0.0,0.0,0.0,0.0,0.0,0,0,0.0,0.0,0.0,0.0,0.0,0.0,0.0,0.0,0.0063308234353667,0.0085830688476562,0.0059127807617187,0.0104427337646484,0.0068187713623046,0.0182628631591796,0.0041999467989293,0.0052452087402343,0.0057816505432128,0.0061273574829101,0.0083446502685546,0.0083446502685546,0.0108083089192708,0.0202655792236328,0.496,1.424,8.88,9.04,3.704,4.272,143.152,0.0100135803222656,0.0100135803222656,1594.288,0
1,0.0,0.0,0.0,0.0,0.0,0.0,0,0,0.0,0.0,0.0,0.0,0.0,0.0,0.0,0.0,0.0064811896328902,0.0085830688476562,0.0059127807617187,0.0104427337646484,0.0068187713623046,0.0182628631591796,0.0040259277611448,0.0050067901611328,0.0057816505432128,0.0061273574829101,0.0123977661132812,0.0123977661132812,0.0108083089192708,0.0202655792236328,0.496,1.424,8.88,9.04,3.704,4.272,117.192,0.0109672546386718,0.0109672546386718,5462.704,0
2,0.0,0.0,0.0,0.0,0.0,0.0,0,0,0.0,0.0,0.0,0.0,0.0,0.0,0.0,0.0,0.0062166754879168,0.0083446502685546,0.0059127807617187,0.0104427337646484,0.0068187713623046,0.0182628631591796,0.0042965014775594,0.0050067901611328,0.0056266784667968,0.0071525573730468,0.0107288360595703,0.0107288360595703,0.0112533569335937,0.022745132446289,0.496,1.424,8.88,9.04,4.232,3.744,117.192,0.00762939453125,0.00762939453125,397.44,0
3,0.0,0.0,0.0,0.0,0.0,0.0,0,0,0.0,0.0,0.0,0.0,0.0,0.0,0.0,0.0,0.0059782569088152,0.0078678131103515,0.0059127807617187,0.0104427337646484,0.0068187713623046,0.0182628631591796,0.0048279762268066,0.0058412551879882,0.0057538350423177,0.008249282836914,0.0171661376953125,0.0171661376953125,0.0107924143473307,0.0285625457763671,0.496,1.424,8.88,9.04,11.968,12.008,113.256,0.0078678131103515,0.0078678131103515,19.552,0
4,0.0,0.0,0.0,0.0,0.0,0.0,0,0,0.0,0.0,0.0,0.0,0.0,0.0,0.0,0.0,0.0058928532386893,0.0078678131103515,0.0059127807617187,0.0104427337646484,0.0068187713623046,0.0182628631591796,0.0047683715820312,0.0047683715820312,0.0056266784667968,0.0071048736572265,0.0104904174804687,0.0104904174804687,0.0109672546386718,0.0218391418457031,0.496,1.36,8.88,9.04,4.232,3.744,113.256,0.0073909759521484,0.0073909759521484,1.192,0
5,0.0,0.0,0.0,0.0,0.0,0.0,0,0,0.0,0.0,0.0,0.0,0.0,0.0,0.0,0.0,0.0057991464339678,0.00762939453125,0.0058174133300781,0.0082969665527343,0.0074386596679687,0.0102519989013671,0.0064373016357421,0.0064373016357421,0.0056028366088867,0.0078678131103515,0.0188350677490234,0.0188350677490234,0.0107526779174804,0.027012825012207,0.496,1.36,6.576,6.864,7.736,8.264,113.256,0.0092983245849609,0.0092983245849609,1.192,0
6,0.0,0.0,0.0,0.0,0.0,0.0,0,0,0.0,0.0,0.0,0.0,0.0,0.0,0.0,0.0,0.0059998035430908,0.0081062316894531,0.0058650970458984,0.0061591466267903,0.0073432922363281,0.0071525573730468,0.0,0.0,0.0,0.0,0.0095367431640625,0.0095367431640625,0.0,0.0,0.496,1.36,6.448,7.008,0.0,0.0,112.0,0.0085830688476562,0.0085830688476562,0.0,0
7,0.0,0.0,0.0,0.0,0.0,0.0,0,0,0.0,0.0,0.0,0.0,0.0,0.0,0.0,0.0,0.0057780742645263,0.0078678131103515,0.0061511993408203,0.007331371307373,0.0069141387939453,0.0087976455688476,0.0,0.0,0.0057220458984375,0.0073909759521484,0.0083446502685546,0.0083446502685546,0.0111579895019531,0.022125244140625,0.496,1.36,6.096,5.728,4.232,3.744,112.0,0.00762939453125,0.00762939453125,0.0,0
8,0.0,0.0,0.0,0.0,0.0,0.0,0,0,0.0,0.0,0.0,0.0,0.0,0.0,0.0,0.0,0.0060045719146728,0.0081062316894531,0.0070095062255859,0.0061511993408203,0.0098228454589843,0.007486343383789,0.0,0.0,0.0060081481933593,0.007486343383789,0.0126361846923828,0.0126361846923828,0.0118255615234375,0.0229358673095703,0.496,1.36,8.88,9.04,4.232,3.744,112.0,0.0081062316894531,0.0081062316894531,0.0,0
9,0.0,0.0,0.0,0.0,0.0,0.0,0,0,0.0,0.0,0.0,0.0,0.0,0.0,0.0,0.0,0.005965232849121,0.0081062316894531,0.0062942504882812,0.0057697296142578,0.0078201293945312,0.006866455078125,0.0,0.0,0.0060876210530598,0.0087261199951171,0.0169277191162109,0.0169277191162109,0.0113964080810546,0.0313758850097656,0.496,1.36,6.576,6.864,11.968,12.008,112.0,0.0071525573730468,0.0071525573730468,0.0,0
10,0.0,0.0,0.0,0.0,0.0,0.0,0,0,0.0,0.0,0.0,0.0,0.0,0.0,0.0,0.0,0.0060090971230274,0.0078678131103515,0.0062465667724609,0.0071922938028971,0.0073909759521484,0.0085830688476562,0.005960464477539,0.005960464477539,0.0077724456787109,0.0096321105957031,0.0107288360595703,0.0107288360595703,0.0111579895019531,0.021219253540039,0.496,1.36,6.448,7.008,4.232,3.744,113.256,0.0100135803222656,0.0100135803222656,1.192,0
11,0.0,0.0,0.0,0.0,0.0,0.0,0,0,0.0,0.0,0.0,0.0,0.0,0.0,0.0,0.0,0.0060506127960053,0.0081062316894531,0.0067710876464843,0.0078678131103515,0.0084877014160156,0.0093936920166015,0.0047683715820312,0.0047683715820312,0.0058174133300781,0.0078916549682617,0.0102519989013671,0.0102519989013671,0.0108718872070312,0.0267267227172851,0.496,1.36,6.096,5.728,7.736,8.264,113.256,0.0083446502685546,0.0083446502685546,1.192,0
12,0.0,0.0,0.0,0.0,0.0,0.0,0,0,0.0,0.0,0.0,0.0,0.0,0.0,0.0,0.0,0.0062083723533212,0.0085830688476562,0.0065565109252929,0.0074704488118489,0.0081062316894531,0.0094175338745117,0.0045299530029296,0.0045299530029296,0.0,0.0,0.0133514404296875,0.0133514404296875,0.0,0.0,0.496,1.36,9.856,10.176,0.0,0.0,113.256,0.0095367431640625,0.0095367431640625,1.192,0
13,0.0,0.0,0.0,0.0,0.0,0.0,0,0,0.0,0.0,0.0,0.0,0.0,0.0,0.0,0.0,0.0059568881988525,0.0083446502685546,0.0065565109252929,0.0064373016357421,0.0079154968261718,0.0078678131103515,0.0,0.0,0.0062465667724609,0.0078678131103515,0.013589859008789,0.013589859008789,0.0116825103759765,0.0230312347412109,0.496,1.36,5.6,5.728,4.232,3.744,112.0,0.00762939453125,0.00762939453125,0.0,0
14,0.0,0.0,0.0,0.0,0.0,0.0,0,0,0.0,0.0,0.0,0.0,0.0,0.0,0.0,0.0,0.0059700012207031,0.0083446502685546,0.0069618225097656,0.0069538752237955,0.0111579895019531,0.008702278137207,0.0,0.0,0.0054836273193359,0.0069141387939453,0.0107288360595703,0.0107288360595703,0.0111103057861328,0.0220775604248046,0.496,1.36,6.448,7.008,4.232,3.744,112.0,0.0071525573730468,0.0071525573730468,0.0,0
15,0.0,0.0,0.0,0.0,0.0,0.0,0,0,0.0,0.0,0.0,0.0,0.0,0.0,0.0,0.0,0.0061178670346158,0.0081062316894531,0.0072956085205078,0.0084638595581054,0.0092983245849609,0.0103950500488281,0.0042650434705946,0.0047683715820312,0.0063578287760416,0.0087261199951171,0.0112056732177734,0.0112056732177734,0.0109831492106119,0.0289440155029296,0.496,1.36,6.096,5.728,11.968,12.008,143.152,0.0081062316894531,0.0081062316894531,579.192,0
16,0.0,0.0,0.0,0.0,0.0,0.0,0,0,0.0,0.0,0.0,0.0,0.0,0.0,0.0,0.0,0.0060629844665527,0.0081062316894531,0.006103515625,0.0071128209431966,0.007486343383789,0.0083446502685546,0.0042053590337914,0.0050067901611328,0.0058650970458984,0.0075817108154296,0.011444091796875,0.011444091796875,0.011301040649414,0.0225067138671875,0.496,1.424,8.88,10.176,4.232,3.744,112.0,0.0102519989013671,0.0102519989013671,682.84,0
17,0.0,0.0,0.0,0.0,0.0,0.0,0,0,0.0,0.0,0.0,0.0,0.0,0.0,0.0,0.0,0.0060423096614097,0.0081062316894531,0.0073909759521484,0.0064969062805175,0.0108718872070312,0.0091314315795898,0.0055313110351562,0.0069141387939453,0.006413459777832,0.0084161758422851,0.0064373016357421,0.0064373016357421,0.0112295150756835,0.0276803970336914,0.496,1.424,6.576,5.728,7.736,8.264,117.192,0.0083446502685546,0.0083446502685546,27.432,0
18,0.0,0.0,0.0,0.0,0.0,0.0,0,0,0.0,0.0,0.0,0.0,0.0,0.0,0.0,0.0,0.0060360030372544,0.0081062316894531,0.0065326690673828,0.0073909759521484,0.0075817108154296,0.010848045349121,0.0045299530029296,0.0055789947509765,0.0,0.0,0.0159740447998046,0.0159740447998046,0.0,0.0,0.496,1.36,6.448,7.008,0.0,0.0,118.448,0.0069141387939453,0.0069141387939453,21.672,0
19,0.0,0.0,0.0,0.0,0.0,0.0,0,0,0.0,0.0,0.0,0.0,0.0,0.0,0.0,0.0,0.0058679438349026,0.00762939453125,0.0062465667724609,0.0060200691223144,0.0073432922363281,0.0077486038208007,0.0060796737670898,0.0065565109252929,0.0066280364990234,0.009775161743164,0.0109672546386718,0.0109672546386718,0.0116825103759765,0.0224590301513671,0.496,1.424,6.096,5.728,4.232,3.744,113.256,0.0088214874267578,0.0088214874267578,3.44,0
20,0.0,0.0,0.0,0.0,0.0,0.0,0,0,0.0,0.0,0.0,0.0,0.0,0.0,0.0,0.0,0.0061439532859652,0.0083446502685546,0.0060558319091796,0.0076770782470703,0.0078678131103515,0.0087261199951171,0.0050640106201171,0.0061511993408203,0.0055789947509765,0.0071048736572265,0.0116825103759765,0.0116825103759765,0.011301040649414,0.0226974487304687,0.496,1.424,8.88,9.04,4.232,3.744,120.512,0.0116825103759765,0.0116825103759765,51.368,0
21,0.0,0.0,0.0,0.0,0.0,0.0,0,0,0.0,0.0,0.0,0.0,0.0,0.0,0.0,0.0,0.0061023235321044,0.0078678131103515,0.0057220458984375,0.0062942504882812,0.0078678131103515,0.0070571899414062,0.0049159640357607,0.0054836273193359,0.0059286753336588,0.0083446502685546,0.0147819519042968,0.0147819519042968,0.01220703125,0.0311851501464843,0.496,1.424,6.576,6.864,11.968,12.008,112.0,0.0071525573730468,0.0071525573730468,43.72,0
22,0.0,0.0,0.0,0.0,0.0,0.0,0,0,0.0,0.0,0.0,0.0,0.0,0.0,0.0,0.0,0.0060541712822605,0.0078678131103515,0.0073909759521484,0.0081062316894531,0.0100135803222656,0.0103712081909179,0.0049769878387451,0.0055313110351562,0.0057220458984375,0.0073432922363281,0.0102519989013671,0.0102519989013671,0.0113487243652343,0.0216007232666015,0.496,1.424,6.448,7.008,4.232,3.744,114.328,0.0071525573730468,0.0071525573730468,18.064,0
23,0.0,0.0,0.0,0.0,0.0,0.0,0,0,0.0,0.0,0.0,0.0,0.0,0.0,0.0,0.0,0.0062083723533212,0.0081062316894531,0.0061988830566406,0.0079274177551269,0.0072002410888671,0.0096797943115234,0.0056028366088867,0.007033348083496,0.0060081481933593,0.007939338684082,0.0066757202148437,0.0066757202148437,0.0109195709228515,0.0265359878540039,0.496,1.424,6.096,5.728,7.736,8.264,114.328,0.0078678131103515,0.0078678131103515,12.896,0
24,0.0,0.0,0.0,0.0,0.0,0.0,0,0,0.0,0.0,0.0,0.0,0.0,0.0,0.0,0.0,0.0060257033922185,0.0083446502685546,0.0075340270996093,0.0072479248046875,0.0104904174804687,0.0084877014160156,0.0064373016357421,0.0064373016357421,0.0,0.0,0.00762939453125,0.00762939453125,0.0,0.0,0.496,1.392,8.88,9.04,0.0,0.0,114.392,0.0066757202148437,0.0066757202148437,2.104,0
25,0.0,0.0,0.0,0.0,0.0,0.0,0,0,0.0,0.0,0.0,0.0,0.0,0.0,0.0,0.0,0.0062211980960639,0.0085353851318359,0.0059127807617187,0.0084400177001953,0.0074386596679687,0.0102519989013671,0.0063776969909667,0.0081539154052734,0.0062465667724609,0.0080585479736328,0.0112056732177734,0.0112056732177734,0.011444091796875,0.0224113464355468,0.496,1.424,6.576,6.864,4.232,3.744,119.48,0.00762939453125,0.00762939453125,17.808,0
26,0.0,0.0,0.0,0.0,0.0,0.0,0,0,0.0,0.0,0.0,0.0,0.0,0.0,0.0,0.0,0.0060242001372988,0.0083446502685546,0.0050544738769531,0.007033348083496,0.0060081481933593,0.0088214874267578,0.004834598965115,0.006103515625,0.0055789947509765,0.0070095062255859,0.0085830688476562,0.0085830688476562,0.0104904174804687,0.0201225280761718,0.496,1.424,6.448,7.008,4.232,3.744,116.064,0.0083446502685546,0.0083446502685546,43.952,0
27,0.0,0.0,0.0,0.0,0.0,0.0,0,0,0.0,0.0,0.0,0.0,0.0,0.0,0.0,0.0,0.0060707775514517,0.0081062316894531,0.0088214874267578,0.0056028366088867,0.0135421752929687,0.0066995620727539,0.0050961971282958,0.0058412551879882,0.0057538350423177,0.0080108642578125,0.0143051147460937,0.0143051147460937,0.0113328297932942,0.028848648071289,0.496,1.424,6.096,5.728,11.968,12.008,113.256,0.00762939453125,0.00762939453125,27.104,0
28,0.0,0.0,0.0,0.0,0.0,0.0,0,0,0.0,0.0,0.0,0.0,0.0,0.0,0.0,0.0,0.0059805294074634,0.0081062316894531,0.0069141387939453,0.0083446502685546,0.0101327896118164,0.0102519989013671,0.0042779105050223,0.0053882598876953,0.0060081481933593,0.0077247619628906,0.0118017196655273,0.0138044357299804,0.0118255615234375,0.0228404998779296,1.344,2.24,9.856,10.176,4.232,3.744,121.44,0.0063180923461914,0.0066041946411132,321.112,0
29,0.0,0.0,0.0,0.0,0.0,0.0,0,0,0.0,0.0,0.0,0.0,0.0,0.0,0.0,0.0,0.0066282737314404,0.0090599060058593,0.0069618225097656,0.0072479248046875,0.0111103057861328,0.0096797943115234,0.0040869455079774,0.0050067901611328,0.0060796737670898,0.0081300735473632,0.0128746032714843,0.0128746032714843,0.0113964080810546,0.0280380249023437,0.496,1.424,6.448,6.224,7.736,8.264,117.192,0.0090599060058593,0.0090599060058593,2551.68,0
30,0.0,0.0,0.0,0.0,0.0,0.0,0,0,0.0,0.0,0.0,0.0,0.0,0.0,0.0,0.0,0.0062847137451171,0.0086069107055664,0.0056028366088867,0.0069618225097656,0.007033348083496,0.0079154968261718,0.0045738000979368,0.0054836273193359,0.0,0.0,0.0112056732177734,0.0112056732177734,0.0,0.0,0.496,1.424,5.6,6.512,0.0,0.0,112.0,0.0081062316894531,0.0081062316894531,565.688,0
31,0.0,0.0,0.0,0.0,0.0,0.0,0,0,0.0,0.0,0.0,0.0,0.0,0.0,0.0,0.0,0.0063590149381267,0.0088214874267578,0.0064849853515625,0.007033348083496,0.0091552734375,0.008249282836914,0.0041082276770816,0.0050067901611328,0.0056743621826171,0.0070095062255859,0.0126361846923828,0.0126361846923828,0.0112533569335937,0.0224113464355468,0.496,1.424,6.096,5.728,4.232,3.744,114.968,0.0073909759521484,0.0073909759521484,1739.08,0
32,0.0,0.0,0.0,0.0,0.0,0.0,0,0,0.0,0.0,0.0,0.0,0.0,0.0,0.0,0.0,0.006037979877641,0.0081062316894531,0.0061511993408203,0.0074307123819986,0.0082969665527343,0.0094175338745117,0.004434585571289,0.0050306320190429,0.0057220458984375,0.0071525573730468,0.0162124633789062,0.0162124633789062,0.0109195709228515,0.0213146209716796,0.496,1.392,8.88,10.176,4.232,3.744,123.64,0.0071525573730468,0.0071525573730468,135.712,0
33,0.0,0.0,0.0,0.0,0.0,0.0,0,0,0.0,0.0,0.0,0.0,0.0,0.0,0.0,0.0,0.0064254987357866,0.0087976455688476,0.0059127807617187,0.007331371307373,0.0079154968261718,0.009775161743164,0.0043904339825665,0.0053882598876953,0.0061829884847005,0.0081062316894531,0.0171661376953125,0.0171661376953125,0.0109513600667317,0.0261783599853515,0.496,1.424,6.576,5.728,11.968,12.008,116.288,0.0083446502685546,0.0083446502685546,746.904,0
34,0.0,0.0,0.0,0.0,0.0,0.0,0,0,0.0,0.0,0.0,0.0,0.0,0.0,0.0,0.0,0.0068512722034359,0.0095367431640625,0.0063896179199218,0.0073115030924479,0.0099658966064453,0.0089406967163085,0.0041160646444893,0.0047683715820312,0.0057697296142578,0.0072956085205078,0.0116825103759765,0.0116825103759765,0.0105857849121093,0.0201225280761718,0.496,1.424,6.448,7.008,4.232,3.744,113.256,0.0083446502685546,0.0083446502685546,4582.368,0
35,0.0,0.0,0.0,0.0,0.0,0.0,0,0,0.0,0.0,0.0,0.0,0.0,0.0,0.0,0.0,0.006132457979876,0.0083446502685546,0.0056266784667968,0.0067353248596191,0.0066280364990234,0.0077486038208007,0.0042915344238281,0.0046730041503906,0.0062942504882812,0.0084161758422851,0.0109672546386718,0.0109672546386718,0.010991096496582,0.028228759765625,0.496,1.424,6.096,5.728,7.736,8.264,117.192,0.0078678131103515,0.0078678131103515,32.792,0
36,0.0,0.0,0.0,0.0,0.0,0.0,0,0,0.0,0.0,0.0,0.0,0.0,0.0,0.0,0.0,0.0059580921533688,0.0081062316894531,0.0066757202148437,0.0087738037109375,0.0092983245849609,0.0109672546386718,0.0050862630208333,0.0066041946411132,0.0,0.0,0.0133514404296875,0.0133514404296875,0.0,0.0,0.496,1.424,8.88,9.04,0.0,0.0,116.632,0.0078678131103515,0.0078678131103515,58.72,0
37,0.0,0.0,0.0,0.0,0.0,0.0,0,0,0.0,0.0,0.0,0.0,0.0,0.0,0.0,0.0,0.0066462129649549,0.0092744827270507,0.0060081481933593,0.0085353851318359,0.0079154968261718,0.0100612640380859,0.003844953973197,0.0045299530029296,0.0058650970458984,0.0073909759521484,0.0123977661132812,0.0123977661132812,0.0108718872070312,0.021219253540039,0.496,1.424,6.576,6.864,4.232,3.744,120.688,0.0104904174804687,0.0104904174804687,25579.184,0
38,0.0,0.0,0.0,0.0,0.0,0.0,0,0,0.0,0.0,0.0,0.0,0.0,0.0,0.0,0.0,0.0073375986583197,0.009775161743164,0.0061988830566406,0.0080664952596028,0.0085830688476562,0.0102519989013671,0.003831436627806,0.0045299530029296,0.005960464477539,0.0073909759521484,0.0095367431640625,0.0095367431640625,0.0109672546386718,0.0210762023925781,0.496,1.424,6.448,7.008,4.232,3.744,117.192,0.0112056732177734,0.0112056732177734,17296.336,0
39,0.0,0.0,0.0,0.0,0.0,0.0,0,0,0.0,0.0,0.0,0.0,0.0,0.0,0.0,0.0,0.0062273509466826,0.0083446502685546,0.0078201293945312,0.0073909759521484,0.0101089477539062,0.0087976455688476,0.0045299530029296,0.0045299530029296,0.0056902567545572,0.0079631805419921,0.0112056732177734,0.0112056732177734,0.0108083089192708,0.0279903411865234,0.496,1.424,6.096,5.728,11.968,12.008,113.256,0.011444091796875,0.011444091796875,1.192,0
40,0.0,0.0,0.0,0.0,0.0,0.0,0,0,0.0,0.0,0.0,0.0,0.0,0.0,0.0,0.0,0.0060980592794086,0.0083446502685546,0.0066280364990234,0.0062465667724609,0.0088691711425781,0.0069618225097656,0.0045299530029296,0.0045299530029296,0.0057697296142578,0.0075340270996093,0.0193119049072265,0.0193119049072265,0.0111103057861328,0.0216960906982421,0.496,1.36,8.88,9.04,4.232,3.744,113.256,0.0078678131103515,0.0078678131103515,1.192,0
41,0.0,0.0,0.0,0.0,0.0,0.0,0,0,0.0,0.0,0.0,0.0,0.0,0.0,0.0,0.0,0.0059509751808584,0.0081062316894531,0.0063896179199218,0.0091552734375,0.0082015991210937,0.011301040649414,0.0040531158447265,0.0040531158447265,0.0057220458984375,0.0076770782470703,0.0119209289550781,0.0119209289550781,0.0111579895019531,0.029611587524414,0.496,1.36,6.576,6.864,7.736,8.264,113.256,0.0088214874267578,0.0088214874267578,1.192,0
42,0.0,0.0,0.0,0.0,0.0,0.0,0,0,0.0,0.0,0.0,0.0,0.0,0.0,0.0,0.0,0.0066441648146685,0.0092983245849609,0.0063896179199218,0.0076691309611002,0.0099658966064453,0.0094175338745117,0.0038585443606321,0.0045299530029296,0.0,0.0,0.0164508819580078,0.0164508819580078,0.0,0.0,0.496,1.424,6.448,7.008,0.0,0.0,130.144,0.0095367431640625,0.0095367431640625,16969.512,0
43,0.0,0.0,0.0,0.0,0.0,0.0,0,0,0.0,0.0,0.0,0.0,0.0,0.0,0.0,0.0,0.0061607360839843,0.0083446502685546,0.0063896179199218,0.0077486038208007,0.0078678131103515,0.0105857849121093,0.0,0.0,0.0056743621826171,0.0072002410888671,0.0073909759521484,0.0073909759521484,0.0113487243652343,0.0226497650146484,0.496,1.424,6.096,5.728,4.232,3.744,112.0,0.00762939453125,0.00762939453125,0.0,0
44,0.0,0.0,0.0,0.0,0.0,0.0,0,0,0.0,0.0,0.0,0.0,0.0,0.0,0.0,0.0,0.0059235095977783,0.0076532363891601,0.0066359837849934,0.0086625417073567,0.0082254409790039,0.0095367431640625,0.0,0.0,0.0063896179199218,0.0081062316894531,0.0119209289550781,0.0119209289550781,0.0118255615234375,0.0220775604248046,0.496,1.36,9.856,10.176,4.232,3.744,112.0,0.00762939453125,0.00762939453125,0.0,0
45,0.0,0.0,0.0,0.0,0.0,0.0,0,0,0.0,0.0,0.0,0.0,0.0,0.0,0.0,0.0,0.0060641765594482,0.0083446502685546,0.0067710876464843,0.0062465667724609,0.0100612640380859,0.0069618225097656,0.0,0.0,0.0061511993408203,0.0085353851318359,0.011444091796875,0.011444091796875,0.0112215677897135,0.0294208526611328,0.496,1.36,6.448,6.224,11.968,12.008,112.0,0.0109672546386718,0.0109672546386718,0.0,0
46,0.0,0.0,0.0,0.0,0.0,0.0,0,0,0.0,0.0,0.0,0.0,0.0,0.0,0.0,0.0,0.0062023892122156,0.0083446502685546,0.0057220458984375,0.0068187713623046,0.0067710876464843,0.0077724456787109,0.004185570610894,0.005197525024414,0.0072956085205078,0.0088214874267578,0.0131130218505859,0.0131130218505859,0.011301040649414,0.021982192993164,0.496,1.424,5.6,6.512,4.232,3.744,128.832,0.0069141387939453,0.0069141387939453,250.184,0
47,0.0,0.0,0.0,0.0,0.0,0.0,0,0,0.0,0.0,0.0,0.0,0.0,0.0,0.0,0.0,0.0061953596293632,0.0078678131103515,0.0072479248046875,0.0063180923461914,0.0109195709228515,0.0078439712524414,0.0050067901611328,0.0060558319091796,0.0061511993408203,0.0081539154052734,0.0152587890625,0.0152587890625,0.0120401382446289,0.0335216522216796,0.496,1.424,6.096,5.728,7.736,8.264,118.856,0.0066757202148437,0.0066757202148437,36.632,0
48,0.0,0.0,0.0,0.0,0.0,0.0,0,0,0.0,0.0,0.0,0.0,0.0,0.0,0.0,0.0,0.0062047845066183,0.0081062316894531,0.0056266784667968,0.0070730845133463,0.0063419342041015,0.0085830688476562,0.0052948792775472,0.0066041946411132,0.0,0.0,0.0188350677490234,0.0188350677490234,0.0,0.0,0.496,1.424,8.88,10.176,0.0,0.0,116.272,0.0081062316894531,0.0081062316894531,57.824,0
49,0.0,0.0,0.0,0.0,0.0,0.0,0,0,0.0,0.0,0.0,0.0,0.0,0.0,0.0,0.0,0.0061011314392089,0.0078678131103515,0.006723403930664,0.0064969062805175,0.00762939453125,0.0082254409790039,0.0053644180297851,0.005650520324707,0.0056266784667968,0.0072479248046875,0.0138282775878906,0.0138282775878906,0.0108718872070312,0.0213146209716796,0.496,1.424,6.576,5.728,4.232,3.744,112.0,0.0066757202148437,0.0066757202148437,4.688,0
50,0.0,0.0,0.0,0.0,0.0,0.0,0,0,0.0,0.0,0.0,0.0,0.0,0.0,0.0,0.0,0.0059994140473922,0.0078678131103515,0.0055313110351562,0.0061988830566406,0.0073909759521484,0.0079870223999023,0.0052690505981445,0.0069856643676757,0.0060081481933593,0.0075340270996093,0.0104904174804687,0.0104904174804687,0.0117301940917968,0.0225067138671875,0.496,1.36,6.448,7.008,4.232,3.744,117.328,0.0083446502685546,0.0083446502685546,26.736,0
51,0.0,0.0,0.0,0.0,0.0,0.0,0,0,0.0,0.0,0.0,0.0,0.0,0.0,0.0,0.0,0.0059056282043457,0.0076532363891601,0.008392333984375,0.0071525573730468,0.0123500823974609,0.009322166442871,0.0,0.0,0.0059286753336588,0.0084877014160156,0.0126361846923828,0.0126361846923828,0.0114917755126953,0.0295162200927734,0.496,1.424,6.096,5.728,11.968,12.008,112.0,0.0090599060058593,0.0090599060058593,0.0,0
52,0.0,0.0,0.0,0.0,0.0,0.0,0,0,0.0,0.0,0.0,0.0,0.0,0.0,0.0,0.0,0.0060714117371209,0.0083208084106445,0.0055789947509765,0.0073909759521484,0.0061988830566406,0.008392333984375,0.0045299530029296,0.0054836273193359,0.0058174133300781,0.0072479248046875,0.0119209289550781,0.0119209289550781,0.0117301940917968,0.0229358673095703,0.496,1.424,8.88,9.04,4.232,3.744,121.52,0.0100135803222656,0.0100135803222656,218.768,0
53,0.0,0.0,0.0,0.0,0.0,0.0,0,0,0.0,0.0,0.0,0.0,0.0,0.0,0.0,0.0,0.0059794430709003,0.0081062316894531,0.0072956085205078,0.0076770782470703,0.0092029571533203,0.0087738037109375,0.0054836273193359,0.0056743621826171,0.0056743621826171,0.0074625015258789,0.0107288360595703,0.0107288360595703,0.0111818313598632,0.0290155410766601,0.496,1.424,6.576,6.864,7.736,8.264,113.256,0.0088214874267578,0.0088214874267578,6.496,0
54,0.0,0.0,0.0,0.0,0.0,0.0,0,0,0.0,0.0,0.0,0.0,0.0,0.0,0.0,0.0,0.0061386882668674,0.0081062316894531,0.0064849853515625,0.0069141387939453,0.0091552734375,0.0084638595581054,0.0061988830566406,0.0066280364990234,0.0,0.0,0.0138282775878906,0.0138282775878906,0.0,0.0,0.496,1.36,6.448,7.008,0.0,0.0,116.8,0.0078678131103515,0.0078678131103515,8.408,0
55,0.0,0.0,0.0,0.0,0.0,0.0,0,0,0.0,0.0,0.0,0.0,0.0,0.0,0.0,0.0,0.0059297769376547,0.0078678131103515,0.0071525573730468,0.0076889991760253,0.0098705291748046,0.0097036361694335,0.0046888987223307,0.0051021575927734,0.0064373016357421,0.0088214874267578,0.0116825103759765,0.0116825103759765,0.0103950500488281,0.022745132446289,0.496,1.424,6.096,5.728,15.544,14.52,117.504,0.0073909759521484,0.0073909759521484,5.144,0
56,0.0,0.0,0.0,0.0,0.0,0.0,0,0,0.0,0.0,0.0,0.0,0.0,0.0,0.0,0.0,0.0061190128326416,0.0083446502685546,0.0061988830566406,0.0068187713623046,0.006723403930664,0.0082969665527343,0.0,0.0,0.0058650970458984,0.0075340270996093,0.0131130218505859,0.0131130218505859,0.011301040649414,0.021219253540039,0.496,1.36,8.88,9.04,4.232,3.744,112.0,0.0071525573730468,0.0071525573730468,0.0,0
57,0.0,0.0,0.0,0.0,0.0,0.0,0,0,0.0,0.0,0.0,0.0,0.0,0.0,0.0,0.0,0.0060343742370605,0.0083446502685546,0.0063896179199218,0.006723403930664,0.0087738037109375,0.008249282836914,0.0,0.0,0.0058174133300781,0.0081539154052734,0.0095367431640625,0.0095367431640625,0.0110467274983723,0.0284671783447265,0.496,1.36,6.576,6.864,11.968,12.008,112.0,0.0092983245849609,0.0092983245849609,0.0,0
58,0.0,0.0,0.0,0.0,0.0,0.0,0,0,0.0,0.0,0.0,0.0,0.0,0.0,0.0,0.0,0.0061619281768798,0.0085830688476562,0.0057697296142578,0.0072717666625976,0.0078678131103515,0.0090599060058593,0.0,0.0,0.0064373016357421,0.0082969665527343,0.0078678131103515,0.0078678131103515,0.011444091796875,0.0229835510253906,0.496,1.36,6.448,7.008,4.232,3.744,112.0,0.0073909759521484,0.0073909759521484,0.0,0
59,0.0,0.0,0.0,0.0,0.0,0.0,0,0,0.0,0.0,0.0,0.0,0.0,0.0,0.0,0.0,0.0061014015686335,0.0081062316894531,0.006723403930664,0.0070929527282714,0.009012222290039,0.007796287536621,0.0054041544596354,0.0065803527832031,0.0059843063354492,0.0081062316894531,0.0071525573730468,0.0071525573730468,0.0115394592285156,0.0288009643554687,0.496,1.424,6.096,5.728,7.736,8.264,121.928,0.0069141387939453,0.0069141387939453,9.064,0
60,0.0,0.0,0.0,0.0,0.0,0.0,0,0,0.0,0.0,0.0,0.0,0.0,0.0,0.0,0.0,0.0058288004860949,0.00762939453125,0.005960464477539,0.0075499216715494,0.0066757202148437,0.0091791152954101,0.0045299530029296,0.0045299530029296,0.0,0.0,0.0104904174804687,0.0116348266601562,0.0,0.0,1.344,2.208,9.856,10.176,0.0,0.0,113.256,0.007033348083496,0.0073194503784179,1.192,0
61,0.0,0.0,0.0,0.0,0.0,0.0,0,0,0.0,0.0,0.0,0.0,0.0,0.0,0.0,0.0,0.0062593773229798,0.0090599060058593,0.0082254409790039,0.0064373016357421,0.0113964080810546,0.0075340270996093,0.0050067901611328,0.0050067901611328,0.0065326690673828,0.007486343383789,0.0104904174804687,0.0104904174804687,0.0129222869873046,0.0252723693847656,0.496,1.36,5.6,5.728,4.232,3.744,113.256,0.0081062316894531,0.0081062316894531,1.192,0
62,0.0,0.0,0.0,0.0,0.0,0.0,0,0,0.0,0.0,0.0,0.0,0.0,0.0,0.0,0.0,0.0058908273678014,0.0081062316894531,0.005960464477539,0.0077486038208007,0.0068187713623046,0.0094175338745117,0.0065565109252929,0.0068426132202148,0.0056266784667968,0.0074386596679687,0.0083446502685546,0.0083446502685546,0.0108718872070312,0.0215530395507812,0.496,1.36,6.448,7.008,4.232,3.744,115.52,0.0066757202148437,0.0066757202148437,3.168,0
63,0.0,0.0,0.0,0.0,0.0,0.0,0,0,0.0,0.0,0.0,0.0,0.0,0.0,0.0,0.0,0.0059081286918826,0.00762939453125,0.0101089477539062,0.0085234642028808,0.0170230865478515,0.0115871429443359,0.0038737469323298,0.0045299530029296,0.005756105695452,0.0075340270996093,0.0188350677490234,0.0188350677490234,0.0106692314147949,0.0276565551757812,0.496,1.424,6.096,5.728,11.44,12.536,137.96,0.0107288360595703,0.0107288360595703,5980.648,0
64,0.0,0.0,0.0,0.0,0.0,0.0,0,0,0.0,0.0,0.0,0.0,0.0,0.0,0.0,0.0,0.0072948968232567,0.0095367431640625,0.0069618225097656,0.0078280766805013,0.0102996826171875,0.0083446502685546,0.0038497979962978,0.0045299530029296,0.0056266784667968,0.0070095062255859,0.011444091796875,0.011444091796875,0.0108242034912109,0.0205039978027343,0.496,1.424,8.88,10.176,4.232,3.744,117.192,0.009775161743164,0.009775161743164,33243.192,0
65,0.0,0.0,0.0,0.0,0.0,0.0,0,0,0.0,0.0,0.0,0.0,0.0,0.0,0.0,0.0,0.0067198276519775,0.0090599060058593,0.0070571899414062,0.0067353248596191,0.0104427337646484,0.007486343383789,0.0,0.0,0.0056028366088867,0.0076770782470703,0.0083446502685546,0.0083446502685546,0.0107049942016601,0.0264883041381835,0.496,1.424,6.576,5.728,7.736,8.264,112.0,0.0085830688476562,0.0085830688476562,0.0,0
66,0.0,0.0,0.0,0.0,0.0,0.0,0,0,0.0,0.0,0.0,0.0,0.0,0.0,0.0,0.0,0.0063851105039985,0.0081062316894531,0.0064373016357421,0.0089406967163085,0.0097274780273437,0.0112056732177734,0.0040901517405093,0.005197525024414,0.0,0.0,0.00762939453125,0.00762939453125,0.0,0.0,0.496,1.424,6.448,7.008,0.0,0.0,119.344,0.0083446502685546,0.0083446502685546,972.76,0
67,0.0,0.0,0.0,0.0,0.0,0.0,0,0,0.0,0.0,0.0,0.0,0.0,0.0,0.0,0.0,0.0066910639847859,0.0083446502685546,0.0058174133300781,0.0056028366088867,0.0071048736572265,0.0066995620727539,0.0039243531974765,0.0047683715820312,0.0055313110351562,0.0069141387939453,0.0083446502685546,0.0083446502685546,0.0104904174804687,0.019693374633789,0.496,1.424,6.096,5.728,4.232,3.744,118.448,0.0085830688476562,0.0085830688476562,5789.488,0
68,0.0,0.0,0.0,0.0,0.0,0.0,0,0,0.0,0.0,0.0,0.0,0.0,0.0,0.0,0.0,0.0068394105825851,0.0092983245849609,0.0058650970458984,0.0081062316894531,0.0072956085205078,0.0089168548583984,0.0038854253124183,0.0045299530029296,0.0059127807617187,0.0073432922363281,0.0095367431640625,0.0095367431640625,0.011301040649414,0.0217914581298828,0.496,1.424,8.88,9.04,4.232,3.744,113.256,0.0092983245849609,0.0092983245849609,12516.512,0
69,0.0,0.0,0.0,0.0,0.0,0.0,0,0,0.0,0.0,0.0,0.0,0.0,0.0,0.0,0.0,0.0062529089415601,0.0083446502685546,0.0069141387939453,0.006103515625,0.0096797943115234,0.0068187713623046,0.0043648939866286,0.0056982040405273,0.0059286753336588,0.0083446502685546,0.0121593475341796,0.0121593475341796,0.010999043782552,0.0288009643554687,0.496,1.424,6.576,6.864,11.968,12.008,123.64,0.0095367431640625,0.0095367431640625,357.248,0
70,0.0,0.0,0.0,0.0,0.0,0.0,0,0,0.0,0.0,0.0,0.0,0.0,0.0,0.0,0.0,0.0063578287760416,0.0088214874267578,0.0056266784667968,0.0075896581013997,0.0070571899414062,0.0089406967163085,0.003922008076181,0.0047683715820312,0.0057220458984375,0.0072002410888671,0.0133514404296875,0.0133514404296875,0.0111579895019531,0.0207424163818359,0.496,1.424,6.448,7.008,4.232,3.744,115.48,0.0083446502685546,0.0083446502685546,5760.488,0
71,0.0,0.0,0.0,0.0,0.0,0.0,0,0,0.0,0.0,0.0,0.0,0.0,0.0,0.0,0.0,0.0067124912394813,0.0092983245849609,0.0073909759521484,0.00762939453125,0.0117778778076171,0.0082015991210937,0.0038518384896713,0.0045299530029296,0.0063180923461914,0.0089406967163085,0.0095367431640625,0.0095367431640625,0.010991096496582,0.0268936157226562,0.496,1.424,6.096,5.728,7.736,8.264,116.504,0.0090599060058593,0.0090599060058593,20890.656,0
72,0.0,0.0,0.0,0.0,0.0,0.0,0,0,0.0,0.0,0.0,0.0,0.0,0.0,0.0,0.0,0.0073221785512136,0.009775161743164,0.0062942504882812,0.0086307525634765,0.0084400177001953,0.0107288360595703,0.0038678823859093,0.0045299530029296,0.0,0.0,0.0100135803222656,0.0100135803222656,0.0,0.0,0.496,1.424,8.88,9.04,0.0,0.0,117.192,0.0121593475341796,0.0121593475341796,35783.144,0
73,0.0,0.0,0.0,0.0,0.0,0.0,0,0,0.0,0.0,0.0,0.0,0.0,0.0,0.0,0.0,0.0071952592081098,0.0095367431640625,0.0055313110351562,0.0066280364990234,0.0070571899414062,0.0075340270996093,0.0038798961343192,0.0045299530029296,0.0068187713623046,0.0084877014160156,0.0073909759521484,0.0073909759521484,0.0103950500488281,0.0202655792236328,0.496,1.424,6.576,6.864,4.232,3.744,117.192,32.019853591918945,32.019853591918945,16140.984,1
74,0.0,0.0,0.0,0.0,0.0,0.0,0,0,0.0,0.0,0.0,0.0,0.0,0.0,0.0,0.0,0.0074558919019038,0.0100135803222656,0.0055313110351562,0.007788340250651,0.0074386596679687,0.0102519989013671,0.00385552954426,0.0045299530029296,0.0057697296142578,0.0073909759521484,0.0107288360595703,0.0107288360595703,0.0110626220703125,0.0216007232666015,0.496,1.424,6.448,7.008,4.232,3.744,118.448,32.0131778717041,32.0131778717041,55146.016,1
75,0.0,0.0,0.0,0.0,0.0,0.0,0,0,0.0,0.0,0.0,0.0,0.0,0.0,0.0,0.0,0.007078199103327,0.0095367431640625,0.006723403930664,0.010073184967041,0.0088214874267578,0.0105857849121093,0.0040093100214579,0.0050067901611328,0.0058174133300781,0.0074386596679687,0.0138282775878906,0.0138282775878906,0.0126838684082031,0.0247478485107421,0.496,1.424,6.096,5.728,4.232,3.744,118.448,32.012939453125,32.012939453125,3422.512,1
76,0.0,0.0,0.0,0.0,0.0,0.0,0,0,0.0,0.0,0.0,0.0,0.0,0.0,0.0,0.0,0.0072355887190026,0.0092983245849609,0.0066757202148437,0.0066757202148437,0.0088214874267578,0.0075101852416992,0.0071525573730468,0.0071525573730468,0.0060081481933593,0.0081062316894531,0.0088214874267578,0.0088214874267578,0.0112215677897135,0.0285148620605468,0.496,1.424,9.856,10.176,11.968,12.008,113.256,32.01484680175781,32.01484680175781,1.192,1
77,0.0,0.0,0.0,0.0,0.0,0.0,0,0,0.0,0.0,0.0,0.0,0.0,0.0,0.0,0.0,0.0062925898613621,0.0090599060058593,0.0069737434387207,0.0074505805969238,0.0090360641479492,0.0095844268798828,0.0039204856417826,0.0045299530029296,0.006270408630371,0.0086069107055664,0.0109672546386718,0.0109672546386718,0.0111579895019531,0.0290155410766601,0.496,1.424,5.6,5.728,7.736,8.264,117.192,32.019615173339844,32.019615173339844,4876.568,1
78,0.0,0.0,0.0,0.0,0.0,0.0,0,0,0.0,0.0,0.0,0.0,0.0,0.0,0.0,0.0,0.0058323589723501,0.00762939453125,0.006866455078125,0.0074307123819986,0.0109195709228515,0.0090599060058593,0.0066757202148437,0.0066757202148437,0.0,0.0,0.0078678131103515,0.0078678131103515,0.0,0.0,0.496,1.424,6.448,7.008,0.0,0.0,116.12,32.01103210449219,32.01103210449219,3.832,1
79,0.0,0.0,0.0,0.0,0.0,0.0,0,0,0.0,0.0,0.0,0.0,0.0,0.0,0.0,0.0,0.0059473514556884,0.0078916549682617,0.0064373016357421,0.0075697898864746,0.0080108642578125,0.0089168548583984,0.0,0.0,0.0,0.0,0.0133514404296875,0.0133514404296875,0.0,0.0,0.496,1.36,6.096,5.728,0.0,0.0,112.0,32.010793685913086,32.010793685913086,0.0,1
80,0.0,0.0,0.0,0.0,0.0,0.0,0,0,0.0,0.0,0.0,0.0,0.0,0.0,0.0,0.0,0.0061523914337158,0.0085830688476562,0.0061511993408203,0.0069538752237955,0.0072956085205078,0.0085830688476562,0.0,0.0,0.0058650970458984,0.0073909759521484,0.0057220458984375,0.0057220458984375,0.0109195709228515,0.0214099884033203,0.496,1.36,8.88,10.176,4.232,3.744,112.0,32.01556205749512,32.01556205749512,0.0,1
81,0.0,0.0,0.0,0.0,0.0,0.0,0,0,0.0,0.0,0.0,0.0,0.0,0.0,0.0,0.0,0.0060375650130694,0.0081062316894531,0.0064849853515625,0.0078082084655761,0.008249282836914,0.0087976455688476,0.0064373016357421,0.0064373016357421,0.0057458877563476,0.0078916549682617,0.0083446502685546,0.0083446502685546,0.0112295150756835,0.0303506851196289,0.496,1.36,6.576,5.728,8.464,7.488,113.256,32.00960159301758,32.00960159301758,1.192,1
82,0.0,0.0,0.0,0.0,0.0,0.0,0,0,0.0,0.0,0.0,0.0,0.0,0.0,0.0,0.0,0.0061717363867429,0.0081062316894531,0.0066280364990234,0.0069538752237955,0.0102043151855468,0.0092983245849609,0.0060796737670898,0.0063657760620117,0.0060558319091796,0.008249282836914,0.0152587890625,0.0152587890625,0.0115235646565755,0.0308036804199218,0.496,1.36,6.448,7.008,11.968,12.008,118.448,32.01150894165039,32.01150894165039,6.944,1
83,0.0,0.0,0.0,0.0,0.0,0.0,0,0,0.0,0.0,0.0,0.0,0.0,0.0,0.0,0.0,0.0059686455072141,0.007796287536621,0.0062942504882812,0.0057220458984375,0.0080108642578125,0.0071048736572265,0.0050862630208333,0.0060796737670898,0.0061750411987304,0.0084161758422851,0.0119209289550781,0.0119209289550781,0.0118494033813476,0.0307559967041015,0.496,1.424,6.096,5.728,7.736,8.264,126.032,32.01127052307129,32.01127052307129,37.152,1
84,0.0,0.0,0.0,0.0,0.0,0.0,0,0,0.0,0.0,0.0,0.0,0.0,0.0,0.0,0.0,0.0061422291368541,0.0081062316894531,0.0069618225097656,0.007486343383789,0.0102996826171875,0.0093936920166015,0.0041835010051727,0.0051736831665039,0.0,0.0,0.005960464477539,0.005960464477539,0.0,0.0,0.496,1.424,8.88,9.04,0.0,0.0,122.384,32.01866149902344,32.01866149902344,654.896,1
85,0.0,0.0,0.0,0.0,0.0,0.0,0,0,0.0,0.0,0.0,0.0,0.0,0.0,0.0,0.0,0.0061690807342529,0.0081062316894531,0.0061511993408203,0.0063419342041015,0.0080585479736328,0.0078678131103515,0.0,0.0,0.0,0.0,0.0133514404296875,0.0133514404296875,0.0,0.0,0.496,1.392,6.576,6.864,0.0,0.0,112.0,32.0124626159668,32.0124626159668,0.0,1
86,0.0,0.0,0.0,0.0,0.0,0.0,0,0,0.0,0.0,0.0,0.0,0.0,0.0,0.0,0.0,0.0060117244720458,0.0078916549682617,0.007486343383789,0.0067949295043945,0.0116825103759765,0.008702278137207,0.0,0.0,0.0057220458984375,0.0072479248046875,0.00762939453125,0.00762939453125,0.0113964080810546,0.0226020812988281,0.496,1.36,6.448,7.008,4.232,3.744,112.0,32.01150894165039,32.01150894165039,0.0,1
87,0.0,0.0,0.0,0.0,0.0,0.0,0,0,0.0,0.0,0.0,0.0,0.0,0.0,0.0,0.0,0.0058388710021972,0.0076532363891601,0.0066757202148437,0.0067949295043945,0.0085353851318359,0.0078439712524414,0.0,0.0,0.0060796737670898,0.0078916549682617,0.0083446502685546,0.0083446502685546,0.0113248825073242,0.0294923782348632,0.496,1.36,6.096,5.728,8.464,7.488,112.0,32.01746940612793,32.01746940612793,0.0,1
88,0.0,0.0,0.0,0.0,0.0,0.0,0,0,0.0,0.0,0.0,0.0,0.0,0.0,0.0,0.0,0.0061595439910888,0.0081062316894531,0.0063896179199218,0.0072002410888671,0.0069618225097656,0.0099658966064453,0.0,0.0,0.0066757202148437,0.0091075897216796,0.0121593475341796,0.0121593475341796,0.0113805135091145,0.0286579132080078,0.496,1.36,8.88,9.04,11.968,12.008,112.0,32.01103210449219,32.01103210449219,0.0,1
89,0.0,0.0,0.0,0.0,0.0,0.0,0,0,0.0,0.0,0.0,0.0,0.0,0.0,0.0,0.0,0.005931996587497,0.0081062316894531,0.0067710876464843,0.0069618225097656,0.0100612640380859,0.0092029571533203,0.0052452087402343,0.0052452087402343,0.0057458877563476,0.0079154968261718,0.0116825103759765,0.0116825103759765,0.0105857849121093,0.0263929367065429,0.496,1.36,6.576,6.864,7.736,8.264,113.256,32.01007843017578,32.01007843017578,1.192,1
90,0.0,0.0,0.0,0.0,0.0,0.0,0,0,0.0,0.0,0.0,0.0,0.0,0.0,0.0,0.0,0.0060292618784738,0.0078678131103515,0.005197525024414,0.0058809916178385,0.0064373016357421,0.0073909759521484,0.005960464477539,0.005960464477539,0.0,0.0,0.0119209289550781,0.0119209289550781,0.0,0.0,0.496,1.36,6.448,7.008,0.0,0.0,113.256,32.0131778717041,32.0131778717041,1.192,1
91,0.0,0.0,0.0,0.0,0.0,0.0,0,0,0.0,0.0,0.0,0.0,0.0,0.0,0.0,0.0,0.0063405520674111,0.0083446502685546,0.007486343383789,0.0075697898864746,0.0102043151855468,0.0092267990112304,0.0039918082101004,0.0050067901611328,0.0,0.0,0.0089406967163085,0.0092267990112304,0.0,0.0,1.344,2.272,6.096,5.728,0.0,0.0,144.408,32.012939453125,32.016563415527344,1531.824,1
92,0.0,0.0,0.0,0.0,0.0,0.0,0,0,0.0,0.0,0.0,0.0,0.0,0.0,0.0,0.0,0.0068151950836181,0.0092983245849609,0.0059207280476888,0.0082651774088541,0.0061988830566406,0.0110864639282226,0.003849209002045,0.0045299530029296,0.0054836273193359,0.0069618225097656,0.0085830688476562,0.0085830688476562,0.0101089477539062,0.0190258026123046,0.496,1.424,9.856,10.176,4.232,3.744,116.632,32.026052474975586,32.026052474975586,9613.72,1
93,0.0,0.0,0.0,0.0,0.0,0.0,0,0,0.0,0.0,0.0,0.0,0.0,0.0,0.0,0.0,0.0060629844665527,0.0083446502685546,0.0064373016357421,0.0081062316894531,0.009775161743164,0.0094413757324218,0.0,0.0,0.0057935714721679,0.0079154968261718,0.0126361846923828,0.0126361846923828,0.0109434127807617,0.0298023223876953,0.496,1.36,6.448,6.224,8.464,7.488,112.0,32.01103210449219,32.01103210449219,0.0,1
94,0.0,0.0,0.0,0.0,0.0,0.0,0,0,0.0,0.0,0.0,0.0,0.0,0.0,0.0,0.0,0.005958080291748,0.0078678131103515,0.0065565109252929,0.0066280364990234,0.0088691711425781,0.0080108642578125,0.0,0.0,0.0059127807617187,0.0080108642578125,0.0150203704833984,0.0150203704833984,0.011142094930013,0.0281333923339843,0.496,1.36,5.6,6.512,11.968,12.008,112.0,32.01174736022949,32.01174736022949,0.0,1
95,0.0,0.0,0.0,0.0,0.0,0.0,0,0,0.0,0.0,0.0,0.0,0.0,0.0,0.0,0.0,0.0060081481933593,0.0081062316894531,0.0086307525634765,0.0072121620178222,0.0138759613037109,0.008392333984375,0.0,0.0,0.006413459777832,0.0078916549682617,0.0078678131103515,0.0078678131103515,0.0107049942016601,0.0271081924438476,0.496,1.36,6.096,5.728,7.736,8.264,112.0,32.010793685913086,32.010793685913086,0.0,1
96,0.0,0.0,0.0,0.0,0.0,0.0,0,0,0.0,0.0,0.0,0.0,0.0,0.0,0.0,0.0,0.0060185864197081,0.0078678131103515,0.0062465667724609,0.0066757202148437,0.0078678131103515,0.0077486038208007,0.005960464477539,0.005960464477539,0.0,0.0,0.0147819519042968,0.0147819519042968,0.0,0.0,0.496,1.36,8.88,10.176,0.0,0.0,113.256,32.010793685913086,32.010793685913086,1.192,1
97,0.0,0.0,0.0,0.0,0.0,0.0,0,0,0.0,0.0,0.0,0.0,0.0,0.0,0.0,0.0,0.0060529851201754,0.0081062316894531,0.0062942504882812,0.0068545341491699,0.0085830688476562,0.0083446502685546,0.0061988830566406,0.0061988830566406,0.0,0.0,0.0083446502685546,0.0083446502685546,0.0,0.0,0.496,1.36,6.576,5.728,0.0,0.0,113.256,32.01174736022949,32.01174736022949,1.192,1
98,0.0,0.0,0.0,0.0,0.0,0.0,0,0,0.0,0.0,0.0,0.0,0.0,0.0,0.0,0.0,0.0059047148595401,0.0078678131103515,0.0065326690673828,0.0076691309611002,0.0088691711425781,0.0102519989013671,0.0083446502685546,0.0083446502685546,0.0057220458984375,0.0071048736572265,0.0138282775878906,0.0138282775878906,0.012063980102539,0.0238418579101562,0.496,1.36,6.448,7.008,4.232,3.744,113.256,32.010555267333984,32.010555267333984,1.192,1
99,0.0,0.0,0.0,0.0,0.0,0.0,0,0,0.0,0.0,0.0,0.0,0.0,0.0,0.0,0.0,0.0059068202972412,0.00762939453125,0.0085353851318359,0.00762939453125,0.0132560729980468,0.0092744827270507,0.0,0.0,0.0057697296142578,0.0078916549682617,0.0054836273193359,0.0054836273193359,0.0112295150756835,0.0277280807495117,0.496,1.36,6.096,5.728,8.464,7.488,112.0,32.01103210449219,32.01103210449219,0.0,1
100,0.0,0.0,0.0,0.0,0.0,0.0,0,0,0.0,0.0,0.0,0.0,0.0,0.0,0.0,0.0,0.0058233737945556,0.0076532363891601,0.0058174133300781,0.0070095062255859,0.0071525573730468,0.0084400177001953,0.0,0.0,0.0060399373372395,0.0081062316894531,0.0126361846923828,0.0126361846923828,0.0108242034912109,0.028228759765625,0.496,1.36,8.88,9.04,11.968,12.008,112.0,32.01103210449219,32.01103210449219,0.0,1
101,0.0,0.0,0.0,0.0,0.0,0.0,0,0,0.0,0.0,0.0,0.0,0.0,0.0,0.0,0.0,0.006037950515747,0.0081300735473632,0.0073432922363281,0.006866455078125,0.0107288360595703,0.00762939453125,0.0,0.0,0.0061273574829101,0.0082254409790039,0.0085830688476562,0.0085830688476562,0.0107288360595703,0.0271558761596679,0.496,1.36,6.576,6.864,7.736,8.264,112.0,32.01174736022949,32.01174736022949,0.0,1
102,0.0,0.0,0.0,0.0,0.0,0.0,0,0,0.0,0.0,0.0,0.0,0.0,0.0,0.0,0.0,0.006327351320137,0.0083446502685546,0.0061511993408203,0.00762939453125,0.0094890594482421,0.0098943710327148,0.0038471521507383,0.0045299530029296,0.0,0.0,0.0145435333251953,0.0145435333251953,0.0,0.0,0.496,1.424,6.448,7.008,0.0,0.0,143.152,32.01556205749512,32.01556205749512,2124.824,1
103,0.0,0.0,0.0,0.0,0.0,0.0,0,0,0.0,0.0,0.0,0.0,0.0,0.0,0.0,0.0,0.0060029549173789,0.008559226989746,0.0069618225097656,0.0070929527282714,0.0089168548583984,0.0093460083007812,0.0039066016341054,0.0045299530029296,0.0,0.0,0.009775161743164,0.009775161743164,0.0,0.0,0.496,1.424,6.096,5.728,0.0,0.0,118.448,32.02056884765625,32.02056884765625,1924.728,1
104,0.0,0.0,0.0,0.0,0.0,0.0,0,0,0.0,0.0,0.0,0.0,0.0,0.0,0.0,0.0,0.0060589159306009,0.0078678131103515,0.0072479248046875,0.0069618225097656,0.010538101196289,0.008249282836914,0.0042915344238281,0.0042915344238281,0.0061988830566406,0.0079631805419921,0.0092983245849609,0.0092983245849609,0.0109195709228515,0.0205516815185546,0.496,1.36,8.88,9.04,4.232,3.744,113.256,32.01603889465332,32.01603889465332,1.192,1
105,0.0,0.0,0.0,0.0,0.0,0.0,0,0,0.0,0.0,0.0,0.0,0.0,0.0,0.0,0.0,0.0060779120534511,0.0078678131103515,0.0060558319091796,0.00762939453125,0.0072956085205078,0.0088691711425781,0.0041036894827178,0.004887580871582,0.0061511993408203,0.0083446502685546,0.0159740447998046,0.0159740447998046,0.0108003616333007,0.0293254852294921,0.496,1.424,6.576,6.864,8.464,7.488,123.64,32.0131778717041,32.0131778717041,675.536,1
106,0.0,0.0,0.0,0.0,0.0,0.0,0,0,0.0,0.0,0.0,0.0,0.0,0.0,0.0,0.0,0.0062131881713867,0.0083446502685546,0.0063419342041015,0.0079870223999023,0.0080108642578125,0.0113248825073242,0.0,0.0,0.0064690907796223,0.0090599060058593,0.0102519989013671,0.0102519989013671,0.0112533569335937,0.0295162200927734,0.496,1.392,6.448,7.008,11.968,12.008,112.0,32.01174736022949,32.01174736022949,0.0,1
107,0.0,0.0,0.0,0.0,0.0,0.0,0,0,0.0,0.0,0.0,0.0,0.0,0.0,0.0,0.0,0.0060105323791503,0.0081062316894531,0.0074386596679687,0.0067353248596191,0.0110149383544921,0.0089168548583984,0.0,0.0,0.0061723921034071,0.0072002410888671,0.00762939453125,0.00762939453125,0.0110322778875177,0.0290870666503906,0.496,1.36,6.096,5.728,7.208,8.792,112.0,32.01127052307129,32.01127052307129,0.0,1
108,0.0,0.0,0.0,0.0,0.0,0.0,0,0,0.0,0.0,0.0,0.0,0.0,0.0,0.0,0.0,0.0060837844322467,0.0082969665527343,0.005960464477539,0.0078678131103515,0.0081062316894531,0.0112056732177734,0.0039681996384712,0.0047683715820312,0.0,0.0,0.0162124633789062,0.0162124633789062,0.0,0.0,0.496,1.424,9.856,10.176,0.0,0.0,127.576,32.012939453125,32.012939453125,1629.376,1
109,0.0,0.0,0.0,0.0,0.0,0.0,0,0,0.0,0.0,0.0,0.0,0.0,0.0,0.0,0.0,0.0059723854064941,0.0081300735473632,0.0075697898864746,0.0072717666625976,0.0108242034912109,0.0085115432739257,0.0,0.0,0.0,0.0,0.0131130218505859,0.0131130218505859,0.0,0.0,0.496,1.36,5.6,5.728,0.0,0.0,112.0,32.02104568481445,32.02104568481445,0.0,1
110,0.0,0.0,0.0,0.0,0.0,0.0,0,0,0.0,0.0,0.0,0.0,0.0,0.0,0.0,0.0,0.0058679438349026,0.0081062316894531,0.0063896179199218,0.0083446502685546,0.0080585479736328,0.0106096267700195,0.0050067901611328,0.0050067901611328,0.0063419342041015,0.0082969665527343,0.0119209289550781,0.0119209289550781,0.0126361846923828,0.0247955322265625,0.496,1.36,6.448,7.008,4.232,3.744,113.256,32.01103210449219,32.01103210449219,1.192,1
111,0.0,0.0,0.0,0.0,0.0,0.0,0,0,0.0,0.0,0.0,0.0,0.0,0.0,0.0,0.0,0.0060731498756218,0.0081062316894531,0.0063896179199218,0.007033348083496,0.0081062316894531,0.0080823898315429,0.0052452087402343,0.0052452087402343,0.006723403930664,0.0089168548583984,0.0107288360595703,0.0107288360595703,0.0118017196655273,0.03204345703125,0.496,1.36,6.096,5.728,8.464,7.488,113.256,32.02199935913086,32.02199935913086,1.192,1
112,0.0,0.0,0.0,0.0,0.0,0.0,0,0,0.0,0.0,0.0,0.0,0.0,0.0,0.0,0.0,0.0060601020926859,0.0081062316894531,0.006103515625,0.0075499216715494,0.0072956085205078,0.0095367431640625,0.0052452087402343,0.0052452087402343,0.0059286753336588,0.0083446502685546,0.0131130218505859,0.0131130218505859,0.0109672546386718,0.0290870666503906,0.496,1.36,8.88,10.176,11.968,12.008,113.256,32.00984001159668,32.00984001159668,1.192,1
113,0.0,0.0,0.0,0.0,0.0,0.0,0,0,0.0,0.0,0.0,0.0,0.0,0.0,0.0,0.0,0.0062572956085205,0.0085830688476562,0.0071525573730468,0.0069141387939453,0.0089168548583984,0.0084638595581054,0.0,0.0,0.0057458877563476,0.0081539154052734,0.0126361846923828,0.0126361846923828,0.0108003616333007,0.0263452529907226,0.496,1.36,6.576,5.728,7.736,8.264,112.0,32.00960159301758,32.00960159301758,0.0,1
114,0.0,0.0,0.0,0.0,0.0,0.0,0,0,0.0,0.0,0.0,0.0,0.0,0.0,0.0,0.0,0.006061288254771,0.0081062316894531,0.0062942504882812,0.0079075495402018,0.0079154968261718,0.0104904174804687,0.0085830688476562,0.0085830688476562,0.0,0.0,0.00762939453125,0.00762939453125,0.0,0.0,0.496,1.36,6.448,7.008,0.0,0.0,115.496,32.01150894165039,32.01150894165039,3.208,1
115,0.0,0.0,0.0,0.0,0.0,0.0,0,0,0.0,0.0,0.0,0.0,0.0,0.0,0.0,0.0,0.005878210067749,0.0081062316894531,0.0082969665527343,0.0086426734924316,0.0118732452392578,0.0112295150756835,0.0,0.0,0.0060558319091796,0.0075340270996093,0.0081062316894531,0.0081062316894531,0.0106970469156901,0.0216007232666015,0.496,1.424,6.096,5.728,11.312,10.776,112.0,32.00936317443848,32.00936317443848,0.0,1
116,0.0,0.0,0.0,0.0,0.0,0.0,0,0,0.0,0.0,0.0,0.0,0.0,0.0,0.0,0.0,0.0060069561004638,0.0081062316894531,0.0060558319091796,0.0071525573730468,0.0072956085205078,0.0078678131103515,0.0,0.0,0.0057697296142578,0.0074386596679687,0.0143051147460937,0.0143051147460937,0.0115394592285156,0.0226974487304687,0.496,1.36,8.88,9.04,4.232,3.744,112.0,32.01007843017578,32.01007843017578,0.0,1
117,0.0,0.0,0.0,0.0,0.0,0.0,0,0,0.0,0.0,0.0,0.0,0.0,0.0,0.0,0.0,0.0060351926888992,0.0081062316894531,0.0058650970458984,0.0072002410888671,0.006866455078125,0.0088214874267578,0.0050067901611328,0.0050067901611328,0.0057697296142578,0.0081300735473632,0.0102519989013671,0.0102519989013671,0.0117301940917968,0.0308990478515624,0.496,1.36,6.576,6.864,8.464,7.488,113.256,32.01723098754883,32.01723098754883,1.192,1
118,0.0,0.0,0.0,0.0,0.0,0.0,0,0,0.0,0.0,0.0,0.0,0.0,0.0,0.0,0.0,0.0061988830566406,0.0085830688476562,0.0062942504882812,0.0073909759521484,0.0094413757324218,0.0090599060058593,0.0038911134768755,0.0047683715820312,0.005824225289481,0.0073432922363281,0.013589859008789,0.013589859008789,0.0110715627670288,0.0283718109130859,0.496,1.36,6.448,7.008,11.44,12.536,144.408,32.01913833618164,32.01913833618164,5214.64,1
119,0.0,0.0,0.0,0.0,0.0,0.0,0,0,0.0,0.0,0.0,0.0,0.0,0.0,0.0,0.0,0.0069672518437451,0.0092983245849609,0.0077247619628906,0.0085830688476562,0.0123023986816406,0.0096321105957031,0.0038717956821922,0.0045299530029296,0.0062227249145507,0.0083684921264648,0.0083446502685546,0.0083446502685546,0.0120162963867187,0.0289440155029296,0.496,1.424,6.096,5.728,7.736,8.264,118.448,32.0127010345459,32.0127010345459,12211.664,1
120,0.0,0.0,0.0,0.0,0.0,0.0,0,0,0.0,0.0,0.0,0.0,0.0,0.0,0.0,0.0,0.0059914588928222,0.0081062316894531,0.0065803527832031,0.00762939453125,0.0082015991210937,0.0090599060058593,0.0038631500736359,0.0045299530029296,0.0,0.0,0.0123977661132812,0.0123977661132812,0.0,0.0,0.496,1.424,8.88,9.04,0.0,0.0,112.0,32.01770782470703,32.01770782470703,3469.872,1
121,0.0,0.0,0.0,0.0,0.0,0.0,0,0,0.0,0.0,0.0,0.0,0.0,0.0,0.0,0.0,0.0059545040130615,0.0081300735473632,0.0070095062255859,0.0071048736572265,0.0093936920166015,0.008392333984375,0.0,0.0,0.0,0.0,0.0126361846923828,0.0126361846923828,0.0,0.0,0.496,1.36,6.576,6.864,0.0,0.0,112.0,32.0124626159668,32.0124626159668,0.0,1
122,0.0,0.0,0.0,0.0,0.0,0.0,0,0,0.0,0.0,0.0,0.0,0.0,0.0,0.0,0.0,0.0060438522564366,0.0081062316894531,0.0058174133300781,0.0064373016357421,0.0076770782470703,0.00762939453125,0.0040045062315116,0.0050067901611328,0.0056743621826171,0.0072479248046875,0.0110864639282226,0.012516975402832,0.0112056732177734,0.0220298767089843,1.344,2.208,6.448,7.008,4.232,3.744,127.576,32.01138973236084,32.01491832733154,1111.48,1
123,0.0,0.0,0.0,0.0,0.0,0.0,0,0,0.0,0.0,0.0,0.0,0.0,0.0,0.0,0.0,0.0063192844390869,0.0085830688476562,0.0064849853515625,0.0072717666625976,0.0092029571533203,0.0082731246948242,0.0038940108610776,0.0047683715820312,0.0063180923461914,0.0081300735473632,0.0078678131103515,0.0078678131103515,0.0116825103759765,0.0300884246826171,0.496,1.424,6.096,5.728,8.464,7.488,112.0,32.01460838317871,32.01460838317871,5321.496,1
124,0.0,0.0,0.0,0.0,0.0,0.0,0,0,0.0,0.0,0.0,0.0,0.0,0.0,0.0,0.0,0.0061495550747575,0.0083446502685546,0.0057617823282877,0.0077486038208007,0.007033348083496,0.0096559524536132,0.0040766633587119,0.0052452087402343,0.0059127807617187,0.0080108642578125,0.0092983245849609,0.0092983245849609,0.0110308329264322,0.0283241271972656,0.496,1.392,9.856,10.176,11.968,12.008,123.64,32.010793685913086,32.010793685913086,850.6,1
125,0.0,0.0,0.0,0.0,0.0,0.0,0,0,0.0,0.0,0.0,0.0,0.0,0.0,0.0,0.0,0.006319871589319,0.0085830688476562,0.0070095062255859,0.0075340270996093,0.0098705291748046,0.0094413757324218,0.0040531158447265,0.0050544738769531,0.0057458877563476,0.007939338684082,0.0109672546386718,0.0109672546386718,0.0103235244750976,0.0255107879638671,0.496,1.424,6.448,6.224,7.736,8.264,113.256,32.01723098754883,32.01723098754883,506.296,1
126,0.0,0.0,0.0,0.0,0.0,0.0,0,0,0.0,0.0,0.0,0.0,0.0,0.0,0.0,0.0,0.0063080099684682,0.0083446502685546,0.0063776969909667,0.0073909759521484,0.0078916549682617,0.008392333984375,0.0057220458984375,0.0057220458984375,0.0,0.0,0.0119209289550781,0.0119209289550781,0.0,0.0,0.496,1.392,5.6,6.512,0.0,0.0,113.256,32.0124626159668,32.0124626159668,1.192,1
127,0.0,0.0,0.0,0.0,0.0,0.0,0,0,0.0,0.0,0.0,0.0,0.0,0.0,0.0,0.0,0.005958080291748,0.0078916549682617,0.0072002410888671,0.0078082084655761,0.0094413757324218,0.0105857849121093,0.0,0.0,0.0,0.0,0.0066757202148437,0.0066757202148437,0.0,0.0,0.496,1.36,6.096,5.728,0.0,0.0,112.0,32.01770782470703,32.01770782470703,0.0,1
128,0.0,0.0,0.0,0.0,0.0,0.0,0,0,0.0,0.0,0.0,0.0,0.0,0.0,0.0,0.0,0.0060820579528808,0.0083684921264648,0.0075340270996093,0.0075101852416992,0.0111103057861328,0.0090599060058593,0.0,0.0,0.0055313110351562,0.0069141387939453,0.0107288360595703,0.0107288360595703,0.0109195709228515,0.0214099884033203,0.496,1.36,8.88,10.176,4.232,3.744,112.0,32.01174736022949,32.01174736022949,0.0,1
129,0.0,0.0,0.0,0.0,0.0,0.0,0,0,0.0,0.0,0.0,0.0,0.0,0.0,0.0,0.0,0.0060141086578369,0.0078678131103515,0.0064373016357421,0.0066757202148437,0.0087738037109375,0.0082015991210937,0.0,0.0,0.0058174133300781,0.0081300735473632,0.0069141387939453,0.0069141387939453,0.0107049942016601,0.0282526016235351,0.496,1.36,6.576,5.728,8.464,7.488,112.0,32.01937675476074,32.01937675476074,0.0,1
130,0.0,0.0,0.0,0.0,0.0,0.0,0,0,0.0,0.0,0.0,0.0,0.0,0.0,0.0,0.0,0.0059771537780761,0.0078916549682617,0.0050544738769531,0.0061591466267903,0.006103515625,0.0073909759521484,0.0,0.0,0.0058809916178385,0.0076770782470703,0.0119209289550781,0.0119209289550781,0.0109195709228515,0.0272274017333984,0.496,1.36,6.448,7.008,11.968,12.008,112.0,32.022714614868164,32.022714614868164,0.0,1
131,0.0,0.0,0.0,0.0,0.0,0.0,0,0,0.0,0.0,0.0,0.0,0.0,0.0,0.0,0.0,0.0060636605789412,0.0078678131103515,0.0076770782470703,0.0061988830566406,0.0098705291748046,0.0075817108154296,0.0040531158447265,0.0040531158447265,0.006103515625,0.008392333984375,0.0164508819580078,0.0164508819580078,0.0110149383544921,0.0269174575805664,0.496,1.36,6.096,5.728,7.736,8.264,113.256,32.01150894165039,32.01150894165039,1.192,1
132,0.0,0.0,0.0,0.0,0.0,0.0,0,0,0.0,0.0,0.0,0.0,0.0,0.0,0.0,0.0,0.0060422408983903,0.0084400177001953,0.007486343383789,0.0075340270996093,0.0090599060058593,0.0086307525634765,0.0039473176002502,0.0045537948608398,0.0,0.0,0.011444091796875,0.011444091796875,0.0,0.0,0.496,1.424,8.88,9.04,0.0,0.0,144.408,32.01007843017578,32.01007843017578,1737.008,1
133,0.0,0.0,0.0,0.0,0.0,0.0,0,0,0.0,0.0,0.0,0.0,0.0,0.0,0.0,0.0,0.0059853738813257,0.0081062316894531,0.0054836273193359,0.0060081481933593,0.0062465667724609,0.006723403930664,0.0052452087402343,0.0052452087402343,0.0,0.0,0.0095367431640625,0.0095367431640625,0.0,0.0,0.496,1.36,6.576,6.864,0.0,0.0,113.256,32.01937675476074,32.01937675476074,1.192,1
134,0.0,0.0,0.0,0.0,0.0,0.0,0,0,0.0,0.0,0.0,0.0,0.0,0.0,0.0,0.0,0.0060129165649414,0.0083446502685546,0.005960464477539,0.0063180923461914,0.0072002410888671,0.0075101852416992,0.0,0.0,0.0057697296142578,0.0074386596679687,0.0071525573730468,0.0071525573730468,0.0112533569335937,0.0220298767089843,0.496,1.36,6.448,7.008,4.232,3.744,112.0,32.0131778717041,32.0131778717041,0.0,1
135,0.0,0.0,0.0,0.0,0.0,0.0,0,0,0.0,0.0,0.0,0.0,0.0,0.0,0.0,0.0,0.0058412551879882,0.0081062316894531,0.0069141387939453,0.0065565109252929,0.0087738037109375,0.0074386596679687,0.0,0.0,0.005960464477539,0.0083684921264648,0.0069141387939453,0.0069141387939453,0.0110626220703125,0.0298261642456054,0.496,1.36,6.096,5.728,8.464,7.488,112.0,32.01127052307129,32.01127052307129,0.0,1
136,0.0,0.0,0.0,0.0,0.0,0.0,0,0,0.0,0.0,0.0,0.0,0.0,0.0,0.0,0.0,0.0060164928436279,0.0081062316894531,0.0072479248046875,0.007486343383789,0.0108718872070312,0.0092506408691406,0.0,0.0,0.0063737233479817,0.0084877014160156,0.0073909759521484,0.0073909759521484,0.0113328297932942,0.028848648071289,0.496,1.36,8.88,9.04,11.968,12.008,112.0,32.01031684875488,32.01031684875488,0.0,1
137,0.0,0.0,0.0,0.0,0.0,0.0,0,0,0.0,0.0,0.0,0.0,0.0,0.0,0.0,0.0,0.0060391426086425,0.0083446502685546,0.0050544738769531,0.0072479248046875,0.005960464477539,0.0096797943115234,0.0,0.0,0.005960464477539,0.0079154968261718,0.0081062316894531,0.0081062316894531,0.0107049942016601,0.0271797180175781,0.496,1.36,6.576,6.864,7.736,8.264,112.0,32.019615173339844,32.019615173339844,0.0,1
138,0.0,0.0,0.0,0.0,0.0,0.0,0,0,0.0,0.0,0.0,0.0,0.0,0.0,0.0,0.0,0.0067344610241876,0.0089168548583984,0.0055313110351562,0.007033348083496,0.0080585479736328,0.0091791152954101,0.0038957878934619,0.0045299530029296,0.0,0.0,0.0138282775878906,0.0138282775878906,0.0,0.0,0.496,1.424,6.448,7.008,0.0,0.0,144.408,32.013654708862305,32.013654708862305,12737.192,1
139,0.0,0.0,0.0,0.0,0.0,0.0,0,0,0.0,0.0,0.0,0.0,0.0,0.0,0.0,0.0,0.005917762642476,0.0078678131103515,0.006103515625,0.0080466270446777,0.0079631805419921,0.0101804733276367,0.0040127059160652,0.0047683715820312,0.0,0.0,0.0083446502685546,0.0083446502685546,0.0,0.0,0.496,1.424,6.096,5.728,0.0,0.0,113.256,32.01580047607422,32.01580047607422,634.056,1
140,0.0,0.0,0.0,0.0,0.0,0.0,0,0,0.0,0.0,0.0,0.0,0.0,0.0,0.0,0.0,0.0059687265075079,0.0078678131103515,0.0058412551879882,0.0075499216715494,0.0065565109252929,0.0091791152954101,0.0057220458984375,0.006103515625,0.0065326690673828,0.0087261199951171,0.0066757202148437,0.0066757202148437,0.0115394592285156,0.0220775604248046,0.496,1.424,9.856,10.176,4.232,3.744,116.288,32.01150894165039,32.01150894165039,3.936,1
141,0.0,0.0,0.0,0.0,0.0,0.0,0,0,0.0,0.0,0.0,0.0,0.0,0.0,0.0,0.0,0.0061988830566406,0.0085830688476562,0.0066280364990234,0.0066280364990234,0.0087738037109375,0.0083923339843749,0.0,0.0,0.0073432922363281,0.0091791152954101,0.005960464477539,0.005960464477539,0.012063980102539,0.0282049179077148,0.496,1.36,13.792,18.272,8.464,7.488,112.0,32.01007843017578,32.01007843017578,0.0,1
142,0.0,0.0,0.0,0.0,0.0,0.0,0,0,0.0,0.0,0.0,0.0,0.0,0.0,0.0,0.0,0.0062859058380126,0.0086069107055664,0.0058412551879882,0.0069141387939453,0.007033348083496,0.008702278137207,0.0,0.0,0.0059922536214192,0.008249282836914,0.0081062316894531,0.0081062316894531,0.01068115234375,0.0260353088378906,0.496,1.36,9.12,19.936,11.968,12.008,112.0,32.00984001159668,32.00984001159668,0.0,1
143,0.0,0.0,0.0,0.0,0.0,0.0,0,0,0.0,0.0,0.0,0.0,0.0,0.0,0.0,0.0,0.0060105323791503,0.0081300735473632,0.0063419342041015,0.0061392784118652,0.0073909759521484,0.0071048736572265,0.0,0.0,0.0053246815999348,0.0058174133300781,0.0061988830566406,0.0061988830566406,0.0112652778625488,0.021982192993164,0.496,1.36,6.096,5.728,3.176,3.216,112.0,32.01723098754883,32.01723098754883,0.0,1
144,0.0,0.0,0.0,0.0,0.0,0.0,0,0,0.0,0.0,0.0,0.0,0.0,0.0,0.0,0.0,0.006333589553833,0.0085830688476562,0.0056879861014229,0.0071525573730468,0.0068187713623046,0.0084161758422851,0.0,0.0,0.0060399373372395,0.00762939453125,0.0143051147460937,0.0143051147460937,0.0103541782924107,0.0173568725585937,0.496,1.36,10.928,14.336,4.032,5.576,112.0,32.00840950012207,32.00840950012207,0.0,1
145,0.0,0.0,0.0,0.0,0.0,0.0,0,0,0.0,0.0,0.0,0.0,0.0,0.0,0.0,0.0,0.0065616939378821,0.0086784362792968,0.0076532363891601,0.0073909759521484,0.0117063522338867,0.0089645385742187,0.0038801455030254,0.0045299530029296,0.0,0.0,0.0104904174804687,0.0104904174804687,0.0,0.0,0.496,1.36,26.016,14.72,0.0,0.0,144.344,32.015085220336914,32.015085220336914,3294.224,1
146,0.0,0.0,0.0,0.0,0.0,0.0,0,0,0.0,0.0,0.0,0.0,0.0,0.0,0.0,0.0,0.0070687567833626,0.0090599060058593,0.006103515625,0.0084877014160156,0.0071525573730468,0.0102043151855468,0.0041313469409942,0.0051736831665039,0.0068187713623046,0.0081062316894531,0.0107288360595703,0.0107288360595703,0.0109672546386718,0.0209331512451171,0.496,1.424,6.448,6.224,4.232,3.744,118.448,32.01746940612793,32.01746940612793,680.752,1
147,0.0,0.0,0.0,0.0,0.0,0.0,0,0,0.0,0.0,0.0,0.0,0.0,0.0,0.0,0.0,0.0066519969731421,0.0083446502685546,0.0060200691223144,0.0070095062255859,0.0069141387939453,0.0089645385742187,0.0047683715820312,0.005197525024414,0.005960464477539,0.0075340270996093,0.0143051147460937,0.0143051147460937,0.0112056732177734,0.0214099884033203,0.496,1.424,5.6,6.512,4.232,3.744,113.256,32.01103210449219,32.01103210449219,7.32,1
148,0.0,0.0,0.0,0.0,0.0,0.0,0,0,0.0,0.0,0.0,0.0,0.0,0.0,0.0,0.0,0.0066113471984863,0.0083446502685546,0.0086307525634765,0.0060200691223144,0.0125885009765625,0.0069618225097656,0.0,0.0,0.0058412551879882,0.007796287536621,0.0081062316894531,0.0081062316894531,0.0110864639282226,0.0283718109130859,0.496,1.36,6.096,5.728,11.44,12.536,112.0,32.01794624328613,32.01794624328613,0.0,1
149,0.0,0.0,0.0,0.0,0.0,0.0,0,0,0.0,0.0,0.0,0.0,0.0,0.0,0.0,0.0,0.0068598454541499,0.0085830688476562,0.0055631001790364,0.005960464477539,0.0061988830566406,0.0083446502685546,0.003870386276802,0.0046253204345703,0.005960464477539,0.0078201293945312,0.0369548797607421,0.0369548797607421,0.0124454498291015,0.0250816345214843,0.496,1.424,9.856,10.176,4.232,3.744,122.384,32.01127052307129,32.01127052307129,1527.08,1
150,0.0,0.0,0.0,0.0,0.0,0.0,0,0,0.0,0.0,0.0,0.0,0.0,0.0,0.0,0.0,0.0068598454541499,0.0085830688476562,0.0060558319091796,0.0080108642578125,0.0072479248046875,0.009918212890625,0.003870386276802,0.0046253204345703,0.0064373016357421,0.0088453292846679,0.0088214874267578,0.0088214874267578,0.0112533569335937,0.0294208526611328,0.496,1.36,6.448,6.224,7.736,8.264,122.384,32.010793685913086,32.010793685913086,1527.08,1
151,0.0,0.0,0.0,0.0,0.0,0.0,0,0,0.0,0.0,0.0,0.0,0.0,0.0,0.0,0.0,0.0068598454541499,0.0085830688476562,0.007033348083496,0.0074386596679687,0.0094175338745117,0.0086307525634765,0.003870386276802,0.0046253204345703,0.0,0.0,0.0145435333251953,0.0145435333251953,0.0,0.0,0.496,1.36,5.6,6.512,0.0,0.0,122.384,32.01103210449219,32.01103210449219,1527.08,1
152,0.0,0.0,0.0,0.0,0.0,0.0,0,0,0.0,0.0,0.0,0.0,0.0,0.0,0.0,0.0,0.0067960982229195,0.0083446502685546,0.0066280364990234,0.0082850456237792,0.0087738037109375,0.0108718872070312,0.003858740106592,0.0045299530029296,0.0057220458984375,0.0073432922363281,0.0073909759521484,0.0073909759521484,0.0113964080810546,0.0219345092773437,0.496,1.424,6.096,5.728,4.232,3.744,128.832,32.01651573181152,32.01651573181152,4509.504,1
153,0.0,0.0,0.0,0.0,0.0,0.0,0,0,0.0,0.0,0.0,0.0,0.0,0.0,0.0,0.0,0.0067018157807155,0.0083446502685546,0.006715456644694,0.0073512395222981,0.0088214874267578,0.0095367431640625,0.0047683715820312,0.0047683715820312,0.006103515625,0.0079154968261718,0.0095367431640625,0.009918212890625,0.0112056732177734,0.021219253540039,1.344,2.208,9.856,10.176,4.232,3.744,113.256,32.012343406677246,32.01339244842529,1.192,1
154,0.0,0.0,0.0,0.0,0.0,0.0,0,0,0.0,0.0,0.0,0.0,0.0,0.0,0.0,0.0,0.0071525573730468,0.0090599060058593,0.006723403930664,0.007486343383789,0.0081539154052734,0.0086784362792968,0.0038716257834921,0.0045299530029296,0.0056743621826171,0.0080108642578125,0.0126361846923828,0.0126361846923828,0.0108877817789713,0.0272750854492187,0.496,1.424,6.448,6.224,11.968,12.008,128.832,32.01436996459961,32.01436996459961,10918.672,1
155,0.0,0.0,0.0,0.0,0.0,0.0,0,0,0.0,0.0,0.0,0.0,0.0,0.0,0.0,0.0,0.0067102909088134,0.0085830688476562,0.0068545341491699,0.0065803527832031,0.0087261199951171,0.0072002410888671,0.0,0.0,0.0055789947509765,0.0073909759521484,0.0095367431640625,0.0095367431640625,0.0115394592285156,0.0231266021728515,0.496,1.424,5.6,6.512,4.232,3.744,112.0,32.0127010345459,32.0127010345459,0.0,1
156,0.0,0.0,0.0,0.0,0.0,0.0,0,0,0.0,0.0,0.0,0.0,0.0,0.0,0.0,0.0,0.0066959857940673,0.0088214874267578,0.0078678131103515,0.0070929527282714,0.0121593475341796,0.008249282836914,0.0,0.0,0.0066518783569335,0.0089406967163085,0.0112056732177734,0.0112056732177734,0.010991096496582,0.0264406204223632,0.496,1.36,6.096,5.728,7.736,8.264,112.0,32.02247619628906,32.02247619628906,0.0,1
157,0.0,0.0,0.0,0.0,0.0,0.0,0,0,0.0,0.0,0.0,0.0,0.0,0.0,0.0,0.0,0.0067365169525146,0.0085830688476562,0.0061591466267903,0.0063180923461914,0.0083446502685546,0.0069141387939453,0.0,0.0,0.0,0.0,0.0109672546386718,0.0109672546386718,0.0,0.0,0.496,1.36,9.856,10.176,0.0,0.0,112.0,32.011985778808594,32.011985778808594,0.0,1
158,0.0,0.0,0.0,0.0,0.0,0.0,0,0,0.0,0.0,0.0,0.0,0.0,0.0,0.0,0.0,0.006638765335083,0.0085830688476562,0.005960464477539,0.0072002410888671,0.0078678131103515,0.0089645385742187,0.0,0.0,0.0064373016357421,0.0084877014160156,0.0107288360595703,0.0107288360595703,0.0113964080810546,0.0221729278564453,0.496,1.36,6.448,6.224,4.232,3.744,112.0,32.01007843017578,32.01007843017578,0.0,1
159,0.0,0.0,0.0,0.0,0.0,0.0,0,0,0.0,0.0,0.0,0.0,0.0,0.0,0.0,0.0,0.0065084713608471,0.0078678131103515,0.0068545341491699,0.0070095062255859,0.0094413757324218,0.0079154968261718,0.0042915344238281,0.0042915344238281,0.0058174133300781,0.0074386596679687,0.0073909759521484,0.0073909759521484,0.0110149383544921,0.0211238861083984,0.496,1.36,5.6,6.512,4.232,3.744,113.256,32.012224197387695,32.012224197387695,1.192,1
160,0.0,0.0,0.0,0.0,0.0,0.0,0,0,0.0,0.0,0.0,0.0,0.0,0.0,0.0,0.0,0.0067172358878216,0.0085830688476562,0.006103515625,0.0090003013610839,0.0084400177001953,0.013136863708496,0.0050067901611328,0.0050067901611328,0.0061307634626116,0.0089168548583984,0.0088214874267578,0.0088214874267578,0.0107437372207641,0.0283718109130859,0.496,1.36,6.096,5.728,11.44,12.536,113.256,32.01150894165039,32.01150894165039,1.192,1
161,0.0,0.0,0.0,0.0,0.0,0.0,0,0,0.0,0.0,0.0,0.0,0.0,0.0,0.0,0.0,0.0067433314536934,0.0083446502685546,0.0055631001790364,0.0064770380655924,0.0066757202148437,0.0071525573730468,0.0092983245849609,0.0092983245849609,0.0057697296142578,0.0071048736572265,0.0107288360595703,0.0107288360595703,0.0111579895019531,0.0216484069824218,0.496,1.36,9.856,10.176,4.232,3.744,113.256,32.018423080444336,32.018423080444336,1.192,1
162,0.0,0.0,0.0,0.0,0.0,0.0,0,0,0.0,0.0,0.0,0.0,0.0,0.0,0.0,0.0,0.0068080425262451,0.0088214874267578,0.0064373016357421,0.0069141387939453,0.0089168548583984,0.0098228454589843,0.0,0.0,0.0056743621826171,0.007939338684082,0.0126361846923828,0.0126361846923828,0.010538101196289,0.0257253646850585,0.496,1.36,6.448,6.224,7.736,8.264,112.0,32.010555267333984,32.010555267333984,0.0,1
163,0.0,0.0,0.0,0.0,0.0,0.0,0,0,0.0,0.0,0.0,0.0,0.0,0.0,0.0,0.0,0.006723403930664,0.0083446502685546,0.0073909759521484,0.0069618225097656,0.0109434127807617,0.008392333984375,0.0,0.0,0.0,0.0,0.0073909759521484,0.0073909759521484,0.0,0.0,0.496,1.36,5.6,6.512,0.0,0.0,112.0,32.0127010345459,32.0127010345459,0.0,1
164,0.0,0.0,0.0,0.0,0.0,0.0,0,0,0.0,0.0,0.0,0.0,0.0,0.0,0.0,0.0,0.0066697597503662,0.0085830688476562,0.0072956085205078,0.0095367431640625,0.0092983245849609,0.0128030776977539,0.0,0.0,0.0058174133300781,0.0073909759521484,0.0131130218505859,0.0131130218505859,0.0107288360595703,0.0209808349609375,0.496,1.36,6.096,5.728,4.232,3.744,112.0,32.010555267333984,32.010555267333984,0.0,1
165,0.0,0.0,0.0,0.0,0.0,0.0,0,0,0.0,0.0,0.0,0.0,0.0,0.0,0.0,0.0,0.0066232681274414,0.0083446502685546,0.0075499216715494,0.008702278137207,0.0098943710327148,0.0110864639282226,0.0,0.0,0.0065326690673828,0.0092983245849609,0.0112056732177734,0.0112056732177734,0.0115394592285156,0.0231266021728515,0.496,1.36,9.856,10.176,4.232,3.744,112.0,32.01889991760254,32.01889991760254,0.0,1
166,0.0,0.0,0.0,0.0,0.0,0.0,0,0,0.0,0.0,0.0,0.0,0.0,0.0,0.0,0.0,0.0067148635636514,0.0083446502685546,0.0066280364990234,0.0075817108154296,0.0101566314697265,0.0094413757324218,0.0061988830566406,0.0061988830566406,0.005801518758138,0.0081539154052734,0.0119209289550781,0.0119209289550781,0.0113487243652343,0.0299453735351562,0.496,1.36,6.448,6.224,11.968,12.008,113.256,32.01651573181152,32.01651573181152,1.192,1
167,0.0,0.0,0.0,0.0,0.0,0.0,0,0,0.0,0.0,0.0,0.0,0.0,0.0,0.0,0.0,0.0067196082119917,0.0085830688476562,0.007033348083496,0.0064849853515625,0.0092506408691406,0.00762939453125,0.0042915344238281,0.0042915344238281,0.0058650970458984,0.0074386596679687,0.0083446502685546,0.0083446502685546,0.0107288360595703,0.0206947326660156,0.496,1.36,5.6,6.512,4.232,3.744,113.256,32.012224197387695,32.012224197387695,1.192,1
168,0.0,0.0,0.0,0.0,0.0,0.0,0,0,0.0,0.0,0.0,0.0,0.0,0.0,0.0,0.0,0.0071813518874311,0.0095367431640625,0.0056743621826171,0.0081062316894531,0.0068187713623046,0.0090360641479492,0.0038962997269252,0.0045299530029296,0.0056743621826171,0.0081300735473632,0.0069141387939453,0.0069141387939453,0.0111103057861328,0.0299453735351562,0.496,1.424,6.096,5.728,7.736,8.264,144.408,32.02223777770996,32.02223777770996,9082.584,1
169,0.0,0.0,0.0,0.0,0.0,0.0,0,0,0.0,0.0,0.0,0.0,0.0,0.0,0.0,0.0,0.0068187713623046,0.0086069107055664,0.0072320302327473,0.0065167744954427,0.0095367431640625,0.0089406967163085,0.0,0.0,0.0,0.0,0.0150203704833984,0.0150203704833984,0.0,0.0,0.496,1.36,9.856,10.176,0.0,0.0,112.0,32.01484680175781,32.01484680175781,0.0,1
170,0.0,0.0,0.0,0.0,0.0,0.0,0,0,0.0,0.0,0.0,0.0,0.0,0.0,0.0,0.0,0.0067418164545946,0.0090360641479492,0.0064373016357421,0.0084400177001953,0.0082969665527343,0.0103473663330078,0.0039684599724368,0.0046014785766601,0.0060081481933593,0.00762939453125,0.013589859008789,0.013589859008789,0.0103473663330078,0.019693374633789,0.496,1.36,6.448,6.224,4.232,3.744,120.224,32.01007843017578,32.01007843017578,1492.96,1
171,0.0,0.0,0.0,0.0,0.0,0.0,0,0,0.0,0.0,0.0,0.0,0.0,0.0,0.0,0.0,0.0066375732421875,0.0083446502685546,0.005960464477539,0.0073909759521484,0.0071048736572265,0.0096321105957031,0.0,0.0,0.0057220458984375,0.0072956085205078,0.0398159027099609,0.0398159027099609,0.01068115234375,0.0205516815185546,0.496,1.424,5.6,6.512,4.232,3.744,112.0,32.015323638916016,32.015323638916016,0.0,1
172,0.0,0.0,0.0,0.0,0.0,0.0,0,0,0.0,0.0,0.0,0.0,0.0,0.0,0.0,0.0,0.0066864490509033,0.0083446502685546,0.0080585479736328,0.0078678131103515,0.012063980102539,0.0092983245849609,0.0,0.0,0.0057697296142578,0.0079154968261718,0.0104904174804687,0.0104904174804687,0.0113646189371744,0.0292778015136718,0.496,1.36,6.096,5.728,11.968,12.008,112.0,32.01866149902344,32.01866149902344,0.0,1
173,0.0,0.0,0.0,0.0,0.0,0.0,0,0,0.0,0.0,0.0,0.0,0.0,0.0,0.0,0.0,0.0067848471266713,0.0083446502685546,0.0063180923461914,0.0074307123819986,0.0073909759521484,0.0094175338745117,0.0085830688476562,0.0085830688476562,0.0057697296142578,0.007486343383789,0.0071525573730468,0.0071525573730468,0.01068115234375,0.0207901000976562,0.496,1.36,9.856,10.176,4.232,3.744,113.256,32.02033042907715,32.02033042907715,1.192,1
174,0.0,0.0,0.0,0.0,0.0,0.0,0,0,0.0,0.0,0.0,0.0,0.0,0.0,0.0,0.0,0.0067836609645862,0.0085830688476562,0.006723403930664,0.0072956085205078,0.0094413757324218,0.0091552734375,0.0061988830566406,0.0061988830566406,0.0056028366088867,0.0075101852416992,0.0100135803222656,0.0100135803222656,0.0108718872070312,0.0272750854492187,0.496,1.36,6.448,6.224,7.736,8.264,113.256,32.00888633728027,32.00888633728027,1.192,1
175,0.0,0.0,0.0,0.0,0.0,0.0,0,0,0.0,0.0,0.0,0.0,0.0,0.0,0.0,0.0,0.006694698808205,0.0085830688476562,0.0066161155700683,0.0069618225097656,0.0083684921264648,0.0092983245849609,0.0040531158447265,0.0040531158447265,0.0060399373372395,0.008249282836914,0.0119209289550781,0.0119209289550781,0.0098387400309244,0.0203609466552734,0.496,1.36,5.6,6.512,11.312,10.776,113.256,32.01627731323242,32.01627731323242,1.192,1
176,0.0,0.0,0.0,0.0,0.0,0.0,0,0,0.0,0.0,0.0,0.0,0.0,0.0,0.0,0.0,0.0066351890563964,0.0081062316894531,0.0075340270996093,0.0071525573730468,0.012063980102539,0.0078201293945312,0.0,0.0,0.0,0.0,0.0081062316894531,0.0081062316894531,0.0,0.0,0.496,1.36,6.096,5.728,0.0,0.0,112.0,32.00984001159668,32.00984001159668,0.0,1
177,0.0,0.0,0.0,0.0,0.0,0.0,0,0,0.0,0.0,0.0,0.0,0.0,0.0,0.0,0.0,0.0065767765045166,0.0081062316894531,0.0070730845133463,0.007788340250651,0.0103712081909179,0.0107288360595703,0.0056028366088867,0.0068426132202148,0.0,0.0,0.0131130218505859,0.0131130218505859,0.0,0.0,0.496,1.36,9.856,10.176,0.0,0.0,116.632,32.01937675476074,32.01937675476074,15.408,1
178,0.0,0.0,0.0,0.0,0.0,0.0,0,0,0.0,0.0,0.0,0.0,0.0,0.0,0.0,0.0,0.0065767765045166,0.0081062316894531,0.0057220458984375,0.0072479248046875,0.0072479248046875,0.0087261199951171,0.0056028366088867,0.0068426132202148,0.0072002410888671,0.0086307525634765,0.0092983245849609,0.0092983245849609,0.0111579895019531,0.0217914581298828,0.496,1.424,6.448,6.224,4.232,3.744,116.632,32.0131778717041,32.0131778717041,15.408,1
179,0.0,0.0,0.0,0.0,0.0,0.0,0,0,0.0,0.0,0.0,0.0,0.0,0.0,0.0,0.0,0.0065767765045166,0.0081062316894531,0.0061988830566406,0.0069618225097656,0.0067710876464843,0.0084877014160156,0.0056028366088867,0.0068426132202148,0.0056743621826171,0.0072479248046875,0.0069141387939453,0.0069141387939453,0.0115394592285156,0.022745132446289,0.496,1.36,5.6,6.512,4.232,3.744,116.632,32.00984001159668,32.00984001159668,15.408,1
180,0.0,0.0,0.0,0.0,0.0,0.0,0,0,0.0,0.0,0.0,0.0,0.0,0.0,0.0,0.0,0.0066543692973122,0.0083446502685546,0.0051021575927734,0.0063776969909667,0.005960464477539,0.0074386596679687,0.0054836273193359,0.0054836273193359,0.006103515625,0.0079154968261718,0.0104904174804687,0.0104904174804687,0.011301040649414,0.0263214111328125,0.496,1.36,6.096,5.728,7.736,8.264,113.256,32.01723098754883,32.01723098754883,1.192,1
181,0.0,0.0,0.0,0.0,0.0,0.0,0,0,0.0,0.0,0.0,0.0,0.0,0.0,0.0,0.0,0.0067493494819192,0.0083446502685546,0.0070730845133463,0.0075499216715494,0.009775161743164,0.0088214874267578,0.0047683715820312,0.0071287155151367,0.0,0.0,0.0143051147460937,0.0143051147460937,0.0,0.0,0.496,1.36,9.856,10.176,0.0,0.0,128.832,32.00984001159668,32.00984001159668,196.016,1
182,0.0,0.0,0.0,0.0,0.0,0.0,0,0,0.0,0.0,0.0,0.0,0.0,0.0,0.0,0.0,0.0066419927085318,0.0081062316894531,0.0068187713623046,0.0072479248046875,0.0100135803222656,0.0093936920166015,0.00457763671875,0.0061511993408203,0.0,0.0,0.0131130218505859,0.0131130218505859,0.0,0.0,0.496,1.424,6.448,6.224,0.0,0.0,132.632,32.02033042907715,32.02033042907715,129.944,1
183,0.0,0.0,0.0,0.0,0.0,0.0,0,0,0.0,0.0,0.0,0.0,0.0,0.0,0.0,0.0,0.007097993917133,0.0092983245849609,0.0067949295043945,0.0077247619628906,0.0095367431640625,0.0111103057861328,0.0042550025447722,0.0054836273193359,0.0,0.0,0.0131130218505859,0.0131130218505859,0.0,0.0,0.496,1.424,5.6,6.512,0.0,0.0,114.728,32.011985778808594,32.011985778808594,1102.32,1
184,0.0,0.0,0.0,0.0,0.0,0.0,0,0,0.0,0.0,0.0,0.0,0.0,0.0,0.0,0.0,0.0068358520963298,0.0085830688476562,0.0060558319091796,0.0066757202148437,0.0071525573730468,0.0076770782470703,0.0056028366088867,0.0066518783569335,0.0064373016357421,0.0089168548583984,0.0144243240356445,0.0154733657836914,0.0109672546386718,0.0210285186767578,1.344,2.272,6.096,5.728,4.232,3.744,114.84,32.01425075531006,32.015299797058105,10.4,1
185,0.0,0.0,0.0,0.0,0.0,0.0,0,0,0.0,0.0,0.0,0.0,0.0,0.0,0.0,0.0,0.0069520959806679,0.0088214874267578,0.0058412551879882,0.0068346659342447,0.0065565109252929,0.0085830688476562,0.004230226789202,0.0052690505981445,0.0055313110351562,0.0070095062255859,0.0145435333251953,0.0145435333251953,0.0107765197753906,0.0206470489501953,0.496,1.424,9.856,10.176,4.232,3.744,114.712,32.01436996459961,32.01436996459961,633.6,1
186,0.0,0.0,0.0,0.0,0.0,0.0,0,0,0.0,0.0,0.0,0.0,0.0,0.0,0.0,0.0,0.0070130825042724,0.0088214874267578,0.0061511993408203,0.0069141387939453,0.0081539154052734,0.007486343383789,0.0039207997746492,0.0045299530029296,0.0057935714721679,0.0077247619628906,0.0133514404296875,0.0133514404296875,0.010991096496582,0.0270605087280273,0.496,1.424,6.448,6.224,7.736,8.264,112.0,32.01150894165039,32.01150894165039,2029.032,1
187,0.0,0.0,0.0,0.0,0.0,0.0,0,0,0.0,0.0,0.0,0.0,0.0,0.0,0.0,0.0,0.0071926872328956,0.0092983245849609,0.0056624412536621,0.0076770782470703,0.0072240829467773,0.0084877014160156,0.0038988626182977,0.0045299530029296,0.0,0.0,0.0116825103759765,0.0116825103759765,0.0,0.0,0.496,1.424,5.6,6.512,0.0,0.0,122.384,32.018184661865234,32.018184661865234,8758.416,1
188,0.0,0.0,0.0,0.0,0.0,0.0,0,0,0.0,0.0,0.0,0.0,0.0,0.0,0.0,0.0,0.0073130768124419,0.0095129013061523,0.0063419342041015,0.0076889991760253,0.0081539154052734,0.0087261199951171,0.0038900258350957,0.0045299530029296,0.0,0.0,0.011444091796875,0.011444091796875,0.0,0.0,0.496,1.424,6.096,5.728,0.0,0.0,118.448,32.013893127441406,32.013893127441406,7411.744,1
189,0.0,0.0,0.0,0.0,0.0,0.0,0,0,0.0,0.0,0.0,0.0,0.0,0.0,0.0,0.0,0.007505464081717,0.0095367431640625,0.0070730845133463,0.0066359837849934,0.0098943710327148,0.0073909759521484,0.0039060260379853,0.0047683715820312,0.0,0.0,0.0145435333251953,0.0145435333251953,0.0,0.0,0.496,1.424,9.856,10.176,0.0,0.0,115.84,32.0131778717041,32.0131778717041,11286.584,1
190,0.0,0.0,0.0,0.0,0.0,0.0,0,0,0.0,0.0,0.0,0.0,0.0,0.0,0.0,0.0,0.0071254107031491,0.0090599060058593,0.0054836273193359,0.0067710876464843,0.0077247619628906,0.0085353851318359,0.0040441431025023,0.0050067901611328,0.0063419342041015,0.0088214874267578,0.0092983245849609,0.0092983245849609,0.0105857849121093,0.0200271606445312,0.496,1.424,6.448,6.224,4.232,3.744,116.656,32.01460838317871,32.01460838317871,1768.864,1
191,0.0,0.0,0.0,0.0,0.0,0.0,0,0,0.0,0.0,0.0,0.0,0.0,0.0,0.0,0.0,0.0068263627996492,0.0083446502685546,0.0059008598327636,0.0069618225097656,0.0073194503784179,0.0085353851318359,0.0040211328646031,0.0050067901611328,0.006103515625,0.0073909759521484,0.0081062316894531,0.0081062316894531,0.0108242034912109,0.0203132629394531,0.496,1.424,5.6,6.512,4.232,3.744,115.112,32.02700614929199,32.02700614929199,871.84,1
192,0.0,0.0,0.0,0.0,0.0,0.0,0,0,0.0,0.0,0.0,0.0,0.0,0.0,0.0,0.0,0.0068263627996492,0.0085830688476562,0.0075817108154296,0.0079870223999023,0.0111103057861328,0.0090599060058593,0.0046701992259306,0.0061988830566406,0.0063419342041015,0.0088453292846679,0.0092983245849609,0.0092983245849609,0.0114917755126953,0.0302314758300781,0.496,1.424,6.096,5.728,7.736,8.264,114.264,32.02080726623535,32.02080726623535,102.296,1
193,0.0,0.0,0.0,0.0,0.0,0.0,0,0,0.0,0.0,0.0,0.0,0.0,0.0,0.0,0.0,0.0071656051559827,0.0092983245849609,0.0063578287760416,0.0077088673909505,0.0079870223999023,0.0109672546386718,0.0040337390697465,0.0050067901611328,0.0,0.0,0.0152587890625,0.0152587890625,0.0,0.0,0.496,1.424,9.856,10.176,0.0,0.0,114.36,32.02366828918457,32.02366828918457,2865.24,1
194,0.0,0.0,0.0,0.0,0.0,0.0,0,0,0.0,0.0,0.0,0.0,0.0,0.0,0.0,0.0,0.0068714369588823,0.0088214874267578,0.0065326690673828,0.0056743621826171,0.0099658966064453,0.0068187713623046,0.0045572008405412,0.0060081481933593,0.0,0.0,0.0154972076416015,0.0154972076416015,0.0,0.0,0.496,1.424,6.448,6.224,0.0,0.0,114.664,32.021284103393555,32.021284103393555,256.504,1
195,0.0,0.0,0.0,0.0,0.0,0.0,0,0,0.0,0.0,0.0,0.0,0.0,0.0,0.0,0.0,0.0068551242941676,0.0085830688476562,0.005960464477539,0.0086784362792968,0.0073671340942382,0.0090599060058593,0.0039210686316856,0.0047683715820312,0.0,0.0,0.00762939453125,0.00762939453125,0.0,0.0,0.496,1.424,5.6,6.512,0.0,0.0,118.448,32.013654708862305,32.013654708862305,4316.272,1
196,0.0,0.0,0.0,0.0,0.0,0.0,0,0,0.0,0.0,0.0,0.0,0.0,0.0,0.0,0.0,0.0068785539313928,0.0083446502685546,0.0051021575927734,0.00762939453125,0.005960464477539,0.0094175338745117,0.0041557263724411,0.0050067901611328,0.0060558319091796,0.0085830688476562,0.013589859008789,0.013589859008789,0.0107765197753906,0.0207901000976562,0.496,1.424,6.096,5.728,4.232,3.744,113.256,32.01150894165039,32.01150894165039,707.48,1
197,0.0,0.0,0.0,0.0,0.0,0.0,0,0,0.0,0.0,0.0,0.0,0.0,0.0,0.0,0.0,0.0066282737314404,0.0078678131103515,0.0060796737670898,0.006715456644694,0.0072717666625976,0.0084638595581054,0.0045299530029296,0.0045299530029296,0.0064373016357421,0.0090599060058593,0.0150203704833984,0.0150203704833984,0.01068115234375,0.020599365234375,0.496,1.392,9.856,10.176,4.232,3.744,113.256,32.01174736022949,32.01174736022949,1.192,1
198,0.0,0.0,0.0,0.0,0.0,0.0,0,0,0.0,0.0,0.0,0.0,0.0,0.0,0.0,0.0,0.006885811834052,0.0085830688476562,0.0050544738769531,0.0058650970458984,0.0060558319091796,0.0076770782470703,0.0042972110566638,0.0052452087402343,0.0062227249145507,0.0084877014160156,0.0102519989013671,0.0102519989013671,0.0113964080810546,0.0263690948486328,0.496,1.424,6.448,6.224,7.736,8.264,122.384,32.0127010345459,32.0127010345459,316.608,1
199,0.0,0.0,0.0,0.0,0.0,0.0,0,0,0.0,0.0,0.0,0.0,0.0,0.0,0.0,0.0,0.0066602230072021,0.0083684921264648,0.00840425491333,0.0077724456787109,0.013899803161621,0.0090599060058593,0.0,0.0,0.0,0.0,0.0143051147460937,0.0143051147460937,0.0,0.0,0.496,1.392,5.6,6.512,0.0,0.0,112.0,32.01770782470703,32.01770782470703,0.0,1
200,0.0,0.0,0.0,0.0,0.0,0.0,0,0,0.0,0.0,0.0,0.0,0.0,0.0,0.0,0.0,0.0065231323242187,0.0083446502685546,0.0069141387939453,0.006258487701416,0.0093460083007812,0.0068426132202148,0.0,0.0,0.0,0.0,0.013589859008789,0.013589859008789,0.0,0.0,0.496,1.36,6.096,5.728,0.0,0.0,112.0,32.010793685913086,32.010793685913086,0.0,1
201,0.0,0.0,0.0,0.0,0.0,0.0,0,0,0.0,0.0,0.0,0.0,0.0,0.0,0.0,0.0,0.0067782402038574,0.0088214874267578,0.0073909759521484,0.0069538752237955,0.008702278137207,0.0081062316894531,0.0,0.0,0.0,0.0,0.0109672546386718,0.0109672546386718,0.0,0.0,0.496,1.36,9.856,10.176,0.0,0.0,112.0,32.011985778808594,32.011985778808594,0.0,1
202,0.0,0.0,0.0,0.0,0.0,0.0,0,0,0.0,0.0,0.0,0.0,0.0,0.0,0.0,0.0,0.0067196082119917,0.0083446502685546,0.0066757202148437,0.0070571899414062,0.0091552734375,0.0082969665527343,0.0064373016357421,0.0064373016357421,0.0066757202148437,0.0086307525634765,0.0102519989013671,0.0102519989013671,0.0111103057861328,0.0214099884033203,0.496,1.36,6.448,6.224,4.232,3.744,113.256,32.01174736022949,32.01174736022949,1.192,1
203,0.0,0.0,0.0,0.0,0.0,0.0,0,0,0.0,0.0,0.0,0.0,0.0,0.0,0.0,0.0,0.0067872194508414,0.0085830688476562,0.0053644180297851,0.0070095062255859,0.0060558319091796,0.0081539154052734,0.0050067901611328,0.0050067901611328,0.0057697296142578,0.007486343383789,0.0143051147460937,0.0143051147460937,0.0113487243652343,0.0224590301513671,0.496,1.36,5.6,6.512,4.232,3.744,113.256,32.01651573181152,32.01651573181152,1.192,1
204,0.0,0.0,0.0,0.0,0.0,0.0,0,0,0.0,0.0,0.0,0.0,0.0,0.0,0.0,0.0,0.0067252923946569,0.008559226989746,0.0058174133300781,0.007331371307373,0.0068187713623046,0.0089168548583984,0.0064373016357421,0.0070095062255859,0.0062465667724609,0.0086307525634765,0.009775161743164,0.009775161743164,0.0110149383544921,0.0269889831542968,0.496,1.36,6.096,5.728,7.736,8.264,115.712,32.01103210449219,32.01103210449219,3.36,1
205,0.0,0.0,0.0,0.0,0.0,0.0,0,0,0.0,0.0,0.0,0.0,0.0,0.0,0.0,0.0,0.0067019462585449,0.0083446502685546,0.0060796737670898,0.0066359837849934,0.007033348083496,0.0078678131103515,0.0,0.0,0.0,0.0,0.009775161743164,0.009775161743164,0.0,0.0,0.496,1.424,9.856,10.176,0.0,0.0,112.0,32.01436996459961,32.01436996459961,0.0,1
206,0.0,0.0,0.0,0.0,0.0,0.0,0,0,0.0,0.0,0.0,0.0,0.0,0.0,0.0,0.0,0.006868839263916,0.0088214874267578,0.0049114227294921,0.0080585479736328,0.005960464477539,0.0102996826171875,0.0,0.0,0.0,0.0,0.0071525573730468,0.0071525573730468,0.0,0.0,0.496,1.36,6.448,6.256,0.0,0.0,112.0,32.021522521972656,32.021522521972656,0.0,1
207,0.0,0.0,0.0,0.0,0.0,0.0,0,0,0.0,0.0,0.0,0.0,0.0,0.0,0.0,0.0,0.0067255390224172,0.0081062316894531,0.0056028366088867,0.0064849853515625,0.0069379806518554,0.0079154968261718,0.0078678131103515,0.0078678131103515,0.0,0.0,0.0143051147460937,0.0143051147460937,0.0,0.0,0.496,1.36,5.6,6.608,0.0,0.0,114.728,32.01580047607422,32.01580047607422,2.44,1
208,0.0,0.0,0.0,0.0,0.0,0.0,0,0,0.0,0.0,0.0,0.0,0.0,0.0,0.0,0.0,0.0067639350891113,0.0083684921264648,0.0066757202148437,0.007331371307373,0.0093936920166015,0.0086545944213867,0.0,0.0,0.005960464477539,0.0075817108154296,0.0064373016357421,0.0064373016357421,0.0115394592285156,0.0218868255615234,0.496,1.424,6.096,5.792,4.232,3.744,112.0,32.02033042907715,32.02033042907715,0.0,1
209,0.0,0.0,0.0,0.0,0.0,0.0,0,0,0.0,0.0,0.0,0.0,0.0,0.0,0.0,0.0,0.0067124912394813,0.0083446502685546,0.0066757202148437,0.0063180923461914,0.0079870223999023,0.0075101852416992,0.00762939453125,0.00762939453125,0.0058174133300781,0.0073909759521484,0.0061988830566406,0.0061988830566406,0.0109672546386718,0.0213146209716796,0.496,1.36,9.856,10.272,4.232,3.744,113.256,32.021284103393555,32.021284103393555,1.192,1
210,0.0,0.0,0.0,0.0,0.0,0.0,0,0,0.0,0.0,0.0,0.0,0.0,0.0,0.0,0.0,0.0068657640097797,0.0088214874267578,0.0062942504882812,0.0073432922363281,0.008249282836914,0.0094890594482421,0.0040292739868164,0.0050067901611328,0.0056743621826171,0.0081300735473632,0.0119209289550781,0.0119209289550781,0.0109434127807617,0.0264406204223632,0.496,1.424,6.448,6.288,7.736,8.264,127.416,32.01436996459961,32.01436996459961,1036.064,1
211,0.0,0.0,0.0,0.0,0.0,0.0,0,0,0.0,0.0,0.0,0.0,0.0,0.0,0.0,0.0,0.0068109426925431,0.0085830688476562,0.0060796737670898,0.0072956085205078,0.0075101852416992,0.0086307525634765,0.0065565109252929,0.007033348083496,0.0,0.0,0.0104904174804687,0.0104904174804687,0.0,0.0,0.496,1.392,5.6,6.608,0.0,0.0,113.256,32.01174736022949,32.01174736022949,3.632,1
212,0.0,0.0,0.0,0.0,0.0,0.0,0,0,0.0,0.0,0.0,0.0,0.0,0.0,0.0,0.0,0.0067748645744701,0.0083446502685546,0.0067710876464843,0.0078082084655761,0.0094413757324218,0.0101089477539062,0.0053644180297851,0.0064849853515625,0.0,0.0,0.0162124633789062,0.0162124633789062,0.0,0.0,0.496,1.424,6.096,5.792,0.0,0.0,120.032,32.01103210449219,32.01103210449219,52.88,1
213,0.0,0.0,0.0,0.0,0.0,0.0,0,0,0.0,0.0,0.0,0.0,0.0,0.0,0.0,0.0,0.0068085703683729,0.0085830688476562,0.0058809916178385,0.0064373016357421,0.0067949295043945,0.008702278137207,0.0054836273193359,0.0054836273193359,0.0,0.0,0.0088214874267578,0.0088214874267578,0.0,0.0,0.496,1.36,9.856,10.272,0.0,0.0,114.456,32.01770782470703,32.01770782470703,2.168,1
214,0.0,0.0,0.0,0.0,0.0,0.0,0,0,0.0,0.0,0.0,0.0,0.0,0.0,0.0,0.0,0.0067734718322753,0.0085830688476562,0.0058174133300781,0.00762939453125,0.0086307525634765,0.0091075897216796,0.005960464477539,0.005960464477539,0.0058650970458984,0.0075340270996093,0.0066757202148437,0.0066757202148437,0.0114917755126953,0.0222206115722656,0.496,1.424,6.448,6.288,4.232,3.744,112.0,32.01174736022949,32.01174736022949,4.216,1
215,0.0,0.0,0.0,0.0,0.0,0.0,0,0,0.0,0.0,0.0,0.0,0.0,0.0,0.0,0.0,0.0071501967930557,0.0087976455688476,0.0057220458984375,0.006103515625,0.0069618225097656,0.0066757202148437,0.0041176658530422,0.0050067901611328,0.0061988830566406,0.008249282836914,0.0107288360595703,0.0107288360595703,0.0110626220703125,0.0201702117919921,0.496,1.424,5.6,6.608,4.232,3.744,122.384,32.02033042907715,32.02033042907715,2259.432,1
216,0.0,0.0,0.0,0.0,0.0,0.0,0,0,0.0,0.0,0.0,0.0,0.0,0.0,0.0,0.0,0.007112427513198,0.0090599060058593,0.0070571899414062,0.0083446502685546,0.0100135803222656,0.0104427337646484,0.0039390064178303,0.0047683715820312,0.006103515625,0.0079154968261718,0.0109672546386718,0.0124931335449218,0.0106334686279296,0.027322769165039,1.344,2.272,6.096,5.792,7.736,8.264,118.448,32.01496601104736,32.01735019683838,3823.344,1
