time_seconds,a1_retransmissions_ul_count,a1_retransmissions_dl_count,a1_packet_loss_ul_percentage,a1_packet_loss_dl_percentage,e2_du_packet_loss_ul_percentage,e2_du_packet_loss_dl_percentage,e2_du_retransmissions_ul_count,e2_du_retransmissions_dl_count,f1_c_packet_loss_ul_percentage,f1_u_retransmissions_ul_count,f1_u_packet_loss_dl_percentage,f1_u_packet_loss_ul_percentage,f1_u_retransmissions_dl_count,f1_u_latency_mean_ul_ms,f1_u_latency_p90_ul_ms,e2_du_latency_p90_ul_ms,e2_du_latency_mean_ul_ms,f1_u_latency_mean_dl_ms,e2_du_latency_mean_dl_ms,e2_du_latency_p90_dl_ms,f1_u_latency_p90_dl_ms,a1_latency_mean_ul_ms,a1_latency_p90_ul_ms,a1_latency_mean_dl_ms,a1_latency_p90_dl_ms,e2_du_throughput_dl_kbps,e2_du_throughput_ul_kbps,f1_c_retransmissions_dl_count,f1_c_retransmissions_ul_count,f1_c_throughput_dl_kbps,f1_c_throughput_ul_kbps,a1_throughput_dl_kbps,a1_throughput_ul_kbps,f1_u_throughput_ul_kbps,f1_c_packet_loss_dl_percentage,f1_c_latency_mean_ul_ms,f1_c_latency_mean_dl_ms,f1_c_latency_p90_dl_ms,f1_c_latency_p90_ul_ms,f1_u_throughput_dl_kbps,F-node
0,0.0,0.0,0.0,0.0,0.0,0.0,0,0,0.0,0,0.0,0.0,0.0,0.0063267307005066,0.0085830688476562,0.0078678131103515,0.0078678131103515,0.0043037610176282,0.0090599060058593,0.0090599060058593,0.0057220458984375,0.0061239515032087,0.0085353851318359,0.0093255724225725,0.0194549560546875,0.496,1.36,0.0,0.0,1.696,1.696,25.152,27.344,140.184,0.0,0.0088214874267578,0.0102519989013671,0.0127315521240234,0.0116825103759765,1101.048,0
1,0.0,0.0,0.0,0.0,0.0,0.0,0,0,0.0,0,0.0,0.0,0.0,0.0062413734964805,0.0085830688476562,0.0088214874267578,0.0088214874267578,0.0049386705671037,0.0100135803222656,0.0100135803222656,0.0066757202148437,0.0061239515032087,0.0085353851318359,0.0093255724225725,0.0194549560546875,0.496,1.424,0.0,0.0,1.696,1.696,25.152,27.344,115.632,0.0,0.0088214874267578,0.0102519989013671,0.0127315521240234,0.0116825103759765,88.496,0
2,0.0,0.0,0.0,0.0,0.0,0.0,0,0,0.0,0,0.0,0.0,0.0,0.0059806292329854,0.0078678131103515,0.0066757202148437,0.0066757202148437,0.005960464477539,0.0128746032714843,0.0128746032714843,0.005960464477539,0.0061239515032087,0.0085353851318359,0.0093255724225725,0.0194549560546875,0.496,1.424,0.0,0.0,1.696,1.696,25.152,27.344,113.256,0.0,0.0088214874267578,0.0102519989013671,0.0127315521240234,0.0116825103759765,1.192,0
3,0.0,0.0,0.0,0.0,0.0,0.0,0,0,0.0,0,0.0,0.0,0.0,0.006103515625,0.0081062316894531,0.0073909759521484,0.0073909759521484,0.0,0.00762939453125,0.00762939453125,0.0,0.0061239515032087,0.0085353851318359,0.0093255724225725,0.0194549560546875,0.496,1.36,0.0,0.0,1.696,1.696,25.152,27.344,112.0,0.0,0.0088214874267578,0.0102519989013671,0.0127315521240234,0.0116825103759765,0.0,0
4,0.0,0.0,0.0,0.0,0.0,0.0,0,0,0.0,0,0.0,0.0,0.0,0.0061597397078329,0.0085830688476562,0.0069141387939453,0.0069141387939453,0.0081062316894531,0.0145435333251953,0.0145435333251953,0.0081062316894531,0.0061239515032087,0.0085353851318359,0.0093255724225725,0.0194549560546875,0.496,1.36,0.0,0.0,1.696,1.696,25.152,27.344,116.248,0.0,0.0088214874267578,0.0102519989013671,0.0127315521240234,0.0116825103759765,3.96,0
5,0.0,0.0,0.0,0.0,0.0,0.0,0,0,0.0,0,0.0,0.0,0.0,0.0059924908538362,0.0078678131103515,0.0078678131103515,0.0078678131103515,0.0085830688476562,0.0131130218505859,0.0131130218505859,0.0085830688476562,0.0061239515032087,0.0085353851318359,0.0093255724225725,0.0194549560546875,0.496,1.36,0.0,0.0,1.696,1.696,25.152,27.344,117.192,0.0,0.0088214874267578,0.0102519989013671,0.0127315521240234,0.0116825103759765,6.2,0
6,0.0,0.0,0.0,0.0,0.0,0.0,0,0,0.0,0,0.0,0.0,0.0,0.0062118022899909,0.0082969665527343,0.00762939453125,0.00762939453125,0.0059945242745535,0.0069141387939453,0.0069141387939453,0.0073432922363281,0.0061239515032087,0.0085353851318359,0.0093255724225725,0.0194549560546875,0.496,1.424,0.0,0.0,1.696,1.696,25.152,27.344,127.576,0.0,0.0088214874267578,0.0102519989013671,0.0127315521240234,0.0116825103759765,30.856,0
7,0.0,0.0,0.0,0.0,0.0,0.0,0,0,0.0,0,0.0,0.0,0.0,0.0063523207560624,0.0083446502685546,0.0081062316894531,0.0081062316894531,0.0044561567760649,0.0095367431640625,0.0095367431640625,0.0054597854614257,0.0061239515032087,0.0085353851318359,0.0093255724225725,0.0194549560546875,0.496,1.424,0.0,0.0,1.696,1.696,25.152,27.344,118.448,0.0,0.0088214874267578,0.0102519989013671,0.0127315521240234,0.0116825103759765,303.632,0
8,0.0,0.0,0.0,0.0,0.0,0.0,0,0,0.0,0,0.0,0.0,0.0,0.0066049028151106,0.0085830688476562,0.0073909759521484,0.0073909759521484,0.0043470154768266,0.0100135803222656,0.0100135803222656,0.0054836273193359,0.0061239515032087,0.0085353851318359,0.0093255724225725,0.0194549560546875,0.496,1.36,0.0,0.0,1.696,1.696,25.152,27.344,115.552,0.0,0.0088214874267578,0.0102519989013671,0.0127315521240234,0.0116825103759765,1318.568,0
9,0.0,0.0,0.0,0.0,0.0,0.0,0,0,0.0,0,0.0,0.0,0.0,0.006490414685542,0.0085830688476562,0.0085830688476562,0.0085830688476562,0.004127542808573,0.0145435333251953,0.0145435333251953,0.0050067901611328,0.0061239515032087,0.0085353851318359,0.0093255724225725,0.0194549560546875,0.496,1.424,0.0,0.0,1.696,1.696,25.152,27.344,118.448,0.0,0.0088214874267578,0.0102519989013671,0.0127315521240234,0.0116825103759765,1613.224,0
10,0.0,0.0,0.0,0.0,0.0,0.0,0,0,0.0,0,0.0,0.0,0.0,0.0065618486546758,0.0090599060058593,0.011444091796875,0.011444091796875,0.0043011259758609,0.0109672546386718,0.0109672546386718,0.0052452087402343,0.0061239515032087,0.0085353851318359,0.0093255724225725,0.0194549560546875,0.496,1.424,0.0,0.0,1.696,1.696,25.152,27.344,114.296,0.0,0.0088214874267578,0.0102519989013671,0.0127315521240234,0.0116825103759765,1550.64,0
11,0.0,0.0,0.0,0.0,0.0,0.0,0,0,0.0,0,0.0,0.0,0.0,0.0063685042348074,0.0085830688476562,0.0083446502685546,0.0083446502685546,0.0043375738735856,0.0126361846923828,0.0126361846923828,0.0054836273193359,0.0061239515032087,0.0085353851318359,0.0093255724225725,0.0194549560546875,0.496,1.424,0.0,0.0,1.696,1.696,25.152,27.344,117.192,0.0,0.0088214874267578,0.0102519989013671,0.0127315521240234,0.0116825103759765,1275.656,0
12,0.0,0.0,0.0,0.0,0.0,0.0,0,0,0.0,0,0.0,0.0,0.0,0.006521519143783,0.0088214874267578,0.0083446502685546,0.0083446502685546,0.004173235128854,0.0126361846923828,0.0126361846923828,0.0050067901611328,0.0,0.0,0.0,0.0,0.496,1.424,0.0,0.0,1.696,1.696,0.0,0.0,117.192,0.0,0.0088214874267578,0.0102519989013671,0.0127315521240234,0.0116825103759765,2324.0,0
13,0.0,0.0,0.0,0.0,0.0,0.0,0,0,0.0,0,0.0,0.0,0.0,0.0065582901684205,0.0088214874267578,0.0116825103759765,0.0116825103759765,0.0042080879211425,0.0092983245849609,0.0092983245849609,0.0052452087402343,0.0,0.0,0.0,0.0,0.496,1.424,0.0,0.0,1.696,1.696,0.0,0.0,117.192,0.0,0.0088214874267578,0.0102519989013671,0.0127315521240234,0.0116825103759765,2160.08,0
14,0.0,0.0,0.0,0.0,0.0,0.0,0,0,0.0,0,0.0,0.0,0.0,0.0067205712346747,0.0090599060058593,0.0092983245849609,0.0092983245849609,0.004201611845551,0.0133514404296875,0.0133514404296875,0.0050067901611328,0.0078678131103515,0.0107765197753906,0.0109195709228515,0.0192642211914062,0.496,1.424,0.0,0.0,1.696,1.696,4.52,3.504,118.448,0.0,0.0088214874267578,0.0102519989013671,0.0127315521240234,0.0116825103759765,2528.936,0
15,0.0,0.0,0.0,0.0,0.0,0.0,0,0,0.0,0,0.0,0.0,0.0,0.0065600517952796,0.0090599060058593,0.0071525573730468,0.0071525573730468,0.0042533874511718,0.0131130218505859,0.0131130218505859,0.0052452087402343,0.0,0.0,0.0,0.0,0.496,1.424,0.0,0.0,1.696,1.696,0.0,0.0,118.448,0.0,0.0088214874267578,0.0102519989013671,0.0127315521240234,0.0116825103759765,1539.832,0
16,0.0,0.0,0.0,0.0,0.0,0.0,0,0,0.0,0,0.0,0.0,0.0,0.0063605827860312,0.0083446502685546,0.0078678131103515,0.0078678131103515,0.0042433690543126,0.0185966491699218,0.0185966491699218,0.0050067901611328,0.0,0.0,0.0,0.0,0.496,1.424,0.0,0.0,1.696,1.696,0.0,0.0,118.448,0.0,0.0088214874267578,0.0102519989013671,0.0127315521240234,0.0116825103759765,1695.648,0
17,0.0,0.0,0.0,0.0,0.0,0.0,0,0,0.0,0,0.0,0.0,0.0,0.0066104813001642,0.0085830688476562,0.0088214874267578,0.0088214874267578,0.0042161851559045,0.0126361846923828,0.0126361846923828,0.0050067901611328,0.0,0.0,0.0,0.0,0.496,1.424,0.0,0.0,1.696,1.696,0.0,0.0,116.12,0.0,0.0088214874267578,0.0102519989013671,0.0127315521240234,0.0116825103759765,1815.376,0
18,0.0,0.0,0.0,0.0,0.0,0.0,0,0,0.0,0,0.0,0.0,0.0,0.0062854728888516,0.0083446502685546,0.011444091796875,0.011444091796875,0.0042959090766556,0.0081062316894531,0.0081062316894531,0.0052928924560546,0.0061988830566406,0.0077247619628906,0.0108718872070312,0.0192642211914062,0.496,1.424,0.0,0.0,1.696,1.696,3.744,4.232,117.192,0.0,0.0088214874267578,0.0102519989013671,0.0127315521240234,0.0116825103759765,933.656,0
19,0.0,0.0,0.0,0.0,0.0,0.0,0,0,0.0,0,0.0,0.0,0.0,0.0063329193722549,0.0085830688476562,0.0104904174804687,0.0104904174804687,0.0041491233262439,0.0092983245849609,0.0092983245849609,0.0050067901611328,0.0066280364990234,0.0088691711425781,0.0111579895019531,0.0208377838134765,0.496,1.424,0.0,0.0,1.696,1.696,3.744,4.232,117.192,0.0,0.0088214874267578,0.0102519989013671,0.0127315521240234,0.0116825103759765,1330.808,0
20,0.0,0.0,0.0,0.0,0.0,0.0,0,0,0.0,0,0.0,0.0,0.0,0.0064859342812305,0.0088214874267578,0.0078678131103515,0.0078678131103515,0.0042405075692602,0.0131130218505859,0.0131130218505859,0.0052452087402343,0.0064373016357421,0.0089406967163085,0.0097990036010742,0.0230312347412109,0.496,1.424,0.0,0.0,1.696,1.696,8.264,7.736,117.192,0.0,0.0088214874267578,0.0102519989013671,0.0127315521240234,0.0116825103759765,2402.168,0
21,0.0,0.0,0.0,0.0,0.0,0.0,0,0,0.0,0,0.0,0.0,0.0,0.0069825956136873,0.0092744827270507,0.0121593475341796,0.0121593475341796,0.0044443668463291,0.00762939453125,0.00762939453125,0.0055551528930664,0.0,0.0,0.0,0.0,0.496,1.424,0.0,0.0,0.0,0.0,0.0,0.0,118.448,0.0,0.0,0.0,0.0,0.0,627.664,0
22,0.0,0.0,0.0,0.0,0.0,0.0,0,0,0.0,0,0.0,0.0,0.0,0.0062083723533212,0.0083446502685546,0.0069141387939453,0.0069141387939453,0.0054306454128689,0.0069141387939453,0.0069141387939453,0.0073909759521484,0.0,0.0,0.0,0.0,0.496,1.424,0.0,0.0,0.0,0.0,0.0,0.0,117.888,0.0,0.0,0.0,0.0,0.0,62.696,0
23,0.0,0.0,0.0,0.0,0.0,0.0,0,0,0.0,0,0.0,0.0,0.0,0.0062368402433632,0.0083446502685546,0.00762939453125,0.00762939453125,0.0042915344238281,0.009775161743164,0.009775161743164,0.0042915344238281,0.0,0.0,0.0,0.0,0.496,1.424,0.0,0.0,0.0,0.0,0.0,0.0,113.256,0.0,0.0,0.0,0.0,0.0,1.192,0
24,0.0,0.0,0.0,0.0,0.0,0.0,0,0,0.0,0,0.0,0.0,0.0,0.0060021877288818,0.0081062316894531,0.00762939453125,0.00762939453125,0.0,0.005960464477539,0.005960464477539,0.0,0.0058412551879882,0.0063657760620117,0.0104506810506184,0.0183582305908203,0.496,1.392,0.0,0.0,0.0,0.0,4.272,3.704,112.0,0.0,0.0,0.0,0.0,0.0,0.0,0
25,0.0,0.0,0.0,0.0,0.0,0.0,0,0,0.0,0,0.0,0.0,0.0,0.0065974335172283,0.0085830688476562,0.0064373016357421,0.0064373016357421,0.0075101852416992,0.0092983245849609,0.0092983245849609,0.0093936920166015,0.0066757202148437,0.0091075897216796,0.0111103057861328,0.0210285186767578,0.496,1.36,0.0,0.0,0.0,0.0,3.744,4.232,117.76,0.0,0.0,0.0,0.0,0.0,11.488,0
26,0.0,0.0,0.0,0.0,0.0,0.0,0,0,0.0,0,0.0,0.0,0.0,0.0065648555755615,0.0081300735473632,0.0085830688476562,0.0085830688476562,0.0,0.0092983245849609,0.0092983245849609,0.0,0.0060558319091796,0.0083684921264648,0.0107049942016601,0.0267982482910156,0.496,1.424,0.0,0.0,0.0,0.0,8.264,7.736,112.0,0.0,0.0,0.0,0.0,0.0,0.0,0
27,0.0,0.0,0.0,0.0,0.0,0.0,0,0,0.0,0,0.0,0.0,0.0,0.0065398216247558,0.0081062316894531,0.0075101852416992,0.007033348083496,0.0,0.0140666961669921,0.0161647796630859,0.0,0.0,0.0,0.0,0.0,1.344,2.208,0.0,0.0,0.0,0.0,0.0,0.0,112.0,0.0,0.0,0.0,0.0,0.0,0.0,0
28,0.0,0.0,0.0,0.0,0.0,0.0,0,0,0.0,0,0.0,0.0,0.0,0.0062269323012408,0.0082731246948242,0.0095367431640625,0.0095367431640625,0.0052452087402343,0.0092983245849609,0.0092983245849609,0.0077486038208007,0.0,0.0,0.0,0.0,0.496,1.36,0.0,0.0,0.0,0.0,0.0,0.0,128.832,0.0,0.0,0.0,0.0,0.0,123.568,0
29,0.0,0.0,0.0,0.0,0.0,0.0,0,0,0.0,0,0.0,0.0,0.0,0.005901740689583,0.0078678131103515,0.005960464477539,0.005960464477539,0.0052452087402343,0.0061988830566406,0.0061988830566406,0.0065565109252929,0.0,0.0,0.0,0.0,0.496,1.36,0.0,0.0,0.0,0.0,0.0,0.0,123.64,0.0,0.0,0.0,0.0,0.0,26.176,0
30,0.0,0.0,0.0,0.0,0.0,0.0,0,0,0.0,0,0.0,0.0,0.0,0.0060624744168561,0.0083446502685546,0.0083446502685546,0.0083446502685546,0.0054836273193359,0.0138282775878906,0.0138282775878906,0.0071048736572265,0.0062942504882812,0.0080585479736328,0.0116825103759765,0.0221729278564453,0.496,1.424,0.0,0.0,0.0,0.0,3.744,4.232,113.256,0.0,0.0,0.0,0.0,0.0,18.088,0
31,0.0,0.0,0.0,0.0,0.0,0.0,0,0,0.0,0,0.0,0.0,0.0,0.0064408425057288,0.0087976455688476,0.0083446502685546,0.0083446502685546,0.0044330348813436,0.0128746032714843,0.0128746032714843,0.0054359436035156,0.0064849853515625,0.0084877014160156,0.0109195709228515,0.0201702117919921,0.496,1.424,0.0,0.0,0.0,0.0,3.744,4.232,122.384,0.0,0.0,0.0,0.0,0.0,972.968,0
32,0.0,0.0,0.0,0.0,0.0,0.0,0,0,0.0,0,0.0,0.0,0.0,0.006183385848999,0.0083684921264648,0.0083446502685546,0.0083446502685546,0.0,0.0133514404296875,0.0133514404296875,0.0,0.0059127807617187,0.0081300735473632,0.0108957290649414,0.0255584716796874,0.496,1.424,0.0,0.0,0.0,0.0,8.264,7.736,112.0,0.0,0.0,0.0,0.0,0.0,0.0,0
33,0.0,0.0,0.0,0.0,0.0,0.0,0,0,0.0,0,0.0,0.0,0.0,0.0073484855123085,0.0097513198852539,0.0069141387939453,0.0069141387939453,0.0038789007559125,0.0088214874267578,0.0088214874267578,0.0045299530029296,0.0,0.0,0.0,0.0,0.496,1.392,0.0,0.0,0.0,0.0,0.0,0.0,122.384,0.0,0.0,0.0,0.0,0.0,29672.32,0
34,0.0,0.0,0.0,0.0,0.0,0.0,0,0,0.0,0,0.0,0.0,0.0,0.0065064430236816,0.0088214874267578,0.0090599060058593,0.0090599060058593,0.0040567651086924,0.0109672546386718,0.0109672546386718,0.0050067901611328,0.0,0.0,0.0,0.0,0.496,1.424,0.0,0.0,0.0,0.0,0.0,0.0,116.632,0.0,0.0,0.0,0.0,0.0,2233.104,0
35,0.0,0.0,0.0,0.0,0.0,0.0,0,0,0.0,0,0.0,0.0,0.0,0.0059687676121346,0.0081062316894531,0.0145435333251953,0.0145435333251953,0.0045299530029296,0.0102519989013671,0.0102519989013671,0.0045299530029296,0.0,0.0,0.0,0.0,0.496,1.424,0.0,0.0,0.0,0.0,0.0,0.0,113.256,0.0,0.0,0.0,0.0,0.0,1.192,0
36,0.0,0.0,0.0,0.0,0.0,0.0,0,0,0.0,0,0.0,0.0,0.0,0.0061858352737047,0.0078678131103515,0.0064373016357421,0.0064373016357421,0.0045299530029296,0.0159740447998046,0.0159740447998046,0.0045299530029296,0.0060558319091796,0.0077724456787109,0.0110626220703125,0.0205039978027343,0.496,1.36,0.0,0.0,0.0,0.0,3.744,4.232,113.256,0.0,0.0,0.0,0.0,0.0,1.192,0
37,0.0,0.0,0.0,0.0,0.0,0.0,0,0,0.0,0,0.0,0.0,0.0,0.0061122932244296,0.0088214874267578,0.0092983245849609,0.0092983245849609,0.0078678131103515,0.0095367431640625,0.0095367431640625,0.0078678131103515,0.0060558319091796,0.0077247619628906,0.0104427337646484,0.0190258026123046,0.496,1.36,0.0,0.0,0.0,0.0,3.744,4.232,113.256,0.0,0.0,0.0,0.0,0.0,1.192,0
38,0.0,0.0,0.0,0.0,0.0,0.0,0,0,0.0,0,0.0,0.0,0.0,0.0061170378727699,0.0081062316894531,0.0073909759521484,0.0073909759521484,0.0051259994506835,0.0104904174804687,0.0104904174804687,0.0061750411987304,0.0065326690673828,0.0086069107055664,0.0103950500488281,0.0235319137573242,0.496,1.36,0.0,0.0,0.0,0.0,8.264,7.736,117.192,0.0,0.0,0.0,0.0,0.0,15.36,0
39,0.0,0.0,0.0,0.0,0.0,0.0,0,0,0.0,0,0.0,0.0,0.0,0.0059568881988525,0.0078678131103515,0.0071525573730468,0.0071525573730468,0.0,0.0104904174804687,0.0104904174804687,0.0,0.0,0.0,0.0,0.0,0.496,1.424,0.0,0.0,0.0,0.0,0.0,0.0,112.0,0.0,0.0,0.0,0.0,0.0,0.0,0
40,0.0,0.0,0.0,0.0,0.0,0.0,0,0,0.0,0,0.0,0.0,0.0,0.0065757007133669,0.0090599060058593,0.0069141387939453,0.0069141387939453,0.0039083719540445,0.0085830688476562,0.0085830688476562,0.0047683715820312,0.0,0.0,0.0,0.0,0.496,1.36,0.0,0.0,0.0,0.0,0.0,0.0,137.96,0.0,0.0,0.0,0.0,0.0,18648.048,0
41,0.0,0.0,0.0,0.0,0.0,0.0,0,0,0.0,0,0.0,0.0,0.0,0.0068204319892238,0.0088214874267578,0.009775161743164,0.009775161743164,0.0038858625090092,0.0123977661132812,0.0123977661132812,0.0045299530029296,0.0,0.0,0.0,0.0,0.496,1.392,0.0,0.0,0.0,0.0,0.0,0.0,117.192,0.0,0.0,0.0,0.0,0.0,8989.648,0
42,0.0,0.0,0.0,0.0,0.0,0.0,0,0,0.0,0,0.0,0.0,0.0,0.0062807282405113,0.0085830688476562,0.00762939453125,0.00762939453125,0.0066757202148437,0.0104904174804687,0.0104904174804687,0.0066757202148437,0.006103515625,0.0080585479736328,0.0112533569335937,0.0213623046875,0.496,1.424,0.0,0.0,0.0,0.0,3.744,4.232,113.256,0.0,0.0,0.0,0.0,0.0,1.192,0
43,0.0,0.0,0.0,0.0,0.0,0.0,0,0,0.0,0,0.0,0.0,0.0,0.0060790806860473,0.0083446502685546,0.011444091796875,0.011444091796875,0.0047683715820312,0.0126361846923828,0.0126361846923828,0.0047683715820312,0.0060558319091796,0.0077724456787109,0.0110626220703125,0.0212669372558593,0.496,1.36,0.0,0.0,0.0,0.0,3.744,4.232,113.256,0.0,0.0,0.0,0.0,0.0,1.192,0
44,0.0,0.0,0.0,0.0,0.0,0.0,0,0,0.0,0,0.0,0.0,0.0,0.0060197725817931,0.0083446502685546,0.0081062316894531,0.0081062316894531,0.0057220458984375,0.0133514404296875,0.0133514404296875,0.0057220458984375,0.0061273574829101,0.0081300735473632,0.0113248825073242,0.0247001647949218,0.496,1.36,0.0,0.0,0.0,0.0,8.264,7.736,113.256,0.0,0.0,0.0,0.0,0.0,1.192,0
45,0.0,0.0,0.0,0.0,0.0,0.0,0,0,0.0,0,0.0,0.0,0.0,0.0060093402862548,0.0081300735473632,0.0069141387939453,0.0069141387939453,0.0,0.0145435333251953,0.0145435333251953,0.0,0.0,0.0,0.0,0.0,0.496,1.36,0.0,0.0,0.0,0.0,0.0,0.0,112.0,0.0,0.0,0.0,0.0,0.0,0.0,0
46,0.0,0.0,0.0,0.0,0.0,0.0,0,0,0.0,0,0.0,0.0,0.0,0.0060808658599853,0.0081062316894531,0.0069141387939453,0.0069141387939453,0.0,0.0140666961669921,0.0140666961669921,0.0,0.0,0.0,0.0,0.0,0.496,1.36,0.0,0.0,0.0,0.0,0.0,0.0,112.0,0.0,0.0,0.0,0.0,0.0,0.0,0
47,0.0,0.0,0.0,0.0,0.0,0.0,0,0,0.0,0,0.0,0.0,0.0,0.0060641765594482,0.0081062316894531,0.0088214874267578,0.0088214874267578,0.0,0.0128746032714843,0.0128746032714843,0.0,0.0,0.0,0.0,0.0,0.496,1.36,0.0,0.0,0.0,0.0,0.0,0.0,112.0,0.0,0.0,0.0,0.0,0.0,0.0,0
48,0.0,0.0,0.0,0.0,0.0,0.0,0,0,0.0,0,0.0,0.0,0.0,0.0065854452188732,0.0090599060058593,0.0083446502685546,0.0083446502685546,0.0038688064466976,0.0145435333251953,0.0145435333251953,0.0045299530029296,0.0061988830566406,0.0083446502685546,0.0104427337646484,0.0192642211914062,0.496,1.36,0.0,0.0,0.0,0.0,3.744,4.232,143.152,0.0,0.0,0.0,0.0,0.0,22333.856,0
49,0.0,0.0,0.0,0.0,0.0,0.0,0,0,0.0,0,0.0,0.0,0.0,0.0063388501826803,0.0085830688476562,0.0104904174804687,0.0104904174804687,0.005960464477539,0.0112056732177734,0.0112056732177734,0.005960464477539,0.006103515625,0.0076770782470703,0.0110149383544921,0.0194549560546875,0.496,1.424,0.0,0.0,0.0,0.0,3.744,4.232,113.256,0.0,0.0,0.0,0.0,0.0,1.192,0
50,0.0,0.0,0.0,0.0,0.0,0.0,0,0,0.0,0,0.0,0.0,0.0,0.0060731498756218,0.0081062316894531,0.00762939453125,0.00762939453125,0.0078678131103515,0.0088214874267578,0.0088214874267578,0.0078678131103515,0.0066041946411132,0.0088453292846679,0.0109195709228515,0.0247716903686523,0.496,1.424,0.0,0.0,0.0,0.0,8.264,7.736,113.256,0.0,0.0,0.0,0.0,0.0,1.192,0
51,0.0,0.0,0.0,0.0,0.0,0.0,0,0,0.0,0,0.0,0.0,0.0,0.0062866590509367,0.0081062316894531,0.00762939453125,0.00762939453125,0.0050067901611328,0.0121593475341796,0.0121593475341796,0.0050067901611328,0.0,0.0,0.0,0.0,0.496,1.36,0.0,0.0,1.696,1.696,0.0,0.0,113.256,0.0,0.0065565109252929,0.0066757202148437,0.0066757202148437,0.0083684921264648,1.192,0
52,0.0,0.0,0.0,0.0,0.0,0.0,0,0,0.0,0,0.0,0.0,0.0,0.0060045719146728,0.0081062316894531,0.0126361846923828,0.0126361846923828,0.0,0.0083446502685546,0.0083446502685546,0.0,0.0,0.0,0.0,0.0,0.496,1.36,0.0,0.0,0.0,0.0,0.0,0.0,112.0,0.0,0.0,0.0,0.0,0.0,0.0,0
53,0.0,0.0,0.0,0.0,0.0,0.0,0,0,0.0,0,0.0,0.0,0.0,0.0060999393463134,0.0081062316894531,0.0064373016357421,0.0064373016357421,0.0,0.0109672546386718,0.0109672546386718,0.0,0.0,0.0,0.0,0.0,0.496,1.36,0.0,0.0,0.0,0.0,0.0,0.0,112.0,0.0,0.0,0.0,0.0,0.0,0.0,0
54,0.0,0.0,0.0,0.0,0.0,0.0,0,0,0.0,0,0.0,0.0,0.0,0.0059306621551513,0.0078678131103515,0.00762939453125,0.00762939453125,0.0,0.0159740447998046,0.0159740447998046,0.0,0.0069618225097656,0.0084400177001953,0.01068115234375,0.0199317932128906,0.496,1.36,0.0,0.0,0.0,0.0,3.744,4.232,112.0,0.0,0.0,0.0,0.0,0.0,0.0,0
55,0.0,0.0,0.0,0.0,0.0,0.0,0,0,0.0,0,0.0,0.0,0.0,0.0060653686523437,0.0081062316894531,0.0066757202148437,0.0066757202148437,0.0,0.0121593475341796,0.0121593475341796,0.0,0.0057697296142578,0.0073909759521484,0.0107765197753906,0.0200271606445312,0.496,1.36,0.0,0.0,0.0,0.0,3.744,4.232,112.0,0.0,0.0,0.0,0.0,0.0,0.0,0
56,0.0,0.0,0.0,0.0,0.0,0.0,0,0,0.0,0,0.0,0.0,0.0,0.0071583162759237,0.0095367431640625,0.0095367431640625,0.0095367431640625,0.0038845507458816,0.0126361846923828,0.0126361846923828,0.0045299530029296,0.0061459011501736,0.0079631805419921,0.0101653012362393,0.0243186950683593,0.496,1.36,0.0,0.0,0.0,0.0,8.792,7.208,144.408,0.0,0.0,0.0,0.0,0.0,42050.296,0
57,0.0,0.0,0.0,0.0,0.0,0.0,0,0,0.0,0,0.0,0.0,0.0,0.0066296889050172,0.0090599060058593,0.0092983245849609,0.0092983245849609,0.004014101895419,0.0157356262207031,0.0157356262207031,0.0052452087402343,0.0,0.0,0.0,0.0,0.496,1.424,0.0,0.0,0.0,0.0,0.0,0.0,118.448,0.0,0.0,0.0,0.0,0.0,614.28,0
58,0.0,0.0,0.0,0.0,0.0,0.0,0,0,0.0,0,0.0,0.0,0.0,0.0058276143240098,0.00762939453125,0.00762939453125,0.00762939453125,0.0047683715820312,0.0066757202148437,0.0066757202148437,0.0047683715820312,0.0,0.0,0.0,0.0,0.496,1.424,0.0,0.0,0.0,0.0,0.0,0.0,113.256,0.0,0.0,0.0,0.0,0.0,1.192,0
59,0.0,0.0,0.0,0.0,0.0,0.0,0,0,0.0,0,0.0,0.0,0.0,0.0060367584228515,0.0081300735473632,0.0078916549682617,0.007033348083496,0.0,0.0128746032714843,0.0130653381347656,0.0,0.0,0.0,0.0,0.0,1.344,2.208,0.0,0.0,0.0,0.0,0.0,0.0,112.0,0.0,0.0,0.0,0.0,0.0,0.0,0
60,0.0,0.0,0.0,0.0,0.0,0.0,0,0,0.0,0,0.0,0.0,0.0,0.0062811374664306,0.0088214874267578,0.0083446502685546,0.0083446502685546,0.0,0.0104904174804687,0.0104904174804687,0.0,0.0061988830566406,0.0081062316894531,0.0108242034912109,0.0195980072021484,0.496,1.36,0.0,0.0,0.0,0.0,3.744,4.232,112.0,0.0,0.0,0.0,0.0,0.0,0.0,0
61,0.0,0.0,0.0,0.0,0.0,0.0,0,0,0.0,0,0.0,0.0,0.0,0.0059782569088152,0.0078678131103515,0.0064373016357421,0.0064373016357421,0.0088214874267578,0.0147819519042968,0.0147819519042968,0.0088214874267578,0.0061988830566406,0.0079154968261718,0.0107765197753906,0.0204086303710937,0.496,1.36,0.0,0.0,0.0,0.0,3.744,4.232,117.192,0.0,0.0,0.0,0.0,0.0,9.784,0
62,0.0,0.0,0.0,0.0,0.0,0.0,0,0,0.0,0,0.0,0.0,0.0,0.0062620639801025,0.0083446502685546,0.0064373016357421,0.0064373016357421,0.0,0.0107288360595703,0.0107288360595703,0.0,0.0067472457885742,0.0097036361694335,0.0137090682983398,0.0356674194335937,0.496,1.424,0.0,0.0,0.0,0.0,8.264,7.736,112.0,0.0,0.0,0.0,0.0,0.0,0.0,0
63,0.0,0.0,0.0,0.0,0.0,0.0,0,0,0.0,0,0.0,0.0,0.0,0.0061468013281961,0.0085830688476562,0.00762939453125,0.00762939453125,0.003883126212942,0.0078678131103515,0.0078678131103515,0.0045299530029296,0.0,0.0,0.0,0.0,0.496,1.36,0.0,0.0,0.0,0.0,0.0,0.0,139.216,0.0,0.0,0.0,0.0,0.0,12368.488,0
64,0.0,0.0,0.0,0.0,0.0,0.0,0,0,0.0,0,0.0,0.0,0.0,0.0068299212859044,0.0090599060058593,0.009775161743164,0.009775161743164,0.0038905577226118,0.0169277191162109,0.0169277191162109,0.0045299530029296,0.0,0.0,0.0,0.0,0.496,1.36,0.0,0.0,0.0,0.0,0.0,0.0,117.888,0.0,0.0,0.0,0.0,0.0,13770.592,0
65,0.0,0.0,0.0,0.0,0.0,0.0,0,0,0.0,0,0.0,0.0,0.0,0.0060541712822605,0.0083446502685546,0.0085830688476562,0.0085830688476562,0.0064373016357421,0.0119209289550781,0.0119209289550781,0.0064373016357421,0.0,0.0,0.0,0.0,0.496,1.424,0.0,0.0,0.0,0.0,0.0,0.0,113.256,0.0,0.0,0.0,0.0,0.0,1.192,0
66,0.0,0.0,0.0,0.0,0.0,0.0,0,0,0.0,0,0.0,0.0,0.0,0.0060296058654785,0.0081062316894531,0.0116825103759765,0.0116825103759765,0.0,0.0102519989013671,0.0102519989013671,0.0,0.0057697296142578,0.0072956085205078,0.0103950500488281,0.0195026397705078,0.496,1.36,0.0,0.0,0.0,0.0,3.744,4.232,112.0,0.0,0.0,0.0,0.0,0.0,0.0,0
67,0.0,0.0,0.0,0.0,0.0,0.0,0,0,0.0,0,0.0,0.0,0.0,0.006113052368164,0.0083446502685546,0.0081062316894531,0.0081062316894531,0.0,0.0088214874267578,0.0088214874267578,0.0,0.0064373016357421,0.008249282836914,0.0110149383544921,0.01983642578125,0.496,1.36,0.0,0.0,0.0,0.0,3.744,4.232,112.0,0.0,0.0,0.0,0.0,0.0,0.0,0
68,0.0,0.0,0.0,0.0,0.0,0.0,0,0,0.0,0,0.0,0.0,0.0,0.0061871958713905,0.0083446502685546,0.0088214874267578,0.0088214874267578,0.004132588704427,0.0088214874267578,0.0088214874267578,0.0042200088500976,0.0063657760620117,0.0081777572631835,0.0101327896118164,0.0241994857788085,0.496,1.36,0.0,0.0,0.0,0.0,8.264,7.736,132.768,0.0,0.0,0.0,0.0,0.0,270.336,0
69,0.0,0.0,0.0,0.0,0.0,0.0,0,0,0.0,0,0.0,0.0,0.0,0.006033182144165,0.0081062316894531,0.0078678131103515,0.0078678131103515,0.0,0.0109672546386718,0.0109672546386718,0.0,0.0,0.0,0.0,0.0,0.496,1.36,0.0,0.0,0.0,0.0,0.0,0.0,112.0,0.0,0.0,0.0,0.0,0.0,0.0,0
70,0.0,0.0,0.0,0.0,0.0,0.0,0,0,0.0,0,0.0,0.0,0.0,0.0060363788509843,0.0078678131103515,0.0085830688476562,0.0085830688476562,0.0057220458984375,0.0083446502685546,0.0083446502685546,0.0057220458984375,0.0,0.0,0.0,0.0,0.496,1.424,0.0,0.0,0.0,0.0,0.0,0.0,113.256,0.0,0.0,0.0,0.0,0.0,1.192,0
71,0.0,0.0,0.0,0.0,0.0,0.0,0,0,0.0,0,0.0,0.0,0.0,0.0066441648146685,0.0089883804321289,0.009775161743164,0.009775161743164,0.0038887596646335,0.0121593475341796,0.0121593475341796,0.0045299530029296,0.0061829884847005,0.0087261199951171,0.0103632609049479,0.0234127044677734,0.496,1.36,0.0,0.0,0.0,0.0,10.776,11.312,128.832,0.0,0.0,0.0,0.0,0.0,24182.128,0
72,0.0,0.0,0.0,0.0,0.0,0.0,0,0,0.0,0,0.0,0.0,0.0,0.00640071264588,0.0088214874267578,0.0143051147460937,0.0143051147460937,0.0061988830566406,0.0121593475341796,0.0121593475341796,0.0061988830566406,0.0063896179199218,0.0082969665527343,0.0109672546386718,0.0202178955078125,0.496,1.424,0.0,0.0,0.0,0.0,3.744,4.232,118.448,0.0,0.0,0.0,0.0,0.0,1.192,0
73,0.0,0.0,0.0,0.0,0.0,0.0,0,0,0.0,0,0.0,0.0,0.0,0.0060772895812988,0.0081300735473632,0.0081062316894531,0.0081062316894531,0.0,0.0073909759521484,0.0073909759521484,0.0,0.006103515625,0.0077247619628906,0.0113964080810546,0.0213146209716796,0.496,1.424,0.0,0.0,0.0,0.0,3.744,4.232,112.0,0.0,0.0,0.0,0.0,0.0,0.0,0
74,0.0,0.0,0.0,0.0,0.0,0.0,0,0,0.0,0,0.0,0.0,0.0,0.0060772895812988,0.0085830688476562,0.0071525573730468,0.0071525573730468,0.0,0.0128746032714843,0.0128746032714843,0.0,0.0062942504882812,0.0086069107055664,0.0107765197753906,0.0245094299316406,0.496,1.36,0.0,0.0,0.0,0.0,8.264,7.736,112.0,0.0,0.0,0.0,0.0,0.0,0.0,0
75,0.0,0.0,0.0,0.0,0.0,0.0,0,0,0.0,0,0.0,0.0,0.0,0.0061750411987304,0.0083684921264648,0.0083446502685546,0.0083446502685546,0.0,0.0071525573730468,0.0071525573730468,0.0,0.0,0.0,0.0,0.0,0.496,1.36,0.0,0.0,0.0,0.0,0.0,0.0,112.0,0.0,0.0,0.0,0.0,0.0,0.0,0
76,0.0,0.0,0.0,0.0,0.0,0.0,0,0,0.0,0,0.0,0.0,0.0,0.0061452388763427,0.0083446502685546,0.0071525573730468,0.0071525573730468,0.0,0.0083446502685546,0.0083446502685546,0.0,0.0,0.0,0.0,0.0,0.496,1.36,0.0,0.0,0.0,0.0,0.0,0.0,112.0,0.0,0.0,0.0,0.0,0.0,0.0,0
77,0.0,0.0,0.0,0.0,0.0,0.0,0,0,0.0,0,0.0,0.0,0.0,0.0060778945239622,0.0081062316894531,0.0066757202148437,0.0066757202148437,0.0047683715820312,0.0095367431640625,0.0095367431640625,0.0047683715820312,0.0,0.0,0.0,0.0,0.496,1.36,0.0,0.0,0.0,0.0,0.0,0.0,113.256,0.0,0.0,0.0,0.0,0.0,1.192,0
78,0.0,0.0,0.0,0.0,0.0,0.0,0,0,0.0,0,0.0,0.0,0.0,0.0059841877192407,0.0083446502685546,0.0073909759521484,0.0073909759521484,0.0100135803222656,0.0071525573730468,0.0071525573730468,0.0100135803222656,0.0062942504882812,0.0080585479736328,0.0119686126708984,0.022745132446289,0.496,1.36,0.0,0.0,0.0,0.0,3.744,4.232,113.256,0.0,0.0,0.0,0.0,0.0,1.192,0
79,0.0,0.0,0.0,0.0,0.0,0.0,0,0,0.0,0,0.0,0.0,0.0,0.0067966571752575,0.0090599060058593,0.0061988830566406,0.0061988830566406,0.0038714057039056,0.0090599060058593,0.0090599060058593,0.0045299530029296,0.0060558319091796,0.0076770782470703,0.01068115234375,0.0200748443603515,0.496,1.36,0.0,0.0,0.0,0.0,3.744,4.232,144.408,0.0,0.0,0.0,0.0,0.0,37367.792,0
80,0.0,0.0,0.0,0.0,0.0,0.0,0,0,0.0,0,0.0,0.0,0.0,0.0065440562233996,0.0085830688476562,0.0138282775878906,0.0138282775878906,0.0039348165497525,0.009775161743164,0.009775161743164,0.0047683715820312,0.006270408630371,0.0086069107055664,0.0108003616333007,0.0240087509155273,0.496,1.424,0.0,0.0,0.0,0.0,8.264,7.736,117.192,0.0,0.0,0.0,0.0,0.0,1483.944,0
81,0.0,0.0,0.0,0.0,0.0,0.0,0,0,0.0,0,0.0,0.0,0.0,0.0059735774993896,0.0076532363891601,0.0095367431640625,0.0095367431640625,0.0,0.0107288360595703,0.0107288360595703,0.0,0.0,0.0,0.0,0.0,0.496,1.424,0.0,0.0,0.0,0.0,0.0,0.0,112.0,0.0,0.0,0.0,0.0,0.0,0.0,0
82,0.0,0.0,0.0,0.0,0.0,0.0,0,0,0.0,0,0.0,0.0,0.0,0.0062060356140136,0.0085830688476562,0.0085830688476562,0.0085830688476562,0.0,0.0138282775878906,0.0138282775878906,0.0,0.0,0.0,0.0,0.0,0.496,1.36,0.0,0.0,0.848,0.848,0.0,0.0,112.0,0.0,0.0104904174804687,0.0069141387939453,0.0069141387939453,0.0104904174804687,0.0,0
83,0.0,0.0,0.0,0.0,0.0,0.0,0,0,0.0,0,0.0,0.0,0.0,0.0060737133026123,0.0081062316894531,0.0064373016357421,0.0064373016357421,0.0,0.0145435333251953,0.0145435333251953,0.0,0.0,0.0,0.0,0.0,0.496,1.36,0.0,0.0,0.848,0.848,0.0,0.0,112.0,0.0,0.0061988830566406,0.0095367431640625,0.0095367431640625,0.0061988830566406,0.0,0
84,0.0,0.0,0.0,0.0,0.0,0.0,0,0,0.0,0,0.0,0.0,0.0,0.0058376789093017,0.0078678131103515,0.0073909759521484,0.0073909759521484,0.0,0.0154972076416015,0.0154972076416015,0.0,0.0,0.0,0.0,0.0,0.496,1.36,0.0,0.0,0.0,0.0,0.0,0.0,112.0,0.0,0.0,0.0,0.0,0.0,0.0,0
85,0.0,0.0,0.0,0.0,0.0,0.0,0,0,0.0,0,0.0,0.0,0.0,0.0059545336671136,0.00762939453125,0.00762939453125,0.00762939453125,0.0090599060058593,0.0107288360595703,0.0107288360595703,0.0090599060058593,0.0061511993408203,0.0077247619628906,0.0119686126708984,0.0231266021728515,0.496,1.36,0.0,0.0,0.0,0.0,3.744,4.232,113.256,0.0,0.0,0.0,0.0,0.0,1.192,0
86,0.0,0.0,0.0,0.0,0.0,0.0,0,0,0.0,0,0.0,0.0,0.0,0.0060940710242819,0.0079631805419921,0.009775161743164,0.009775161743164,0.0038970713509729,0.0073909759521484,0.0073909759521484,0.0046253204345703,0.0063896179199218,0.008249282836914,0.0123023986816406,0.0240802764892578,0.496,1.36,0.0,0.0,0.0,0.0,3.744,4.232,144.408,0.0,0.0,0.0,0.0,0.0,8645.784,0
87,0.0,0.0,0.0,0.0,0.0,0.0,0,0,0.0,0,0.0,0.0,0.0,0.0068595753380315,0.0092983245849609,0.0145435333251953,0.0145435333251953,0.0038959043528142,0.0081062316894531,0.0081062316894531,0.0045299530029296,0.0060796737670898,0.0090837478637695,0.0103950500488281,0.0244140625,0.496,1.36,0.0,0.0,0.0,0.0,8.264,7.736,113.256,0.0,0.0,0.0,0.0,0.0,11905.904,0
88,0.0,0.0,0.0,0.0,0.0,0.0,0,0,0.0,0,0.0,0.0,0.0,0.0060277410072855,0.0081062316894531,0.0081062316894531,0.0081062316894531,0.0041881028343649,0.0147819519042968,0.0147819519042968,0.0047683715820312,0.0,0.0,0.0,0.0,0.496,1.424,0.0,0.0,0.0,0.0,0.0,0.0,122.384,0.0,0.0,0.0,0.0,0.0,1280.368,0
89,0.0,0.0,0.0,0.0,0.0,0.0,0,0,0.0,0,0.0,0.0,0.0,0.0064218044281005,0.0083684921264648,0.0092983245849609,0.0092983245849609,0.0040905467479302,0.0119209289550781,0.0119209289550781,0.0050067901611328,0.0,0.0,0.0,0.0,0.496,1.392,0.0,0.0,0.0,0.0,0.0,0.0,112.0,0.0,0.0,0.0,0.0,0.0,2982.536,0
90,0.0,0.0,0.0,0.0,0.0,0.0,0,0,0.0,0,0.0,0.0,0.0,0.0062465667724609,0.0083446502685546,0.0126361846923828,0.0126361846923828,0.0,0.0131130218505859,0.0131130218505859,0.0,0.0,0.0,0.0,0.0,0.496,1.424,0.0,0.0,0.0,0.0,0.0,0.0,112.0,0.0,0.0,0.0,0.0,0.0,0.0,0
91,0.0,0.0,0.0,0.0,0.0,0.0,0,0,0.0,0,0.0,0.0,0.0,0.0060045719146728,0.0081300735473632,0.0080347061157226,0.0077486038208007,0.0,0.0123977661132812,0.0131607055664062,0.0,0.0065803527832031,0.0084877014160156,0.0124931335449218,0.022745132446289,1.344,2.24,0.0,0.0,0.0,0.0,3.744,4.232,112.0,0.0,0.0,0.0,0.0,0.0,0.0,0
92,0.0,0.0,0.0,0.0,0.0,0.0,0,0,0.0,0,0.0,0.0,0.0,0.0060553574443456,0.0081062316894531,0.005960464477539,0.005960464477539,0.0088214874267578,0.00762939453125,0.00762939453125,0.0088214874267578,0.0062942504882812,0.0079154968261718,0.0113964080810546,0.0216960906982421,0.496,1.36,0.0,0.0,0.0,0.0,3.744,4.232,113.256,0.0,0.0,0.0,0.0,0.0,1.192,0
93,0.0,0.0,0.0,0.0,0.0,0.0,0,0,0.0,0,0.0,0.0,0.0,0.0061419472765566,0.0083446502685546,0.0071525573730468,0.0071525573730468,0.0045299530029296,0.0100135803222656,0.0100135803222656,0.0045299530029296,0.0062465667724609,0.0088214874267578,0.010538101196289,0.0252962112426757,0.496,1.36,0.0,0.0,0.0,0.0,8.264,7.736,113.256,0.0,0.0,0.0,0.0,0.0,1.192,0
94,0.0,0.0,0.0,0.0,0.0,0.0,0,0,0.0,0,0.0,0.0,0.0,0.0062197157480184,0.0085830688476562,0.0078678131103515,0.0078678131103515,0.0039984782536824,0.0143051147460937,0.0143051147460937,0.0047683715820312,0.0,0.0,0.0,0.0,0.496,1.36,0.0,0.0,0.0,0.0,0.0,0.0,139.216,0.0,0.0,0.0,0.0,0.0,3167.824,0
95,0.0,0.0,0.0,0.0,0.0,0.0,0,0,0.0,0,0.0,0.0,0.0,0.0060486793518066,0.0078916549682617,0.0085830688476562,0.0085830688476562,0.0,0.0081062316894531,0.0081062316894531,0.0,0.0,0.0,0.0,0.0,0.496,1.424,0.0,0.0,0.0,0.0,0.0,0.0,112.0,0.0,0.0,0.0,0.0,0.0,0.0,0
96,0.0,0.0,0.0,0.0,0.0,0.0,0,0,0.0,0,0.0,0.0,0.0,0.0063281747239146,0.0085830688476562,0.0071525573730468,0.0071525573730468,0.0058412551879882,0.0104904174804687,0.0104904174804687,0.0072717666625976,0.0,0.0,0.0,0.0,0.496,1.36,0.0,0.0,0.0,0.0,0.0,0.0,117.192,0.0,0.0,0.0,0.0,0.0,17.408,0
97,0.0,0.0,0.0,0.0,0.0,0.0,0,0,0.0,0,0.0,0.0,0.0,0.0061002270928744,0.0083446502685546,0.0078678131103515,0.0078678131103515,0.0047958814180814,0.0143051147460937,0.0143051147460937,0.0067949295043945,0.0066280364990234,0.0094413757324218,0.0119209289550781,0.0238418579101562,0.496,1.424,0.0,0.0,0.0,0.0,3.744,4.232,127.576,0.0,0.0,0.0,0.0,0.0,242.784,0
98,0.0,0.0,0.0,0.0,0.0,0.0,0,0,0.0,0,0.0,0.0,0.0,0.0061988830566406,0.0088214874267578,0.0081062316894531,0.0081062316894531,0.0046888987223307,0.0069141387939453,0.0069141387939453,0.0060081481933593,0.0060558319091796,0.0077247619628906,0.0113487243652343,0.0213146209716796,0.496,1.424,0.0,0.0,0.0,0.0,3.744,4.232,114.6,0.0,0.0,0.0,0.0,0.0,300.392,0
99,0.0,0.0,0.0,0.0,0.0,0.0,0,0,0.0,0,0.0,0.0,0.0,0.0060814530102174,0.0081062316894531,0.0073909759521484,0.0073909759521484,0.0041604042053222,0.0085830688476562,0.0085830688476562,0.0054836273193359,0.0061988830566406,0.0086069107055664,0.0105857849121093,0.0252008438110351,0.496,1.424,0.0,0.0,0.0,0.0,8.264,7.736,113.256,0.0,0.0,0.0,0.0,0.0,780.016,0
100,0.0,0.0,0.0,0.0,0.0,0.0,0,0,0.0,0,0.0,0.0,0.0,0.0061834629495345,0.0083446502685546,0.0064373016357421,0.0064373016357421,0.0071525573730468,0.009775161743164,0.009775161743164,0.0071525573730468,0.0,0.0,0.0,0.0,0.496,1.424,0.0,0.0,0.0,0.0,0.0,0.0,113.256,0.0,0.0,0.0,0.0,0.0,1.192,0
101,0.0,0.0,0.0,0.0,0.0,0.0,0,0,0.0,0,0.0,0.0,0.0,0.0062245948641907,0.0087499618530273,0.0069141387939453,0.0069141387939453,0.0053346157073974,0.0071525573730468,0.0071525573730468,0.0071525573730468,0.0,0.0,0.0,0.0,0.496,1.36,0.0,0.0,0.0,0.0,0.0,0.0,123.664,0.0,0.0,0.0,0.0,0.0,72.032,0
102,0.0,0.0,0.0,0.0,0.0,0.0,0,0,0.0,0,0.0,0.0,0.0,0.0063020791580427,0.0081062316894531,0.0066757202148437,0.0066757202148437,0.0040382146835327,0.0178813934326171,0.0178813934326171,0.0050067901611328,0.0,0.0,0.0,0.0,0.496,1.424,0.0,0.0,0.0,0.0,0.0,0.0,117.192,0.0,0.0,0.0,0.0,0.0,2614.24,0
103,0.0,0.0,0.0,0.0,0.0,0.0,0,0,0.0,0,0.0,0.0,0.0,0.0063163131030637,0.0090599060058593,0.0085830688476562,0.0085830688476562,0.0039993262872463,0.0081062316894531,0.0081062316894531,0.0047683715820312,0.0063419342041015,0.0085353851318359,0.0107765197753906,0.0185966491699218,0.496,1.424,0.0,0.0,0.0,0.0,3.744,4.232,117.192,0.0,0.0,0.0,0.0,0.0,3054.064,0
104,0.0,0.0,0.0,0.0,0.0,0.0,0,0,0.0,0,0.0,0.0,0.0,0.0065302848815917,0.0092983245849609,0.0071525573730468,0.0071525573730468,0.0041141510009765,0.0109672546386718,0.0109672546386718,0.0050067901611328,0.0066280364990234,0.0079154968261718,0.0111579895019531,0.0207424163818359,0.496,1.424,0.0,0.0,0.0,0.0,3.744,4.232,112.0,0.0,0.0,0.0,0.0,0.0,1226.488,0
105,0.0,0.0,0.0,0.0,0.0,0.0,0,0,0.0,0,0.0,0.0,0.0,0.0062356540812781,0.0085830688476562,0.0083446502685546,0.0083446502685546,0.004659096399943,0.0112056732177734,0.0112056732177734,0.005650520324707,0.0059843063354492,0.0082969665527343,0.0106573104858398,0.0238418579101562,0.496,1.424,0.0,0.0,0.0,0.0,8.264,7.736,114.52,0.0,0.0,0.0,0.0,0.0,162.096,0
106,0.0,0.0,0.0,0.0,0.0,0.0,0,0,0.0,0,0.0,0.0,0.0,0.0061705560967473,0.0085830688476562,0.0064373016357421,0.0064373016357421,0.0082254409790039,0.0102519989013671,0.0102519989013671,0.0090837478637695,0.0,0.0,0.0,0.0,0.496,1.424,0.0,0.0,0.0,0.0,0.0,0.0,115.648,0.0,0.0,0.0,0.0,0.0,3.296,0
107,0.0,0.0,0.0,0.0,0.0,0.0,0,0,0.0,0,0.0,0.0,0.0,0.0061469502968363,0.0081062316894531,0.0107288360595703,0.0107288360595703,0.0052452087402343,0.0100135803222656,0.0100135803222656,0.0060081481933593,0.0,0.0,0.0,0.0,0.496,1.424,0.0,0.0,0.0,0.0,0.0,0.0,118.448,0.0,0.0,0.0,0.0,0.0,8.112,0
108,0.0,0.0,0.0,0.0,0.0,0.0,0,0,0.0,0,0.0,0.0,0.0,0.006543004454063,0.0085830688476562,0.0066757202148437,0.0066757202148437,0.0040678851372372,0.0102519989013671,0.0102519989013671,0.0047683715820312,0.0,0.0,0.0,0.0,0.496,1.424,0.0,0.0,0.0,0.0,0.0,0.0,123.64,0.0,0.0,0.0,0.0,0.0,5081.272,0
109,0.0,0.0,0.0,0.0,0.0,0.0,0,0,0.0,0,0.0,0.0,0.0,0.0064992904663085,0.0090837478637695,0.0073909759521484,0.0073909759521484,0.0042038684858079,0.0143051147460937,0.0143051147460937,0.0052452087402343,0.0074386596679687,0.009012222290039,0.0100612640380859,0.0177383422851562,0.496,1.424,0.0,0.0,0.0,0.0,3.744,4.232,112.0,0.0,0.0,0.0,0.0,0.0,2769.928,1
110,0.0,0.0,0.0,0.0,0.0,0.0,0,0,0.0,0,0.0,0.0,0.0,0.0059306621551513,0.0078678131103515,0.0095367431640625,0.0095367431640625,0.0,0.0100135803222656,0.0100135803222656,0.0,0.0069141387939453,0.0087499618530273,0.0114043553670247,0.0206232070922851,0.496,1.424,0.0,0.0,0.0,0.0,4.272,3.704,112.0,0.0,0.0,0.0,0.0,0.0,0.0,1
111,0.0,0.0,0.0,0.0,0.0,0.0,0,0,0.0,0,0.0,0.0,0.0,0.0058674812316894,0.0073909759521484,0.0066757202148437,0.0066757202148437,0.0,0.0138282775878906,0.0138282775878906,0.0,0.0058280097113715,0.0068187713623046,0.0096234408291903,0.0214576721191406,0.496,1.36,0.0,0.0,0.0,0.0,8.792,7.208,112.0,0.0,0.0,0.0,0.0,0.0,0.0,1
112,0.0,0.0,0.0,0.0,0.0,0.0,0,0,0.0,0,0.0,0.0,0.0,0.0062958866942162,0.0085830688476562,0.0085830688476562,0.0085830688476562,0.0044045510230126,0.0109672546386718,0.0109672546386718,0.0054836273193359,0.0,0.0,0.0,0.0,0.496,1.36,0.0,0.0,0.0,0.0,0.0,0.0,132.768,0.0,0.0,0.0,0.0,0.0,2719.072,1
113,0.0,0.0,0.0,0.0,0.0,0.0,0,0,0.0,0,0.0,0.0,0.0,0.0064989820641664,0.0088214874267578,0.0078678131103515,0.0078678131103515,0.0042035466148739,0.0123977661132812,0.0123977661132812,0.0050067901611328,0.0,0.0,0.0,0.0,0.496,1.424,0.0,0.0,0.848,0.848,0.0,0.0,113.256,0.0,0.0102519989013671,0.0138282775878906,0.0138282775878906,0.0102519989013671,4005.264,1
114,0.0,0.0,0.0,0.0,0.0,0.0,0,0,0.0,0,0.0,0.0,0.0,0.0059474812875879,0.0076055526733398,0.0069141387939453,0.0069141387939453,0.0060399373372395,0.0092983245849609,0.0092983245849609,0.0066757202148437,0.0,0.0,0.0,0.0,0.496,1.424,0.0,0.0,0.848,0.848,0.0,0.0,118.448,0.0,0.0047683715820312,0.0157356262207031,0.0157356262207031,0.0047683715820312,8.472,1
115,0.0,0.0,0.0,0.0,0.0,0.0,0,0,0.0,0,0.0,0.0,0.0,0.0060992454414937,0.0083446502685546,0.0081062316894531,0.0081062316894531,0.0066757202148437,0.0095367431640625,0.0095367431640625,0.0066757202148437,0.005960464477539,0.0078201293945312,0.0119209289550781,0.0226497650146484,0.496,1.424,0.0,0.0,0.0,0.0,3.744,4.232,113.256,0.0,0.0,0.0,0.0,0.0,1.192,1
116,0.0,0.0,0.0,0.0,0.0,0.0,0,0,0.0,0,0.0,0.0,0.0,0.006040334701538,0.0076532363891601,0.00762939453125,0.00762939453125,0.0,0.0147819519042968,0.0147819519042968,0.0,0.0065803527832031,0.0085830688476562,0.0118255615234375,0.0215053558349609,0.496,1.36,0.0,0.0,0.0,0.0,3.744,4.232,112.0,0.0,0.0,0.0,0.0,0.0,0.0,1
117,0.0,0.0,0.0,0.0,0.0,0.0,0,0,0.0,0,0.0,0.0,0.0,0.0060200691223144,0.0083446502685546,0.0066757202148437,0.0066757202148437,0.0,0.0073909759521484,0.0073909759521484,0.0,0.0060796737670898,0.0085830688476562,0.0100612640380859,0.0227212905883789,0.496,1.36,0.0,0.0,0.0,0.0,8.264,7.736,112.0,0.0,0.0,0.0,0.0,0.0,0.0,1
118,0.0,0.0,0.0,0.0,0.0,0.0,0,0,0.0,0,0.0,0.0,0.0,0.0060772895812988,0.0083446502685546,0.0069141387939453,0.0069141387939453,0.0,0.0090599060058593,0.0090599060058593,0.0,0.0,0.0,0.0,0.0,0.496,1.36,0.0,0.0,0.0,0.0,0.0,0.0,112.0,0.0,0.0,0.0,0.0,0.0,0.0,1
119,0.0,0.0,0.0,0.0,0.0,0.0,0,0,0.0,0,0.0,0.0,0.0,0.0060796737670898,0.0081300735473632,0.00762939453125,0.00762939453125,0.0,0.0107288360595703,0.0107288360595703,0.0,0.0,0.0,0.0,0.0,0.496,1.36,0.0,0.0,0.0,0.0,0.0,0.0,112.0,0.0,0.0,0.0,0.0,0.0,0.0,1
120,0.0,0.0,0.0,0.0,0.0,0.0,0,0,0.0,0,0.0,0.0,0.0,0.0062415848917035,0.0083446502685546,0.0073909759521484,0.0073909759521484,0.0092983245849609,0.0109672546386718,0.0109672546386718,0.0092983245849609,0.0,0.0,0.0,0.0,0.496,1.36,0.0,0.0,0.0,0.0,0.0,0.0,113.256,0.0,0.0,0.0,0.0,0.0,1.192,1
121,0.0,0.0,0.0,0.0,0.0,0.0,0,0,0.0,0,0.0,0.0,0.0,0.0060529851201754,0.0081062316894531,0.0071525573730468,0.0071525573730468,0.00762939453125,0.0088214874267578,0.0088214874267578,0.00762939453125,0.0063896179199218,0.0081062316894531,0.0110626220703125,0.019073486328125,0.496,1.36,0.0,0.0,0.0,0.0,3.744,4.232,113.256,0.0,0.0,0.0,0.0,0.0,1.192,1
122,0.0,0.0,0.0,0.0,0.0,0.0,0,0,0.0,0,0.0,0.0,0.0,0.0064879799810584,0.0090599060058593,0.0071287155151367,0.0060796737670898,0.0043197463670628,0.0090599060058593,0.0102043151855468,0.0052452087402343,0.0061511993408203,0.00762939453125,0.0118255615234375,0.0231266021728515,1.344,2.208,0.0,0.0,0.0,0.0,3.744,4.232,144.408,0.0,0.0,0.0,0.0,0.0,4204.392,1
123,0.0,0.0,0.0,0.0,0.0,0.0,0,0,0.0,0,0.0,0.0,0.0,0.0067460536956787,0.0085830688476562,0.0083446502685546,0.0083446502685546,0.0044302862198626,0.0088214874267578,0.0088214874267578,0.0054597854614257,0.0064849853515625,0.0083684921264648,0.0096321105957031,0.0209331512451171,0.496,1.424,0.0,0.0,0.0,0.0,8.264,7.736,116.328,0.0,0.0,0.0,0.0,0.0,1172.832,1
124,0.0,0.0,0.0,0.0,0.0,0.0,0,0,0.0,0,0.0,0.0,0.0,0.0066041946411132,0.0083446502685546,0.0088214874267578,0.0088214874267578,0.0,0.0147819519042968,0.0147819519042968,0.0,0.0,0.0,0.0,0.0,0.496,1.424,0.0,0.0,0.0,0.0,0.0,0.0,112.0,0.0,0.0,0.0,0.0,0.0,0.0,1
125,0.0,0.0,0.0,0.0,0.0,0.0,0,0,0.0,0,0.0,0.0,0.0,0.0065851211547851,0.0083446502685546,0.0064373016357421,0.0064373016357421,0.0,0.005960464477539,0.005960464477539,0.0,0.0,0.0,0.0,0.0,0.496,1.36,0.0,0.0,0.0,0.0,0.0,0.0,112.0,0.0,0.0,0.0,0.0,0.0,0.0,1
126,0.0,0.0,0.0,0.0,0.0,0.0,0,0,0.0,0,0.0,0.0,0.0,0.0066328048706054,0.0085830688476562,0.0085830688476562,0.0085830688476562,0.0,0.0104904174804687,0.0104904174804687,0.0,0.0,0.0,0.0,0.0,0.496,1.36,0.0,0.0,0.0,0.0,0.0,0.0,112.0,0.0,0.0,0.0,0.0,0.0,0.0,1
127,0.0,0.0,0.0,0.0,0.0,0.0,0,0,0.0,0,0.0,0.0,0.0,0.0064266261769764,0.0085830688476562,0.0073909759521484,0.0073909759521484,0.0067551930745442,0.0095367431640625,0.0095367431640625,0.0087738037109375,0.0066280364990234,0.0089168548583984,0.0112533569335937,0.0214099884033203,0.496,1.36,0.0,0.0,0.0,0.0,3.744,4.232,117.888,0.0,0.0,0.0,0.0,0.0,14.6,1
128,0.0,0.0,0.0,0.0,0.0,0.0,0,0,0.0,0,0.0,0.0,0.0,0.0059438582083479,0.0078678131103515,0.0104904174804687,0.0104904174804687,0.00762939453125,0.0102519989013671,0.0102519989013671,0.00762939453125,0.0058174133300781,0.0071048736572265,0.0106334686279296,0.0204086303710937,0.496,1.424,0.0,0.0,0.0,0.0,3.744,4.232,113.256,0.0,0.0,0.0,0.0,0.0,1.192,1
129,0.0,0.0,0.0,0.0,0.0,0.0,0,0,0.0,0,0.0,0.0,0.0,0.0060280757163887,0.0083446502685546,0.005960464477539,0.005960464477539,0.0052452087402343,0.0104904174804687,0.0104904174804687,0.0052452087402343,0.0065326690673828,0.0084400177001953,0.0105619430541992,0.0255346298217773,0.496,1.36,0.0,0.0,0.0,0.0,8.264,7.736,113.256,0.0,0.0,0.0,0.0,0.0,1.192,1
130,0.0,0.0,0.0,0.0,0.0,0.0,0,0,0.0,0,0.0,0.0,0.0,0.0062251091003417,0.0085830688476562,0.0092983245849609,0.0092983245849609,0.0,0.009775161743164,0.009775161743164,0.0,0.0,0.0,0.0,0.0,0.496,1.36,0.0,0.0,0.0,0.0,0.0,0.0,112.0,0.0,0.0,0.0,0.0,0.0,0.0,1
131,0.0,0.0,0.0,0.0,0.0,0.0,0,0,0.0,0,0.0,0.0,0.0,0.006040334701538,0.0083446502685546,0.0069141387939453,0.0069141387939453,0.0,0.0090599060058593,0.0090599060058593,0.0,0.0064883913312639,0.0083446502685546,0.0094473361968994,0.0181198120117187,0.496,1.36,0.0,0.0,0.0,0.0,11.304,10.784,112.0,0.0,0.0,0.0,0.0,0.0,0.0,1
132,0.0,0.0,0.0,0.0,0.0,0.0,0,0,0.0,0,0.0,0.0,0.0,0.0065738715014411,0.0091791152954101,0.00762939453125,0.00762939453125,0.0041904505233318,0.0131130218505859,0.0131130218505859,0.0050067901611328,0.0,0.0,0.0,0.0,0.496,1.36,0.0,0.0,0.0,0.0,0.0,0.0,143.152,0.0,0.0,0.0,0.0,0.0,6724.544,1
133,0.0,0.0,0.0,0.0,0.0,0.0,0,0,0.0,0,0.0,0.0,0.0,0.0065433979034423,0.0092983245849609,0.009775161743164,0.009775161743164,0.0043028876894996,0.0095367431640625,0.0095367431640625,0.0052452087402343,0.0061511993408203,0.0077724456787109,0.0113964080810546,0.0214099884033203,0.496,1.36,0.0,0.0,0.0,0.0,3.744,4.232,112.0,0.0,0.0,0.0,0.0,0.0,1654.032,1
134,0.0,0.0,0.0,0.0,0.0,0.0,0,0,0.0,0,0.0,0.0,0.0,0.0058477790794562,0.00762939453125,0.009775161743164,0.009775161743164,0.0061988830566406,0.0085830688476562,0.0085830688476562,0.0061988830566406,0.006723403930664,0.0084877014160156,0.0110626220703125,0.0215530395507812,0.496,1.424,0.0,0.0,0.0,0.0,3.744,4.232,113.256,0.0,0.0,0.0,0.0,0.0,1.192,1
135,0.0,0.0,0.0,0.0,0.0,0.0,0,0,0.0,0,0.0,0.0,0.0,0.0061002270928744,0.0080585479736328,0.005960464477539,0.005960464477539,0.0046825408935546,0.0112056732177734,0.0112056732177734,0.0065326690673828,0.0062227249145507,0.0081539154052734,0.0104904174804687,0.0233650207519531,0.496,1.36,0.0,0.0,0.0,0.0,8.264,7.736,123.64,0.0,0.0,0.0,0.0,0.0,246.952,1
136,0.0,0.0,0.0,0.0,0.0,0.0,0,0,0.0,0,0.0,0.0,0.0,0.0060517989580904,0.0085830688476562,0.0069141387939453,0.0069141387939453,0.0071525573730468,0.0078678131103515,0.0078678131103515,0.0071525573730468,0.0,0.0,0.0,0.0,0.496,1.424,0.0,0.0,0.0,0.0,0.0,0.0,113.256,0.0,0.0,0.0,0.0,0.0,1.192,1
137,0.0,0.0,0.0,0.0,0.0,0.0,0,0,0.0,0,0.0,0.0,0.0,0.0060772895812988,0.0081062316894531,0.0092983245849609,0.0092983245849609,0.0,0.0150203704833984,0.0150203704833984,0.0,0.0,0.0,0.0,0.0,0.496,1.36,0.0,0.0,0.0,0.0,0.0,0.0,112.0,0.0,0.0,0.0,0.0,0.0,0.0,1
138,0.0,0.0,0.0,0.0,0.0,0.0,0,0,0.0,0,0.0,0.0,0.0,0.0061750411987304,0.0088214874267578,0.0066757202148437,0.0066757202148437,0.0,0.0131130218505859,0.0131130218505859,0.0,0.0,0.0,0.0,0.0,0.496,1.36,0.0,0.0,0.0,0.0,0.0,0.0,112.0,0.0,0.0,0.0,0.0,0.0,0.0,1
139,0.0,0.0,0.0,0.0,0.0,0.0,0,0,0.0,0,0.0,0.0,0.0,0.0060820579528808,0.0085830688476562,0.005960464477539,0.005960464477539,0.0,0.0081062316894531,0.0081062316894531,0.0,0.0060081481933593,0.007486343383789,0.0106334686279296,0.019693374633789,0.496,1.36,0.0,0.0,0.0,0.0,3.744,4.232,112.0,0.0,0.0,0.0,0.0,0.0,0.0,1
140,0.0,0.0,0.0,0.0,0.0,0.0,0,0,0.0,0,0.0,0.0,0.0,0.0063395500183105,0.0081062316894531,0.0064373016357421,0.0064373016357421,0.0,0.0073909759521484,0.0073909759521484,0.0,0.0066757202148437,0.0084877014160156,0.011444091796875,0.0218868255615234,0.496,1.36,0.0,0.0,0.0,0.0,3.744,4.232,112.0,0.0,0.0,0.0,0.0,0.0,0.0,1
141,0.0,0.0,0.0,0.0,0.0,0.0,0,0,0.0,0,0.0,0.0,0.0,0.0063258023997444,0.0083446502685546,0.0092983245849609,0.0092983245849609,0.0061988830566406,0.0069141387939453,0.0069141387939453,0.0061988830566406,0.0064373016357421,0.0090837478637695,0.010991096496582,0.0260114669799804,0.496,1.36,0.0,0.0,0.0,3.312,8.264,7.736,113.256,0.0,4949.331164360046,1049.5367050170898,1049.5367050170898,10201.294541358948,1.192,1
142,0.0,0.0,0.0,0.0,0.0,0.0,0,0,0.0,0,0.0,0.0,0.0,0.0064453640997697,0.0085830688476562,0.0081062316894531,0.0081062316894531,0.0042144440481443,0.0131130218505859,0.0131130218505859,0.0050067901611328,0.0,0.0,0.0,0.0,0.496,1.36,1.0,1.0,3.632,4.096,0.0,0.0,144.408,66.66666666666666,3342.4715655190603,0.0145435333251953,0.0145435333251953,8946.812534332275,4576.984,1
143,0.0,0.0,0.0,0.0,0.0,0.0,0,0,0.0,0,0.0,0.0,0.0,0.0058869224282639,0.00762939453125,0.0112056732177734,0.0112056732177734,0.0047683715820312,0.013589859008789,0.013589859008789,0.0047683715820312,0.0,0.0,0.0,0.0,0.496,1.424,0.0,0.0,1.696,1.696,0.0,0.0,113.256,0.0,0.0089406967163085,0.0104904174804687,0.0127792358398437,0.0126600265502929,1.192,1
144,0.0,0.0,0.0,0.0,0.0,0.0,0,0,0.0,0,0.0,0.0,0.0,0.0058975978870296,0.0081062316894531,0.0071525573730468,0.0071525573730468,0.0049647162942325,0.0071525573730468,0.0071525573730468,0.0077724456787109,0.0,0.0,0.0,0.0,0.496,1.424,0.0,1.0,0.0,3.6,0.0,0.0,117.192,100.0,1851.5394926071167,0.0,0.0,7103.502869606018,163.768,1
145,0.0,0.0,0.0,0.0,0.0,0.0,0,0,0.0,0,0.0,0.0,0.0,0.0063983520658889,0.0087976455688476,0.0073909759521484,0.0073909759521484,0.0043519481814285,0.0081062316894531,0.0081062316894531,0.0054836273193359,0.0068187713623046,0.0080585479736328,0.0107288360595703,0.0202655792236328,0.496,1.424,0.0,0.0,0.0,0.848,3.744,4.232,122.384,100.0,0.0100135803222656,0.0,0.0,0.0100135803222656,2090.792,1
146,0.0,0.0,0.0,0.0,0.0,0.0,0,0,0.0,0,0.0,0.0,0.0,0.0064420462840825,0.0088214874267578,0.0071525573730468,0.0071525573730468,0.0043157803810248,0.0138282775878906,0.0138282775878906,0.0050783157348632,0.0061511993408203,0.0078678131103515,0.0107288360595703,0.019693374633789,0.496,1.424,0.0,1.0,0.0,3.6,3.744,4.232,117.192,100.0,-196.46131992340088,0.0,0.0,5055.5020570755005,1128.32,1
147,0.0,0.0,0.0,0.0,0.0,0.0,0,0,0.0,0,0.0,0.0,0.0,0.0065238914679532,0.0088214874267578,0.0109672546386718,0.0109672546386718,0.0041525920772768,0.017404556274414,0.017404556274414,0.0050067901611328,0.006413459777832,0.0088930130004882,0.0108718872070312,0.0282049179077148,0.496,1.392,0.0,0.0,0.0,0.0,8.264,7.736,117.192,100.0,0.0,0.0,0.0,0.0,4533.72,1
148,0.0,0.0,0.0,0.0,0.0,0.0,0,0,0.0,0,0.0,0.0,0.0,0.0062297232708527,0.0085830688476562,0.00762939453125,0.00762939453125,0.0049140718248155,0.011444091796875,0.011444091796875,0.0067472457885742,0.0,0.0,0.0,0.0,0.496,1.424,0.0,0.0,0.848,0.848,0.0,0.0,114.264,0.0,0.0116825103759765,0.0100135803222656,0.0100135803222656,0.0116825103759765,168.816,1
149,0.0,0.0,0.0,0.0,0.0,0.0,0,0,0.0,0,0.0,0.0,0.0,0.006233281757108,0.0083446502685546,0.0073909759521484,0.0073909759521484,0.0045299530029296,0.0121593475341796,0.0121593475341796,0.0045299530029296,0.0,0.0,0.0,0.0,0.496,1.424,0.0,0.0,0.0,0.0,0.0,0.0,113.256,0.0,0.0,0.0,0.0,0.0,1.192,1
150,0.0,0.0,0.0,0.0,0.0,0.0,0,0,0.0,0,0.0,0.0,0.0,0.0060992454414937,0.0083446502685546,0.0116825103759765,0.0116825103759765,0.0049273173014322,0.011444091796875,0.011444091796875,0.00762939453125,0.0,0.0,0.0,0.0,0.496,1.36,0.0,1.0,0.0,3.6,0.0,0.0,117.888,100.0,-4228.452086448669,0.0,0.0,1023.511290550232,175.8,1
151,0.0,0.0,0.0,0.0,0.0,0.0,0,0,0.0,0,0.0,0.0,0.0,0.0060050945563856,0.0082969665527343,0.0064373016357421,0.0064373016357421,0.0046872078104222,0.0071525573730468,0.0071525573730468,0.0063896179199218,0.0061392784118652,0.007033348083496,0.0100135803222656,0.0176429748535156,0.496,1.424,0.0,0.0,0.848,0.848,4.272,3.704,123.64,0.0,0.0073909759521484,0.0066757202148437,0.0066757202148437,0.0073909759521484,425.992,1
152,0.0,0.0,0.0,0.0,0.0,0.0,0,0,0.0,0,0.0,0.0,0.0,0.0061655044555664,0.0081062316894531,0.0069141387939453,0.0069141387939453,0.0,0.013589859008789,0.013589859008789,0.0,0.0060558319091796,0.0075817108154296,0.0112533569335937,0.0208854675292968,0.496,1.36,0.0,1.0,4.608,8.784,3.744,4.232,112.0,0.0,-4068.765269385444,343.479871749878,824.3409633636475,206.7716598510744,0.0,1
153,0.0,0.0,0.0,0.0,0.0,0.0,0,0,0.0,0,0.0,0.0,0.0,0.0058245658874511,0.00762939453125,0.0060558319091796,0.0054836273193359,0.0,0.0141859054565429,0.016951560974121,0.0,0.0061511993408203,0.0086784362792968,0.010991096496582,0.0270366668701171,1.344,2.272,1.0,1.0,1.504,3.376,8.264,7.736,112.0,25.0,197.6004123687744,671.3834603627523,1611.3093376159668,1213.0676269531252,0.0,1
154,0.0,0.0,0.0,0.0,0.0,0.0,0,0,0.0,0,0.0,0.0,0.0,0.0060081481933593,0.0078678131103515,0.0073909759521484,0.0073909759521484,0.0,0.011444091796875,0.011444091796875,0.0,0.0,0.0,0.0,0.0,0.496,1.36,0.0,0.0,0.0,0.848,0.0,0.0,112.0,100.0,0.011444091796875,0.0,0.0,0.011444091796875,0.0,1
155,0.0,0.0,0.0,0.0,0.0,0.0,0,0,0.0,0,0.0,0.0,0.0,0.0065448237400428,0.0088214874267578,0.0073909759521484,0.0073909759521484,0.0042457881953323,0.0202655792236328,0.0202655792236328,0.0050067901611328,0.0,0.0,0.0,0.0,0.496,1.36,1.0,1.0,0.944,5.12,0.0,0.0,132.768,50.0,-673.9136377970377,0.0102519989013671,0.0102519989013671,0.008249282836914,4067.096,1
156,0.0,0.0,0.0,0.0,0.0,0.0,0,0,0.0,0,0.0,0.0,0.0,0.0064811896328902,0.0090599060058593,0.0107288360595703,0.0107288360595703,0.0095367431640625,0.0078678131103515,0.0078678131103515,0.0095367431640625,0.0,0.0,0.0,0.0,0.496,1.424,0.0,0.0,0.496,0.0,0.0,0.0,113.256,0.0,0.0,0.0071525573730468,0.0071525573730468,0.0,1.192,1
157,0.0,0.0,0.0,0.0,0.0,0.0,0,0,0.0,0,0.0,0.0,0.0,0.0061716013286837,0.0081062316894531,0.0102519989013671,0.0102519989013671,0.0066757202148437,0.0123977661132812,0.0123977661132812,0.0066757202148437,0.0061988830566406,0.0066041946411132,0.0111262003580729,0.0203847885131835,0.496,1.36,0.0,0.0,0.0,0.0,4.272,3.704,113.256,100.0,0.0,0.0,0.0,0.0,1.192,1
158,0.0,0.0,0.0,0.0,0.0,0.0,0,0,0.0,0,0.0,0.0,0.0,0.0061846491116196,0.0085830688476562,0.0069141387939453,0.0069141387939453,0.0069141387939453,0.0100135803222656,0.0100135803222656,0.0069141387939453,0.0062465667724609,0.0083446502685546,0.0115871429443359,0.0220298767089843,0.496,1.36,0.0,0.0,0.0,0.0,3.744,4.232,113.256,100.0,0.0,0.0,0.0,0.0,1.192,1
159,0.0,0.0,0.0,0.0,0.0,0.0,0,0,0.0,0,0.0,0.0,0.0,0.0061649902194154,0.0083446502685546,0.0109672546386718,0.0109672546386718,0.0042861311699108,0.0066757202148437,0.0066757202148437,0.0052452087402343,0.0065565109252929,0.0086545944213867,0.0106096267700195,0.0237464904785156,0.496,1.36,0.0,0.0,0.0,0.0,8.264,7.736,132.768,100.0,0.0,0.0,0.0,0.0,3347.608,1
160,0.0,0.0,0.0,0.0,0.0,0.0,0,0,0.0,0,0.0,0.0,0.0,0.0064467909324228,0.0088214874267578,0.0073909759521484,0.0073909759521484,0.0043254006992686,0.0081062316894531,0.0081062316894531,0.0054836273193359,0.0,0.0,0.0,0.0,0.496,1.424,0.0,0.0,0.848,0.848,0.0,0.0,117.192,0.0,0.0069141387939453,0.0073909759521484,0.0073909759521484,0.0069141387939453,1689.648,1
161,0.0,0.0,0.0,0.0,0.0,0.0,0,0,0.0,0,0.0,0.0,0.0,0.0059950351715087,0.0081062316894531,0.0095367431640625,0.0095367431640625,0.0,0.0081062316894531,0.0081062316894531,0.0,0.0,0.0,0.0,0.0,0.496,1.424,0.0,0.0,0.0,0.0,0.0,0.0,112.0,0.0,0.0,0.0,0.0,0.0,0.0,1
162,0.0,0.0,0.0,0.0,0.0,0.0,0,0,0.0,0,0.0,0.0,0.0,0.0062024593353271,0.0083446502685546,0.0071525573730468,0.0071525573730468,0.0,0.0078678131103515,0.0078678131103515,0.0,0.0,0.0,0.0,0.0,0.496,1.36,0.0,0.0,0.0,0.0,0.0,0.0,112.0,0.0,0.0,0.0,0.0,0.0,0.0,1
163,0.0,0.0,0.0,0.0,0.0,0.0,0,0,0.0,0,0.0,0.0,0.0,0.0061680428424284,0.0085830688476562,0.0083446502685546,0.0083446502685546,0.0104904174804687,0.0116825103759765,0.0116825103759765,0.0104904174804687,0.0070095062255859,0.0088691711425781,0.0124931335449218,0.0244140625,0.496,1.36,0.0,0.0,0.0,0.0,3.744,4.232,113.256,0.0,0.0,0.0,0.0,0.0,1.192,1
164,0.0,0.0,0.0,0.0,0.0,0.0,0,0,0.0,0,0.0,0.0,0.0,0.0062024415428958,0.0083446502685546,0.00762939453125,0.00762939453125,0.005960464477539,0.011444091796875,0.011444091796875,0.005960464477539,0.0060558319091796,0.0078201293945312,0.0118732452392578,0.0226497650146484,0.496,1.36,0.0,0.0,0.0,0.0,3.744,4.232,113.256,0.0,0.0,0.0,0.0,0.0,1.192,1
165,0.0,0.0,0.0,0.0,0.0,0.0,0,0,0.0,0,0.0,0.0,0.0,0.0060790806860473,0.0085830688476562,0.0085830688476562,0.0085830688476562,0.0085830688476562,0.0123977661132812,0.0123977661132812,0.0085830688476562,0.0062942504882812,0.0084400177001953,0.0105619430541992,0.0245571136474609,0.496,1.36,0.0,0.0,0.0,0.0,8.264,7.736,113.256,0.0,0.0,0.0,0.0,0.0,1.192,1
166,0.0,0.0,0.0,0.0,0.0,0.0,0,0,0.0,0,0.0,0.0,0.0,0.0059130179941357,0.0078678131103515,0.00762939453125,0.00762939453125,0.0058412551879882,0.0123977661132812,0.0123977661132812,0.0070810317993164,0.0,0.0,0.0,0.0,0.496,1.36,0.0,0.0,0.0,0.0,0.0,0.0,117.192,0.0,0.0,0.0,0.0,0.0,22.864,1
167,0.0,0.0,0.0,0.0,0.0,0.0,0,0,0.0,0,0.0,0.0,0.0,0.0064731801597817,0.0088214874267578,0.0071525573730468,0.0071525573730468,0.0046166506680575,0.0133514404296875,0.0133514404296875,0.0054836273193359,0.0,0.0,0.0,0.0,0.496,1.424,0.0,0.0,0.0,0.0,0.0,0.0,139.856,100.0,0.0,0.0,0.0,0.0,500.504,1
168,0.0,0.0,0.0,0.0,0.0,0.0,0,0,0.0,0,0.0,0.0,0.0,0.0066104813001642,0.0083446502685546,0.0092983245849609,0.0092983245849609,0.0048672280660489,0.0088214874267578,0.0088214874267578,0.005960464477539,0.0,0.0,0.0,0.0,0.496,1.424,0.0,0.0,0.0,0.0,0.0,0.0,114.584,100.0,0.0,0.0,0.0,0.0,425.2,1
169,0.0,0.0,0.0,0.0,0.0,0.0,0,0,0.0,0,0.0,0.0,0.0,0.0062024593353271,0.0088214874267578,0.0069141387939453,0.0069141387939453,0.0052452087402343,0.0123977661132812,0.0123977661132812,0.0059127807617187,0.0066280364990234,0.0080108642578125,0.0115394592285156,0.0214099884033203,0.496,1.424,0.0,0.0,0.0,0.0,3.744,4.232,112.0,100.0,0.0,0.0,0.0,0.0,16.072,1
170,0.0,0.0,0.0,0.0,0.0,0.0,0,0,0.0,0,0.0,0.0,0.0,0.006688639448194,0.0088214874267578,0.0078678131103515,0.0078678131103515,0.0040661433246906,0.009775161743164,0.009775161743164,0.0047683715820312,0.006103515625,0.0080585479736328,0.0115871429443359,0.0224113464355468,0.496,1.392,0.0,0.0,0.0,0.0,3.744,4.232,123.64,100.0,0.0,0.0,0.0,0.0,16658.376,1
171,0.0,0.0,0.0,0.0,0.0,0.0,0,0,0.0,0,0.0,0.0,0.0,0.0071608194030157,0.009775161743164,0.0100135803222656,0.0100135803222656,0.0040676552047169,0.0104904174804687,0.0104904174804687,0.0047683715820312,0.0067710876464843,0.0099897384643554,0.0105857849121093,0.023508071899414,0.496,1.424,0.0,0.0,0.0,0.0,8.264,7.736,118.448,100.0,0.0,0.0,0.0,0.0,19444.008,1
172,0.0,0.0,0.0,0.0,0.0,0.0,0,0,0.0,0,0.0,0.0,0.0,0.0061087347381743,0.0085830688476562,0.0081062316894531,0.0081062316894531,0.00762939453125,0.0090599060058593,0.0090599060058593,0.00762939453125,0.0,0.0,0.0,0.0,0.496,1.424,0.0,0.0,0.0,0.0,0.0,0.0,113.256,100.0,0.0,0.0,0.0,0.0,1.192,1
173,0.0,0.0,0.0,0.0,0.0,0.0,0,0,0.0,0,0.0,0.0,0.0,0.0060296058654785,0.00762939453125,0.0109672546386718,0.0109672546386718,0.0,0.0166893005371093,0.0166893005371093,0.0,0.0,0.0,0.0,0.0,0.496,1.392,0.0,0.0,0.0,0.0,0.0,0.0,112.0,100.0,0.0,0.0,0.0,0.0,0.0,1
174,0.0,0.0,0.0,0.0,0.0,0.0,0,0,0.0,0,0.0,0.0,0.0,0.0061023235321044,0.0078678131103515,0.00762939453125,0.00762939453125,0.0,0.0133514404296875,0.0133514404296875,0.0,0.0,0.0,0.0,0.0,0.496,1.36,0.0,0.0,0.0,0.0,0.0,0.0,112.0,100.0,0.0,0.0,0.0,0.0,0.0,1
175,0.0,0.0,0.0,0.0,0.0,0.0,0,0,0.0,0,0.0,0.0,0.0,0.0070368542390711,0.0092983245849609,0.0088214874267578,0.0088214874267578,0.0040755519546693,0.0185966491699218,0.0185966491699218,0.0047683715820312,0.0060081481933593,0.0076770782470703,0.0108242034912109,0.0202655792236328,0.496,1.36,0.0,0.0,0.0,0.0,3.744,4.232,132.768,100.0,0.0,0.0,0.0,0.0,28183.448,1
176,0.0,0.0,0.0,0.0,0.0,0.0,0,0,0.0,0,0.0,0.0,0.0,0.007298455309512,0.0100135803222656,0.0133514404296875,0.0133514404296875,0.0040996505553463,0.0152587890625,0.0152587890625,0.0047683715820312,0.0058174133300781,0.0075340270996093,0.010538101196289,0.0191211700439453,0.496,1.424,0.0,0.0,0.0,0.0,3.744,4.232,117.192,100.0,0.0,0.0,0.0,0.0,22720.168,1
177,0.0,0.0,0.0,0.0,0.0,0.0,0,0,0.0,0,0.0,0.0,0.0,0.006162112032003,0.0083446502685546,0.0102519989013671,0.0102519989013671,0.0085830688476562,0.0121593475341796,0.0121593475341796,0.0085830688476562,0.0,0.0,0.0,0.0,0.496,1.424,0.0,0.0,0.0,3.312,0.0,0.0,113.256,0.0,508.4327459335327,16441.656589508057,16441.656589508057,915.172266960144,1.192,1
178,0.0,0.0,0.0,0.0,0.0,0.0,0,0,0.0,0,0.0,0.0,0.0,0.0062107446774914,0.0083446502685546,0.0090599060058593,0.0090599060058593,0.0052452087402343,0.0092983245849609,0.0092983245849609,0.0052452087402343,0.0,0.0,0.0,0.0,0.496,1.392,0.0,1.0,1.008,3.84,0.0,0.0,113.256,0.0,2514.04732465744,0.0064373016357421,0.0064373016357421,7751.116132736208,1.192,1
179,0.0,0.0,0.0,0.0,0.0,0.0,0,0,0.0,0,0.0,0.0,0.0,0.0061882075978748,0.0088214874267578,0.00762939453125,0.00762939453125,0.0081062316894531,0.00762939453125,0.00762939453125,0.0081062316894531,0.0,0.0,0.0,0.0,0.496,1.36,0.0,0.0,0.0,0.848,0.0,0.0,113.256,100.0,0.0090599060058593,0.0,0.0,0.0090599060058593,1.192,1
180,0.0,0.0,0.0,0.0,0.0,0.0,0,0,0.0,0,0.0,0.0,0.0,0.0061428546905517,0.0083446502685546,0.0088214874267578,0.0088214874267578,0.0,0.0064373016357421,0.0064373016357421,0.0,0.0,0.0,0.0,0.0,0.496,1.36,0.0,0.0,0.848,0.848,0.0,0.0,112.0,0.0,0.005960464477539,0.0066757202148437,0.0066757202148437,0.005960464477539,0.0,1
181,0.0,0.0,0.0,0.0,0.0,0.0,0,0,0.0,0,0.0,0.0,0.0,0.0060009956359863,0.0081062316894531,0.0061988830566406,0.0061988830566406,0.0,0.0104904174804687,0.0104904174804687,0.0,0.0,0.0,0.0,0.0,0.496,1.36,0.0,0.0,0.0,0.0,0.0,0.0,112.0,0.0,0.0,0.0,0.0,0.0,0.0,1
182,0.0,0.0,0.0,0.0,0.0,0.0,0,0,0.0,0,0.0,0.0,0.0,0.0060657853061713,0.0081062316894531,0.0088214874267578,0.0088214874267578,0.0040541661468371,0.0088214874267578,0.0088214874267578,0.0047683715820312,0.0,0.0,0.0,0.0,0.496,1.36,0.0,0.0,0.0,0.0,0.0,0.0,141.568,0.0,0.0,0.0,0.0,0.0,5057.488,1
183,0.0,0.0,0.0,0.0,0.0,0.0,0,0,0.0,0,0.0,0.0,0.0,0.0071525573730468,0.0095605850219726,0.0109672546386718,0.0109672546386718,0.0041118415570011,0.009775161743164,0.009775161743164,0.0047683715820312,0.0,0.0,0.0,0.0,0.496,1.36,0.0,0.0,0.0,0.0,0.0,0.0,116.632,0.0,0.0,0.0,0.0,0.0,19518.488,1
184,0.0,0.0,0.0,0.0,0.0,0.0,0,0,0.0,0,0.0,0.0,0.0,0.0072493411526821,0.0095367431640625,0.0085830688476562,0.0085830688476562,0.0041447328717521,0.0150203704833984,0.0150203704833984,0.0050067901611328,0.0,0.0,0.0,0.0,0.496,1.424,0.0,0.0,0.0,0.0,0.0,0.0,118.448,0.0,0.0,0.0,0.0,0.0,14353.56,1
185,0.0,0.0,0.0,0.0,0.0,0.0,0,0,0.0,0,0.0,0.0,0.0,0.0068607615001166,0.0095367431640625,0.0077724456787109,0.0073909759521484,0.0041469657041719,0.0151395797729492,0.0213384628295898,0.0050067901611328,0.0,0.0,0.0,0.0,1.344,2.272,0.0,0.0,0.0,0.0,0.0,0.0,113.256,0.0,0.0,0.0,0.0,0.0,6347.432,1
186,0.0,0.0,0.0,0.0,0.0,0.0,0,0,0.0,0,0.0,0.0,0.0,0.0062283903065294,0.0088214874267578,0.0066757202148437,0.0066757202148437,0.0054041544596354,0.009775161743164,0.009775161743164,0.006723403930664,0.0,0.0,0.0,0.0,0.496,1.424,0.0,0.0,0.848,0.848,0.0,0.0,116.096,0.0,0.0045299530029296,0.0102519989013671,0.0102519989013671,0.0045299530029296,34.36,1
187,0.0,0.0,0.0,0.0,0.0,0.0,0,0,0.0,0,0.0,0.0,0.0,0.0063860416412353,0.0086069107055664,0.0069141387939453,0.0069141387939453,0.0,0.0133514404296875,0.0133514404296875,0.0,0.0,0.0,0.0,0.0,0.496,1.36,0.0,0.0,0.0,0.0,0.0,0.0,112.0,0.0,0.0,0.0,0.0,0.0,0.0,1
188,0.0,0.0,0.0,0.0,0.0,0.0,0,0,0.0,0,0.0,0.0,0.0,0.0059616565704345,0.0078916549682617,0.0066757202148437,0.0066757202148437,0.0,0.0085830688476562,0.0085830688476562,0.0,0.0,0.0,0.0,0.0,0.496,1.424,0.0,0.0,0.0,3.312,0.0,0.0,112.0,100.0,524.935245513916,0.0,0.0,944.8760032653807,0.0,1
189,0.0,0.0,0.0,0.0,0.0,0.0,0,0,0.0,0,0.0,0.0,0.0,0.0062179565429687,0.0085830688476562,0.0066757202148437,0.0066757202148437,0.0,0.0116825103759765,0.0116825103759765,0.0,0.0,0.0,0.0,0.0,0.496,1.36,0.0,1.0,1.008,3.872,0.0,0.0,112.0,0.0,-3030.709147453308,0.019073486328125,0.019073486328125,0.0091075897216796,0.0,1
190,0.0,0.0,0.0,0.0,0.0,0.0,0,0,0.0,0,0.0,0.0,0.0,0.0065349951023008,0.0092983245849609,0.0090599060058593,0.0090599060058593,0.0040740599557667,0.0116825103759765,0.0116825103759765,0.0047683715820312,0.0,0.0,0.0,0.0,0.496,1.36,0.0,0.0,0.848,0.848,0.0,0.0,137.96,0.0,0.0088214874267578,0.0066757202148437,0.0066757202148437,0.0088214874267578,18336.4,1
191,0.0,0.0,0.0,0.0,0.0,0.0,0,0,0.0,0,0.0,0.0,0.0,0.0073968774021261,0.0102519989013671,0.0095367431640625,0.0095367431640625,0.0040563904791991,0.0178813934326171,0.0178813934326171,0.0047683715820312,0.0066280364990234,0.0084400177001953,0.0101248423258463,0.0206947326660156,0.496,1.424,0.0,0.0,0.0,0.0,10.776,11.312,118.448,0.0,0.0,0.0,0.0,0.0,42295.04,1
192,0.0,0.0,0.0,0.0,0.0,0.0,0,0,0.0,0,0.0,0.0,0.0,0.0071062970517286,0.009775161743164,0.0104904174804687,0.0104904174804687,0.0071525573730468,0.0121593475341796,0.0121593475341796,0.0071525573730468,0.0,0.0,0.0,0.0,0.496,1.424,0.0,0.0,0.0,0.0,0.0,0.0,113.256,0.0,0.0,0.0,0.0,0.0,1.192,1
193,0.0,0.0,0.0,0.0,0.0,0.0,0,0,0.0,0,0.0,0.0,0.0,0.0064586525532736,0.0083446502685546,0.0083446502685546,0.0083446502685546,0.0061988830566406,0.0107288360595703,0.0107288360595703,0.0061988830566406,0.0,0.0,0.0,0.0,0.496,1.424,1.0,0.0,6.432,1.44,0.0,0.0,113.256,0.0,0.0085830688476562,0.0092983245849609,0.0125408172607421,0.0089645385742187,1.192,1
194,0.0,0.0,0.0,0.0,0.0,0.0,0,0,0.0,0,0.0,0.0,0.0,0.0060462951660156,0.0081062316894531,0.0078678131103515,0.0078678131103515,0.0,0.0078678131103515,0.0078678131103515,0.0,0.0,0.0,0.0,0.0,0.496,1.36,0.0,0.0,0.848,0.848,0.0,0.0,112.0,0.0,0.0040531158447265,0.00762939453125,0.00762939453125,0.0040531158447265,0.0,1
195,0.0,0.0,0.0,0.0,0.0,0.0,0,0,0.0,0,0.0,0.0,0.0,0.0059950351715087,0.0081539154052734,0.0102519989013671,0.0102519989013671,0.0,0.0107288360595703,0.0107288360595703,0.0,0.0,0.0,0.0,0.0,0.496,1.36,0.0,0.0,0.0,0.0,0.0,0.0,112.0,0.0,0.0,0.0,0.0,0.0,0.0,1
196,0.0,0.0,0.0,0.0,0.0,0.0,0,0,0.0,0,0.0,0.0,0.0,0.0062000751495361,0.0083446502685546,0.0095367431640625,0.0095367431640625,0.0,0.0081062316894531,0.0081062316894531,0.0,0.0,0.0,0.0,0.0,0.496,1.36,0.0,0.0,0.0,0.0,0.0,0.0,112.0,0.0,0.0,0.0,0.0,0.0,0.0,1
197,0.0,0.0,0.0,0.0,0.0,0.0,0,0,0.0,0,0.0,0.0,0.0,0.0060951709747314,0.0083446502685546,0.0095367431640625,0.0095367431640625,0.0,0.009775161743164,0.009775161743164,0.0,0.0,0.0,0.0,0.0,0.496,1.36,0.0,0.0,0.0,0.0,0.0,0.0,112.0,0.0,0.0,0.0,0.0,0.0,0.0,1
198,0.0,0.0,0.0,0.0,0.0,0.0,0,0,0.0,0,0.0,0.0,0.0,0.0068254516896418,0.0097274780273437,0.009775161743164,0.009775161743164,0.00413198372072,0.0147819519042968,0.0147819519042968,0.0050067901611328,0.0,0.0,0.0,0.0,0.496,1.36,0.0,0.0,0.0,0.0,0.0,0.0,142.248,0.0,0.0,0.0,0.0,0.0,16015.56,1
199,0.0,0.0,0.0,0.0,0.0,0.0,0,0,0.0,0,0.0,0.0,0.0,0.0067477179045724,0.0090599060058593,0.0081062316894531,0.0081062316894531,0.0041643778483072,0.0112056732177734,0.0112056732177734,0.0050067901611328,0.0,0.0,0.0,0.0,0.496,1.424,0.0,0.0,3.28,4.928,0.0,0.0,118.448,0.0,344.9292182922363,1540.0344133377075,2772.0545053482056,827.8205394744873,9889.104,1
200,0.0,0.0,0.0,0.0,0.0,0.0,0,0,0.0,0,0.0,0.0,0.0,0.0061490642490671,0.0081062316894531,0.0088214874267578,0.0088214874267578,0.0045299530029296,0.0085830688476562,0.0085830688476562,0.0045299530029296,0.0,0.0,0.0,0.0,0.496,1.424,1.0,1.0,0.528,1.488,0.0,0.0,113.256,0.0,-517.3705816268921,1024.006962776184,1843.206238746643,-103.46362590789796,1.192,1
