time_seconds,a1_retransmissions_ul_count,a1_retransmissions_dl_count,a1_packet_loss_ul_percentage,a1_packet_loss_dl_percentage,e2_du_packet_loss_ul_percentage,e2_du_packet_loss_dl_percentage,e2_du_retransmissions_ul_count,e2_du_retransmissions_dl_count,f1_c_packet_loss_dl_percentage,f1_c_packet_loss_ul_percentage,f1_c_retransmissions_dl_count,f1_c_retransmissions_ul_count,f1_u_retransmissions_dl_count,f1_u_retransmissions_ul_count,f1_u_packet_loss_ul_percentage,f1_u_latency_p90_ul_ms,f1_u_latency_mean_ul_ms,e2_du_latency_mean_ul_ms,e2_du_latency_p90_ul_ms,f1_c_latency_mean_ul_ms,f1_c_latency_p90_ul_ms,f1_c_latency_mean_dl_ms,f1_c_latency_p90_dl_ms,a1_latency_mean_ul_ms,e2_du_latency_mean_dl_ms,e2_du_latency_p90_dl_ms,a1_latency_p90_ul_ms,a1_latency_mean_dl_ms,a1_latency_p90_dl_ms,f1_u_latency_mean_dl_ms,f1_u_latency_p90_dl_ms,e2_du_throughput_dl_kbps,e2_du_throughput_ul_kbps,f1_c_throughput_dl_kbps,f1_c_throughput_ul_kbps,f1_u_throughput_ul_kbps,a1_throughput_dl_kbps,a1_throughput_ul_kbps,f1_u_packet_loss_dl_percentage,f1_u_throughput_dl_kbps,F-node
0,0.0,0.0,0.0,0.0,0.0,0.0,0,0,0.0,0.0,0.0,0.0,0.0,0.0,0.0,0.0084638595581054,0.0062868433091246,0.0069141387939453,0.0069141387939453,0.0045299530029296,0.0045299530029296,0.0104904174804687,0.0104904174804687,0.0061103275844029,0.0123977661132812,0.0123977661132812,0.0081062316894531,0.0094618116106305,0.019693374633789,0.003916687435574,0.0045299530029296,0.496,1.36,0.848,0.848,139.216,25.152,27.344,0.0,1856.56,0
1,0.0,0.0,0.0,0.0,0.0,0.0,0,0,0.0,0.0,0.0,0.0,0.0,0.0,0.0,0.009775161743164,0.0070569538834071,0.0088214874267578,0.0088214874267578,0.0045299530029296,0.0045299530029296,0.0104904174804687,0.0104904174804687,0.0061103275844029,0.0090599060058593,0.0090599060058593,0.0081062316894531,0.0094618116106305,0.019693374633789,0.0039113711004387,0.0045299530029296,0.496,1.424,0.848,0.848,119.584,25.152,27.344,0.0,15412.08,0
2,0.0,0.0,0.0,0.0,0.0,0.0,0,0,0.0,0.0,0.0,0.0,0.0,0.0,0.0,0.0090599060058593,0.0070102179228369,0.0100135803222656,0.0100135803222656,0.0045299530029296,0.0045299530029296,0.0104904174804687,0.0104904174804687,0.0061103275844029,0.0152587890625,0.0152587890625,0.0081062316894531,0.0094618116106305,0.019693374633789,0.0039337345359989,0.0045299530029296,0.496,1.424,0.848,0.848,117.192,25.152,27.344,0.0,14254.624,0
3,0.0,0.0,0.0,0.0,0.0,0.0,0,0,0.0,0.0,0.0,0.0,0.0,0.0,0.0,0.0100135803222656,0.007328987121582,0.0102519989013671,0.0102519989013671,0.0045299530029296,0.0045299530029296,0.0104904174804687,0.0104904174804687,0.0061103275844029,0.0119209289550781,0.0119209289550781,0.0081062316894531,0.0094618116106305,0.019693374633789,0.0039117071933972,0.0045299530029296,0.496,1.424,0.848,0.848,112.0,25.152,27.344,0.0,19541.84,0
4,0.0,0.0,0.0,0.0,0.0,0.0,0,0,0.0,0.0,0.0,0.0,0.0,0.0,0.0,0.0085830688476562,0.0062925898613621,0.0085830688476562,0.0085830688476562,0.0045299530029296,0.0045299530029296,0.0104904174804687,0.0104904174804687,0.0061103275844029,0.0081062316894531,0.0081062316894531,0.0081062316894531,0.0094618116106305,0.019693374633789,0.0047683715820312,0.0056743621826171,0.496,1.424,0.848,0.848,114.392,25.152,27.344,0.0,93.312,0
5,0.0,0.0,0.0,0.0,0.0,0.0,0,0,0.0,0.0,0.0,0.0,0.0,0.0,0.0,0.0083446502685546,0.006095017537032,0.0073909759521484,0.0073909759521484,0.0121593475341796,0.0121593475341796,0.0042915344238281,0.0042915344238281,0.0061103275844029,0.0166893005371093,0.0166893005371093,0.0081062316894531,0.0094618116106305,0.019693374633789,0.0048279762268066,0.0056743621826171,0.496,1.424,0.848,0.848,118.448,25.152,27.344,0.0,36.704,0
6,0.0,0.0,0.0,0.0,0.0,0.0,0,0,0.0,0.0,0.0,0.0,0.0,0.0,0.0,0.0083446502685546,0.0060517989580904,0.00762939453125,0.00762939453125,0.0,0.0,0.0,0.0,0.0061103275844029,0.00762939453125,0.00762939453125,0.0081062316894531,0.0094618116106305,0.019693374633789,0.0052452087402343,0.0052452087402343,0.496,1.36,0.0,0.0,113.256,25.152,27.344,0.0,1.192,0
7,0.0,0.0,0.0,0.0,0.0,0.0,0,0,0.0,0.0,0.0,0.0,0.0,0.0,0.0,0.0078678131103515,0.0058418482690308,0.0071525573730468,0.0071525573730468,0.0,0.0,0.0,0.0,0.0061103275844029,0.0057220458984375,0.0057220458984375,0.0081062316894531,0.0094618116106305,0.019693374633789,0.0066757202148437,0.0066757202148437,0.496,1.36,0.0,0.0,113.256,25.152,27.344,0.0,1.192,0
8,0.0,0.0,0.0,0.0,0.0,0.0,0,0,0.0,0.0,0.0,0.0,0.0,0.0,0.0,0.0081062316894531,0.0060427188873291,0.0071525573730468,0.0071525573730468,0.0,0.0,0.0,0.0,0.0061103275844029,0.0107288360595703,0.0107288360595703,0.0081062316894531,0.0094618116106305,0.019693374633789,0.0,0.0,0.496,1.36,0.0,0.0,112.0,25.152,27.344,0.0,0.0,0
9,0.0,0.0,0.0,0.0,0.0,0.0,0,0,0.0,0.0,0.0,0.0,0.0,0.0,0.0,0.0083446502685546,0.0061357021331787,0.0061988830566406,0.0061988830566406,0.0,0.0,0.0,0.0,0.0061103275844029,0.0088214874267578,0.0088214874267578,0.0081062316894531,0.0094618116106305,0.019693374633789,0.0,0.0,0.496,1.36,0.0,0.0,112.0,25.152,27.344,0.0,0.0,0
10,0.0,0.0,0.0,0.0,0.0,0.0,0,0,0.0,0.0,0.0,0.0,0.0,0.0,0.0,0.0083446502685546,0.0062227249145507,0.0095367431640625,0.0095367431640625,0.0,0.0,0.0,0.0,0.0061103275844029,0.0128746032714843,0.0128746032714843,0.0081062316894531,0.0094618116106305,0.019693374633789,0.0,0.0,0.496,1.36,0.0,0.0,112.0,25.152,27.344,0.0,0.0,0
11,0.0,0.0,0.0,0.0,0.0,0.0,0,0,0.0,0.0,0.0,0.0,0.0,0.0,0.0,0.0083446502685546,0.006181001663208,0.0078678131103515,0.0078678131103515,0.0,0.0,0.0,0.0,0.0061103275844029,0.0121593475341796,0.0121593475341796,0.0081062316894531,0.0094618116106305,0.019693374633789,0.0,0.0,0.496,1.36,0.0,0.0,112.0,25.152,27.344,0.0,0.0,0
12,0.0,0.0,0.0,0.0,0.0,0.0,0,0,0.0,0.0,0.0,0.0,0.0,0.0,0.0,0.0081062316894531,0.0059354305267333,0.0078678131103515,0.0078678131103515,0.0,0.0,0.0,0.0,0.0061103275844029,0.0078678131103515,0.0078678131103515,0.0081062316894531,0.0094618116106305,0.019693374633789,0.0,0.0,0.496,1.36,0.0,0.0,112.0,25.152,27.344,0.0,0.0,0
13,0.0,0.0,0.0,0.0,0.0,0.0,0,0,0.0,0.0,0.0,0.0,0.0,0.0,0.0,0.0083446502685546,0.0060790806860473,0.0083446502685546,0.0083446502685546,0.0,0.0,0.0,0.0,0.0061103275844029,0.0083446502685546,0.0083446502685546,0.0081062316894531,0.0094618116106305,0.019693374633789,0.0090599060058593,0.0090599060058593,0.496,1.36,0.0,0.0,113.256,25.152,27.344,0.0,1.192,0
14,0.0,0.0,0.0,0.0,0.0,0.0,0,0,0.0,0.0,0.0,0.0,0.0,0.0,0.0,0.0081062316894531,0.0060517989580904,0.0071525573730468,0.0071525573730468,0.0,0.0,0.0,0.0,0.0061103275844029,0.0092983245849609,0.0092983245849609,0.0081062316894531,0.0094618116106305,0.019693374633789,0.0095367431640625,0.0095367431640625,0.496,1.36,0.0,0.0,113.256,25.152,27.344,0.0,1.192,0
15,0.0,0.0,0.0,0.0,0.0,0.0,0,0,0.0,0.0,0.0,0.0,0.0,0.0,0.0,0.0083446502685546,0.0062368402433632,0.0064373016357421,0.0064373016357421,0.0,0.0,0.0,0.0,0.0061103275844029,0.0104904174804687,0.0104904174804687,0.0081062316894531,0.0094618116106305,0.019693374633789,0.0045299530029296,0.0045299530029296,0.496,1.36,0.0,0.0,113.256,25.152,27.344,0.0,1.192,0
16,0.0,0.0,0.0,0.0,0.0,0.0,0,0,0.0,0.0,0.0,0.0,0.0,0.0,0.0,0.0078678131103515,0.0060368054018819,0.0069141387939453,0.0069141387939453,0.0,0.0,0.0,0.0,0.0061103275844029,0.0064373016357421,0.0064373016357421,0.0081062316894531,0.0094618116106305,0.019693374633789,0.004431780646829,0.006723403930664,0.496,1.36,0.0,0.0,127.576,25.152,27.344,0.0,193.032,0
17,0.0,0.0,0.0,0.0,0.0,0.0,0,0,0.0,0.0,0.0,0.0,0.0,0.0,0.0,0.0083446502685546,0.0061692290045135,0.0112056732177734,0.0112056732177734,0.0,0.0,0.0,0.0,0.0061103275844029,0.0119209289550781,0.0119209289550781,0.0081062316894531,0.0094618116106305,0.019693374633789,0.0054836273193359,0.0063896179199218,0.496,1.424,0.0,0.0,117.192,25.152,27.344,0.0,31.48,0
18,0.0,0.0,0.0,0.0,0.0,0.0,0,0,0.0,0.0,0.0,0.0,0.0,0.0,0.0,0.0083446502685546,0.0061265271694505,0.0066757202148437,0.0066757202148437,0.0,0.0,0.0,0.0,0.0061103275844029,0.0116825103759765,0.0116825103759765,0.0081062316894531,0.0094618116106305,0.019693374633789,0.0078678131103515,0.0078678131103515,0.496,1.424,0.0,0.0,115.032,25.152,27.344,0.0,2.744,0
19,0.0,0.0,0.0,0.0,0.0,0.0,0,0,0.0,0.0,0.0,0.0,0.0,0.0,0.0,0.0078678131103515,0.0059709829442641,0.0073909759521484,0.0073909759521484,0.0,0.0,0.0,0.0,0.0061103275844029,0.0061988830566406,0.0061988830566406,0.0081062316894531,0.0094618116106305,0.019693374633789,0.0059127807617187,0.0081062316894531,0.496,1.392,0.0,0.0,128.64,25.152,27.344,0.0,24.456,0
20,0.0,0.0,0.0,0.0,0.0,0.0,0,0,0.0,0.0,0.0,0.0,0.0,0.0,0.0,0.0083446502685546,0.0061490642490671,0.0073909759521484,0.0073909759521484,0.0,0.0,0.0,0.0,0.0061103275844029,0.0090599060058593,0.0090599060058593,0.0081062316894531,0.0094618116106305,0.019693374633789,0.0041212354387555,0.0052452087402343,0.496,1.424,0.0,0.0,113.256,25.152,27.344,0.0,70.872,0
21,0.0,0.0,0.0,0.0,0.0,0.0,0,0,0.0,0.0,0.0,0.0,0.0,0.0,0.0,0.0086069107055664,0.0063204765319824,0.0061988830566406,0.0061988830566406,0.0,0.0,0.0,0.0,0.0061103275844029,0.0081062316894531,0.0081062316894531,0.0081062316894531,0.0094618116106305,0.019693374633789,0.0054836273193359,0.0054836273193359,0.496,1.36,0.0,0.0,112.696,25.152,27.344,0.0,1.192,0
22,0.0,0.0,0.0,0.0,0.0,0.0,0,0,0.0,0.0,0.0,0.0,0.0,0.0,0.0,0.0085353851318359,0.0061683466869034,0.0073909759521484,0.0073909759521484,0.0,0.0,0.0,0.0,0.0061103275844029,0.0100135803222656,0.0100135803222656,0.0081062316894531,0.0094618116106305,0.019693374633789,0.0066757202148437,0.0087738037109375,0.496,1.36,0.0,0.0,120.056,25.152,27.344,0.0,7.416,0
23,0.0,0.0,0.0,0.0,0.0,0.0,0,0,0.0,0.0,0.0,0.0,0.0,0.0,0.0,0.00762939453125,0.0058388946079971,0.0081062316894531,0.0081062316894531,0.0,0.0,0.0,0.0,0.0061103275844029,0.0071525573730468,0.0071525573730468,0.0081062316894531,0.0094618116106305,0.019693374633789,0.0061988830566406,0.0061988830566406,0.496,1.424,0.0,0.0,116.528,25.152,27.344,0.0,3.952,0
24,0.0,0.0,0.0,0.0,0.0,0.0,0,0,0.0,0.0,0.0,0.0,0.0,0.0,0.0,0.0083684921264648,0.0061774253845214,0.0069141387939453,0.0069141387939453,0.0,0.0,0.0,0.0,0.0061103275844029,0.0119209289550781,0.0119209289550781,0.0081062316894531,0.0094618116106305,0.019693374633789,0.0,0.0,0.496,1.424,0.0,0.0,112.0,25.152,27.344,0.0,0.0,0
25,0.0,0.0,0.0,0.0,0.0,0.0,0,0,0.0,0.0,0.0,0.0,0.0,0.0,0.0,0.0085830688476562,0.006260871887207,0.0081062316894531,0.0081062316894531,0.0,0.0,0.0,0.0,0.0061103275844029,0.0073909759521484,0.0073909759521484,0.0081062316894531,0.0094618116106305,0.019693374633789,0.0,0.0,0.496,1.36,0.0,0.0,112.0,25.152,27.344,0.0,0.0,0
26,0.0,0.0,0.0,0.0,0.0,0.0,0,0,0.0,0.0,0.0,0.0,0.0,0.0,0.0,0.0081062316894531,0.0060069561004638,0.0064373016357421,0.0064373016357421,0.0,0.0,0.0,0.0,0.0061103275844029,0.011444091796875,0.011444091796875,0.0081062316894531,0.0094618116106305,0.019693374633789,0.0,0.0,0.496,1.36,0.0,0.0,112.0,25.152,27.344,0.0,0.0,0
27,0.0,0.0,0.0,0.0,0.0,0.0,0,0,0.0,0.0,0.0,0.0,0.0,0.0,0.0,0.0081062316894531,0.0058770766986414,0.0073909759521484,0.0073909759521484,0.0,0.0,0.0,0.0,0.0061103275844029,0.0092983245849609,0.0092983245849609,0.0081062316894531,0.0094618116106305,0.019693374633789,0.0054240226745605,0.0075101852416992,0.496,1.424,0.0,0.0,121.688,25.152,27.344,0.0,23.088,0
28,0.0,0.0,0.0,0.0,0.0,0.0,0,0,0.0,0.0,0.0,0.0,0.0,0.0,0.0,0.0081062316894531,0.0061087347381743,0.0091791152954101,0.0106096267700195,0.0,0.0,0.0,0.0,0.0061103275844029,0.0112056732177734,0.0123500823974609,0.0081062316894531,0.0094618116106305,0.019693374633789,0.0045299530029296,0.0045299530029296,1.344,2.208,0.0,0.0,113.256,25.152,27.344,0.0,1.192,0
29,0.0,0.0,0.0,0.0,0.0,0.0,0,0,0.0,0.0,0.0,0.0,0.0,0.0,0.0,0.0083446502685546,0.0062617496471499,0.0069141387939453,0.0069141387939453,0.0,0.0,0.0,0.0,0.0061103275844029,0.0090599060058593,0.0090599060058593,0.0081062316894531,0.0094618116106305,0.019693374633789,0.0078678131103515,0.0078678131103515,0.496,1.36,0.0,0.0,113.256,25.152,27.344,0.0,1.192,0
30,0.0,0.0,0.0,0.0,0.0,0.0,0,0,0.0,0.0,0.0,0.0,0.0,0.0,0.0,0.0078678131103515,0.0060938372470364,0.0071525573730468,0.0071525573730468,0.0,0.0,0.0,0.0,0.0061103275844029,0.0071525573730468,0.0071525573730468,0.0081062316894531,0.0094618116106305,0.019693374633789,0.0054836273193359,0.0072479248046875,0.496,1.36,0.0,0.0,119.536,25.152,27.344,0.0,19.464,0
31,0.0,0.0,0.0,0.0,0.0,0.0,0,0,0.0,0.0,0.0,0.0,0.0,0.0,0.0,0.0083446502685546,0.0062294194263777,0.00762939453125,0.00762939453125,0.0,0.0,0.0,0.0,0.0061103275844029,0.0123977661132812,0.0123977661132812,0.0081062316894531,0.0094618116106305,0.019693374633789,0.0057220458984375,0.0072002410888671,0.496,1.424,0.0,0.0,122.664,25.152,27.344,0.0,33.432,0
32,0.0,0.0,0.0,0.0,0.0,0.0,0,0,0.0,0.0,0.0,0.0,0.0,0.0,0.0,0.0078678131103515,0.0060558319091796,0.0073909759521484,0.0073909759521484,0.0,0.0,0.0,0.0,0.0061103275844029,0.0102519989013671,0.0102519989013671,0.0081062316894531,0.0094618116106305,0.019693374633789,0.0,0.0,0.496,1.424,0.0,0.0,112.0,25.152,27.344,0.0,0.0,0
33,0.0,0.0,0.0,0.0,0.0,0.0,0,0,0.0,0.0,0.0,0.0,0.0,0.0,0.0,0.0083446502685546,0.0061762332916259,0.00762939453125,0.00762939453125,0.0,0.0,0.0,0.0,0.0061103275844029,0.0116825103759765,0.0116825103759765,0.0081062316894531,0.0094618116106305,0.019693374633789,0.0,0.0,0.496,1.36,0.0,0.0,112.0,25.152,27.344,0.0,0.0,0
34,0.0,0.0,0.0,0.0,0.0,0.0,0,0,0.0,0.0,0.0,0.0,0.0,0.0,0.0,0.0083446502685546,0.0062163283185261,0.0071525573730468,0.0071525573730468,0.0,0.0,0.0,0.0,0.0061103275844029,0.0131130218505859,0.0131130218505859,0.0081062316894531,0.0094618116106305,0.019693374633789,0.0051770891462053,0.0063896179199218,0.496,1.36,0.0,0.0,127.912,25.152,27.344,0.0,40.904,0
35,0.0,0.0,0.0,0.0,0.0,0.0,0,0,0.0,0.0,0.0,0.0,0.0,0.0,0.0,0.0078678131103515,0.006039543907241,0.0069141387939453,0.0069141387939453,0.0052452087402343,0.0052452087402343,0.0069141387939453,0.0069141387939453,0.0061103275844029,0.0064373016357421,0.0064373016357421,0.0081062316894531,0.0094618116106305,0.019693374633789,0.0057220458984375,0.0057220458984375,0.496,1.424,0.848,0.848,116.016,25.152,27.344,0.0,3.664,0
36,0.0,0.0,0.0,0.0,0.0,0.0,0,0,0.0,0.0,0.0,0.0,0.0,0.0,0.0,0.0080823898315429,0.0059522024475701,0.0083446502685546,0.0083446502685546,0.0100135803222656,0.0100135803222656,0.0061988830566406,0.0061988830566406,0.0061103275844029,0.0071525573730468,0.0071525573730468,0.0081062316894531,0.0094618116106305,0.019693374633789,0.0054836273193359,0.0060558319091796,0.496,1.424,0.848,0.848,115.6,25.152,27.344,0.0,3.248,0
37,0.0,0.0,0.0,0.0,0.0,0.0,0,0,0.0,0.0,0.0,0.0,0.0,0.0,0.0,0.0083446502685546,0.0060474872589111,0.005960464477539,0.005960464477539,0.0,0.0,0.0,0.0,0.0061103275844029,0.0095367431640625,0.0095367431640625,0.0081062316894531,0.0094618116106305,0.019693374633789,0.0,0.0,0.496,1.424,0.0,0.0,112.0,25.152,27.344,0.0,0.0,0
38,0.0,0.0,0.0,0.0,0.0,0.0,0,0,0.0,0.0,0.0,0.0,0.0,0.0,0.0,0.0081062316894531,0.0060773131870987,0.0069141387939453,0.0069141387939453,0.0,0.0,0.0,0.0,0.0061103275844029,0.0061988830566406,0.0061988830566406,0.0081062316894531,0.0094618116106305,0.019693374633789,0.0051430293491908,0.0065326690673828,0.496,1.36,0.0,0.0,118.736,25.152,27.344,0.0,17.288,0
39,0.0,0.0,0.0,0.0,0.0,0.0,0,0,0.0,0.0,0.0,0.0,0.0,0.0,0.0,0.0083446502685546,0.0061762332916259,0.0095367431640625,0.0095367431640625,0.0,0.0,0.0,0.0,0.0061103275844029,0.0092983245849609,0.0092983245849609,0.0081062316894531,0.0094618116106305,0.019693374633789,0.0051657358805338,0.0060558319091796,0.496,1.424,0.0,0.0,112.0,25.152,27.344,0.0,21.0,0
40,0.0,0.0,0.0,0.0,0.0,0.0,0,0,0.0,0.0,0.0,0.0,0.0,0.0,0.0,0.0088214874267578,0.0062460946564627,0.0078678131103515,0.0078678131103515,0.0,0.0,0.0,0.0,0.0061103275844029,0.0069141387939453,0.0069141387939453,0.0081062316894531,0.0094618116106305,0.019693374633789,0.0053882598876953,0.0061988830566406,0.496,1.424,0.0,0.0,116.88,25.152,27.344,0.0,11.0,0
41,0.0,0.0,0.0,0.0,0.0,0.0,0,0,0.0,0.0,0.0,0.0,0.0,0.0,0.0,0.0081062316894531,0.005988932367581,0.00762939453125,0.00762939453125,0.0,0.0,0.0,0.0,0.0061103275844029,0.009775161743164,0.009775161743164,0.0081062316894531,0.0094618116106305,0.019693374633789,0.004887580871582,0.0051736831665039,0.496,1.424,0.0,0.0,113.256,25.152,27.344,0.0,3.248,0
42,0.0,0.0,0.0,0.0,0.0,0.0,0,0,0.0,0.0,0.0,0.0,0.0,0.0,0.0,0.00762939453125,0.0060411234993246,0.0102519989013671,0.0102519989013671,0.0,0.0,0.0,0.0,0.0061103275844029,0.0107288360595703,0.0107288360595703,0.0081062316894531,0.0094618116106305,0.019693374633789,0.0078678131103515,0.0078678131103515,0.496,1.36,0.0,0.0,113.256,25.152,27.344,0.0,1.192,0
43,0.0,0.0,0.0,0.0,0.0,0.0,0,0,0.0,0.0,0.0,0.0,0.0,0.0,0.0,0.0078678131103515,0.0059557198291987,0.0073909759521484,0.0073909759521484,0.0,0.0,0.0,0.0,0.0061103275844029,0.00762939453125,0.00762939453125,0.0081062316894531,0.0094618116106305,0.019693374633789,0.0061988830566406,0.0061988830566406,0.496,1.36,0.0,0.0,113.256,25.152,27.344,0.0,1.192,0
44,0.0,0.0,0.0,0.0,0.0,0.0,0,0,0.0,0.0,0.0,0.0,0.0,0.0,0.0,0.0083446502685546,0.0061321258544921,0.0088214874267578,0.0088214874267578,0.0,0.0,0.0,0.0,0.0061103275844029,0.0131130218505859,0.0131130218505859,0.0081062316894531,0.0094618116106305,0.019693374633789,0.0,0.0,0.496,1.36,0.0,0.0,112.0,25.152,27.344,0.0,0.0,0
45,0.0,0.0,0.0,0.0,0.0,0.0,0,0,0.0,0.0,0.0,0.0,0.0,0.0,0.0,0.0086069107055664,0.0061225891113281,0.00762939453125,0.00762939453125,0.0,0.0,0.0,0.0,0.0061103275844029,0.0052452087402343,0.0052452087402343,0.0081062316894531,0.0094618116106305,0.019693374633789,0.0,0.0,0.496,1.36,0.0,0.0,112.0,25.152,27.344,0.0,0.0,0
46,0.0,0.0,0.0,0.0,0.0,0.0,0,0,0.0,0.0,0.0,0.0,0.0,0.0,0.0,0.0084877014160156,0.0061453842535251,0.0061988830566406,0.0061988830566406,0.0,0.0,0.0,0.0,0.0061103275844029,0.0109672546386718,0.0109672546386718,0.0081062316894531,0.0094618116106305,0.019693374633789,0.0065962473551432,0.0089406967163085,0.496,1.424,0.0,0.0,127.032,25.152,27.344,0.0,15.648,0
47,0.0,0.0,0.0,0.0,0.0,0.0,0,0,0.0,0.0,0.0,0.0,0.0,0.0,0.0,0.0081062316894531,0.0060272216796875,0.0071525573730468,0.0071525573730468,0.0,0.0,0.0,0.0,0.0061103275844029,0.0143051147460937,0.0143051147460937,0.0081062316894531,0.0094618116106305,0.019693374633789,0.0,0.0,0.496,1.36,0.0,0.0,112.0,25.152,27.344,0.0,0.0,0
48,0.0,0.0,0.0,0.0,0.0,0.0,0,0,0.0,0.0,0.0,0.0,0.0,0.0,0.0,0.0081062316894531,0.0061455057628119,0.0071525573730468,0.0071525573730468,0.0,0.0,0.0,0.0,0.0,0.0073909759521484,0.0073909759521484,0.0,0.0,0.0,0.0071525573730468,0.0071525573730468,0.496,1.36,0.0,0.0,113.256,0.0,0.0,0.0,1.192,0
49,0.0,0.0,0.0,0.0,0.0,0.0,0,0,0.0,0.0,0.0,0.0,0.0,0.0,0.0,0.0081062316894531,0.0060541712822605,0.0083446502685546,0.0083446502685546,0.0,0.0,0.0,0.0,0.0,0.0095367431640625,0.0095367431640625,0.0,0.0,0.0,0.0045299530029296,0.0045299530029296,0.496,1.36,0.0,0.0,113.256,0.0,0.0,0.0,1.192,0
50,0.0,0.0,0.0,0.0,0.0,0.0,0,0,0.0,0.0,0.0,0.0,0.0,0.0,0.0,0.0081062316894531,0.0061329128672775,0.0071525573730468,0.0071525573730468,0.0,0.0,0.0,0.0,0.0,0.017404556274414,0.017404556274414,0.0,0.0,0.0,0.0048081080118815,0.0057697296142578,0.496,1.424,0.0,0.0,128.848,0.0,0.0,0.0,212.832,0
51,0.0,0.0,0.0,0.0,0.0,0.0,0,0,0.0,0.0,0.0,0.0,0.0,0.0,0.0,0.0088214874267578,0.0063163131030637,0.009775161743164,0.009775161743164,0.0,0.0,0.0,0.0,0.0065803527832031,0.0138282775878906,0.0138282775878906,0.0088214874267578,0.0126838684082031,0.0245571136474609,0.0045710596544989,0.0055313110351562,0.496,1.424,0.0,0.0,117.192,4.52,3.504,0.0,223.896,0
52,0.0,0.0,0.0,0.0,0.0,0.0,0,0,0.0,0.0,0.0,0.0,0.0,0.0,0.0,0.0083446502685546,0.0061893937599599,0.0081062316894531,0.0081062316894531,0.0,0.0,0.0,0.0,0.0061750411987304,0.0069141387939453,0.0069141387939453,0.0086069107055664,0.010848045349121,0.0281333923339843,0.0046253204345703,0.0060081481933593,0.496,1.424,0.0,0.0,117.192,8.264,7.736,0.0,226.616,0
53,0.0,0.0,0.0,0.0,0.0,0.0,0,0,0.0,0.0,0.0,0.0,0.0,0.0,0.0,0.0083446502685546,0.0061205963590251,0.0071525573730468,0.0071525573730468,0.0,0.0,0.0,0.0,0.0,0.0066757202148437,0.0066757202148437,0.0,0.0,0.0,0.0052111489432198,0.0060558319091796,0.496,1.424,0.0,0.0,114.264,0.0,0.0,0.0,45.384,0
54,0.0,0.0,0.0,0.0,0.0,0.0,0,0,0.0,0.0,0.0,0.0,0.0,0.0,0.0,0.0085830688476562,0.0062036514282226,0.0081062316894531,0.0081062316894531,0.0,0.0,0.0,0.0,0.0,0.0123977661132812,0.0123977661132812,0.0,0.0,0.0,0.0056028366088867,0.007033348083496,0.496,1.424,0.0,0.0,112.0,0.0,0.0,0.0,18.992,0
55,0.0,0.0,0.0,0.0,0.0,0.0,0,0,0.0,0.0,0.0,0.0,0.0,0.0,0.0,0.0083446502685546,0.0063794674259601,0.0081062316894531,0.0081062316894531,0.0,0.0,0.0,0.0,0.0060558319091796,0.0081062316894531,0.0081062316894531,0.0078201293945312,0.0106334686279296,0.0205516815185546,0.0049471855163574,0.006270408630371,0.496,1.424,0.0,0.0,120.792,3.744,4.232,0.0,125.904,0
56,0.0,0.0,0.0,0.0,0.0,0.0,0,0,0.0,0.0,0.0,0.0,0.0,0.0,0.0,0.0085830688476562,0.0062756019063515,0.0109672546386718,0.0109672546386718,0.0,0.0,0.0,0.0,0.0060796737670898,0.0126361846923828,0.0126361846923828,0.0083684921264648,0.0111103057861328,0.0286579132080078,0.005091939653669,0.0061750411987304,0.496,1.424,0.0,0.0,116.048,7.488,8.464,0.0,94.864,0
57,0.0,0.0,0.0,0.0,0.0,0.0,0,0,0.0,0.0,0.0,0.0,0.0,0.0,0.0,0.0088214874267578,0.006321633216178,0.0104904174804687,0.0104904174804687,0.0,0.0,0.0,0.0,0.005960464477539,0.0121593475341796,0.0121593475341796,0.0080108642578125,0.0107447306315104,0.0274658203125,0.0049549600352411,0.0063896179199218,0.496,1.424,0.0,0.0,117.264,12.008,11.968,0.0,106.6,0
58,0.0,0.0,0.0,0.0,0.0,0.0,0,0,0.0,0.0,0.0,0.0,0.0,0.0,0.0,0.0090599060058593,0.0064088337457002,0.011444091796875,0.011444091796875,0.0,0.0,0.0,0.0,0.006413459777832,0.0147819519042968,0.0147819519042968,0.0087499618530273,0.0111579895019531,0.0294685363769531,0.0048142213087815,0.0054836273193359,0.496,1.424,0.0,0.0,114.6,8.264,7.736,0.0,88.592,0
59,0.0,0.0,0.0,0.0,0.0,0.0,0,0,0.0,0.0,0.0,0.0,0.0,0.0,0.0,0.0083446502685546,0.0064728864982946,0.0094175338745117,0.0104665756225585,0.0,0.0,0.0,0.0,0.0,0.0102519989013671,0.0115871429443359,0.0,0.0,0.0,0.0056838989257812,0.0069141387939453,1.344,2.272,0.0,0.0,115.112,0.0,0.0,0.0,65.16,0
60,0.0,0.0,0.0,0.0,0.0,0.0,0,0,0.0,0.0,0.0,0.0,0.0,0.0,0.0,0.0078678131103515,0.0060517989580904,0.00762939453125,0.00762939453125,0.0,0.0,0.0,0.0,0.0,0.0140666961669921,0.0140666961669921,0.0,0.0,0.0,0.0049114227294921,0.0056266784667968,0.496,1.424,0.0,0.0,115.048,0.0,0.0,0.0,62.968,0
61,0.0,0.0,0.0,0.0,0.0,0.0,0,0,0.0,0.0,0.0,0.0,0.0,0.0,0.0,0.0081062316894531,0.0060517989580904,0.0085830688476562,0.0085830688476562,0.0,0.0,0.0,0.0,0.0,0.0138282775878906,0.0138282775878906,0.0,0.0,0.0,0.0053842862447102,0.0072240829467773,0.496,1.424,0.0,0.0,114.76,0.0,0.0,0.0,30.592,0
62,0.0,0.0,0.0,0.0,0.0,0.0,0,0,0.0,0.0,0.0,0.0,0.0,0.0,0.0,0.0087976455688476,0.0063700251059957,0.0083446502685546,0.0083446502685546,0.0,0.0,0.0,0.0,0.0064849853515625,0.0154972076416015,0.0154972076416015,0.0090599060058593,0.0117301940917968,0.0293731689453124,0.0048616658086362,0.0060558319091796,0.496,1.424,0.0,0.0,116.144,7.488,8.464,0.0,64.248,0
63,0.0,0.0,0.0,0.0,0.0,0.0,0,0,0.0,0.0,0.0,0.0,0.0,0.0,0.0,0.0081062316894531,0.0061835392866984,0.0100135803222656,0.0100135803222656,0.0,0.0,0.0,0.0,0.0063180923461914,0.0078678131103515,0.0078678131103515,0.0086545944213867,0.0107288360595703,0.0274181365966796,0.0049096566659432,0.0058174133300781,0.496,1.424,0.0,0.0,116.144,7.488,8.464,0.0,76.28,0
64,0.0,0.0,0.0,0.0,0.0,0.0,0,0,0.0,0.0,0.0,0.0,0.0,0.0,0.0,0.0087976455688476,0.0064231381557955,0.0085830688476562,0.0085830688476562,0.0,0.0,0.0,0.0,0.006103515625,0.0078678131103515,0.0078678131103515,0.0081300735473632,0.0110387802124023,0.026559829711914,0.0053002284123347,0.0073909759521484,0.496,1.424,0.0,0.0,116.304,16.528,15.472,0.0,65.552,0
65,0.0,0.0,0.0,0.0,0.0,0.0,0,0,0.0,0.0,0.0,0.0,0.0,0.0,0.0,0.0081062316894531,0.0061372026282163,0.0092983245849609,0.0092983245849609,0.0,0.0,0.0,0.0,0.0,0.0095367431640625,0.0095367431640625,0.0,0.0,0.0,0.0052054723103841,0.0064611434936523,0.496,1.424,0.0,0.0,115.624,0.0,0.0,0.0,65.648,0
66,0.0,0.0,0.0,0.0,0.0,0.0,0,0,0.0,0.0,0.0,0.0,0.0,0.0,0.0,0.0085830688476562,0.0061668566803434,0.0081062316894531,0.0081062316894531,0.0081062316894531,0.0081062316894531,0.0064373016357421,0.0064373016357421,0.0,0.0164508819580078,0.0164508819580078,0.0,0.0,0.0,0.0048279762268066,0.0056982040405273,0.496,1.424,0.848,0.848,114.616,0.0,0.0,0.0,141.168,0
67,0.0,0.0,0.0,0.0,0.0,0.0,0,0,0.0,0.0,0.0,0.0,0.0,0.0,0.0,0.0081062316894531,0.0062297232708527,0.0116825103759765,0.0116825103759765,0.00762939453125,0.00762939453125,0.0050067901611328,0.0050067901611328,0.0,0.0085830688476562,0.0085830688476562,0.0,0.0,0.0,0.00518798828125,0.0061511993408203,0.496,1.424,0.848,0.848,115.624,0.0,0.0,0.0,89.304,0
68,0.0,0.0,0.0,0.0,0.0,0.0,0,0,0.0,0.0,0.0,0.0,0.0,0.0,0.0,0.0088214874267578,0.0063459671551908,0.0078678131103515,0.0078678131103515,0.0,0.0,0.0,0.0,0.0064373016357421,0.0107288360595703,0.0107288360595703,0.0081539154052734,0.010848045349121,0.0275135040283203,0.0045299530029296,0.0052452087402343,0.496,1.424,0.0,0.0,114.728,7.488,8.464,0.0,255.744,0
69,0.0,0.0,0.0,0.0,0.0,0.0,0,0,0.0,0.0,0.0,0.0,0.0,0.0,0.0,0.0083446502685546,0.0063794674259601,0.0088214874267578,0.0088214874267578,0.0,0.0,0.0,0.0,0.0064373016357421,0.0054836273193359,0.0054836273193359,0.0083446502685546,0.0106334686279296,0.0262022018432617,0.0050643394733297,0.0060558319091796,0.496,1.424,0.0,0.0,117.008,7.488,8.464,0.0,85.608,0
70,0.0,0.0,0.0,0.0,0.0,0.0,0,0,0.0,0.0,0.0,0.0,0.0,0.0,0.0,0.0085830688476562,0.0063098303162225,0.0085830688476562,0.0085830688476562,0.0,0.0,0.0,0.0,0.0065445899963378,0.0066757202148437,0.0066757202148437,0.0086545944213867,0.0115633010864257,0.0285148620605468,0.0045845905939737,0.0057220458984375,0.496,1.424,0.0,0.0,116.064,16.528,15.472,0.0,198.64,0
71,0.0,0.0,0.0,0.0,0.0,0.0,0,0,0.0,0.0,0.0,0.0,0.0,0.0,0.0,0.008559226989746,0.0063251740861647,0.00762939453125,0.00762939453125,0.0,0.0,0.0,0.0,0.0,0.0126361846923828,0.0126361846923828,0.0,0.0,0.0,0.0050624211629231,0.0059843063354492,0.496,1.424,0.0,0.0,117.392,0.0,0.0,0.0,104.144,0
72,0.0,0.0,0.0,0.0,0.0,0.0,0,0,0.0,0.0,0.0,0.0,0.0,0.0,0.0,0.0083446502685546,0.0064017167731897,0.0102519989013671,0.0102519989013671,0.0,0.0,0.0,0.0,0.0,0.0116825103759765,0.0116825103759765,0.0,0.0,0.0,0.0049578837859324,0.006723403930664,0.496,1.424,0.0,0.0,114.648,0.0,0.0,0.0,209.4,0
73,0.0,0.0,0.0,0.0,0.0,0.0,0,0,0.0,0.0,0.0,0.0,0.0,0.0,0.0,0.0085830688476562,0.0064527217428482,0.0083446502685546,0.0083446502685546,0.0,0.0,0.0,0.0,0.0,0.0052452087402343,0.0052452087402343,0.0,0.0,0.0,0.0048831657127097,0.005960464477539,0.496,1.424,0.0,0.0,114.792,0.0,0.0,0.0,79.848,0
74,0.0,0.0,0.0,0.0,0.0,0.0,0,0,0.0,0.0,0.0,0.0,0.0,0.0,0.0,0.0088214874267578,0.0064301846632316,0.0088214874267578,0.0088214874267578,0.0,0.0,0.0,0.0,0.006103515625,0.019073486328125,0.019073486328125,0.007939338684082,0.0106096267700195,0.027322769165039,0.0049571196238199,0.0051736831665039,0.496,1.424,0.0,0.0,115.752,7.488,8.464,0.0,71.248,0
75,0.0,0.0,0.0,0.0,0.0,0.0,0,0,0.0,0.0,0.0,0.0,0.0,0.0,0.0,0.0081062316894531,0.0061834629495345,0.0100135803222656,0.0100135803222656,0.0,0.0,0.0,0.0,0.0059127807617187,0.0109672546386718,0.0109672546386718,0.0081300735473632,0.0108957290649414,0.0289440155029296,0.0051519145136294,0.0059127807617187,0.496,1.424,0.0,0.0,114.904,7.488,8.464,0.0,61.672,0
76,0.0,0.0,0.0,0.0,0.0,0.0,0,0,0.0,0.0,0.0,0.0,0.0,0.0,0.0,0.0088214874267578,0.0063723856859868,0.0073909759521484,0.0073909759521484,0.0,0.0,0.0,0.0,0.0062108039855957,0.0112056732177734,0.0112056732177734,0.0088453292846679,0.0107765197753906,0.0286102294921875,0.0052352746327718,0.0064611434936523,0.496,1.424,0.0,0.0,116.368,16.528,15.472,0.0,62.736,0
77,0.0,0.0,0.0,0.0,0.0,0.0,0,0,0.0,0.0,0.0,0.0,0.0,0.0,0.0,0.008559226989746,0.0062791427763381,0.0071525573730468,0.0071525573730468,0.0,0.0,0.0,0.0,0.0,0.0078678131103515,0.0078678131103515,0.0,0.0,0.0,0.004819461277553,0.005650520324707,0.496,1.424,0.0,0.0,115.584,0.0,0.0,0.0,33.968,0
78,0.0,0.0,0.0,0.0,0.0,0.0,0,0,0.0,0.0,0.0,0.0,0.0,0.0,0.0,0.0081062316894531,0.0060885699827279,0.0069141387939453,0.0069141387939453,0.0,0.0,0.0,0.0,0.0,0.0050067901611328,0.0050067901611328,0.0,0.0,0.0,0.0050663948059082,0.0054836273193359,0.496,1.424,0.0,0.0,113.256,0.0,0.0,0.0,9.296,0
79,0.0,0.0,0.0,0.0,0.0,0.0,0,0,0.0,0.0,0.0,0.0,0.0,0.0,0.0,0.0083446502685546,0.0063281747239146,0.011444091796875,0.011444091796875,0.0,0.0,0.0,0.0,0.0,0.0126361846923828,0.0126361846923828,0.0,0.0,0.0,0.0083446502685546,0.0083446502685546,0.496,1.36,0.0,0.0,115.88,0.0,0.0,0.0,3.592,0
80,0.0,0.0,0.0,0.0,0.0,0.0,0,0,0.0,0.0,0.0,0.0,0.0,0.0,0.0,0.008559226989746,0.0062460946564627,0.0088214874267578,0.0088214874267578,0.0,0.0,0.0,0.0,0.006866455078125,0.0104904174804687,0.0104904174804687,0.0099897384643554,0.0108957290649414,0.0292301177978515,0.0050067901611328,0.0059127807617187,0.496,1.424,0.0,0.0,119.296,7.488,8.464,0.0,14.48,0
81,0.0,0.0,0.0,0.0,0.0,0.0,0,0,0.0,0.0,0.0,0.0,0.0,0.0,0.0,0.0078916549682617,0.0059950351715087,0.0078678131103515,0.0078678131103515,0.0,0.0,0.0,0.0,0.0065326690673828,0.0073909759521484,0.0073909759521484,0.0086069107055664,0.0109434127807617,0.0279664993286132,0.0,0.0,0.496,1.424,0.0,0.0,112.0,7.488,8.464,0.0,0.0,0
82,0.0,0.0,0.0,0.0,0.0,0.0,0,0,0.0,0.0,0.0,0.0,0.0,0.0,0.0,0.0083684921264648,0.006183385848999,0.0064373016357421,0.0064373016357421,0.0,0.0,0.0,0.0,0.0060796737670898,0.0128746032714843,0.0128746032714843,0.0085830688476562,0.0106215476989746,0.0267982482910156,0.0,0.0,0.496,1.36,0.0,0.0,112.0,16.528,15.472,0.0,0.0,0
83,0.0,0.0,0.0,0.0,0.0,0.0,0,0,0.0,0.0,0.0,0.0,0.0,0.0,0.0,0.0085830688476562,0.0061681955167562,0.0088214874267578,0.0088214874267578,0.0,0.0,0.0,0.0,0.0,0.0126361846923828,0.0126361846923828,0.0,0.0,0.0,0.0046888987223307,0.005960464477539,0.496,1.424,0.0,0.0,118.448,0.0,0.0,0.0,52.704,0
84,0.0,0.0,0.0,0.0,0.0,0.0,0,0,0.0,0.0,0.0,0.0,0.0,0.0,0.0,0.0078678131103515,0.006017400257623,0.00762939453125,0.00762939453125,0.0,0.0,0.0,0.0,0.0,0.0100135803222656,0.0100135803222656,0.0,0.0,0.0,0.0092983245849609,0.0092983245849609,0.496,1.36,0.0,0.0,113.256,0.0,0.0,0.0,1.192,0
85,0.0,0.0,0.0,0.0,0.0,0.0,0,0,0.0,0.0,0.0,0.0,0.0,0.0,0.0,0.0081062316894531,0.0061929522462152,0.0102519989013671,0.0102519989013671,0.0,0.0,0.0,0.0,0.0,0.0085830688476562,0.0085830688476562,0.0,0.0,0.0,0.0073909759521484,0.0073909759521484,0.496,1.36,0.0,0.0,113.256,0.0,0.0,0.0,1.192,0
86,0.0,0.0,0.0,0.0,0.0,0.0,0,0,0.0,0.0,0.0,0.0,0.0,0.0,0.0,0.0081062316894531,0.0061929522462152,0.0069141387939453,0.0069141387939453,0.0,0.0,0.0,0.0,0.0062465667724609,0.0107288360595703,0.0107288360595703,0.0081539154052734,0.0107288360595703,0.028395652770996,0.0073909759521484,0.0073909759521484,0.496,1.36,0.0,0.0,113.256,7.488,8.464,0.0,1.192,0
87,0.0,0.0,0.0,0.0,0.0,0.0,0,0,0.0,0.0,0.0,0.0,0.0,0.0,0.0,0.0081062316894531,0.0061929522462152,0.0069141387939453,0.0069141387939453,0.0,0.0,0.0,0.0,0.005960464477539,0.0104904174804687,0.0104904174804687,0.0081300735473632,0.0113248825073242,0.0290632247924804,0.0073909759521484,0.0073909759521484,0.496,1.36,0.0,0.0,113.256,7.488,8.464,0.0,1.192,0
88,0.0,0.0,0.0,0.0,0.0,0.0,0,0,0.0,0.0,0.0,0.0,0.0,0.0,0.0,0.0081062316894531,0.0061929522462152,0.0071525573730468,0.0071525573730468,0.0,0.0,0.0,0.0,0.0061361413252981,0.0069141387939453,0.0069141387939453,0.008392333984375,0.011512211390904,0.0319480895996093,0.0073909759521484,0.0073909759521484,0.496,1.36,0.0,0.0,113.256,17.056,14.944,0.0,1.192,0
89,0.0,0.0,0.0,0.0,0.0,0.0,0,0,0.0,0.0,0.0,0.0,0.0,0.0,0.0,0.0081062316894531,0.0061929522462152,0.0071525573730468,0.0071525573730468,0.0,0.0,0.0,0.0,0.0,0.0071525573730468,0.0071525573730468,0.0,0.0,0.0,0.0073909759521484,0.0073909759521484,0.496,1.36,0.0,0.0,113.256,0.0,0.0,0.0,1.192,0
90,0.0,0.0,0.0,0.0,0.0,0.0,0,0,0.0,0.0,0.0,0.0,0.0,0.0,0.0,0.0081062316894531,0.0060102832851125,0.0065565109252929,0.007033348083496,0.0,0.0,0.0,0.0,0.0,0.0118017196655273,0.0118970870971679,0.0,0.0,0.0,0.0085830688476562,0.0085830688476562,1.344,2.208,0.0,0.0,113.256,0.0,0.0,0.0,1.192,0
91,0.0,0.0,0.0,0.0,0.0,0.0,0,0,0.0,0.0,0.0,0.0,0.0,0.0,0.0,0.0085830688476562,0.0062214201362571,0.0064373016357421,0.0064373016357421,0.0,0.0,0.0,0.0,0.0,0.0152587890625,0.0152587890625,0.0,0.0,0.0,0.0095367431640625,0.0095367431640625,0.496,1.36,0.0,0.0,113.256,0.0,0.0,0.0,1.192,0
92,0.0,0.0,0.0,0.0,0.0,0.0,0,0,0.0,0.0,0.0,0.0,0.0,0.0,0.0,0.0081300735473632,0.0062477588653564,0.0066757202148437,0.0066757202148437,0.0,0.0,0.0,0.0,0.0064373016357421,0.0152587890625,0.0152587890625,0.0071525573730468,0.0118992545387961,0.0319480895996093,0.0047683715820312,0.0047683715820312,0.496,1.36,0.0,0.0,112.696,8.016,7.936,0.0,1.192,0
93,0.0,0.0,0.0,0.0,0.0,0.0,0,0,0.0,0.0,0.0,0.0,0.0,0.0,0.0,0.0081062316894531,0.0060474872589111,0.0069141387939453,0.0069141387939453,0.0,0.0,0.0,0.0,0.005960464477539,0.0092983245849609,0.0092983245849609,0.0081777572631835,0.0114679336547851,0.0281333923339843,0.0,0.0,0.496,1.36,0.0,0.0,112.0,7.488,8.464,0.0,0.0,0
94,0.0,0.0,0.0,0.0,0.0,0.0,0,0,0.0,0.0,0.0,0.0,0.0,0.0,0.0,0.0085830688476562,0.0061273574829101,0.0095367431640625,0.0095367431640625,0.0,0.0,0.0,0.0,0.0066041946411132,0.0081062316894531,0.0081062316894531,0.0086069107055664,0.0112771987915039,0.0286340713500976,0.0,0.0,0.496,1.36,0.0,0.0,112.0,16.528,15.472,0.0,0.0,1
95,0.0,0.0,0.0,0.0,0.0,0.0,0,0,0.0,0.0,0.0,0.0,0.0,0.0,0.0,0.0083684921264648,0.0062263011932373,0.0107288360595703,0.0107288360595703,0.0,0.0,0.0,0.0,0.0,0.0071525573730468,0.0071525573730468,0.0,0.0,0.0,0.0,0.0,0.496,1.36,0.0,0.0,112.0,0.0,0.0,0.0,0.0,1
96,0.0,0.0,0.0,0.0,0.0,0.0,0,0,0.0,0.0,0.0,0.0,0.0,0.0,0.0,0.0088453292846679,0.0063157081604003,0.0066757202148437,0.0066757202148437,0.0,0.0,0.0,0.0,0.0,0.0061988830566406,0.0061988830566406,0.0,0.0,0.0,0.0,0.0,0.496,1.36,0.0,0.0,112.0,0.0,0.0,0.0,0.0,1
97,0.0,0.0,0.0,0.0,0.0,0.0,0,0,0.0,0.0,0.0,0.0,0.0,0.0,0.0,0.0081062316894531,0.006031634202644,0.0071525573730468,0.0071525573730468,0.0,0.0,0.0,0.0,0.0,0.0090599060058593,0.0090599060058593,0.0,0.0,0.0,0.0128746032714843,0.0128746032714843,0.496,1.36,0.0,0.0,113.256,0.0,0.0,0.0,1.192,1
98,0.0,0.0,0.0,0.0,0.0,0.0,0,0,0.0,0.0,0.0,0.0,0.0,0.0,0.0,0.0078678131103515,0.0060399373372395,0.0066757202148437,0.0066757202148437,0.0057220458984375,0.0059127807617187,0.0101327896118164,0.012516975402832,0.0067949295043945,0.0143051147460937,0.0143051147460937,0.0095129013061523,0.0117063522338867,0.0296354293823242,0.0061988830566406,0.0061988830566406,0.496,1.36,1.696,1.696,113.256,7.488,8.464,0.0,1.192,1
99,0.0,0.0,0.0,0.0,0.0,0.0,0,0,0.0,0.0,0.0,0.0,0.0,0.0,0.0,0.0081062316894531,0.0059924908538362,0.0100135803222656,0.0100135803222656,0.0,0.0,0.0,0.0,0.0065088272094726,0.0104904174804687,0.0104904174804687,0.009012222290039,0.0128984451293945,0.0302791595458984,0.0090599060058593,0.0090599060058593,0.496,1.36,0.0,0.0,113.256,7.488,8.464,0.0,1.192,1
100,0.0,0.0,0.0,0.0,0.0,0.0,0,0,0.0,0.0,0.0,0.0,0.0,0.0,0.0,0.0078678131103515,0.0059401988983154,0.0071525573730468,0.0071525573730468,0.0,0.0,0.0,0.0,0.0065326690673828,0.0081062316894531,0.0081062316894531,0.0092983245849609,0.0110745429992675,0.0281333923339843,0.0,0.0,0.496,1.36,0.0,0.0,112.0,16.528,15.472,100.0,0.0,1
101,0.0,0.0,0.0,0.0,0.0,0.0,0,0,0.0,0.0,0.0,0.0,0.0,0.0,0.0,0.0081062316894531,0.0059866905212402,0.0073909759521484,0.0073909759521484,0.0,0.0,0.0,0.0,0.0,0.0066757202148437,0.0066757202148437,0.0,0.0,0.0,0.0,0.0,0.496,1.36,0.0,0.0,112.0,0.0,0.0,100.0,0.0,1
102,0.0,0.0,0.0,0.0,0.0,0.0,0,0,0.0,0.0,0.0,0.0,0.0,0.0,0.0,0.0085353851318359,0.0062106278142318,0.0083446502685546,0.0083446502685546,0.0,0.0,0.0,0.0,0.0,0.0107288360595703,0.0107288360595703,0.0,0.0,0.0,0.035647302865982,0.1006126403808593,0.496,1.392,0.0,0.0,125.224,0.0,0.0,49.60629921259843,688.352,1
103,0.0,0.0,0.0,0.0,0.0,0.0,0,0,0.0,0.0,0.0,0.0,0.0,0.0,0.0,0.0095367431640625,0.0064887252508425,0.009775161743164,0.009775161743164,0.0,0.0,0.0,0.0,0.0,0.0083446502685546,0.0083446502685546,0.0,0.0,0.0,0.0595681160639302,0.2052307128906249,0.496,1.424,0.0,0.0,132.768,0.0,0.0,49.91749174917492,6720.28,1
104,0.0,0.0,0.0,0.0,0.0,0.0,0,0,0.0,0.0,0.0,0.0,0.0,0.0,0.0,0.0081062316894531,0.0059272519391567,0.0069141387939453,0.0069141387939453,0.0,0.0,0.0,0.0,0.0059843063354492,0.0119209289550781,0.0119209289550781,0.0088214874267578,0.0113725662231445,0.0295877456665039,0.0069141387939453,0.0069141387939453,0.496,1.424,0.0,0.0,113.256,7.488,8.464,0.0,1.192,1
105,0.0,0.0,0.0,0.0,0.0,0.0,0,0,0.0,0.0,0.0,0.0,0.0,0.0,0.0,0.0081062316894531,0.0062131170016616,0.0071525573730468,0.0071525573730468,0.0,0.0,0.0,0.0,0.0062227249145507,0.0050067901611328,0.0050067901611328,0.0086069107055664,0.011301040649414,0.0284671783447265,0.0081062316894531,0.0081062316894531,0.496,1.36,0.0,0.0,113.256,7.488,8.464,0.0,1.192,1
106,0.0,0.0,0.0,0.0,0.0,0.0,0,0,0.0,0.0,0.0,0.0,0.0,0.0,0.0,0.0090599060058593,0.0065319678362678,0.0143051147460937,0.0143051147460937,0.0,0.0,0.0,0.0,0.0064253807067871,0.0216960906982421,0.0216960906982421,0.0090837478637695,0.0110745429992675,0.0288724899291992,0.0511482612844747,0.1992702484130859,0.496,1.36,0.0,0.0,123.328,16.528,15.472,52.15493726132024,10020.872,1
107,0.0,0.0,0.0,0.0,0.0,0.0,0,0,0.0,0.0,0.0,0.0,0.0,0.0,0.0,0.0083446502685546,0.0062429904937744,0.0081062316894531,0.0081062316894531,0.0,0.0,0.0,0.0,0.0062147776285807,0.0159740447998046,0.0159740447998046,0.0086784362792968,0.0099976857503255,0.0217437744140625,0.0,0.0,0.496,1.424,0.0,0.0,112.0,10.776,11.312,52.15493726132024,0.0,1
108,0.0,0.0,0.0,0.0,0.0,0.0,0,0,0.0,0.0,0.0,0.0,0.0,0.0,0.0,0.0085830688476562,0.0062167644500732,0.0071525573730468,0.0071525573730468,0.0,0.0,0.0,0.0,0.0,0.0064373016357421,0.0064373016357421,0.0,0.0,0.0,0.0,0.0,0.496,1.36,0.0,0.0,112.0,0.0,0.0,52.15493726132024,0.0,1
109,0.0,0.0,0.0,0.0,0.0,0.0,0,0,0.0,0.0,0.0,0.0,0.0,0.0,0.0,0.0083446502685546,0.006118224034855,0.0069141387939453,0.0069141387939453,0.0,0.0,0.0,0.0,0.0,0.0116825103759765,0.0116825103759765,0.0,0.0,0.0,0.0081062316894531,0.0094413757324218,0.496,1.36,0.0,0.0,114.712,0.0,0.0,0.0,9.392,1
110,0.0,0.0,0.0,0.0,0.0,0.0,0,0,0.0,0.0,0.0,0.0,0.0,0.0,0.0,0.0081062316894531,0.006089756144813,0.0073909759521484,0.0073909759521484,0.0,0.0,0.0,0.0,0.0062227249145507,0.0073909759521484,0.0073909759521484,0.008392333984375,0.0112056732177734,0.0292539596557617,0.0069141387939453,0.0088214874267578,0.496,1.424,0.0,0.0,117.192,7.488,8.464,33.33333333333333,24.144,1
111,0.0,0.0,0.0,0.0,0.0,0.0,0,0,0.0,0.0,0.0,0.0,0.0,0.0,0.0,0.0078916549682617,0.0060987472534179,0.0069141387939453,0.0069141387939453,0.0,0.0,0.0,0.0,0.0062942504882812,0.0112056732177734,0.0112056732177734,0.0085830688476562,0.0113964080810546,0.02899169921875,0.0443284104510051,0.1940250396728516,0.496,1.392,0.0,0.0,112.0,7.488,8.464,54.18994413407822,876.912,1
112,0.0,0.0,0.0,0.0,0.0,0.0,0,0,0.0,0.0,0.0,0.0,0.0,0.0,0.0,0.0089645385742187,0.0066291995164824,0.0090599060058593,0.0090599060058593,0.0,0.0,0.0,0.0,0.0062942504882812,0.0085830688476562,0.0085830688476562,0.0088214874267578,0.0110626220703125,0.0275611877441406,0.0565607439387928,0.2023458480834961,0.496,1.424,0.0,0.0,133.8,16.528,15.472,51.54852030282174,8001.2,1
113,0.0,0.0,0.0,0.0,0.0,0.0,0,0,0.0,0.0,0.0,0.0,0.0,0.0,0.0,0.0081062316894531,0.0060992454414937,0.0119209289550781,0.0119209289550781,0.0,0.0,0.0,0.0,0.0,0.0069141387939453,0.0069141387939453,0.0,0.0,0.0,0.0,0.0,0.496,1.424,0.0,0.0,113.256,0.0,0.0,100.0,0.0,1
114,0.0,0.0,0.0,0.0,0.0,0.0,0,0,0.0,0.0,0.0,0.0,0.0,0.0,0.0,0.0088214874267578,0.0063051091562403,0.0088214874267578,0.0088214874267578,0.0,0.0,0.0,0.0,0.0,0.0116825103759765,0.0116825103759765,0.0,0.0,0.0,0.0063975652058919,0.0092983245849609,0.496,1.36,0.0,0.0,115.968,0.0,0.0,50.0,39.952,1
115,0.0,0.0,0.0,0.0,0.0,0.0,0,0,0.0,0.0,0.0,0.0,0.0,0.0,0.0,0.0078916549682617,0.0059390068054199,0.0083446502685546,0.0083446502685546,0.0,0.0,0.0,0.0,0.0,0.0109672546386718,0.0109672546386718,0.0,0.0,0.0,0.0073909759521484,0.0073909759521484,0.496,1.424,0.0,0.0,112.0,0.0,0.0,66.66666666666666,3.32,1
116,0.0,0.0,0.0,0.0,0.0,0.0,0,0,0.0,0.0,0.0,0.0,0.0,0.0,0.0,0.0083446502685546,0.0061265271694505,0.0069141387939453,0.0069141387939453,0.0,0.0,0.0,0.0,0.0057750278049045,0.00762939453125,0.00762939453125,0.0070571899414062,0.0104470686479048,0.0257492065429687,0.0047206878662109,0.0053882598876953,0.496,1.424,0.0,0.0,115.608,8.016,7.936,64.28571428571429,60.36,1
117,0.0,0.0,0.0,0.0,0.0,0.0,0,0,0.0,0.0,0.0,0.0,0.0,0.0,0.0,0.0083446502685546,0.0061265271694505,0.0066757202148437,0.0066757202148437,0.0,0.0,0.0,0.0,0.0061750411987304,0.0133514404296875,0.0133514404296875,0.0085830688476562,0.0112771987915039,0.028538703918457,0.0047206878662109,0.0053882598876953,0.496,1.392,0.0,0.0,115.608,7.488,8.464,64.28571428571429,60.36,1
118,0.0,0.0,0.0,0.0,0.0,0.0,0,0,0.0,0.0,0.0,0.0,0.0,0.0,0.0,0.0083446502685546,0.0061265271694505,0.0073909759521484,0.0073909759521484,0.0,0.0,0.0,0.0,0.0064611434936523,0.0154972076416015,0.0154972076416015,0.0083446502685546,0.0114083290100097,0.0281333923339843,0.0047206878662109,0.0053882598876953,0.496,1.36,0.0,0.0,115.608,16.528,15.472,64.28571428571429,60.36,1
119,0.0,0.0,0.0,0.0,0.0,0.0,0,0,0.0,0.0,0.0,0.0,0.0,0.0,0.0,0.0083446502685546,0.0061265271694505,0.00762939453125,0.00762939453125,0.0,0.0,0.0,0.0,0.0,0.0121593475341796,0.0121593475341796,0.0,0.0,0.0,0.0047206878662109,0.0053882598876953,0.496,1.36,0.0,0.0,115.608,0.0,0.0,64.28571428571429,60.36,1
120,0.0,0.0,0.0,0.0,0.0,0.0,0,0,0.0,0.0,0.0,0.0,0.0,0.0,0.0,0.0081062316894531,0.0061084484231883,0.0071525573730468,0.0071525573730468,0.0,0.0,0.0,0.0,0.0,0.0102519989013671,0.0102519989013671,0.0,0.0,0.0,0.0057220458984375,0.006103515625,0.496,1.36,0.0,0.0,118.872,0.0,0.0,57.14285714285714,17.112,1
121,0.0,0.0,0.0,0.0,0.0,0.0,0,0,0.0,0.0,0.0,0.0,0.0,0.0,0.0,0.0081062316894531,0.006061288254771,0.0069141387939453,0.0069141387939453,0.0,0.0,0.0,0.0,0.0,0.0138282775878906,0.0138282775878906,0.0,0.0,0.0,0.0054836273193359,0.0054836273193359,0.496,1.424,0.0,0.0,113.256,0.0,0.0,0.0,1.192,1
122,0.0,0.0,0.0,0.0,0.0,0.0,0,0,0.0,0.0,0.0,0.0,0.0,0.0,0.0,0.0081062316894531,0.0060695913893666,0.007033348083496,0.0082731246948242,0.0,0.0,0.0,0.0,0.0066518783569335,0.0116825103759765,0.0126361846923828,0.0088214874267578,0.010848045349121,0.0263452529907226,0.0,0.0,1.344,2.208,0.0,0.0,113.256,7.488,8.464,100.0,0.0,1
123,0.0,0.0,0.0,0.0,0.0,0.0,0,0,0.0,0.0,0.0,0.0,0.0,0.0,0.0,0.0085830688476562,0.0063860416412353,0.0061988830566406,0.0061988830566406,0.0,0.0,0.0,0.0,0.006270408630371,0.0128746032714843,0.0128746032714843,0.008392333984375,0.0110387802124023,0.0262737274169921,0.0,0.0,0.496,1.36,0.0,0.0,112.0,7.488,8.464,100.0,0.0,1
124,0.0,0.0,0.0,0.0,0.0,0.0,0,0,0.0,0.0,0.0,0.0,0.0,0.0,0.0,0.0085830688476562,0.0062918663024902,0.0071525573730468,0.0071525573730468,0.0,0.0,0.0,0.0,0.0064611434936523,0.0095367431640625,0.0095367431640625,0.0086784362792968,0.0110030174255371,0.0261545181274414,0.0,0.0,0.496,1.36,0.0,0.0,112.0,16.528,15.472,100.0,0.0,1
125,0.0,0.0,0.0,0.0,0.0,0.0,0,0,0.0,0.0,0.0,0.0,0.0,0.0,0.0,0.0085830688476562,0.0061655044555664,0.0071525573730468,0.0071525573730468,0.0,0.0,0.0,0.0,0.0,0.0069141387939453,0.0069141387939453,0.0,0.0,0.0,0.0,0.0,0.496,1.36,0.0,0.0,112.0,0.0,0.0,100.0,0.0,1
126,0.0,0.0,0.0,0.0,0.0,0.0,0,0,0.0,0.0,0.0,0.0,0.0,0.0,0.0,0.0081300735473632,0.0061511993408203,0.0066757202148437,0.0066757202148437,0.0,0.0,0.0,0.0,0.0,0.0140666961669921,0.0140666961669921,0.0,0.0,0.0,0.0,0.0,0.496,1.36,0.0,0.0,112.0,0.0,0.0,100.0,0.0,1
127,0.0,0.0,0.0,0.0,0.0,0.0,0,0,0.0,0.0,0.0,0.0,0.0,0.0,0.0,0.0088214874267578,0.0061571598052978,0.0078678131103515,0.0078678131103515,0.0,0.0,0.0,0.0,0.0,0.0102519989013671,0.0102519989013671,0.0,0.0,0.0,0.0,0.0,0.496,1.36,0.0,0.0,112.0,0.0,0.0,100.0,0.0,1
128,0.0,0.0,0.0,0.0,0.0,0.0,0,0,0.0,0.0,0.0,0.0,0.0,0.0,0.0,0.0083446502685546,0.0063329193722549,0.0064373016357421,0.0064373016357421,0.0047683715820312,0.0047683715820312,0.0154972076416015,0.0154972076416015,0.0058809916178385,0.013589859008789,0.013589859008789,0.0068187713623046,0.0111623243852095,0.0300407409667968,0.0,0.0,0.496,1.36,0.848,0.848,113.256,8.016,7.936,100.0,0.0,1
129,0.0,0.0,0.0,0.0,0.0,0.0,0,0,0.0,0.0,0.0,0.0,0.0,0.0,0.0,0.0081062316894531,0.0059913046917512,0.0071525573730468,0.0071525573730468,0.0,0.0,0.0,0.0,0.0061459011501736,0.00762939453125,0.00762939453125,0.0078201293945312,0.0106854872270063,0.028848648071289,0.0,0.0,0.496,1.36,0.0,0.0,113.256,8.016,7.936,100.0,0.0,1
130,0.0,0.0,0.0,0.0,0.0,0.0,0,0,0.0,0.0,0.0,0.0,0.0,0.0,0.0,0.0085830688476562,0.0062439572158737,0.0083446502685546,0.0083446502685546,0.0064373016357421,0.0064373016357421,0.0069141387939453,0.0069141387939453,0.0063048468695746,0.0109672546386718,0.0109672546386718,0.0083446502685546,0.0107071616432883,0.0259160995483398,0.0081062316894531,0.0109672546386718,0.496,1.392,0.848,0.848,113.256,17.584,14.416,71.42857142857143,24.144,1
131,0.0,0.0,0.0,0.0,0.0,0.0,0,0,0.0,0.0,0.0,0.0,0.0,0.0,0.0,0.0081062316894531,0.0061011314392089,0.0064373016357421,0.0064373016357421,0.0,0.0,0.0,0.0,0.0,0.005960464477539,0.005960464477539,0.0,0.0,0.0,0.0,0.0,0.496,1.36,0.0,0.0,112.0,0.0,0.0,71.42857142857143,0.0,1
132,0.0,0.0,0.0,0.0,0.0,0.0,0,0,0.0,0.0,0.0,0.0,0.0,0.0,0.0,0.0081062316894531,0.0061813522787655,0.005960464477539,0.005960464477539,0.0,0.0,0.0,0.0,0.0,0.0066757202148437,0.0066757202148437,0.0,0.0,0.0,0.0,0.0,0.496,1.36,0.0,0.0,132.768,0.0,0.0,71.42857142857143,0.0,1
133,0.0,0.0,0.0,0.0,0.0,0.0,0,0,0.0,0.0,0.0,0.0,0.0,0.0,0.0,0.0082969665527343,0.0061859638232902,0.0071525573730468,0.0071525573730468,0.0,0.0,0.0,0.0,0.0,0.0126361846923828,0.0126361846923828,0.0,0.0,0.0,0.0,0.0,0.496,1.392,0.0,0.0,127.576,0.0,0.0,71.42857142857143,0.0,1
134,0.0,0.0,0.0,0.0,0.0,0.0,0,0,0.0,0.0,0.0,0.0,0.0,0.0,0.0,0.0085830688476562,0.0062263011932373,0.0104904174804687,0.0104904174804687,0.0,0.0,0.0,0.0,0.0062942504882812,0.0183582305908203,0.0183582305908203,0.0084161758422851,0.011301040649414,0.0285625457763671,0.0,0.0,0.496,1.392,0.0,0.0,112.0,7.488,8.464,71.42857142857143,0.0,1
135,0.0,0.0,0.0,0.0,0.0,0.0,0,0,0.0,0.0,0.0,0.0,0.0,0.0,0.0,0.0083446502685546,0.0060558319091796,0.00762939453125,0.00762939453125,0.0,0.0,0.0,0.0,0.0061511993408203,0.0057220458984375,0.0057220458984375,0.0086307525634765,0.0118255615234375,0.0288248062133789,0.0,0.0,0.496,1.36,0.0,0.0,112.0,7.488,8.464,71.42857142857143,0.0,1
136,0.0,0.0,0.0,0.0,0.0,0.0,0,0,0.0,0.0,0.0,0.0,0.0,0.0,0.0,0.0078678131103515,0.0062417984008789,0.0069141387939453,0.0069141387939453,0.0,0.0,0.0,0.0,0.0063061714172363,0.005960464477539,0.005960464477539,0.0086069107055664,0.0113368034362792,0.0261306762695312,0.0,0.0,0.496,1.36,0.0,0.0,112.0,16.528,15.472,71.42857142857143,0.0,1
137,0.0,0.0,0.0,0.0,0.0,0.0,0,0,0.0,0.0,0.0,0.0,0.0,0.0,0.0,0.0083684921264648,0.0061583518981933,0.0066757202148437,0.0066757202148437,0.0,0.0,0.0,0.0,0.0,0.0064373016357421,0.0064373016357421,0.0,0.0,0.0,0.0,0.0,0.496,1.36,0.0,0.0,112.0,0.0,0.0,71.42857142857143,0.0,1
138,0.0,0.0,0.0,0.0,0.0,0.0,0,0,0.0,0.0,0.0,0.0,0.0,0.0,0.0,0.0085830688476562,0.0061288994936207,0.0066757202148437,0.0066757202148437,0.0,0.0,0.0,0.0,0.0,0.013589859008789,0.013589859008789,0.0,0.0,0.0,0.011444091796875,0.011444091796875,0.496,1.36,0.0,0.0,113.256,0.0,0.0,0.0,1.192,1
139,0.0,0.0,0.0,0.0,0.0,0.0,0,0,0.0,0.0,0.0,0.0,0.0,0.0,0.0,0.0081062316894531,0.006089756144813,0.0061988830566406,0.0061988830566406,0.0,0.0,0.0,0.0,0.0,0.0126361846923828,0.0126361846923828,0.0,0.0,0.0,0.005960464477539,0.005960464477539,0.496,1.36,0.0,0.0,113.256,0.0,0.0,0.0,1.192,1
140,0.0,0.0,0.0,0.0,0.0,0.0,0,0,0.0,0.0,0.0,0.0,0.0,0.0,0.0,0.0081062316894531,0.0061834629495345,0.011444091796875,0.011444091796875,0.0,0.0,0.0,0.0,0.0058280097113715,0.0064373016357421,0.0064373016357421,0.006866455078125,0.0105771151455965,0.0262260437011718,0.0082254409790039,0.0100374221801757,0.496,1.392,0.0,0.0,113.256,8.016,7.936,33.33333333333333,13.264,1
141,0.0,0.0,0.0,0.0,0.0,0.0,0,0,0.0,0.0,0.0,0.0,0.0,0.0,0.0,0.0083446502685546,0.0062617496471499,0.0069141387939453,0.0069141387939453,0.0068346659342447,0.0071525573730468,0.0066757202148437,0.0073909759521484,0.005960464477539,0.011444091796875,0.011444091796875,0.007939338684082,0.0121355056762695,0.0312566757202148,0.0090599060058593,0.0090599060058593,0.496,1.424,5.648,5.552,115.8,7.488,8.464,0.0,3.512,1
142,0.0,0.0,0.0,0.0,0.0,0.0,0,0,0.0,0.0,0.0,0.0,0.0,0.0,0.0,0.0088214874267578,0.0065345669267189,0.0078678131103515,0.0078678131103515,0.0071922938028971,0.0095367431640625,0.0088214874267578,0.0121593475341796,0.0065207481384277,0.0116825103759765,0.0116825103759765,0.0086307525634765,0.010693073272705,0.024580955505371,0.0069141387939453,0.0069141387939453,0.496,1.36,5.104,19.04,115.544,16.528,15.472,50.0,3.256,1
143,0.0,0.0,0.0,0.0,0.0,0.0,0,0,0.0,0.0,0.0,0.0,0.0,0.0,0.0,0.0083446502685546,0.0062143802642822,0.0078678131103515,0.0078678131103515,0.0,0.0,0.0,0.0,0.0,0.0107288360595703,0.0107288360595703,0.0,0.0,0.0,0.0,0.0,0.496,1.424,0.0,0.0,112.0,0.0,0.0,50.0,0.0,1
144,0.0,0.0,0.0,0.0,0.0,0.0,0,0,0.0,0.0,0.0,0.0,0.0,0.0,0.0,0.0083446502685546,0.0061285495758056,0.0069141387939453,0.0069141387939453,0.0052452087402343,0.0052452087402343,0.005960464477539,0.005960464477539,0.0,0.013589859008789,0.013589859008789,0.0,0.0,0.0,0.0,0.0,0.496,1.36,0.848,0.784,112.0,0.0,0.0,50.0,0.0,1
145,0.0,0.0,0.0,0.0,0.0,0.0,0,0,0.0,0.0,0.0,0.0,0.0,0.0,0.0,0.0090599060058593,0.0065970420837402,0.0088214874267578,0.0088214874267578,0.0072121620178222,0.0092506408691406,0.0084638595581054,0.0115156173706054,0.0,0.0071525573730468,0.0071525573730468,0.0,0.0,0.0,0.0116825103759765,0.0116825103759765,0.496,1.36,21.504,12.864,112.632,0.0,0.0,0.0,1.192,1
146,0.0,0.0,0.0,0.0,0.0,0.0,0,0,0.0,0.0,0.0,0.0,0.0,0.0,0.0,0.0088214874267578,0.0068417829067552,0.0073909759521484,0.0073909759521484,0.0,0.0,0.0,0.0,0.0063657760620117,0.0109672546386718,0.0109672546386718,0.0085115432739257,0.0109434127807617,0.0279903411865234,0.0,0.0,0.496,1.776,0.0,0.0,113.256,7.488,8.464,100.0,0.0,1
147,0.0,0.0,0.0,0.0,0.0,0.0,0,0,0.0,0.0,0.0,0.0,0.0,0.0,0.0,0.0085830688476562,0.0068334797721597,0.0073909759521484,0.0073909759521484,0.0,0.0,0.0,0.0,0.0066041946411132,0.0119209289550781,0.0119209289550781,0.0094175338745117,0.0105619430541992,0.0257730484008789,0.0064373016357421,0.0064373016357421,0.496,1.776,0.0,0.0,113.256,7.488,8.464,0.0,1.192,1
148,0.0,0.0,0.0,0.0,0.0,0.0,0,0,0.0,0.0,0.0,0.0,0.0,0.0,0.0,0.0090599060058593,0.0068604946136474,0.005960464477539,0.005960464477539,0.0,0.0,0.0,0.0,0.0061612380178351,0.0090599060058593,0.0090599060058593,0.0081539154052734,0.0106720697312127,0.025033950805664,0.0,0.0,0.496,1.776,0.0,0.0,112.0,17.056,14.944,0.0,0.0,1
149,0.0,0.0,0.0,0.0,0.0,0.0,0,0,0.0,0.0,0.0,0.0,0.0,0.0,0.0,0.0083446502685546,0.0068370382584149,0.0123977661132812,0.0123977661132812,0.0,0.0,0.0,0.0,0.0,0.0078678131103515,0.0078678131103515,0.0,0.0,0.0,0.009775161743164,0.009775161743164,0.496,1.84,0.0,0.0,115.224,0.0,0.0,50.0,2.936,1
150,0.0,0.0,0.0,0.0,0.0,0.0,0,0,0.0,0.0,0.0,0.0,0.0,0.0,0.0,0.0088214874267578,0.0069777942398219,0.0069141387939453,0.0069141387939453,0.0,0.0,0.0,0.0,0.0,0.0088214874267578,0.0088214874267578,0.0,0.0,0.0,0.0174779158372145,0.0073671340942382,0.496,1.84,0.0,0.0,135.712,0.0,0.0,48.51485148514851,431.328,1
151,0.0,0.0,0.0,0.0,0.0,0.0,0,0,0.0,0.0,0.0,0.0,0.0,0.0,0.0,0.0088214874267578,0.007039871974964,0.0083446502685546,0.0083446502685546,0.0,0.0,0.0,0.0,0.0,0.0092983245849609,0.0092983245849609,0.0,0.0,0.0,0.0054585306267989,0.0065803527832031,0.496,1.84,0.0,0.0,116.376,0.0,0.0,60.416666666666664,130.84,1
152,0.0,0.0,0.0,0.0,0.0,0.0,0,0,0.0,0.0,0.0,0.0,0.0,0.0,0.0,0.0083446502685546,0.0068417829067552,0.0083446502685546,0.0083446502685546,0.0,0.0,0.0,0.0,0.0061988830566406,0.0081062316894531,0.0081062316894531,0.0084400177001953,0.0102996826171875,0.0246047973632812,0.0253723513695501,0.0064373016357421,0.496,1.808,0.0,0.0,114.424,7.488,8.464,50.0,224.872,1
153,0.0,0.0,0.0,0.0,0.0,0.0,0,0,0.0,0.0,0.0,0.0,0.0,0.0,0.0,0.0083446502685546,0.006880926255563,0.0063180923461914,0.0069856643676757,0.0,0.0,0.0,0.0,0.0058174133300781,0.0091791152954101,0.0106096267700195,0.0081300735473632,0.0102519989013671,0.0262975692749023,0.0055233637491861,0.0067949295043945,1.344,2.688,0.0,0.0,115.088,7.488,8.464,53.84615384615385,22.128,1
154,0.0,0.0,0.0,0.0,0.0,0.0,0,0,0.0,0.0,0.0,0.0,0.0,0.0,0.0,0.0088214874267578,0.0070345283734916,0.0078678131103515,0.0078678131103515,0.0,0.0,0.0,0.0,0.0063657760620117,0.0104904174804687,0.0104904174804687,0.0079154968261718,0.0102974119640532,0.0259876251220703,0.0057220458984375,0.0062942504882812,0.496,1.776,0.0,0.0,118.448,17.056,15.472,25.0,19.736,1
155,0.0,0.0,0.0,0.0,0.0,0.0,0,0,0.0,0.0,0.0,0.0,0.0,0.0,0.0,0.0088214874267578,0.006885811834052,0.0071525573730468,0.0071525573730468,0.0,0.0,0.0,0.0,0.0,0.0083446502685546,0.0083446502685546,0.0,0.0,0.0,0.0050593824947581,0.006270408630371,0.496,1.84,0.0,0.0,118.448,0.0,0.0,44.71544715447154,468.528,1
156,0.0,0.0,0.0,0.0,0.0,0.0,0,0,0.0,0.0,0.0,0.0,0.0,0.0,0.0,0.0083446502685546,0.0067722797393798,0.0066757202148437,0.0066757202148437,0.0,0.0,0.0,0.0,0.0,0.009775161743164,0.009775161743164,0.0,0.0,0.0,0.0,0.0,0.496,1.84,0.0,0.0,112.0,0.0,0.0,44.71544715447154,0.0,1
157,0.0,0.0,0.0,0.0,0.0,0.0,0,0,0.0,0.0,0.0,0.0,0.0,0.0,0.0,0.0085830688476562,0.0067760448644656,0.0100135803222656,0.0100135803222656,0.0,0.0,0.0,0.0,0.0,0.0119209289550781,0.0119209289550781,0.0,0.0,0.0,0.0054836273193359,0.0065803527832031,0.496,1.84,0.0,0.0,121.008,0.0,0.0,50.0,22.768,1
158,0.0,0.0,0.0,0.0,0.0,0.0,0,0,0.0,0.0,0.0,0.0,0.0,0.0,0.0,0.0085830688476562,0.0067317485809326,0.0095367431640625,0.0095367431640625,0.0,0.0,0.0,0.0,0.006103515625,0.0095367431640625,0.0095367431640625,0.0079154968261718,0.01068115234375,0.0201702117919921,0.0061988830566406,0.0075340270996093,0.496,1.808,0.0,0.0,112.0,3.744,4.232,66.66666666666666,19.184,1
159,0.0,0.0,0.0,0.0,0.0,0.0,0,0,0.0,0.0,0.0,0.0,0.0,0.0,0.0,0.0085830688476562,0.0069188599539275,0.0069141387939453,0.0069141387939453,0.0,0.0,0.0,0.0,0.0060081481933593,0.009775161743164,0.009775161743164,0.0073432922363281,0.0117778778076171,0.022745132446289,0.0052635486309344,0.0061988830566406,0.496,1.84,0.0,0.0,122.384,3.744,4.232,56.666666666666664,91.816,1
160,0.0,0.0,0.0,0.0,0.0,0.0,0,0,0.0,0.0,0.0,0.0,0.0,0.0,0.0,0.0088214874267578,0.0069546699523925,0.0073909759521484,0.0073909759521484,0.0,0.0,0.0,0.0,0.0060558319091796,0.0071525573730468,0.0071525573730468,0.0077009201049804,0.0118494033813476,0.0294208526611328,0.0,0.0,0.496,1.808,0.0,0.0,112.0,8.264,7.736,56.666666666666664,0.0,1
161,0.0,0.0,0.0,0.0,0.0,0.0,0,0,0.0,0.0,0.0,0.0,0.0,0.0,0.0,0.0085830688476562,0.0068145011787983,0.0104904174804687,0.0104904174804687,0.0,0.0,0.0,0.0,0.0,0.0081062316894531,0.0081062316894531,0.0,0.0,0.0,0.0074307123819986,0.0104904174804687,0.496,1.776,0.0,0.0,113.256,0.0,0.0,60.0,47.696,1
162,0.0,0.0,0.0,0.0,0.0,0.0,0,0,0.0,0.0,0.0,0.0,0.0,0.0,0.0,0.0081062316894531,0.006834274442325,0.0078678131103515,0.0078678131103515,0.0,0.0,0.0,0.0,0.0,0.0152587890625,0.0152587890625,0.0,0.0,0.0,0.0051259994506835,0.0063657760620117,0.496,1.84,0.0,0.0,125.856,0.0,0.0,56.36363636363636,179.232,1
163,0.0,0.0,0.0,0.0,0.0,0.0,0,0,0.0,0.0,0.0,0.0,0.0,0.0,0.0,0.0085830688476562,0.0068050118821177,0.0066757202148437,0.0066757202148437,0.0,0.0,0.0,0.0,0.0,0.005960464477539,0.005960464477539,0.0,0.0,0.0,0.0071525573730468,0.0071525573730468,0.496,1.84,0.0,0.0,113.256,0.0,0.0,0.0,1.192,1
164,0.0,0.0,0.0,0.0,0.0,0.0,0,0,0.0,0.0,0.0,0.0,0.0,0.0,0.0,0.0095367431640625,0.0075066443717125,0.00762939453125,0.00762939453125,0.0,0.0,0.0,0.0,0.006723403930664,0.011444091796875,0.011444091796875,0.0085830688476562,0.0109672546386718,0.020456314086914,0.0080676470401782,0.0054836273193359,0.496,1.84,0.0,0.0,122.384,3.744,4.232,48.76237623762376,3652.896,1
165,0.0,0.0,0.0,0.0,0.0,0.0,0,0,0.0,0.0,0.0,0.0,0.0,0.0,0.0,0.0088214874267578,0.0071015524033883,0.0081062316894531,0.0081062316894531,0.0,0.0,0.0,0.0,0.005960464477539,0.0157356262207031,0.0157356262207031,0.0073432922363281,0.0110149383544921,0.0207901000976562,0.0051721449821226,0.0061988830566406,0.496,1.84,0.0,0.0,117.192,3.744,4.232,49.59349593495935,507.92,1
166,0.0,0.0,0.0,0.0,0.0,0.0,0,0,0.0,0.0,0.0,0.0,0.0,0.0,0.0,0.0081062316894531,0.0067317485809326,0.00762939453125,0.00762939453125,0.0,0.0,0.0,0.0,0.0061273574829101,0.0078678131103515,0.0078678131103515,0.0083684921264648,0.011301040649414,0.027632713317871,0.0175535678863525,0.036168098449707,0.496,1.808,0.0,0.0,112.0,8.264,7.736,27.27272727272727,65.792,1
167,0.0,0.0,0.0,0.0,0.0,0.0,0,0,0.0,0.0,0.0,0.0,0.0,0.0,0.0,0.0092983245849609,0.007360288412264,0.0078678131103515,0.0078678131103515,0.0,0.0,0.0,0.0,0.0063578287760416,0.013589859008789,0.013589859008789,0.0087261199951171,0.0102519989013671,0.0204086303710937,0.0114075772397153,0.0061988830566406,0.496,1.84,0.0,0.0,121.008,10.776,11.312,49.08256880733945,2043.28,1
168,0.0,0.0,0.0,0.0,0.0,0.0,0,0,0.0,0.0,0.0,0.0,0.0,0.0,0.0,0.0083446502685546,0.0066471099853515,0.0069141387939453,0.0069141387939453,0.0,0.0,0.0,0.0,0.0,0.0069141387939453,0.0069141387939453,0.0,0.0,0.0,0.0,0.0,0.496,1.808,0.0,0.0,112.0,0.0,0.0,49.08256880733945,0.0,1
169,0.0,0.0,0.0,0.0,0.0,0.0,0,0,0.0,0.0,0.0,0.0,0.0,0.0,0.0,0.0085830688476562,0.0069924254915607,0.0085830688476562,0.0085830688476562,0.0,0.0,0.0,0.0,0.0,0.0116825103759765,0.0116825103759765,0.0,0.0,0.0,0.0137149310502849,0.0064373016357421,0.496,1.808,0.0,0.0,113.256,0.0,0.0,53.78787878787878,605.656,1
170,0.0,0.0,0.0,0.0,0.0,0.0,0,0,0.0,0.0,0.0,0.0,0.0,0.0,0.0,0.0083446502685546,0.0067762300079944,0.0071525573730468,0.0071525573730468,0.0,0.0,0.0,0.0,0.0060558319091796,0.013589859008789,0.013589859008789,0.0078678131103515,0.0104427337646484,0.0199317932128906,0.0054836273193359,0.0070571899414062,0.496,1.84,0.0,0.0,126.816,3.744,4.232,61.53846153846154,154.696,1
171,0.0,0.0,0.0,0.0,0.0,0.0,0,0,0.0,0.0,0.0,0.0,0.0,0.0,0.0,0.0090599060058593,0.0071525573730468,0.0064373016357421,0.0064373016357421,0.0,0.0,0.0,0.0,0.0064373016357421,0.0112056732177734,0.0112056732177734,0.008249282836914,0.0111103057861328,0.0212669372558593,0.020762050853056,0.0922679901123047,0.496,1.808,0.0,0.0,115.84,3.744,4.232,46.875,819.0,1
172,0.0,0.0,0.0,0.0,0.0,0.0,0,0,0.0,0.0,0.0,0.0,0.0,0.0,0.0,0.0088214874267578,0.0071940730460247,0.0073909759521484,0.0073909759521484,0.0,0.0,0.0,0.0,0.0057458877563476,0.0123977661132812,0.0123977661132812,0.0072479248046875,0.0104188919067382,0.0271797180175781,0.0122608524737971,0.005960464477539,0.496,1.84,0.0,0.0,117.192,8.264,7.736,53.02325581395348,926.76,1
173,0.0,0.0,0.0,0.0,0.0,0.0,0,0,0.0,0.0,0.0,0.0,0.0,0.0,0.0,0.0085830688476562,0.0069461651702425,0.0078678131103515,0.0078678131103515,0.0,0.0,0.0,0.0,0.0,0.0061988830566406,0.0061988830566406,0.0,0.0,0.0,0.0252148200725686,0.0915765762329101,0.496,1.808,0.0,0.0,117.192,0.0,0.0,48.67256637168141,565.648,1
174,0.0,0.0,0.0,0.0,0.0,0.0,0,0,0.0,0.0,0.0,0.0,0.0,0.0,0.0,0.0083446502685546,0.0068975325247541,0.009775161743164,0.009775161743164,0.0,0.0,0.0,0.0,0.0,0.0095367431640625,0.0095367431640625,0.0,0.0,0.0,0.0161153298837167,0.0077247619628906,0.496,1.84,0.0,0.0,117.192,0.0,0.0,47.05882352941176,261.816,1
175,0.0,0.0,0.0,0.0,0.0,0.0,0,0,0.0,0.0,0.0,0.0,0.0,0.0,0.0,0.0088214874267578,0.0069224419285408,0.00762939453125,0.00762939453125,0.0,0.0,0.0,0.0,0.0,0.0116825103759765,0.0116825103759765,0.0,0.0,0.0,0.0052849451700846,0.0063657760620117,0.496,1.84,0.0,0.0,117.192,0.0,0.0,51.61290322580645,305.52,1
176,0.0,0.0,0.0,0.0,0.0,0.0,0,0,0.0,0.0,0.0,0.0,0.0,0.0,0.0,0.0092983245849609,0.0072237270981518,0.0083446502685546,0.0083446502685546,0.0123977661132812,0.0141143798828125,0.0138282775878906,0.0163078308105468,0.0060081481933593,0.0088214874267578,0.0088214874267578,0.0076770782470703,0.0107288360595703,0.0201225280761718,0.0105705936398126,0.0063896179199218,0.496,1.84,1.696,1.696,117.192,3.744,4.232,44.87804878048781,1038.552,1
177,0.0,0.0,0.0,0.0,0.0,0.0,0,0,0.0,0.0,0.0,0.0,0.0,0.0,0.0,0.0085830688476562,0.0070730845133463,0.0104904174804687,0.0104904174804687,0.0,0.0,0.0,0.0,0.0060081481933593,0.009775161743164,0.009775161743164,0.007486343383789,0.0106334686279296,0.0199317932128906,0.0116705894470214,0.0064611434936523,0.496,1.84,0.0,0.0,117.192,3.744,4.232,49.494949494949495,963.232,1
178,0.0,0.0,0.0,0.0,0.0,0.0,0,0,0.0,0.0,0.0,0.0,0.0,0.0,0.0,0.0085830688476562,0.0068987186868392,0.0081062316894531,0.0081062316894531,0.0,0.0,0.0,0.0,0.0061750411987304,0.0112056732177734,0.0112056732177734,0.0086545944213867,0.0105142593383789,0.0252723693847656,0.0434526756628235,0.1370906829833983,0.496,1.84,0.0,0.0,117.192,8.264,7.736,52.816901408450704,700.36,1
179,0.0,0.0,0.0,0.0,0.0,0.0,0,0,0.0,0.0,0.0,0.0,0.0,0.0,0.0,0.0092983245849609,0.0072280959327622,0.0088214874267578,0.0088214874267578,0.0,0.0,0.0,0.0,0.0,0.0083446502685546,0.0083446502685546,0.0,0.0,0.0,0.0049927655388327,0.0060319900512695,0.496,1.808,0.0,0.0,118.448,0.0,0.0,47.69230769230769,615.248,1
180,0.0,0.0,0.0,0.0,0.0,0.0,0,0,0.0,0.0,0.0,0.0,0.0,0.0,0.0,0.0090360641479492,0.0070191846035494,0.0066757202148437,0.0066757202148437,0.0,0.0,0.0,0.0,0.0,0.0088214874267578,0.0088214874267578,0.0,0.0,0.0,0.0125907716296968,0.0061988830566406,0.496,1.84,0.0,0.0,118.448,0.0,0.0,49.6,528.024,1
181,0.0,0.0,0.0,0.0,0.0,0.0,0,0,0.0,0.0,0.0,0.0,0.0,0.0,0.0,0.0081062316894531,0.0067642419645101,0.0073909759521484,0.0073909759521484,0.0,0.0,0.0,0.0,0.0,0.0090599060058593,0.0090599060058593,0.0,0.0,0.0,0.0084926342142039,0.0065803527832031,0.496,1.84,0.0,0.0,118.448,0.0,0.0,49.122807017543856,277.816,1
182,0.0,0.0,0.0,0.0,0.0,0.0,0,0,0.0,0.0,0.0,0.0,0.0,0.0,0.0,0.0083446502685546,0.0067468899399486,0.0095367431640625,0.0095367431640625,0.0,0.0,0.0,0.0,0.0056743621826171,0.0112056732177734,0.0112056732177734,0.0070095062255859,0.0111103057861328,0.0215530395507812,0.0054836273193359,0.0054836273193359,0.496,1.808,0.0,0.0,117.192,3.744,4.232,87.5,0.856,1
183,0.0,0.0,0.0,0.0,0.0,0.0,0,0,0.0,0.0,0.0,0.0,0.0,0.0,0.0,0.0092983245849609,0.0069841223569651,0.0071525573730468,0.0071525573730468,0.0,0.0,0.0,0.0,0.0061988830566406,0.0102519989013671,0.0102519989013671,0.0079154968261718,0.0108718872070312,0.0213146209716796,0.0107148114372702,0.0087738037109375,0.496,1.84,0.0,0.0,117.192,3.744,4.232,51.42857142857142,137.192,1
184,0.0,0.0,0.0,0.0,0.0,0.0,0,0,0.0,0.0,0.0,0.0,0.0,0.0,0.0,0.0081062316894531,0.0066781044006347,0.00762939453125,0.00762939453125,0.0,0.0,0.0,0.0,0.0058710575103759,0.0073909759521484,0.0073909759521484,0.0067710876464843,0.0102917353312174,0.0251054763793945,0.0686278709998497,0.2202510833740234,0.496,1.808,0.0,0.0,112.0,9.32,6.68,45.83333333333333,133.112,1
185,0.0,0.0,0.0,0.0,0.0,0.0,0,0,0.0,0.0,0.0,0.0,0.0,0.0,0.0,0.0090599060058593,0.0072823892725576,0.0057220458984375,0.0064849853515625,0.0,0.0,0.0,0.0,0.0,0.009775161743164,0.011301040649414,0.0,0.0,0.0,0.0206902623176574,0.0941753387451171,1.344,2.688,0.0,0.0,122.384,0.0,0.0,48.717948717948715,1522.88,1
186,0.0,0.0,0.0,0.0,0.0,0.0,0,0,0.0,0.0,0.0,0.0,0.0,0.0,0.0,0.0090599060058593,0.0072925244990865,0.0071525573730468,0.0071525573730468,0.0,0.0,0.0,0.0,0.0,0.0140666961669921,0.0140666961669921,0.0,0.0,0.0,0.0163714090983072,0.0720024108886718,0.496,1.84,0.0,0.0,117.192,0.0,0.0,49.54545454545455,1074.232,1
187,0.0,0.0,0.0,0.0,0.0,0.0,0,0,0.0,0.0,0.0,0.0,0.0,0.0,0.0,0.0081062316894531,0.0068397805242255,0.0073909759521484,0.0073909759521484,0.0,0.0,0.0,0.0,0.0,0.00762939453125,0.00762939453125,0.0,0.0,0.0,0.0064373016357421,0.0064373016357421,0.496,1.808,0.0,0.0,118.448,0.0,0.0,0.0,1.192,1
188,0.0,0.0,0.0,0.0,0.0,0.0,0,0,0.0,0.0,0.0,0.0,0.0,0.0,0.0,0.0083446502685546,0.0067575653987144,0.0073909759521484,0.0073909759521484,0.0,0.0,0.0,0.0,0.0066280364990234,0.0073909759521484,0.0073909759521484,0.008249282836914,0.0112533569335937,0.0222206115722656,0.0,0.0,0.496,1.808,0.0,0.0,113.256,3.744,4.232,100.0,0.0,1
189,0.0,0.0,0.0,0.0,0.0,0.0,0,0,0.0,0.0,0.0,0.0,0.0,0.0,0.0,0.0085830688476562,0.006795522585437,0.0069141387939453,0.0069141387939453,0.0,0.0,0.0,0.0,0.006866455078125,0.0092983245849609,0.0092983245849609,0.0097274780273437,0.0108242034912109,0.0202178955078125,0.0061988830566406,0.0061988830566406,0.496,1.776,0.0,0.0,113.256,3.744,4.232,0.0,1.192,1
190,0.0,0.0,0.0,0.0,0.0,0.0,0,0,0.0,0.0,0.0,0.0,0.0,0.0,0.0,0.0081062316894531,0.0067746639251708,0.0078678131103515,0.0078678131103515,0.0,0.0,0.0,0.0,0.0066280364990234,0.0083446502685546,0.0083446502685546,0.0092983245849609,0.0114202499389648,0.0278234481811523,0.0,0.0,0.496,1.776,0.0,0.0,112.0,8.264,7.736,0.0,0.0,1
191,0.0,0.0,0.0,0.0,0.0,0.0,0,0,0.0,0.0,0.0,0.0,0.0,0.0,0.0,0.0085830688476562,0.0068342685699462,0.0066757202148437,0.0066757202148437,0.0,0.0,0.0,0.0,0.0,0.0100135803222656,0.0100135803222656,0.0,0.0,0.0,0.0,0.0,0.496,1.776,0.0,0.0,112.0,0.0,0.0,0.0,0.0,1
192,0.0,0.0,0.0,0.0,0.0,0.0,0,0,0.0,0.0,0.0,0.0,0.0,0.0,0.0,0.0081062316894531,0.0067385868053531,0.0057220458984375,0.0057220458984375,0.0,0.0,0.0,0.0,0.0,0.0138282775878906,0.0138282775878906,0.0,0.0,0.0,0.0,0.0,0.496,1.808,0.0,0.0,117.192,0.0,0.0,0.0,0.0,1
193,0.0,0.0,0.0,0.0,0.0,0.0,0,0,0.0,0.0,0.0,0.0,0.0,0.0,0.0,0.0085830688476562,0.0068606399908298,0.0071525573730468,0.0071525573730468,0.0,0.0,0.0,0.0,0.0,0.0061988830566406,0.0061988830566406,0.0,0.0,0.0,0.0518338870158237,0.199437141418457,0.496,1.808,0.0,0.0,137.96,0.0,0.0,47.68518518518518,2467.168,1
194,0.0,0.0,0.0,0.0,0.0,0.0,0,0,0.0,0.0,0.0,0.0,0.0,0.0,0.0,0.0088214874267578,0.0068477137171806,0.0071525573730468,0.0071525573730468,0.0,0.0,0.0,0.0,0.006723403930664,0.0247955322265625,0.0247955322265625,0.009012222290039,0.0111579895019531,0.021219253540039,0.0,0.0,0.496,1.808,0.0,0.0,117.192,3.744,4.232,47.68518518518518,0.0,1
195,0.0,0.0,0.0,0.0,0.0,0.0,0,0,0.0,0.0,0.0,0.0,0.0,0.0,0.0,0.0085830688476562,0.0068350593642433,0.00762939453125,0.00762939453125,0.0,0.0,0.0,0.0,0.0058650970458984,0.0088214874267578,0.0088214874267578,0.0075340270996093,0.0109195709228515,0.0213146209716796,0.0073909759521484,0.0073909759521484,0.496,1.808,0.0,0.0,118.448,3.744,4.232,0.0,1.192,1
196,0.0,0.0,0.0,0.0,0.0,0.0,0,0,0.0,0.0,0.0,0.0,0.0,0.0,0.0,0.0088214874267578,0.0070026605436117,0.0066757202148437,0.0066757202148437,0.0,0.0,0.0,0.0,0.0059127807617187,0.0133514404296875,0.0133514404296875,0.0079631805419921,0.0106334686279296,0.0270366668701171,0.0499810701535071,0.1872539520263672,0.496,1.84,0.0,0.0,118.448,8.264,7.736,51.64179104477612,1807.52,1
197,0.0,0.0,0.0,0.0,0.0,0.0,0,0,0.0,0.0,0.0,0.0,0.0,0.0,0.0,0.0083446502685546,0.0068749954451375,0.0073909759521484,0.0073909759521484,0.0,0.0,0.0,0.0,0.0,0.0071525573730468,0.0071525573730468,0.0,0.0,0.0,0.0090599060058593,0.0090599060058593,0.496,1.808,0.0,0.0,113.256,0.0,0.0,0.0,1.192,1
198,0.0,0.0,0.0,0.0,0.0,0.0,0,0,0.0,0.0,0.0,0.0,0.0,0.0,0.0,0.0081062316894531,0.0066900253295898,0.0081062316894531,0.0081062316894531,0.0,0.0,0.0,0.0,0.0,0.0104904174804687,0.0104904174804687,0.0,0.0,0.0,0.0,0.0,0.496,1.776,0.0,0.0,112.0,0.0,0.0,0.0,0.0,1
199,0.0,0.0,0.0,0.0,0.0,0.0,0,0,0.0,0.0,0.0,0.0,0.0,0.0,0.0,0.0085830688476562,0.0067448616027832,0.0071525573730468,0.0071525573730468,0.0,0.0,0.0,0.0,0.0,0.0078678131103515,0.0078678131103515,0.0,0.0,0.0,0.0,0.0,0.496,1.776,0.0,0.0,112.0,0.0,0.0,0.0,0.0,1
200,0.0,0.0,0.0,0.0,0.0,0.0,0,0,0.0,0.0,0.0,0.0,0.0,0.0,0.0,0.0088214874267578,0.00691058030769,0.0069141387939453,0.0069141387939453,0.0,0.0,0.0,0.0,0.0,0.0092983245849609,0.0092983245849609,0.0,0.0,0.0,0.0,0.0,0.496,1.808,0.0,0.0,117.192,0.0,0.0,0.0,0.0,1
201,0.0,0.0,0.0,0.0,0.0,0.0,0,0,0.0,0.0,0.0,0.0,0.0,0.0,0.0,0.0085830688476562,0.0067842006683349,0.00762939453125,0.00762939453125,0.0,0.0,0.0,0.0,0.0069141387939453,0.0092983245849609,0.0092983245849609,0.0093460083007812,0.011444091796875,0.0216960906982421,0.0,0.0,0.496,1.776,0.0,0.0,112.0,3.744,4.232,0.0,0.0,1
202,0.0,0.0,0.0,0.0,0.0,0.0,0,0,0.0,0.0,0.0,0.0,0.0,0.0,0.0,0.0083446502685546,0.0068180596650536,0.0071525573730468,0.0071525573730468,0.0,0.0,0.0,0.0,0.0058174133300781,0.0100135803222656,0.0100135803222656,0.0074386596679687,0.0110626220703125,0.0212669372558593,0.0427264087605026,0.1179218292236342,0.496,1.808,0.0,0.0,117.192,3.744,4.232,49.201277955271564,1718.904,1
203,0.0,0.0,0.0,0.0,0.0,0.0,0,0,0.0,0.0,0.0,0.0,0.0,0.0,0.0,0.0083446502685546,0.0067540069124591,0.0066757202148437,0.0066757202148437,0.0,0.0,0.0,0.0,0.0069671207004123,0.0119209289550781,0.0119209289550781,0.0086784362792968,0.0111839988014914,0.0278949737548828,0.0,0.0,0.496,1.808,0.0,0.0,113.256,8.792,7.208,100.0,0.0,1
204,0.0,0.0,0.0,0.0,0.0,0.0,0,0,0.0,0.0,0.0,0.0,0.0,0.0,0.0,0.0083446502685546,0.0067219805361619,0.0081062316894531,0.0081062316894531,0.0,0.0,0.0,0.0,0.0,0.011444091796875,0.011444091796875,0.0,0.0,0.0,0.0,0.0,0.496,1.776,0.0,0.0,113.256,0.0,0.0,100.0,0.0,1
205,0.0,0.0,0.0,0.0,0.0,0.0,0,0,0.0,0.0,0.0,0.0,0.0,0.0,0.0,0.0085830688476562,0.0067990810716923,0.0061988830566406,0.0061988830566406,0.0,0.0,0.0,0.0,0.0,0.0073909759521484,0.0073909759521484,0.0,0.0,0.0,0.0083446502685546,0.0083446502685546,0.496,1.776,0.0,0.0,113.256,0.0,0.0,0.0,1.192,1
206,0.0,0.0,0.0,0.0,0.0,0.0,0,0,0.0,0.0,0.0,0.0,0.0,0.0,0.0,0.0083446502685546,0.0066876411437988,0.0078678131103515,0.0078678131103515,0.0,0.0,0.0,0.0,0.0,0.0092983245849609,0.0092983245849609,0.0,0.0,0.0,0.0,0.0,0.496,1.776,0.0,0.0,112.0,0.0,0.0,0.0,0.0,1
207,0.0,0.0,0.0,0.0,0.0,0.0,0,0,0.0,0.0,0.0,0.0,0.0,0.0,0.0,0.0086069107055664,0.0068020820617675,0.0090599060058593,0.0090599060058593,0.0106096267700195,0.0137567520141601,0.0092983245849609,0.0108242034912109,0.0059127807617187,0.0071525573730468,0.0071525573730468,0.0075817108154296,0.0105857849121093,0.0202655792236328,0.0309414333767361,0.092935562133789,0.496,1.808,1.696,1.696,112.0,3.744,4.232,50.0,98.776,1
208,0.0,0.0,0.0,0.0,0.0,0.0,0,0,0.0,0.0,0.0,0.0,0.0,0.0,0.0,0.0086069107055664,0.0068020820617675,0.0066757202148437,0.0066757202148437,0.0,0.0,0.0,0.0,0.0064373016357421,0.0066757202148437,0.0066757202148437,0.0083446502685546,0.01068115234375,0.0206470489501953,0.0309414333767361,0.092935562133789,0.496,1.776,0.0,0.0,112.0,3.744,4.232,50.0,98.776,1
209,0.0,0.0,0.0,0.0,0.0,0.0,0,0,0.0,0.0,0.0,0.0,0.0,0.0,0.0,0.0086069107055664,0.0068020820617675,0.0133514404296875,0.0133514404296875,0.0,0.0,0.0,0.0,0.0064611434936523,0.0092983245849609,0.0092983245849609,0.0083208084106445,0.0110149383544921,0.0276565551757812,0.0309414333767361,0.092935562133789,0.496,1.776,0.0,0.0,112.0,8.264,7.736,50.0,98.776,1
210,0.0,0.0,0.0,0.0,0.0,0.0,0,0,0.0,0.0,0.0,0.0,0.0,0.0,0.0,0.0083684921264648,0.0069940090179443,0.0078678131103515,0.0078678131103515,0.0,0.0,0.0,0.0,0.0,0.0128746032714843,0.0128746032714843,0.0,0.0,0.0,0.0397920608520507,0.1288414001464844,0.496,1.808,0.0,0.0,112.0,0.0,0.0,43.82022471910113,552.704,1
211,0.0,0.0,0.0,0.0,0.0,0.0,0,0,0.0,0.0,0.0,0.0,0.0,0.0,0.0,0.0088214874267578,0.0069210830244045,0.0069141387939453,0.0069141387939453,0.0,0.0,0.0,0.0,0.0,0.0085830688476562,0.0085830688476562,0.0,0.0,0.0,0.0314807891845703,0.094914436340332,0.496,1.776,0.0,0.0,143.152,0.0,0.0,52.83018867924528,540.384,1
212,0.0,0.0,0.0,0.0,0.0,0.0,0,0,0.0,0.0,0.0,0.0,0.0,0.0,0.0,0.0088214874267578,0.0068080425262451,0.0085830688476562,0.0085830688476562,0.0,0.0,0.0,0.0,0.0,0.0095367431640625,0.0095367431640625,0.0,0.0,0.0,0.0503803682815499,0.1917839050292969,0.496,1.84,0.0,0.0,112.0,0.0,0.0,52.741935483870975,3365.112,1
213,0.0,0.0,0.0,0.0,0.0,0.0,0,0,0.0,0.0,0.0,0.0,0.0,0.0,0.0,0.0083446502685546,0.0068031915343633,0.0069141387939453,0.0069141387939453,0.0,0.0,0.0,0.0,0.0056266784667968,0.0061988830566406,0.0061988830566406,0.0072479248046875,0.0117301940917968,0.0221729278564453,0.0594043731689453,0.1994132995605468,0.496,1.84,0.0,0.0,118.448,3.744,4.232,43.18181818181818,259.192,1
214,0.0,0.0,0.0,0.0,0.0,0.0,0,0,0.0,0.0,0.0,0.0,0.0,0.0,0.0,0.0083446502685546,0.0066887679977796,0.0066757202148437,0.0066757202148437,0.0,0.0,0.0,0.0,0.006103515625,0.0092983245849609,0.0092983245849609,0.0079631805419921,0.0112533569335937,0.0216960906982421,0.0,0.0,0.496,1.776,0.0,0.0,113.256,3.744,4.232,100.0,0.0,1
215,0.0,0.0,0.0,0.0,0.0,0.0,0,0,0.0,0.0,0.0,0.0,0.0,0.0,0.0,0.0087738037109375,0.0068084359756244,0.007033348083496,0.0075101852416992,0.0,0.0,0.0,0.0,0.0059869554307725,0.0121593475341796,0.0123500823974609,0.0076770782470703,0.0103603709827769,0.0271797180175781,0.0081062316894531,0.0081062316894531,1.344,2.624,0.0,0.0,123.64,8.792,7.208,0.0,1.192,1
216,0.0,0.0,0.0,0.0,0.0,0.0,0,0,0.0,0.0,0.0,0.0,0.0,0.0,0.0,0.0083446502685546,0.0066923264840349,0.0061988830566406,0.0061988830566406,0.0,0.0,0.0,0.0,0.0,0.0081062316894531,0.0081062316894531,0.0,0.0,0.0,0.0307206754331235,0.0890254974365234,0.496,1.808,0.0,0.0,117.192,0.0,0.0,57.8125,308.728,1
217,0.0,0.0,0.0,0.0,0.0,0.0,0,0,0.0,0.0,0.0,0.0,0.0,0.0,0.0,0.0088214874267578,0.0068536445276061,0.0073909759521484,0.0073909759521484,0.0,0.0,0.0,0.0,0.0,0.0050067901611328,0.0050067901611328,0.0,0.0,0.0,0.0091857380337185,0.0053644180297851,0.496,1.84,0.0,0.0,117.192,0.0,0.0,54.43037974683544,377.376,1
218,0.0,0.0,0.0,0.0,0.0,0.0,0,0,0.0,0.0,0.0,0.0,0.0,0.0,0.0,0.0088214874267578,0.0070635952166656,0.0081062316894531,0.0081062316894531,0.0,0.0,0.0,0.0,0.0,0.0081062316894531,0.0081062316894531,0.0,0.0,0.0,0.0524718062321942,0.2027750015258789,0.496,1.84,0.0,0.0,117.192,0.0,0.0,51.89873417721519,2912.832,1
219,0.0,0.0,0.0,0.0,0.0,0.0,0,0,0.0,0.0,0.0,0.0,0.0,0.0,0.0,0.0085830688476562,0.0067341327667236,0.0078678131103515,0.0078678131103515,0.0,0.0,0.0,0.0,0.0059127807617187,0.0071525573730468,0.0071525573730468,0.0078201293945312,0.0110626220703125,0.0214099884033203,0.0,0.0,0.496,1.808,0.0,0.0,112.0,3.744,4.232,51.89873417721519,0.0,1
220,0.0,0.0,0.0,0.0,0.0,0.0,0,0,0.0,0.0,0.0,0.0,0.0,0.0,0.0,0.0081062316894531,0.0067579746246337,0.0066757202148437,0.0066757202148437,0.0,0.0,0.0,0.0,0.0061988830566406,0.0090599060058593,0.0090599060058593,0.0077724456787109,0.0112056732177734,0.0219345092773437,0.0,0.0,0.496,1.776,0.0,0.0,112.0,3.744,4.232,51.89873417721519,0.0,1
