time_seconds,a1_packet_loss_ul_percentage,e2_du_packet_loss_dl_percentage,e2_du_packet_loss_ul_percentage,f1_c_retransmissions_ul_count,f1_c_packet_loss_dl_percentage,f1_c_packet_loss_ul_percentage,e2_du_retransmissions_ul_count,e2_du_retransmissions_dl_count,f1_c_retransmissions_dl_count,f1_u_retransmissions_ul_count,f1_u_packet_loss_dl_percentage,f1_u_packet_loss_ul_percentage,f1_u_retransmissions_dl_count,f1_u_latency_mean_ul_ms,f1_u_latency_p90_ul_ms,e2_du_latency_p90_ul_ms,e2_du_latency_mean_ul_ms,f1_u_latency_mean_dl_ms,e2_du_latency_mean_dl_ms,f1_u_latency_p90_dl_ms,e2_du_latency_p90_dl_ms,f1_c_latency_mean_dl_ms,f1_c_latency_mean_ul_ms,f1_c_latency_p90_dl_ms,f1_c_latency_p90_ul_ms,e2_du_throughput_dl_kbps,e2_du_throughput_ul_kbps,a1_retransmissions_ul_count,a1_retransmissions_dl_count,f1_c_throughput_dl_kbps,f1_c_throughput_ul_kbps,a1_throughput_dl_kbps,a1_throughput_ul_kbps,f1_u_throughput_ul_kbps,a1_latency_mean_dl_ms,a1_packet_loss_dl_percentage,a1_latency_p90_dl_ms,a1_latency_mean_ul_ms,a1_latency_p90_ul_ms,f1_u_throughput_dl_kbps,F-node
0,0.0,0.0,0.0,0.0,0.0,0.0,0,0,0.0,0,0.0,0.0,0.0,0.0060268895543036,0.0081062316894531,0.0073909759521484,0.0073909759521484,0.0088214874267578,0.0121593475341796,0.0088214874267578,0.0121593475341796,0.0081062316894531,0.0115633010864257,0.0102043151855468,0.0164270401000976,0.496,1.36,0.0,0.0,1.696,1.696,25.152,27.344,113.256,0.0088351113455636,0.0,0.0164985656738281,0.0064917973109654,0.0086307525634765,1.192,0
1,0.0,0.0,0.0,0.0,0.0,0.0,0,0,0.0,0,0.0,0.0,0.0,0.0072124499629661,0.0095367431640625,0.0069141387939453,0.0069141387939453,0.0039163114722639,0.0121593475341796,0.0045299530029296,0.0121593475341796,0.0081062316894531,0.0115633010864257,0.0102043151855468,0.0164270401000976,0.496,1.36,0.0,0.0,1.696,1.696,25.152,27.344,144.408,0.0088351113455636,0.0,0.0164985656738281,0.0064917973109654,0.0086307525634765,26215.168,0
2,0.0,0.0,0.0,0.0,0.0,0.0,0,0,0.0,0,0.0,0.0,0.0,0.0062095056666005,0.0083208084106445,0.0092983245849609,0.0092983245849609,0.00393617720831,0.0088214874267578,0.0047683715820312,0.0088214874267578,0.0081062316894531,0.0115633010864257,0.0102043151855468,0.0164270401000976,0.496,1.424,0.0,0.0,1.696,1.696,25.152,27.344,118.448,0.0088351113455636,0.0,0.0164985656738281,0.0064917973109654,0.0086307525634765,2403.84,0
3,0.0,0.0,0.0,0.0,0.0,0.0,0,0,0.0,0,0.0,0.0,0.0,0.0059342384338378,0.0076532363891601,0.0078678131103515,0.0078678131103515,0.0,0.00762939453125,0.0,0.00762939453125,0.0081062316894531,0.0115633010864257,0.0102043151855468,0.0164270401000976,0.496,1.424,0.0,0.0,1.696,1.696,25.152,27.344,112.0,0.0088351113455636,0.0,0.0164985656738281,0.0064917973109654,0.0086307525634765,0.0,0
4,0.0,0.0,0.0,0.0,0.0,0.0,0,0,0.0,0,0.0,0.0,0.0,0.0060296058654785,0.0078916549682617,0.0092983245849609,0.0092983245849609,0.0,0.011444091796875,0.0,0.011444091796875,0.0081062316894531,0.0115633010864257,0.0102043151855468,0.0164270401000976,0.496,1.36,0.0,0.0,1.696,1.696,25.152,27.344,112.0,0.0088351113455636,0.0,0.0164985656738281,0.0064917973109654,0.0086307525634765,0.0,0
5,0.0,0.0,0.0,0.0,0.0,0.0,0,0,0.0,0,0.0,0.0,0.0,0.0067226992452085,0.0090599060058593,0.0078678131103515,0.0078678131103515,0.0038942845982959,0.0109672546386718,0.0045299530029296,0.0109672546386718,0.0081062316894531,0.0115633010864257,0.0102043151855468,0.0164270401000976,0.496,1.36,0.0,0.0,1.696,1.696,25.152,27.344,127.576,0.0088351113455636,0.0,0.0164985656738281,0.0064917973109654,0.0086307525634765,31432.984,0
6,0.0,0.0,0.0,0.0,0.0,0.0,0,0,0.0,0,0.0,0.0,0.0,0.0071003662413032,0.0095367431640625,0.0143051147460937,0.0143051147460937,0.0038983806079586,0.0164508819580078,0.0045299530029296,0.0164508819580078,0.0081062316894531,0.0115633010864257,0.0102043151855468,0.0164270401000976,0.496,1.424,0.0,0.0,1.696,1.696,25.152,27.344,117.192,0.0088351113455636,0.0,0.0164985656738281,0.0064917973109654,0.0086307525634765,8489.336,0
7,0.0,0.0,0.0,0.0,0.0,0.0,0,0,0.0,0,0.0,0.0,0.0,0.0062143802642822,0.0081062316894531,0.0088214874267578,0.0088214874267578,0.0,0.00762939453125,0.0,0.00762939453125,0.0081062316894531,0.0115633010864257,0.0102043151855468,0.0164270401000976,0.496,1.424,0.0,0.0,1.696,1.696,25.152,27.344,112.0,0.0088351113455636,0.0,0.0164985656738281,0.0064917973109654,0.0086307525634765,0.0,0
8,0.0,0.0,0.0,0.0,0.0,0.0,0,0,0.0,0,0.0,0.0,0.0,0.0059794430709003,0.0078678131103515,0.0081062316894531,0.0081062316894531,0.0047683715820312,0.0123977661132812,0.0047683715820312,0.0123977661132812,0.0081062316894531,0.0115633010864257,0.0102043151855468,0.0164270401000976,0.496,1.392,0.0,0.0,1.696,1.696,25.152,27.344,113.256,0.0088351113455636,0.0,0.0164985656738281,0.0064917973109654,0.0086307525634765,1.192,0
9,0.0,0.0,0.0,0.0,0.0,0.0,0,0,0.0,0,0.0,0.0,0.0,0.0060282501519895,0.0082731246948242,0.00762939453125,0.00762939453125,0.0046406473432268,0.0121593475341796,0.0081777572631835,0.0121593475341796,0.0081062316894531,0.0115633010864257,0.0102043151855468,0.0164270401000976,0.496,1.36,0.0,0.0,1.696,1.696,25.152,27.344,128.832,0.0088351113455636,0.0,0.0164985656738281,0.0064917973109654,0.0086307525634765,311.264,0
10,0.0,0.0,0.0,0.0,0.0,0.0,0,0,0.0,0,0.0,0.0,0.0,0.0061775321391091,0.0081062316894531,0.0073909759521484,0.0073909759521484,0.0052452087402343,0.0085830688476562,0.0052452087402343,0.0085830688476562,0.0081062316894531,0.0115633010864257,0.0102043151855468,0.0164270401000976,0.496,1.36,0.0,0.0,1.696,1.696,25.152,27.344,113.256,0.0088351113455636,0.0,0.0164985656738281,0.0064917973109654,0.0086307525634765,1.192,0
11,0.0,0.0,0.0,0.0,0.0,0.0,0,0,0.0,0,0.0,0.0,0.0,0.0060009956359863,0.0078916549682617,0.0073909759521484,0.0073909759521484,0.0,0.0078678131103515,0.0,0.0078678131103515,0.0081062316894531,0.0115633010864257,0.0102043151855468,0.0164270401000976,0.496,1.424,0.0,0.0,1.696,1.696,0.0,0.0,112.0,0.0,0.0,0.0,0.0,0.0,0.0,0
12,0.0,0.0,0.0,0.0,0.0,0.0,0,0,0.0,0,0.0,0.0,0.0,0.0062188491445456,0.0085830688476562,0.0069141387939453,0.0069141387939453,0.0038769937330676,0.0092983245849609,0.0045299530029296,0.0092983245849609,0.0081062316894531,0.0115633010864257,0.0102043151855468,0.0164270401000976,0.496,1.36,0.0,0.0,1.696,1.696,0.0,0.0,127.576,0.0,0.0,0.0,0.0,0.0,10621.776,0
13,0.0,0.0,0.0,0.0,0.0,0.0,0,0,0.0,0,0.0,0.0,0.0,0.0070932492687927,0.009775161743164,0.0100135803222656,0.0100135803222656,0.0039106644924331,0.0121593475341796,0.00457763671875,0.0121593475341796,0.0081062316894531,0.0115633010864257,0.0102043151855468,0.0164270401000976,0.496,1.36,0.0,0.0,1.696,1.696,0.0,0.0,117.192,0.0,0.0,0.0,0.0,0.0,19493.448,0
14,0.0,0.0,0.0,0.0,0.0,0.0,0,0,0.0,0,0.0,0.0,0.0,0.0060963630676269,0.0081062316894531,0.0104904174804687,0.0104904174804687,0.003950324601042,0.0107288360595703,0.0047683715820312,0.0107288360595703,0.0081062316894531,0.0115633010864257,0.0102043151855468,0.0164270401000976,0.496,1.424,0.0,0.0,1.696,1.696,0.0,0.0,112.0,0.0,0.0,0.0,0.0,0.0,1913.4,0
15,0.0,0.0,0.0,0.0,0.0,0.0,0,0,0.0,0,0.0,0.0,0.0,0.0062807282405113,0.0085830688476562,0.0085830688476562,0.0085830688476562,0.0078678131103515,0.0107288360595703,0.0078678131103515,0.0107288360595703,0.0081062316894531,0.0115633010864257,0.0102043151855468,0.0164270401000976,0.496,1.392,0.0,0.0,1.696,1.696,4.52,3.504,113.256,0.0133037567138671,0.0,0.0248432159423828,0.0065803527832031,0.009012222290039,1.192,0
16,0.0,0.0,0.0,0.0,0.0,0.0,0,0,0.0,0,0.0,0.0,0.0,0.0060660329031113,0.0083446502685546,0.0073909759521484,0.0073909759521484,0.0047683715820312,0.0133514404296875,0.0047683715820312,0.0133514404296875,0.0081062316894531,0.0115633010864257,0.0102043151855468,0.0164270401000976,0.496,1.36,0.0,0.0,1.696,1.696,0.0,0.0,113.256,0.0,0.0,0.0,0.0,0.0,1.192,0
17,0.0,0.0,0.0,0.0,0.0,0.0,0,0,0.0,0,0.0,0.0,0.0,0.0072072191936213,0.009775161743164,0.0071525573730468,0.0071525573730468,0.0039008239338605,0.0126361846923828,0.0045299530029296,0.0126361846923828,0.0081062316894531,0.0115633010864257,0.0102043151855468,0.0164270401000976,0.496,1.36,0.0,0.0,1.696,1.696,0.0,0.0,132.696,0.0,0.0,0.0,0.0,0.0,30895.56,0
18,0.0,0.0,0.0,0.0,0.0,0.0,0,0,0.0,0,0.0,0.0,0.0,0.0063696903968924,0.0090599060058593,0.0095367431640625,0.0095367431640625,0.0039935111999511,0.0102519989013671,0.0049591064453125,0.0102519989013671,0.0081062316894531,0.0115633010864257,0.0102043151855468,0.0164270401000976,0.496,1.424,0.0,0.0,1.696,1.696,0.0,0.0,117.192,0.0,0.0,0.0,0.0,0.0,87.392,0
19,0.0,0.0,0.0,0.0,0.0,0.0,0,0,0.0,0,0.0,0.0,0.0,0.0060772895812988,0.0078678131103515,0.0085830688476562,0.0085830688476562,0.0,0.013589859008789,0.0,0.013589859008789,0.0081062316894531,0.0115633010864257,0.0102043151855468,0.0164270401000976,0.496,1.424,0.0,0.0,1.696,1.696,3.744,4.232,112.0,0.0109672546386718,0.0,0.0203132629394531,0.0064849853515625,0.0085830688476562,0.0,0
20,0.0,0.0,0.0,0.0,0.0,0.0,0,0,0.0,0,0.0,0.0,0.0,0.005953311920166,0.0078916549682617,0.0081062316894531,0.0081062316894531,0.0,0.013589859008789,0.0,0.013589859008789,0.0081062316894531,0.0115633010864257,0.0102043151855468,0.0164270401000976,0.496,1.36,0.0,0.0,1.696,1.696,3.744,4.232,112.0,0.0098705291748046,0.0,0.0184535980224609,0.0056743621826171,0.0071048736572265,0.0,0
21,0.0,0.0,0.0,0.0,0.0,0.0,0,0,0.0,0,0.0,0.0,0.0,0.0059473514556884,0.0078678131103515,0.0083446502685546,0.0083446502685546,0.0,0.0071525573730468,0.0,0.0071525573730468,0.0081062316894531,0.0115633010864257,0.0102043151855468,0.0164270401000976,0.496,1.36,0.0,0.0,1.696,1.696,8.792,7.208,112.0,0.0102086500688032,0.0,0.0243186950683593,0.0063843197292751,0.0078678131103515,0.0,0
22,0.0,0.0,0.0,0.0,0.0,0.0,0,0,0.0,0,0.0,0.0,0.0,0.0058904809145192,0.00762939453125,0.00762939453125,0.00762939453125,0.0088214874267578,0.0121593475341796,0.0088214874267578,0.0121593475341796,0.0,0.0,0.0,0.0,0.496,1.36,0.0,0.0,0.0,0.0,0.0,0.0,113.256,0.0,0.0,0.0,0.0,0.0,1.192,0
23,0.0,0.0,0.0,0.0,0.0,0.0,0,0,0.0,0,0.0,0.0,0.0,0.0062154893258317,0.0083446502685546,0.0057220458984375,0.0057220458984375,0.0050067901611328,0.0121593475341796,0.0050067901611328,0.0121593475341796,0.0,0.0,0.0,0.0,0.496,1.36,0.0,0.0,0.0,0.0,0.0,0.0,113.256,0.0,0.0,0.0,0.0,0.0,1.192,0
24,0.0,0.0,0.0,0.0,0.0,0.0,0,0,0.0,0,0.0,0.0,0.0,0.0060280757163887,0.0081062316894531,0.0073909759521484,0.0073909759521484,0.0050067901611328,0.0081062316894531,0.0050067901611328,0.0081062316894531,0.0,0.0,0.0,0.0,0.496,1.36,0.0,0.0,0.0,0.0,0.0,0.0,113.256,0.0,0.0,0.0,0.0,0.0,1.192,0
25,0.0,0.0,0.0,0.0,0.0,0.0,0,0,0.0,0,0.0,0.0,0.0,0.0059413909912109,0.0078678131103515,0.0128746032714843,0.0128746032714843,0.0,0.0133514404296875,0.0,0.0133514404296875,0.0,0.0,0.0,0.0,0.496,1.36,0.0,0.0,0.0,0.0,4.272,3.704,112.0,0.0093777974446614,0.0,0.0164508819580078,0.0055432319641113,0.0058889389038085,0.0,0
26,0.0,0.0,0.0,0.0,0.0,0.0,0,0,0.0,0,0.0,0.0,0.0,0.0061757356217763,0.0085830688476562,0.0083446502685546,0.0083446502685546,0.0039385814292758,0.0166893005371093,0.0047683715820312,0.0166893005371093,0.0,0.0,0.0,0.0,0.496,1.36,0.0,0.0,0.0,0.0,3.744,4.232,143.152,0.0100612640380859,0.0,0.018930435180664,0.0058174133300781,0.0073909759521484,5644.576,0
27,0.0,0.0,0.0,0.0,0.0,0.0,0,0,0.0,0,0.0,0.0,0.0,0.0062902175371919,0.0088214874267578,0.0095367431640625,0.0095367431640625,0.0039484083038015,0.0126361846923828,0.0047683715820312,0.0126361846923828,0.0,0.0,0.0,0.0,0.496,1.424,0.0,0.0,0.0,0.0,8.264,7.736,117.192,0.0100612640380859,0.0,0.0221490859985351,0.0061273574829101,0.0081062316894531,5346.984,0
28,0.0,0.0,0.0,0.0,0.0,0.0,0,0,0.0,0,0.0,0.0,0.0,0.0060021877288818,0.0081062316894531,0.0125408172607421,0.0121593475341796,0.0,0.0128746032714843,0.0,0.0164985656738281,0.0,0.0,0.0,0.0,1.344,2.272,0.0,0.0,0.0,0.0,0.0,0.0,112.0,0.0,0.0,0.0,0.0,0.0,0.0,0
29,0.0,0.0,0.0,0.0,0.0,0.0,0,0,0.0,0,0.0,0.0,0.0,0.0059984216642616,0.0081062316894531,0.0083446502685546,0.0083446502685546,0.0042915344238281,0.0159740447998046,0.0042915344238281,0.0159740447998046,0.0,0.0,0.0,0.0,0.496,1.424,0.0,0.0,0.0,0.0,0.0,0.0,113.256,0.0,0.0,0.0,0.0,0.0,1.192,0
30,0.0,0.0,0.0,0.0,0.0,0.0,0,0,0.0,0,0.0,0.0,0.0,0.0060850114964727,0.0083446502685546,0.00762939453125,0.00762939453125,0.0071525573730468,0.0102519989013671,0.0071525573730468,0.0102519989013671,0.0,0.0,0.0,0.0,0.496,1.36,0.0,0.0,0.0,0.0,0.0,0.0,113.256,0.0,0.0,0.0,0.0,0.0,1.192,0
31,0.0,0.0,0.0,0.0,0.0,0.0,0,0,0.0,0,0.0,0.0,0.0,0.0062237924604273,0.0085830688476562,0.0088214874267578,0.0088214874267578,0.0042915344238281,0.0064373016357421,0.0042915344238281,0.0064373016357421,0.0,0.0,0.0,0.0,0.496,1.36,0.0,0.0,0.0,0.0,4.272,3.704,113.256,0.0096559524536132,0.0,0.0168085098266601,0.0055432319641113,0.0061273574829101,1.192,0
32,0.0,0.0,0.0,0.0,0.0,0.0,0,0,0.0,0,0.0,0.0,0.0,0.0061666965484619,0.0085830688476562,0.0069141387939453,0.0069141387939453,0.0,0.0116825103759765,0.0,0.0116825103759765,0.0,0.0,0.0,0.0,0.496,1.36,0.0,0.0,0.0,0.0,3.744,4.232,112.0,0.0110626220703125,0.0,0.0215053558349609,0.0062942504882812,0.0082015991210937,0.0,0
33,0.0,0.0,0.0,0.0,0.0,0.0,0,0,0.0,0,0.0,0.0,0.0,0.0061452388763427,0.0081300735473632,0.009775161743164,0.009775161743164,0.0,0.0088214874267578,0.0,0.0088214874267578,0.0,0.0,0.0,0.0,0.496,1.36,0.0,0.0,0.0,0.0,8.264,7.736,112.0,0.0098228454589843,0.0,0.0212430953979492,0.0066518783569335,0.0084638595581054,0.0,0
34,0.0,0.0,0.0,0.0,0.0,0.0,0,0,0.0,0,0.0,0.0,0.0,0.0061428546905517,0.0083446502685546,0.0066757202148437,0.0066757202148437,0.0,0.0078678131103515,0.0,0.0078678131103515,0.0,0.0,0.0,0.0,0.496,1.36,0.0,0.0,0.0,0.0,0.0,0.0,112.0,0.0,0.0,0.0,0.0,0.0,0.0,0
35,0.0,0.0,0.0,0.0,0.0,0.0,0,0,0.0,0,0.0,0.0,0.0,0.0059795379638671,0.0078916549682617,0.0069141387939453,0.0069141387939453,0.0,0.0138282775878906,0.0,0.0138282775878906,0.0,0.0,0.0,0.0,0.496,1.36,0.0,0.0,0.0,0.0,0.0,0.0,112.0,0.0,0.0,0.0,0.0,0.0,0.0,0
36,0.0,0.0,0.0,0.0,0.0,0.0,0,0,0.0,0,0.0,0.0,0.0,0.0060375650130694,0.0078678131103515,0.0078678131103515,0.0078678131103515,0.0088214874267578,0.0147819519042968,0.0088214874267578,0.0147819519042968,0.0,0.0,0.0,0.0,0.496,1.36,0.0,0.0,0.0,0.0,0.0,0.0,113.256,0.0,0.0,0.0,0.0,0.0,1.192,0
37,0.0,0.0,0.0,0.0,0.0,0.0,0,0,0.0,0,0.0,0.0,0.0,0.0058335451344352,0.0078678131103515,0.0088214874267578,0.0088214874267578,0.009775161743164,0.0107288360595703,0.009775161743164,0.0107288360595703,0.0,0.0,0.0,0.0,0.496,1.36,0.0,0.0,0.0,0.0,3.744,4.232,113.256,0.009775161743164,0.0,0.0179290771484375,0.0062465667724609,0.0079154968261718,1.192,0
38,0.0,0.0,0.0,0.0,0.0,0.0,0,0,0.0,0,0.0,0.0,0.0,0.0060814530102174,0.0083446502685546,0.0073909759521484,0.0073909759521484,0.0081062316894531,0.0121593475341796,0.0081062316894531,0.0121593475341796,0.0,0.0,0.0,0.0,0.496,1.36,0.0,0.0,0.0,0.0,3.744,4.232,113.256,0.0100612640380859,0.0,0.0189781188964843,0.0058174133300781,0.0073909759521484,1.192,0
39,0.0,0.0,0.0,0.0,0.0,0.0,0,0,0.0,0,0.0,0.0,0.0,0.0060510635375976,0.0078678131103515,0.0069141387939453,0.0069141387939453,0.0,0.0107288360595703,0.0,0.0107288360595703,0.0,0.0,0.0,0.0,0.496,1.36,0.0,0.0,0.0,0.0,8.264,7.736,112.0,0.0102758407592773,0.0,0.024724006652832,0.0067949295043945,0.0089168548583984,0.0,0
40,0.0,0.0,0.0,0.0,0.0,0.0,0,0,0.0,0,0.0,0.0,0.0,0.0059020519256591,0.0076532363891601,0.0069141387939453,0.0069141387939453,0.0,0.0147819519042968,0.0,0.0147819519042968,0.0,0.0,0.0,0.0,0.496,1.36,0.0,0.0,0.0,0.0,0.0,0.0,112.0,0.0,0.0,0.0,0.0,0.0,0.0,0
41,0.0,0.0,0.0,0.0,0.0,0.0,0,0,0.0,0,0.0,0.0,0.0,0.0063458692680284,0.0088214874267578,0.0073909759521484,0.0073909759521484,0.0039425688218905,0.0102519989013671,0.0047683715820312,0.0102519989013671,0.0,0.0,0.0,0.0,0.496,1.36,0.0,0.0,0.0,0.0,0.0,0.0,143.152,0.0,0.0,0.0,0.0,0.0,6327.92,0
42,0.0,0.0,0.0,0.0,0.0,0.0,0,0,0.0,0,0.0,0.0,0.0,0.006115436553955,0.0083446502685546,0.0150203704833984,0.0150203704833984,0.0042590227994051,0.0152587890625,0.0059127807617187,0.0152587890625,0.0,0.0,0.0,0.0,0.496,1.424,0.0,0.0,0.0,0.0,0.0,0.0,112.0,0.0,0.0,0.0,0.0,0.0,486.368,0
43,0.0,0.0,0.0,0.0,0.0,0.0,0,0,0.0,0,0.0,0.0,0.0,0.0061644843561732,0.0083446502685546,0.0069141387939453,0.0069141387939453,0.0069141387939453,0.0104904174804687,0.0069141387939453,0.0104904174804687,0.0,0.0,0.0,0.0,0.496,1.392,0.0,0.0,0.0,0.0,3.744,4.232,113.256,0.0095844268798828,0.0,0.0177860260009765,0.0057697296142578,0.0074386596679687,1.192,0
44,0.0,0.0,0.0,0.0,0.0,0.0,0,0,0.0,0,0.0,0.0,0.0,0.0061490642490671,0.0085830688476562,0.0073909759521484,0.0073909759521484,0.0073909759521484,0.011444091796875,0.0073909759521484,0.011444091796875,0.0,0.0,0.0,0.0,0.496,1.36,0.0,0.0,0.0,0.0,3.744,4.232,113.256,0.0101566314697265,0.0,0.0183582305908203,0.0059127807617187,0.0072002410888671,1.192,0
45,0.0,0.0,0.0,0.0,0.0,0.0,0,0,0.0,0,0.0,0.0,0.0,0.0061063624140041,0.0083446502685546,0.0073909759521484,0.0073909759521484,0.0050067901611328,0.013589859008789,0.0050067901611328,0.013589859008789,0.0,0.0,0.0,0.0,0.496,1.36,0.0,0.0,0.0,0.0,8.792,7.208,113.256,0.0104037198153409,0.0,0.0240802764892578,0.0060399373372395,0.0078201293945312,1.192,0
46,0.0,0.0,0.0,0.0,0.0,0.0,0,0,0.0,0,0.0,0.0,0.0,0.005887746810913,0.0078678131103515,0.0083446502685546,0.0083446502685546,0.0,0.0159740447998046,0.0,0.0159740447998046,0.0,0.0,0.0,0.0,0.496,1.36,0.0,0.0,0.0,0.0,0.0,0.0,112.0,0.0,0.0,0.0,0.0,0.0,0.0,0
47,0.0,0.0,0.0,0.0,0.0,0.0,0,0,0.0,0,0.0,0.0,0.0,0.0059843063354492,0.0076532363891601,0.0064373016357421,0.0064373016357421,0.0,0.0073909759521484,0.0,0.0073909759521484,0.0,0.0,0.0,0.0,0.496,1.36,0.0,0.0,0.0,0.0,0.0,0.0,112.0,0.0,0.0,0.0,0.0,0.0,0.0,0
48,0.0,0.0,0.0,0.0,0.0,0.0,0,0,0.0,0,0.0,0.0,0.0,0.0060939788818359,0.0078678131103515,0.00762939453125,0.00762939453125,0.0,0.0123977661132812,0.0,0.0123977661132812,0.0,0.0,0.0,0.0,0.496,1.36,0.0,0.0,0.0,0.0,0.0,0.0,112.0,0.0,0.0,0.0,0.0,0.0,0.0,0
49,0.0,0.0,0.0,0.0,0.0,0.0,0,0,0.0,0,0.0,0.0,0.0,0.0060796737670898,0.0083446502685546,0.0078678131103515,0.0078678131103515,0.0,0.0107288360595703,0.0,0.0107288360595703,0.0,0.0,0.0,0.0,0.496,1.36,0.0,0.0,0.0,0.0,3.744,4.232,112.0,0.0100135803222656,0.0,0.0186443328857421,0.0061988830566406,0.0080585479736328,0.0,0
50,0.0,0.0,0.0,0.0,0.0,0.0,0,0,0.0,0,0.0,0.0,0.0,0.0063048468695746,0.0081062316894531,0.0078678131103515,0.0078678131103515,0.0039206345078937,0.0078678131103515,0.0045299530029296,0.0078678131103515,0.0,0.0,0.0,0.0,0.496,1.36,0.0,0.0,0.0,0.0,3.744,4.232,144.408,0.0101566314697265,0.0,0.018930435180664,0.006723403930664,0.0082015991210937,11313.384,0
51,0.0,0.0,0.0,0.0,0.0,0.0,0,0,0.0,0,0.0,0.0,0.0,0.0074936611817614,0.0100135803222656,0.0092983245849609,0.0092983245849609,0.0038893054086224,0.0102519989013671,0.0045299530029296,0.0102519989013671,0.0,0.0,0.0,0.0,0.496,1.36,0.0,0.0,0.0,0.0,8.264,7.736,118.448,0.0103473663330078,0.0,0.0226020812988281,0.0066757202148437,0.0094413757324218,38191.928,0
52,0.0,0.0,0.0,0.0,0.0,0.0,0,0,0.0,0,0.0,0.0,0.0,0.0066721617285885,0.0092983245849609,0.0102519989013671,0.0102519989013671,0.0064373016357421,0.0171661376953125,0.0064373016357421,0.0171661376953125,0.0083446502685546,0.0077486038208007,0.0104427337646484,0.0103235244750976,0.496,1.424,0.0,0.0,1.696,1.696,0.0,0.0,113.256,0.0,0.0,0.0,0.0,0.0,1.192,0
53,0.0,0.0,0.0,0.0,0.0,0.0,0,0,0.0,0,0.0,0.0,0.0,0.005810260772705,0.0081300735473632,0.0090599060058593,0.0090599060058593,0.0,0.0083446502685546,0.0,0.0083446502685546,0.0,0.0,0.0,0.0,0.496,1.424,0.0,0.0,0.0,0.0,0.0,0.0,112.0,0.0,0.0,0.0,0.0,0.0,0.0,0
54,0.0,0.0,0.0,0.0,0.0,0.0,0,0,0.0,0,0.0,0.0,0.0,0.0063204765319824,0.0081300735473632,0.0078678131103515,0.0078678131103515,0.0,0.0078678131103515,0.0,0.0078678131103515,0.0,0.0,0.0,0.0,0.496,1.392,0.0,0.0,0.0,0.0,0.0,0.0,112.0,0.0,0.0,0.0,0.0,0.0,0.0,0
55,0.0,0.0,0.0,0.0,0.0,0.0,0,0,0.0,0,0.0,0.0,0.0,0.0071560808003242,0.0102043151855468,0.00762939453125,0.00762939453125,0.0039036285538047,0.0081062316894531,0.0045299530029296,0.0081062316894531,0.0,0.0,0.0,0.0,0.496,1.36,0.0,0.0,0.0,0.0,3.744,4.232,129.376,0.0106334686279296,0.0,0.0203132629394531,0.0063419342041015,0.0085353851318359,33076.512,0
56,0.0,0.0,0.0,0.0,0.0,0.0,0,0,0.0,0,0.0,0.0,0.0,0.0071276479692601,0.009775161743164,0.0092983245849609,0.0092983245849609,0.003916290261311,0.0104904174804687,0.0045299530029296,0.0104904174804687,0.0,0.0,0.0,0.0,0.496,1.424,0.0,0.0,0.0,0.0,3.744,4.232,117.192,0.0119686126708984,0.0,0.0218868255615234,0.0061511993408203,0.0077724456787109,7998.504,0
57,0.0,0.0,0.0,0.0,0.0,0.0,0,0,0.0,0,0.0,0.0,0.0,0.0062498880262991,0.0088214874267578,0.0085830688476562,0.0085830688476562,0.0061988830566406,0.0116825103759765,0.0061988830566406,0.0116825103759765,0.0,0.0,0.0,0.0,0.496,1.424,0.0,0.0,0.0,0.0,8.264,7.736,113.256,0.01068115234375,0.0,0.0242948532104492,0.0060319900512695,0.0078916549682617,1.192,0
58,0.0,0.0,0.0,0.0,0.0,0.0,0,0,0.0,0,0.0,0.0,0.0,0.0059272519391567,0.0078678131103515,0.00762939453125,0.00762939453125,0.0066757202148437,0.0085830688476562,0.0066757202148437,0.0085830688476562,0.0,0.0,0.0,0.0,0.496,1.424,0.0,0.0,0.0,0.0,0.0,0.0,113.256,0.0,0.0,0.0,0.0,0.0,1.192,0
59,0.0,0.0,0.0,0.0,0.0,0.0,0,0,0.0,0,0.0,0.0,0.0,0.0061198036269386,0.0083208084106445,0.0077486038208007,0.0063180923461914,0.005960464477539,0.0084638595581054,0.0070571899414062,0.0087499618530273,0.0,0.0,0.0,0.0,1.344,2.208,0.0,0.0,0.0,0.0,0.0,0.0,118.448,0.0,0.0,0.0,0.0,0.0,14.296,0
60,0.0,0.0,0.0,0.0,0.0,0.0,0,0,0.0,0,0.0,0.0,0.0,0.006368007565954,0.009012222290039,0.0081062316894531,0.0081062316894531,0.0039710626973734,0.0164508819580078,0.0047683715820312,0.0164508819580078,0.0,0.0,0.0,0.0,0.496,1.424,0.0,0.0,0.0,0.0,0.0,0.0,127.576,0.0,0.0,0.0,0.0,0.0,3539.936,0
61,0.0,0.0,0.0,0.0,0.0,0.0,0,0,0.0,0,0.0,0.0,0.0,0.0065946578979492,0.0090599060058593,0.0073909759521484,0.0073909759521484,0.0039106956727112,0.0092983245849609,0.0045299530029296,0.0092983245849609,0.0,0.0,0.0,0.0,0.496,1.36,0.0,0.0,0.0,0.0,3.744,4.232,112.0,0.0104427337646484,0.0,0.0188827514648437,0.0062465667724609,0.008249282836914,6028.92,0
62,0.0,0.0,0.0,0.0,0.0,0.0,0,0,0.0,0,0.0,0.0,0.0,0.0062309094329378,0.0085830688476562,0.0100135803222656,0.0100135803222656,0.0039495919880114,0.0107288360595703,0.0047683715820312,0.0107288360595703,0.0,0.0,0.0,0.0,0.496,1.424,0.0,0.0,0.0,0.0,3.744,4.232,114.888,0.0110626220703125,0.0,0.0205516815185546,0.0058650970458984,0.0072479248046875,2493.648,0
63,0.0,0.0,0.0,0.0,0.0,0.0,0,0,0.0,0,0.0,0.0,0.0,0.0060458681476649,0.0078678131103515,0.0102519989013671,0.0102519989013671,0.005960464477539,0.009775161743164,0.0068426132202148,0.009775161743164,0.0,0.0,0.0,0.0,0.496,1.424,0.0,0.0,0.0,0.0,8.264,7.736,117.192,0.0097513198852539,0.0,0.0216245651245117,0.0060558319091796,0.0079154968261718,28.384,0
64,0.0,0.0,0.0,0.0,0.0,0.0,0,0,0.0,0,0.0,0.0,0.0,0.0064384819257377,0.0087976455688476,0.0066757202148437,0.0066757202148437,0.003922015354223,0.0069141387939453,0.0045299530029296,0.0069141387939453,0.0,0.0,0.0,0.0,0.496,1.424,0.0,0.0,0.0,0.0,0.0,0.0,115.856,0.0,0.0,0.0,0.0,0.0,9090.544,0
65,0.0,0.0,0.0,0.0,0.0,0.0,0,0,0.0,0,0.0,0.0,0.0,0.0061395749523865,0.0078678131103515,0.0121593475341796,0.0121593475341796,0.004087175641741,0.0147819519042968,0.0045299530029296,0.0147819519042968,0.0,0.0,0.0,0.0,0.496,1.424,0.0,0.0,0.0,0.0,0.0,0.0,117.888,0.0,0.0,0.0,0.0,0.0,431.904,0
66,0.0,0.0,0.0,0.0,0.0,0.0,0,0,0.0,0,0.0,0.0,0.0,0.0060171183973255,0.0081062316894531,0.0085830688476562,0.0085830688476562,0.0058809916178385,0.0071525573730468,0.00762939453125,0.0071525573730468,0.0,0.0,0.0,0.0,0.496,1.392,0.0,0.0,0.0,0.0,0.0,0.0,118.448,0.0,0.0,0.0,0.0,0.0,14.68,0
67,0.0,0.0,0.0,0.0,0.0,0.0,0,0,0.0,0,0.0,0.0,0.0,0.0059284381012418,0.0081062316894531,0.0078678131103515,0.0078678131103515,0.0060796737670898,0.0071525573730468,0.0075101852416992,0.0071525573730468,0.0,0.0,0.0,0.0,0.496,1.424,0.0,0.0,0.0,0.0,3.744,4.232,117.192,0.0106334686279296,0.0,0.0192165374755859,0.0064373016357421,0.0084877014160156,21.168,0
68,0.0,0.0,0.0,0.0,0.0,0.0,0,0,0.0,0,0.0,0.0,0.0,0.0060939788818359,0.0081300735473632,0.0078678131103515,0.0078678131103515,0.0,0.0128746032714843,0.0,0.0128746032714843,0.0,0.0,0.0,0.0,0.496,1.424,0.0,0.0,0.0,0.0,4.272,3.704,112.0,0.0095764795939127,0.0,0.0165700912475585,0.0057816505432128,0.0063657760620117,0.0,0
69,0.0,0.0,0.0,0.0,0.0,0.0,0,0,0.0,0,0.0,0.0,0.0,0.0062477588653564,0.0086069107055664,0.0081062316894531,0.0081062316894531,0.0,0.0102519989013671,0.0,0.0102519989013671,0.0,0.0,0.0,0.0,0.496,1.36,0.0,0.0,0.0,0.0,8.264,7.736,112.0,0.0103950500488281,0.0,0.0247955322265625,0.0059843063354492,0.0081539154052734,0.0,0
70,0.0,0.0,0.0,0.0,0.0,0.0,0,0,0.0,0,0.0,0.0,0.0,0.0061118602752685,0.0085830688476562,0.0073909759521484,0.0073909759521484,0.0,0.013589859008789,0.0,0.013589859008789,0.0,0.0,0.0,0.0,0.496,1.36,0.0,0.0,0.0,0.0,10.776,11.312,112.0,0.0092824300130208,0.0,0.01678466796875,0.0059763590494791,0.0081062316894531,0.0,0
71,0.0,0.0,0.0,0.0,0.0,0.0,0,0,0.0,0,0.0,0.0,0.0,0.006190579922045,0.0081062316894531,0.0073909759521484,0.0073909759521484,0.0052452087402343,0.0133514404296875,0.0052452087402343,0.0133514404296875,0.0,0.0,0.0,0.0,0.496,1.36,0.0,0.0,0.0,0.0,0.0,0.0,113.256,0.0,0.0,0.0,0.0,0.0,1.192,0
72,0.0,0.0,0.0,0.0,0.0,0.0,0,0,0.0,0,0.0,0.0,0.0,0.0062208731197616,0.0083446502685546,0.0064373016357421,0.0064373016357421,0.0055313110351562,0.0116825103759765,0.0077009201049804,0.0116825103759765,0.0,0.0,0.0,0.0,0.496,1.36,0.0,0.0,0.0,0.0,0.0,0.0,135.504,0.0,0.0,0.0,0.0,0.0,49.056,0
73,0.0,0.0,0.0,0.0,0.0,0.0,0,0,0.0,0,0.0,0.0,0.0,0.0061858352737047,0.0085830688476562,0.0071525573730468,0.0071525573730468,0.00762939453125,0.0131130218505859,0.00762939453125,0.0131130218505859,0.0,0.0,0.0,0.0,0.496,1.424,0.0,0.0,0.0,0.0,3.744,4.232,113.256,0.0108242034912109,0.0,0.0208854675292968,0.0058650970458984,0.0073909759521484,1.192,0
74,0.0,0.0,0.0,0.0,0.0,0.0,0,0,0.0,0,0.0,0.0,0.0,0.0059747695922851,0.0081062316894531,0.0088214874267578,0.0088214874267578,0.0,0.011444091796875,0.0,0.011444091796875,0.0,0.0,0.0,0.0,0.496,1.36,0.0,0.0,0.0,0.0,3.744,4.232,112.0,0.0107288360595703,0.0,0.0191688537597656,0.0065326690673828,0.0085353851318359,0.0,0
75,0.0,0.0,0.0,0.0,0.0,0.0,0,0,0.0,0,0.0,0.0,0.0,0.0062153257172683,0.0085353851318359,0.0066757202148437,0.0066757202148437,0.0039846590249845,0.0100135803222656,0.0047683715820312,0.0100135803222656,0.0,0.0,0.0,0.0,0.496,1.36,0.0,0.0,0.0,0.0,8.264,7.736,124.984,0.0101089477539062,0.0,0.022435188293457,0.0062227249145507,0.0081777572631835,1099.96,0
76,0.0,0.0,0.0,0.0,0.0,0.0,0,0,0.0,0,0.0,0.0,0.0,0.0061882604466806,0.0085830688476562,0.0066757202148437,0.0066757202148437,0.0040158122575201,0.0066757202148437,0.0047683715820312,0.0066757202148437,0.0,0.0,0.0,0.0,0.496,1.424,0.0,0.0,0.0,0.0,0.0,0.0,117.328,0.0,0.0,0.0,0.0,0.0,1539.496,0
77,0.0,0.0,0.0,0.0,0.0,0.0,0,0,0.0,0,0.0,0.0,0.0,0.0060684052272815,0.0081062316894531,0.0081062316894531,0.0081062316894531,0.004120667775472,0.0069141387939453,0.0047922134399414,0.0069141387939453,0.0,0.0,0.0,0.0,0.496,1.424,0.0,0.0,0.0,0.0,0.0,0.0,117.192,0.0,0.0,0.0,0.0,0.0,640.32,0
78,0.0,0.0,0.0,0.0,0.0,0.0,0,0,0.0,0,0.0,0.0,0.0,0.0060423096614097,0.0083446502685546,0.0121593475341796,0.0121593475341796,0.0040309373722519,0.0078678131103515,0.0047683715820312,0.0078678131103515,0.0,0.0,0.0,0.0,0.496,1.424,0.0,0.0,0.0,0.0,0.0,0.0,113.256,0.0,0.0,0.0,0.0,0.0,1407.368,0
79,0.0,0.0,0.0,0.0,0.0,0.0,0,0,0.0,0,0.0,0.0,0.0,0.0063022369234432,0.0087738037109375,0.0073909759521484,0.0073909759521484,0.0042438507080078,0.0109672546386718,0.0052452087402343,0.0109672546386718,0.0,0.0,0.0,0.0,0.496,1.424,0.0,0.0,0.0,0.0,3.744,4.232,120.056,0.0103950500488281,0.0,0.0193595886230468,0.0061511993408203,0.0078201293945312,786.464,0
80,0.0,0.0,0.0,0.0,0.0,0.0,0,0,0.0,0,0.0,0.0,0.0,0.0061245247869208,0.0083446502685546,0.0078678131103515,0.0078678131103515,0.0040574116749806,0.0123977661132812,0.0047683715820312,0.0123977661132812,0.0,0.0,0.0,0.0,0.496,1.424,0.0,0.0,0.0,0.0,3.744,4.232,115.824,0.0104904174804687,0.0,0.019693374633789,0.0058650970458984,0.007486343383789,1162.488,0
81,0.0,0.0,0.0,0.0,0.0,0.0,0,0,0.0,0,0.0,0.0,0.0,0.0070908769446225,0.0095367431640625,0.0083446502685546,0.0083446502685546,0.0039011494982584,0.0133514404296875,0.0045299530029296,0.0133514404296875,0.0,0.0,0.0,0.0,0.496,1.424,0.0,0.0,0.0,0.0,8.792,7.208,117.192,0.0110322778875177,0.0,0.0238418579101562,0.0062518649631076,0.0070571899414062,45319.008,0
82,0.0,0.0,0.0,0.0,0.0,0.0,0,0,0.0,0,0.0,0.0,0.0,0.0074645180014235,0.0104904174804687,0.0095367431640625,0.0095367431640625,0.0039277563503361,0.0109672546386718,0.0045299530029296,0.0109672546386718,0.0,0.0,0.0,0.0,0.496,1.424,0.0,0.0,0.0,0.0,0.0,0.0,117.192,0.0,0.0,0.0,0.0,0.0,20630.592,0
83,0.0,0.0,0.0,0.0,0.0,0.0,0,0,0.0,0,0.0,0.0,0.0,0.0075101852416992,0.0100374221801757,0.0095367431640625,0.0095367431640625,0.0039003340949056,0.0169277191162109,0.0045299530029296,0.0169277191162109,0.0047683715820312,0.0143051147460937,0.0047683715820312,0.0143051147460937,0.496,1.424,0.0,0.0,0.848,0.848,0.0,0.0,116.632,0.0,0.0,0.0,0.0,0.0,57795.8,0
84,0.0,0.0,0.0,0.0,0.0,0.0,0,0,0.0,0,0.0,0.0,0.0,0.0074924808917659,0.0100135803222656,0.0128746032714843,0.0128746032714843,0.0039429855235366,0.0150203704833984,0.0047683715820312,0.0150203704833984,0.0123977661132812,0.0054836273193359,0.0123977661132812,0.0054836273193359,0.496,1.424,0.0,0.0,0.848,0.848,0.0,0.0,117.752,0.0,0.0,0.0,0.0,0.0,38863.064,0
85,0.0,0.0,0.0,0.0,0.0,0.0,0,0,0.0,0,0.0,0.0,0.0,0.007539692491588,0.0100135803222656,0.0102519989013671,0.0102519989013671,0.0039896591215698,0.0188350677490234,0.0050067901611328,0.0188350677490234,0.0,0.0,0.0,0.0,0.496,1.424,0.0,0.0,0.0,0.0,3.744,4.232,118.448,0.0101566314697265,0.0,0.0187397003173828,0.0062942504882812,0.0088214874267578,29487.448,0
86,0.0,0.0,0.0,0.0,0.0,0.0,0,0,0.0,0,0.0,0.0,0.0,0.0074027788521039,0.0100135803222656,0.0092983245849609,0.0092983245849609,0.0039854119520443,0.0171661376953125,0.0050067901611328,0.0171661376953125,0.0,0.0,0.0,0.0,0.496,1.424,0.0,0.0,0.0,0.0,3.744,4.232,118.448,0.0105857849121093,0.0,0.0195026397705078,0.0060081481933593,0.0076770782470703,27862.384,0
87,0.0,0.0,0.0,0.0,0.0,0.0,0,0,0.0,0,0.0,0.0,0.0,0.0074641539318726,0.009775161743164,0.0109672546386718,0.0109672546386718,0.0039648412212596,0.0104904174804687,0.0047683715820312,0.0104904174804687,0.0,0.0,0.0,0.0,0.496,1.424,0.0,0.0,0.0,0.0,8.264,7.736,118.448,0.0103473663330078,0.0,0.0236988067626953,0.0061511993408203,0.0083684921264648,13960.984,0
88,0.0,0.0,0.0,0.0,0.0,0.0,0,0,0.0,0,0.0,0.0,0.0,0.0073174339028733,0.0095367431640625,0.0092983245849609,0.0092983245849609,0.0,0.0104904174804687,0.0,0.0104904174804687,0.0,0.0,0.0,0.0,0.496,1.424,0.0,0.0,0.0,0.0,0.0,0.0,114.76,0.0,0.0,0.0,0.0,0.0,0.0,0
89,0.0,0.0,0.0,0.0,0.0,0.0,0,0,0.0,0,0.0,0.0,0.0,0.0068056583404541,0.0095605850219726,0.0109672546386718,0.0109672546386718,0.003901040442636,0.013589859008789,0.0045299530029296,0.013589859008789,0.0,0.0,0.0,0.0,0.496,1.424,0.0,0.0,0.0,0.0,0.0,0.0,112.0,0.0,0.0,0.0,0.0,0.0,9797.76,0
90,0.0,0.0,0.0,0.0,0.0,0.0,0,0,0.0,0,0.0,0.0,0.0,0.0061146655485997,0.0085830688476562,0.0104904174804687,0.0104904174804687,0.0053346157073974,0.0121593475341796,0.0065326690673828,0.0121593475341796,0.0,0.0,0.0,0.0,0.496,1.424,0.0,0.0,0.0,0.0,0.0,0.0,114.824,0.0,0.0,0.0,0.0,0.0,43.632,0
91,0.0,0.0,0.0,0.0,0.0,0.0,0,0,0.0,0,0.0,0.0,0.0,0.0059485435485839,0.0081300735473632,0.0072002410888671,0.0064373016357421,0.0,0.0149011611938476,0.0,0.017094612121582,0.0,0.0,0.0,0.0,1.344,2.272,0.0,0.0,0.0,0.0,3.744,4.232,112.0,0.0108718872070312,0.0,0.0203132629394531,0.0058650970458984,0.0075340270996093,0.0,0
92,0.0,0.0,0.0,0.0,0.0,0.0,0,0,0.0,0,0.0,0.0,0.0,0.0058913230895996,0.0081062316894531,0.005960464477539,0.005960464477539,0.0,0.0073909759521484,0.0,0.0073909759521484,0.0,0.0,0.0,0.0,0.496,1.36,0.0,0.0,0.0,0.0,3.744,4.232,112.0,0.0110149383544921,0.0,0.0197410583496093,0.006103515625,0.0076770782470703,0.0,0
93,0.0,0.0,0.0,0.0,0.0,0.0,0,0,0.0,0,0.0,0.0,0.0,0.0061964988708496,0.0083684921264648,0.0100135803222656,0.0100135803222656,0.0,0.0071525573730468,0.0,0.0071525573730468,0.0,0.0,0.0,0.0,0.496,1.36,0.0,0.0,0.0,0.0,8.264,7.736,112.0,0.0105142593383789,0.0,0.0256776809692382,0.0061750411987304,0.0083684921264648,0.0,0
94,0.0,0.0,0.0,0.0,0.0,0.0,0,0,0.0,0,0.0,0.0,0.0,0.0059950351715087,0.0078916549682617,0.0064373016357421,0.0064373016357421,0.0,0.0064373016357421,0.0,0.0064373016357421,0.0,0.0,0.0,0.0,0.496,1.36,0.0,0.0,0.0,0.0,0.0,0.0,112.0,0.0,0.0,0.0,0.0,0.0,0.0,0
95,0.0,0.0,0.0,0.0,0.0,0.0,0,0,0.0,0,0.0,0.0,0.0,0.0059379273979224,0.00762939453125,0.0078678131103515,0.0078678131103515,0.0090599060058593,0.0128746032714843,0.0090599060058593,0.0128746032714843,0.0,0.0,0.0,0.0,0.496,1.36,0.0,0.0,0.0,0.0,0.0,0.0,113.256,0.0,0.0,0.0,0.0,0.0,1.192,0
96,0.0,0.0,0.0,0.0,0.0,0.0,0,0,0.0,0,0.0,0.0,0.0,0.0060434958234948,0.0081062316894531,0.0069141387939453,0.0069141387939453,0.0081062316894531,0.0126361846923828,0.0081062316894531,0.0126361846923828,0.0,0.0,0.0,0.0,0.496,1.36,0.0,0.0,0.0,0.0,0.0,0.0,113.256,0.0,0.0,0.0,0.0,0.0,1.192,0
97,0.0,0.0,0.0,0.0,0.0,0.0,0,0,0.0,0,0.0,0.0,0.0,0.006147878086982,0.0085830688476562,0.0073909759521484,0.0073909759521484,0.0071525573730468,0.0100135803222656,0.0071525573730468,0.0100135803222656,0.0,0.0,0.0,0.0,0.496,1.36,0.0,0.0,0.0,0.0,3.744,4.232,113.256,0.0116348266601562,0.0,0.0221729278564453,0.0060081481933593,0.0073909759521484,1.192,0
98,0.0,0.0,0.0,0.0,0.0,0.0,0,0,0.0,0,0.0,0.0,0.0,0.0060999393463134,0.0078678131103515,0.0081062316894531,0.0081062316894531,0.0,0.0078678131103515,0.0,0.0078678131103515,0.0,0.0,0.0,0.0,0.496,1.36,0.0,0.0,0.0,0.0,3.744,4.232,112.0,0.0106334686279296,0.0,0.0202178955078125,0.0070571899414062,0.0093460083007812,0.0,0
99,0.0,0.0,0.0,0.0,0.0,0.0,0,0,0.0,0,0.0,0.0,0.0,0.0060939788818359,0.0081062316894531,0.0073909759521484,0.0073909759521484,0.0,0.0109672546386718,0.0,0.0109672546386718,0.0,0.0,0.0,0.0,0.496,1.36,0.0,0.0,0.0,0.0,8.264,7.736,112.0,0.0100374221801757,0.0,0.0228643417358398,0.0056982040405273,0.0078916549682617,0.0,0
100,0.0,0.0,0.0,0.0,0.0,0.0,0,0,0.0,0,0.0,0.0,0.0,0.0062131881713867,0.0085830688476562,0.0081062316894531,0.0081062316894531,0.0,0.0147819519042968,0.0,0.0147819519042968,0.0,0.0,0.0,0.0,0.496,1.36,0.0,0.0,0.0,0.0,0.0,0.0,112.0,0.0,0.0,0.0,0.0,0.0,0.0,0
101,0.0,0.0,0.0,0.0,0.0,0.0,0,0,0.0,0,0.0,0.0,0.0,0.0059771537780761,0.0081062316894531,0.0071525573730468,0.0071525573730468,0.0,0.0112056732177734,0.0,0.0112056732177734,0.0,0.0,0.0,0.0,0.496,1.36,0.0,0.0,0.0,0.0,0.0,0.0,112.0,0.0,0.0,0.0,0.0,0.0,0.0,0
102,0.0,0.0,0.0,0.0,0.0,0.0,0,0,0.0,0,0.0,0.0,0.0,0.0060209587438782,0.0081062316894531,0.0083446502685546,0.0083446502685546,0.0052452087402343,0.0145435333251953,0.0052452087402343,0.0145435333251953,0.0,0.0,0.0,0.0,0.496,1.36,0.0,0.0,0.0,0.0,0.0,0.0,113.256,0.0,0.0,0.0,0.0,0.0,1.192,0
103,0.0,0.0,0.0,0.0,0.0,0.0,0,0,0.0,0,0.0,0.0,0.0,0.0061549950594925,0.0083446502685546,0.0073909759521484,0.0073909759521484,0.0100135803222656,0.0145435333251953,0.0100135803222656,0.0145435333251953,0.0,0.0,0.0,0.0,0.496,1.36,0.0,0.0,0.0,0.0,4.272,3.704,113.256,0.010530153910319,0.0,0.0194311141967773,0.0079274177551269,0.0114202499389648,1.192,1
104,0.0,0.0,0.0,0.0,0.0,0.0,0,0,0.0,0,0.0,0.0,0.0,0.0060375650130694,0.0081062316894531,0.0073909759521484,0.0073909759521484,0.0054836273193359,0.00762939453125,0.0054836273193359,0.00762939453125,0.0,0.0,0.0,0.0,0.496,1.36,0.0,0.0,0.0,0.0,0.0,0.0,113.256,0.0,100.0,0.0,0.0,0.0,1.192,1
105,0.0,0.0,0.0,0.0,0.0,0.0,0,0,0.0,0,0.0,0.0,0.0,0.0059914588928222,0.0081300735473632,0.0071525573730468,0.0071525573730468,0.0,0.0088214874267578,0.0,0.0088214874267578,0.0,0.0,0.0,0.0,0.496,1.36,0.0,1.0,0.0,0.0,0.592,0.592,112.0,0.0209808349609375,66.66666666666666,0.0209808349609375,0.005960464477539,0.005960464477539,0.0,1
106,0.0,0.0,0.0,0.0,0.0,0.0,0,0,0.0,0,0.0,0.0,0.0,0.0062227249145507,0.0083684921264648,0.00762939453125,0.00762939453125,0.0,0.0109672546386718,0.0,0.0109672546386718,0.0,0.0,0.0,0.0,0.496,1.36,0.0,2.0,0.0,0.0,2.096,3.64,112.0,0.0200271606445312,50.0,0.0215530395507812,0.0068545341491699,0.0091552734375,0.0,1
107,0.0,0.0,0.0,0.0,0.0,0.0,0,0,0.0,0,0.0,0.0,0.0,0.0061631202697753,0.0085830688476562,0.0092983245849609,0.0092983245849609,0.0,0.0088214874267578,0.0,0.0088214874267578,0.0,0.0,0.0,0.0,0.496,1.36,0.0,3.0,0.0,0.0,6.68,7.208,112.0,0.0127724238804408,50.0,0.0248908996582031,0.0064108106825086,0.0073909759521484,0.0,1
108,0.0,0.0,0.0,0.0,0.0,0.0,0,0,0.0,0,0.0,0.0,0.0,0.0061249732971191,0.0085830688476562,0.0092983245849609,0.0092983245849609,0.0,0.0083446502685546,0.0,0.0083446502685546,0.0,0.0,0.0,0.0,0.496,1.36,0.0,1.0,0.0,0.0,0.528,0.528,112.0,0.0183582305908203,0.0,0.0183582305908203,0.0052452087402343,0.0052452087402343,0.0,1
109,0.0,0.0,0.0,0.0,0.0,0.0,0,0,0.0,0,0.0,0.0,0.0,0.0060117244720458,0.00762939453125,0.0071525573730468,0.0071525573730468,0.0,0.0081062316894531,0.0,0.0081062316894531,0.0,0.0,0.0,0.0,0.496,1.36,0.0,0.0,0.0,0.0,0.0,0.0,112.0,0.0,0.0,0.0,0.0,0.0,0.0,1
110,0.0,0.0,0.0,0.0,0.0,0.0,0,0,0.0,0,0.0,0.0,0.0,0.0061383887903014,0.0081062316894531,0.0083446502685546,0.0083446502685546,0.0052452087402343,0.0071525573730468,0.0052452087402343,0.0071525573730468,0.0,0.0,0.0,0.0,0.496,1.36,0.0,0.0,0.0,0.0,0.0,0.0,113.256,0.0,0.0,0.0,0.0,0.0,1.192,1
111,0.0,0.0,0.0,0.0,0.0,0.0,0,0,0.0,0,0.0,0.0,0.0,0.0061787183011942,0.0085830688476562,0.0133514404296875,0.0133514404296875,0.0050067901611328,0.0102519989013671,0.0050067901611328,0.0102519989013671,0.0,0.0,0.0,0.0,0.496,1.36,0.0,0.0,0.0,0.0,0.0,0.0,113.256,0.0,100.0,0.0,0.0,0.0,1.192,1
112,0.0,0.0,0.0,0.0,0.0,0.0,0,0,0.0,0,0.0,0.0,0.0,0.0061941384083002,0.0081062316894531,0.0088214874267578,0.0088214874267578,0.0057220458984375,0.009775161743164,0.0057220458984375,0.009775161743164,0.0,0.0,0.0,0.0,0.496,1.36,0.0,1.0,0.0,0.0,0.0,0.0,113.256,0.0,100.0,0.0,0.0,0.0,1.192,1
113,0.0,0.0,0.0,0.0,0.0,0.0,0,0,0.0,0,0.0,0.0,0.0,0.0061249732971191,0.0083684921264648,0.0069141387939453,0.0069141387939453,0.0,0.0109672546386718,0.0,0.0109672546386718,0.0,0.0,0.0,0.0,0.496,1.36,0.0,1.0,0.0,0.0,0.0,0.0,112.0,0.0,100.0,0.0,0.0,0.0,0.0,1
114,0.0,0.0,0.0,0.0,0.0,0.0,0,0,0.0,0,0.0,0.0,0.0,0.0061094760894775,0.0085830688476562,0.0078678131103515,0.0078678131103515,0.0,0.0154972076416015,0.0,0.0154972076416015,0.005960464477539,0.0123977661132812,0.005960464477539,0.0123977661132812,0.496,1.36,0.0,1.0,0.848,0.848,0.0,0.0,112.0,0.0,100.0,0.0,0.0,0.0,0.0,1
115,0.0,0.0,0.0,0.0,0.0,0.0,0,0,0.0,0,0.0,0.0,0.0,0.0062811374664306,0.0085830688476562,0.0071525573730468,0.0071525573730468,0.0,0.0073909759521484,0.0,0.0073909759521484,0.0255107879638671,0.0071525573730468,0.0255107879638671,0.0071525573730468,0.496,1.36,0.0,3.0,0.848,0.848,0.592,0.592,112.0,0.0197887420654296,80.0,0.0197887420654296,512.489914894104,922.4772691726683,0.0,1
116,0.0,0.0,0.0,0.0,0.0,0.0,0,0,0.0,0,0.0,0.0,0.0,0.0061047077178955,0.0081062316894531,0.0090599060058593,0.0090599060058593,0.0,0.0073909759521484,0.0,0.0073909759521484,0.0,0.0,0.0,0.0,0.496,1.36,1.0,2.0,0.0,0.0,1.568,3.704,112.0,0.0224113464355468,80.0,0.0224113464355468,-204.9846172332764,0.0113487243652343,0.0,1
117,0.0,0.0,0.0,0.0,0.0,0.0,0,0,0.0,0,0.0,0.0,0.0,0.0061101959523371,0.0083446502685546,0.0069141387939453,0.0069141387939453,0.0054836273193359,0.0083446502685546,0.0054836273193359,0.0083446502685546,0.0,0.0,0.0,0.0,0.496,1.36,0.0,3.0,0.0,0.0,1.12,0.592,144.408,0.0188350677490234,66.66666666666666,0.0298976898193359,0.005960464477539,0.005960464477539,1.192,1
118,0.0,0.0,0.0,0.0,0.0,0.0,0,0,0.0,0,0.0,0.0,0.0,0.0062578975564182,0.0083446502685546,0.0069141387939453,0.0069141387939453,0.0064373016357421,0.0116825103759765,0.0064373016357421,0.0116825103759765,0.0,0.0,0.0,0.0,0.496,1.392,1.0,5.0,0.0,0.0,2.72,4.168,118.448,0.0143845876057942,62.5,0.01983642578125,0.00762939453125,0.0112533569335937,1.192,1
119,0.0,0.0,0.0,0.0,0.0,0.0,0,0,0.0,0,0.0,0.0,0.0,0.0058762469694982,0.0078678131103515,0.0073909759521484,0.0073909759521484,0.0064373016357421,0.0064373016357421,0.0064373016357421,0.0064373016357421,0.0,0.0,0.0,0.0,0.496,1.392,0.0,2.0,0.0,0.0,0.528,0.528,113.256,0.0214576721191406,66.66666666666666,0.0214576721191406,0.0054836273193359,0.0054836273193359,1.192,1
120,0.0,0.0,0.0,0.0,0.0,0.0,0,0,0.0,0,0.0,0.0,0.0,0.0062298774719238,0.0083446502685546,0.0083446502685546,0.0083446502685546,0.0,0.013589859008789,0.0,0.013589859008789,0.0,0.0,0.0,0.0,0.496,1.36,0.0,1.0,0.0,0.0,0.0,0.0,112.0,0.0,100.0,0.0,0.0,0.0,0.0,1
121,0.0,0.0,0.0,0.0,0.0,0.0,0,0,0.0,0,0.0,0.0,0.0,0.0060915946960449,0.0078916549682617,0.0069141387939453,0.0069141387939453,0.0,0.0143051147460937,0.0,0.0143051147460937,0.0,0.0,0.0,0.0,0.496,1.36,0.0,3.0,0.0,0.0,6.68,7.208,112.0,0.0163487025669642,41.66666666666667,0.0259876251220703,0.0067287021213107,0.0079631805419921,0.0,1
122,0.0,0.0,0.0,0.0,0.0,0.0,0,0,0.0,0,0.0,0.0,0.0,0.0059854984283447,0.0078916549682617,0.0088214874267578,0.0078678131103515,0.0,0.008702278137207,0.0,0.0091791152954101,0.0,0.0,0.0,0.0,1.344,2.208,0.0,2.0,0.0,0.0,0.528,0.528,112.0,0.021219253540039,50.0,0.021219253540039,0.0116825103759765,0.0116825103759765,0.0,1
123,0.0,0.0,0.0,0.0,0.0,0.0,0,0,0.0,0,0.0,0.0,0.0,0.0061349170963938,0.0081062316894531,0.0085830688476562,0.0085830688476562,0.0053197145462036,0.0078678131103515,0.0064373016357421,0.0078678131103515,0.0,0.0,0.0,0.0,0.496,1.36,0.0,0.0,0.0,0.0,0.0,0.0,129.56,0.0,50.0,0.0,0.0,0.0,83.984,1
124,0.0,0.0,0.0,0.0,0.0,0.0,0,0,0.0,0,0.0,0.0,0.0,0.0061870801566851,0.0088214874267578,0.0081062316894531,0.0081062316894531,0.0047087669372558,0.0126361846923828,0.0052690505981445,0.0126361846923828,0.0,0.0,0.0,0.0,0.496,1.424,0.0,0.0,0.0,0.0,0.0,0.0,116.544,0.0,50.0,0.0,0.0,0.0,11.92,1
125,0.0,0.0,0.0,0.0,0.0,0.0,0,0,0.0,0,0.0,0.0,0.0,0.0059711399363048,0.0078678131103515,0.0073909759521484,0.0073909759521484,0.0083446502685546,0.0112056732177734,0.0083446502685546,0.0112056732177734,0.0,0.0,0.0,0.0,0.496,1.424,0.0,0.0,0.0,0.0,1.12,0.592,113.256,0.0194311141967773,33.33333333333333,0.0307798385620117,0.0057220458984375,0.0057220458984375,1.192,1
126,0.0,0.0,0.0,0.0,0.0,0.0,0,0,0.0,0,0.0,0.0,0.0,0.0060506127960053,0.0078678131103515,0.0071525573730468,0.0071525573730468,0.0047683715820312,0.0061988830566406,0.0047683715820312,0.0061988830566406,0.0,0.0,0.0,0.0,0.496,1.36,0.0,3.0,0.0,0.0,0.0,0.0,113.256,0.0,100.0,0.0,0.0,0.0,1.192,1
127,0.0,0.0,0.0,0.0,0.0,0.0,0,0,0.0,0,0.0,0.0,0.0,0.0062263011932373,0.0083446502685546,0.00762939453125,0.00762939453125,0.0,0.0123977661132812,0.0,0.0123977661132812,0.0,0.0,0.0,0.0,0.496,1.36,0.0,1.0,0.0,0.0,2.096,3.64,112.0,0.017404556274414,33.33333333333333,0.0225543975830078,0.0061392784118652,0.0079870223999023,0.0,1
128,0.0,0.0,0.0,0.0,0.0,0.0,0,0,0.0,0,0.0,0.0,0.0,0.0061941384083002,0.0081062316894531,0.0064373016357421,0.0064373016357421,0.0107288360595703,0.0083446502685546,0.0107288360595703,0.0083446502685546,0.0,0.0,0.0,0.0,0.496,1.36,0.0,0.0,0.0,0.0,0.0,0.0,114.392,0.0,100.0,0.0,0.0,0.0,2.104,1
129,0.0,0.0,0.0,0.0,0.0,0.0,0,0,0.0,0,0.0,0.0,0.0,0.0062526441087909,0.0085830688476562,0.0069141387939453,0.0069141387939453,0.0046868073312859,0.0088214874267578,0.0056266784667968,0.0088214874267578,0.0,0.0,0.0,0.0,0.496,1.424,0.0,1.0,0.0,0.0,0.0,0.0,132.768,0.0,100.0,0.0,0.0,0.0,208.272,1
130,0.0,0.0,0.0,0.0,0.0,0.0,0,0,0.0,0,0.0,0.0,0.0,0.006795522585437,0.0095367431640625,0.0085830688476562,0.0085830688476562,0.0043281016905614,0.0088214874267578,0.0050067901611328,0.0088214874267578,0.0,0.0,0.0,0.0,0.496,1.424,0.0,3.0,0.0,0.0,0.592,0.592,114.328,0.0309944152832031,83.33333333333334,0.0309944152832031,515.7743692398071,928.389286994934,1877.232,1
131,0.0,0.0,0.0,0.0,0.0,0.0,0,0,0.0,0,0.0,0.0,0.0,0.0062791427763381,0.008559226989746,0.0121593475341796,0.0121593475341796,0.0043093268551043,0.0112056732177734,0.0049352645874023,0.0112056732177734,0.0,0.0,0.0,0.0,0.496,1.424,2.0,4.0,0.0,0.0,2.784,4.824,118.448,0.0148614247639973,70.0,0.0237941741943359,-147.3543643951416,0.0104427337646484,1057.12,1
132,0.0,0.0,0.0,0.0,0.0,0.0,0,0,0.0,0,0.0,0.0,0.0,0.0060719637135368,0.0083446502685546,0.0071525573730468,0.0071525573730468,0.0054836273193359,0.0100135803222656,0.0054836273193359,0.0100135803222656,0.0,0.0,0.0,0.0,0.496,1.424,0.0,3.0,0.0,0.0,2.96,3.184,113.256,0.0129938125610351,50.0,0.0203847885131835,0.0068545341491699,0.0081539154052734,1.192,1
133,0.0,0.0,0.0,0.0,0.0,0.0,0,0,0.0,0,0.0,0.0,0.0,0.0060838253343876,0.0078678131103515,0.0064373016357421,0.0064373016357421,0.0071525573730468,0.0078678131103515,0.0071525573730468,0.0078678131103515,0.0,0.0,0.0,0.0,0.496,1.392,0.0,3.0,0.0,0.0,3.144,3.76,113.256,0.0129938125610351,50.0,0.019693374633789,0.0079154968261718,0.0101089477539062,1.192,1
134,0.0,0.0,0.0,0.0,0.0,0.0,0,0,0.0,0,0.0,0.0,0.0,0.0059475452441887,0.0081062316894531,0.0078678131103515,0.0078678131103515,0.0060558319091796,0.013589859008789,0.0077724456787109,0.013589859008789,0.0,0.0,0.0,0.0,0.496,1.36,0.0,5.0,0.0,0.0,1.12,1.12,124.776,0.0213384628295898,71.42857142857143,0.0214338302612304,341.33052825927734,819.183874130249,24.584,1
135,0.0,0.0,0.0,0.0,0.0,0.0,0,0,0.0,0,0.0,0.0,0.0,0.0061380863189697,0.0085830688476562,0.0069141387939453,0.0069141387939453,0.0,0.0119209289550781,0.0,0.0119209289550781,0.0,0.0,0.0,0.0,0.496,1.36,1.0,4.0,0.0,0.0,1.12,1.184,112.0,0.0156164169311523,71.42857142857143,0.0202894210815429,0.0121593475341796,716.7937755584719,0.0,1
136,0.0,0.0,0.0,0.0,0.0,0.0,0,0,0.0,0,0.0,0.0,0.0,0.0059735774993896,0.0078678131103515,0.00762939453125,0.00762939453125,0.0,0.0147819519042968,0.0,0.0147819519042968,0.0,0.0,0.0,0.0,0.496,1.424,1.0,2.0,0.0,0.0,0.528,0.592,112.0,0.0095367431640625,66.66666666666666,0.0095367431640625,-511.9737386703491,-102.38215923309326,0.0,1
137,0.0,0.0,0.0,0.0,0.0,0.0,0,0,0.0,0,0.0,0.0,0.0,0.0059795379638671,0.0078678131103515,0.0071525573730468,0.0071525573730468,0.0,0.0064373016357421,0.0,0.0064373016357421,0.0,0.0,0.0,0.0,0.496,1.36,0.0,2.0,0.0,0.0,2.432,3.184,112.0,0.0125567118326822,25.0,0.0179290771484375,0.0072717666625976,0.0092029571533203,0.0,1
138,0.0,0.0,0.0,0.0,0.0,0.0,0,0,0.0,0,0.0,0.0,0.0,0.0061383887903014,0.0081062316894531,0.00762939453125,0.00762939453125,0.0050067901611328,0.0104904174804687,0.0050067901611328,0.0104904174804687,0.0,0.0,0.0,0.0,0.496,1.36,0.0,1.0,0.0,0.0,1.568,3.112,113.256,0.0202655792236328,66.66666666666666,0.0202655792236328,0.0058809916178385,0.0069141387939453,1.192,1
139,0.0,0.0,0.0,0.0,0.0,0.0,0,0,0.0,0,0.0,0.0,0.0,0.0061566019293122,0.0082969665527343,0.0073909759521484,0.0073909759521484,0.0053644180297851,0.0069141387939453,0.0088930130004882,0.0069141387939453,0.0,0.0,0.0,0.0,0.496,1.36,0.0,1.0,0.0,0.0,0.528,0.528,123.64,0.0207424163818359,50.0,0.0207424163818359,0.0102519989013671,0.0102519989013671,70.496,1
140,0.0,0.0,0.0,0.0,0.0,0.0,0,0,0.0,0,0.0,0.0,0.0,0.0061302650265577,0.0083446502685546,0.00762939453125,0.00762939453125,0.0049386705671037,0.0100135803222656,0.0069141387939453,0.0100135803222656,0.0,0.0,0.0,0.0,0.496,1.36,0.0,1.0,0.0,0.0,0.0,0.0,132.136,0.0,100.0,0.0,0.0,0.0,252.936,1
141,0.0,0.0,0.0,0.0,0.0,0.0,0,0,0.0,0,0.0,0.0,0.0,0.0060411234993246,0.0078678131103515,0.0071525573730468,0.0071525573730468,0.0045867193312872,0.0088214874267578,0.0052452087402343,0.0088214874267578,0.0,0.0,0.0,0.0,0.496,1.424,0.0,1.0,0.0,0.0,0.0,0.0,116.504,0.0,100.0,0.0,0.0,0.0,183.8,1
142,0.0,0.0,0.0,0.0,0.0,0.0,0,0,0.0,0,0.0,0.0,0.0,0.0062166754879168,0.0085830688476562,0.0069141387939453,0.0069141387939453,0.0050067901611328,0.0104904174804687,0.0050067901611328,0.0104904174804687,0.0074207782745361,0.0081062316894531,0.0095605850219726,0.0103950500488281,0.496,1.424,0.0,4.0,10.752,24.592,0.592,0.592,117.192,0.0236034393310546,83.33333333333334,0.0236034393310546,1365.322510401408,2662.382459640503,9.912,1
143,0.0,0.0,0.0,0.0,0.0,0.0,0,0,0.0,0,0.0,0.0,0.0,0.0059270858764648,0.0085830688476562,0.0083446502685546,0.0083446502685546,0.0,0.0095367431640625,0.0,0.0095367431640625,0.0,0.0,0.0,0.0,0.496,1.424,1.0,1.0,0.0,0.0,0.0,0.592,112.0,0.0,100.0,0.0,341.3592974344889,1638.419246673584,0.0,1
144,0.0,0.0,0.0,0.0,0.0,0.0,0,0,0.0,0,0.0,0.0,0.0,0.0061906210266717,0.0083446502685546,0.0100135803222656,0.0100135803222656,0.0058582850864955,0.0081062316894531,0.0080108642578125,0.0081062316894531,0.0,0.0,0.0,0.0,0.496,1.36,0.0,0.0,0.0,0.0,0.0,0.0,122.384,0.0,100.0,0.0,0.0,0.0,66.952,1
145,0.0,0.0,0.0,0.0,0.0,0.0,0,0,0.0,0,0.0,0.0,0.0,0.0062035809596771,0.0088214874267578,0.0066757202148437,0.0066757202148437,0.0053246815999348,0.0104904174804687,0.0061511993408203,0.0104904174804687,0.007331371307373,0.0064373016357421,0.0098466873168945,0.0089168548583984,0.496,1.36,1.0,2.0,21.856,13.648,3.928,3.504,118.944,0.0189542770385742,20.0,0.0273942947387695,-731.4102649688721,0.0173091888427734,17.064,1
146,0.0,0.0,0.0,0.0,0.0,0.0,0,0,0.0,0,0.0,0.0,0.0,0.0066084436850972,0.0092744827270507,0.0088214874267578,0.0088214874267578,0.0040185539376823,0.0116825103759765,0.0050067901611328,0.0116825103759765,0.0109672546386718,0.0,0.0109672546386718,0.0,0.496,1.424,0.0,0.0,0.496,0.0,0.0,0.0,118.448,0.0,20.0,0.0,0.0,0.0,4508.728,1
147,0.0,0.0,0.0,0.0,0.0,0.0,0,0,0.0,0,0.0,0.0,0.0,0.0070715185456675,0.009775161743164,0.0088214874267578,0.0088214874267578,0.0039036820210884,0.0112056732177734,0.0045299530029296,0.0112056732177734,0.0,0.0,0.0,0.0,0.496,1.84,0.0,0.0,0.0,0.0,0.0,0.0,123.64,0.0,20.0,0.0,0.0,0.0,23123.976,1
148,0.0,0.0,0.0,0.0,0.0,0.0,0,0,0.0,0,0.0,0.0,0.0,0.0072813034057617,0.0095367431640625,0.0140666961669921,0.0140666961669921,0.003917973215987,0.0164508819580078,0.0045299530029296,0.0164508819580078,0.0,0.0,0.0,0.0,0.496,1.84,0.0,0.0,0.0,0.0,0.0,0.0,112.0,0.0,20.0,0.0,0.0,0.0,23159.072,1
149,0.0,0.0,0.0,0.0,0.0,0.0,0,0,0.0,0,0.0,0.0,0.0,0.0074240240720239,0.009775161743164,0.009775161743164,0.009775161743164,0.0039199384103102,0.0131130218505859,0.0045299530029296,0.0131130218505859,0.0,0.0,0.0,0.0,0.496,1.84,0.0,0.0,0.0,0.0,0.0,0.0,122.384,0.0,100.0,0.0,0.0,0.0,43596.072,1
150,0.0,0.0,0.0,0.0,0.0,0.0,0,0,0.0,0,0.0,0.0,0.0,0.0074407947597218,0.0100135803222656,0.0107288360595703,0.0107288360595703,0.0039114376503235,0.0188350677490234,0.0045299530029296,0.0188350677490234,0.0,0.0,0.0,0.0,0.496,1.84,0.0,1.0,0.0,0.0,0.0,0.0,117.192,0.0,100.0,0.0,0.0,0.0,51660.776,1
151,0.0,0.0,0.0,0.0,0.0,0.0,0,0,0.0,0,0.0,0.0,0.0,0.0078738337815409,0.0108003616333007,0.0123977661132812,0.0123977661132812,0.003948914550046,0.0255107879638671,0.0047683715820312,0.0255107879638671,0.0,0.0,0.0,0.0,0.496,1.84,0.0,1.0,0.0,0.0,2.688,4.232,110.88,0.0128746032714843,40.0,0.0173091888427734,0.0063896179199218,0.008249282836914,39782.04,1
152,0.0,0.0,0.0,0.0,0.0,0.0,0,0,0.0,0,0.0,0.0,0.0,0.0074287452320061,0.0102519989013671,0.0095367431640625,0.0095367431640625,0.0040531158447265,0.0083446502685546,0.0040531158447265,0.0083446502685546,0.0,0.0,0.0,0.0,0.496,1.84,0.0,0.0,0.0,0.0,0.0,0.0,118.448,0.0,100.0,0.0,0.0,0.0,1.192,1
153,0.0,0.0,0.0,0.0,0.0,0.0,0,0,0.0,0,0.0,0.0,0.0,0.0068284020635294,0.0090599060058593,0.0088453292846679,0.007033348083496,0.0041802724202473,0.0079870223999023,0.0062227249145507,0.0086545944213867,0.0,0.0,0.0,0.0,1.344,2.688,0.0,1.0,0.0,0.0,0.0,0.0,119.008,0.0,100.0,0.0,0.0,0.0,328.032,1
154,0.0,0.0,0.0,0.0,0.0,0.0,0,0,0.0,0,0.0,0.0,0.0,0.0075904449613967,0.009775161743164,0.0078678131103515,0.0078678131103515,0.0039138416252513,0.0121593475341796,0.0045299530029296,0.0121593475341796,0.0,0.0,0.0,0.0,0.496,1.84,0.0,1.0,0.0,0.0,0.0,0.0,118.448,0.0,100.0,0.0,0.0,0.0,51020.576,1
155,0.0,0.0,0.0,0.0,0.0,0.0,0,0,0.0,0,0.0,0.0,0.0,0.0073862547921662,0.0100135803222656,0.0090599060058593,0.0090599060058593,0.0039432869582879,0.0128746032714843,0.0047683715820312,0.0128746032714843,0.0,0.0,0.0,0.0,0.496,1.84,0.0,3.0,0.0,0.0,0.592,0.592,122.384,0.0247955322265625,80.0,0.0247955322265625,0.0061988830566406,0.0061988830566406,13975.936,1
156,0.0,0.0,0.0,0.0,0.0,0.0,0,0,0.0,0,0.0,0.0,0.0,0.0068295001983642,0.009775161743164,0.0119209289550781,0.0119209289550781,0.0039134329375798,0.0126361846923828,0.0045299530029296,0.0126361846923828,0.0,0.0,0.0,0.0,0.496,1.84,0.0,3.0,0.0,0.0,1.568,3.112,112.0,0.0154972076416015,80.0,0.0154972076416015,0.007947285970052,0.0100612640380859,8257.728,1
157,0.0,0.0,0.0,0.0,0.0,0.0,0,0,0.0,0,0.0,0.0,0.0,0.006033182144165,0.0081062316894531,0.0081062316894531,0.0081062316894531,0.0,0.0078678131103515,0.0,0.0078678131103515,0.0,0.0,0.0,0.0,0.496,1.84,0.0,1.0,0.0,0.0,0.0,0.0,112.0,0.0,100.0,0.0,0.0,0.0,0.0,1
158,0.0,0.0,0.0,0.0,0.0,0.0,0,0,0.0,0,0.0,0.0,0.0,0.0060558319091796,0.0078916549682617,0.0073909759521484,0.0073909759521484,0.0,0.0078678131103515,0.0,0.0078678131103515,0.0,0.0,0.0,0.0,0.496,1.808,3.0,6.0,0.0,0.0,6.776,8.792,112.0,0.0138623373849051,61.111111111111114,0.0229835510253906,0.0099539756774902,0.0170707702636718,0.0,1
159,0.0,0.0,0.0,0.0,0.0,0.0,0,0,0.0,0,0.0,0.0,0.0,0.0062907614359041,0.0083446502685546,0.0104904174804687,0.0104904174804687,0.003999368303773,0.0116825103759765,0.0049591064453125,0.0116825103759765,0.0,0.0,0.0,0.0,0.496,1.776,0.0,2.0,0.0,0.0,0.528,0.528,134.024,0.0202655792236328,50.0,0.0202655792236328,0.0104904174804687,0.0104904174804687,1954.984,1
160,0.0,0.0,0.0,0.0,0.0,0.0,0,0,0.0,0,0.0,0.0,0.0,0.0065286361162935,0.0090599060058593,0.009775161743164,0.009775161743164,0.0039734261422983,0.0133514404296875,0.0047683715820312,0.0133514404296875,0.0,0.0,0.0,0.0,0.496,1.84,0.0,1.0,0.0,0.0,0.0,0.0,113.256,0.0,100.0,0.0,0.0,0.0,8330.904,1
161,0.0,0.0,0.0,0.0,0.0,0.0,0,0,0.0,0,0.0,0.0,0.0,0.0063712053959912,0.0083446502685546,0.0081062316894531,0.0081062316894531,0.0044757669622247,0.0085830688476562,0.0057220458984375,0.0085830688476562,0.0,0.0,0.0,0.0,0.496,1.84,0.0,1.0,0.0,0.0,0.0,0.0,118.448,0.0,100.0,0.0,0.0,0.0,243.52,1
162,0.0,0.0,0.0,0.0,0.0,0.0,0,0,0.0,0,0.0,0.0,0.0,0.0064123922319554,0.0083446502685546,0.0085830688476562,0.0085830688476562,0.0040473937988281,0.0078678131103515,0.0049114227294921,0.0078678131103515,0.0,0.0,0.0,0.0,0.496,1.808,0.0,0.0,0.0,0.0,0.0,0.0,117.192,0.0,100.0,0.0,0.0,0.0,1389.672,1
163,0.0,0.0,0.0,0.0,0.0,0.0,0,0,0.0,0,0.0,0.0,0.0,0.0074005606186449,0.0100135803222656,0.0071525573730468,0.0071525573730468,0.0039077031069376,0.013589859008789,0.0045299530029296,0.013589859008789,0.0,0.0,0.0,0.0,0.496,1.84,0.0,1.0,0.0,0.0,0.0,0.0,116.072,0.0,100.0,0.0,0.0,0.0,37436.728,1
164,0.0,0.0,0.0,0.0,0.0,0.0,0,0,0.0,0,0.0,0.0,0.0,0.0075072490523014,0.0104904174804687,0.0092983245849609,0.0092983245849609,0.0039261343195574,0.0145435333251953,0.0045299530029296,0.0145435333251953,0.0,0.0,0.0,0.0,0.496,1.84,0.0,1.0,0.0,0.0,0.0,0.0,118.312,0.0,100.0,0.0,0.0,0.0,52179.664,1
165,0.0,0.0,0.0,0.0,0.0,0.0,0,0,0.0,0,0.0,0.0,0.0,0.0071775913238525,0.0100135803222656,0.0119209289550781,0.0119209289550781,0.0039345076104172,0.0150203704833984,0.0047683715820312,0.0150203704833984,0.0,0.0,0.0,0.0,0.496,1.84,0.0,3.0,0.0,0.0,3.744,4.76,116.632,0.0150203704833984,28.57142857142857,0.0201225280761718,0.0066757202148437,0.0092983245849609,20418.408,1
166,0.0,0.0,0.0,0.0,0.0,0.0,0,0,0.0,0,0.0,0.0,0.0,0.0076036827236998,0.0100135803222656,0.0116825103759765,0.0116825103759765,0.0073909759521484,0.0154972076416015,0.0073909759521484,0.0154972076416015,0.0,0.0,0.0,0.0,0.496,1.84,0.0,0.0,0.0,0.0,2.688,3.704,124.2,0.0159740447998046,40.0,0.0281333923339843,0.007033348083496,0.009322166442871,1.192,1
167,0.0,0.0,0.0,0.0,0.0,0.0,0,0,0.0,0,0.0,0.0,0.0,0.006219047812087,0.0083446502685546,0.0078678131103515,0.0078678131103515,0.0071525573730468,0.013589859008789,0.0071525573730468,0.013589859008789,0.0,0.0,0.0,0.0,0.496,1.84,3.0,3.0,0.0,0.0,0.624,1.584,113.256,0.0071525573730468,85.71428571428571,0.0071525573730468,0.0162124633789062,0.0189781188964843,1.192,1
168,0.0,0.0,0.0,0.0,0.0,0.0,0,0,0.0,0,0.0,0.0,0.0,0.0059865600434108,0.0083446502685546,0.013589859008789,0.013589859008789,0.0052452087402343,0.0104904174804687,0.0052452087402343,0.0104904174804687,0.0,0.0,0.0,0.0,0.496,1.84,0.0,1.0,0.0,0.0,0.528,0.528,113.256,0.0255107879638671,0.0,0.0255107879638671,0.0052452087402343,0.0052452087402343,1.192,1
169,0.0,0.0,0.0,0.0,0.0,0.0,0,0,0.0,0,0.0,0.0,0.0,0.0062906742095947,0.0083684921264648,0.0078678131103515,0.0078678131103515,0.0,0.0128746032714843,0.0,0.0128746032714843,0.0,0.0,0.0,0.0,0.496,1.776,1.0,4.0,0.0,0.0,3.744,4.76,112.0,0.0144481658935546,50.0,0.0215053558349609,0.0072717666625976,0.0107288360595703,0.0,1
170,0.0,0.0,0.0,0.0,0.0,0.0,0,0,0.0,0,0.0,0.0,0.0,0.0060927867889404,0.0083684921264648,0.0078678131103515,0.0078678131103515,0.0,0.0107288360595703,0.0,0.0107288360595703,0.0,0.0,0.0,0.0,0.496,1.776,0.0,3.0,0.0,0.0,0.592,0.592,112.0,0.021219253540039,80.0,0.021219253540039,0.005960464477539,0.005960464477539,0.0,1
171,0.0,0.0,0.0,0.0,0.0,0.0,0,0,0.0,0,0.0,0.0,0.0,0.0061285495758056,0.0081062316894531,0.0123977661132812,0.0123977661132812,0.0,0.011444091796875,0.0,0.011444091796875,0.0,0.0,0.0,0.0,0.496,1.776,0.0,1.0,0.0,0.0,3.4,2.912,112.0,0.0126361846923828,0.0,0.019073486328125,0.0070929527282714,0.0085115432739257,0.0,1
172,0.0,0.0,0.0,0.0,0.0,0.0,0,0,0.0,0,0.0,0.0,0.0,0.0063109397888183,0.0083446502685546,0.0085830688476562,0.0085830688476562,0.0,0.0126361846923828,0.0,0.0126361846923828,0.0,0.0,0.0,0.0,0.496,1.776,0.0,0.0,0.0,0.0,0.0,0.0,112.0,0.0,0.0,0.0,0.0,0.0,0.0,1
173,0.0,0.0,0.0,0.0,0.0,0.0,0,0,0.0,0,0.0,0.0,0.0,0.006204813867066,0.0081062316894531,0.0081062316894531,0.0081062316894531,0.0050067901611328,0.0116825103759765,0.0050067901611328,0.0116825103759765,0.0,0.0,0.0,0.0,0.496,1.776,0.0,0.0,0.0,0.0,0.0,0.0,113.256,0.0,0.0,0.0,0.0,0.0,1.192,1
174,0.0,0.0,0.0,0.0,0.0,0.0,0,0,0.0,0,0.0,0.0,0.0,0.0061288994936207,0.0078678131103515,0.0128746032714843,0.0128746032714843,0.0061988830566406,0.0133514404296875,0.0061988830566406,0.0133514404296875,0.0,0.0,0.0,0.0,0.496,1.776,0.0,0.0,0.0,0.0,0.0,0.0,113.256,0.0,0.0,0.0,0.0,0.0,1.192,1
175,0.0,0.0,0.0,0.0,0.0,0.0,0,0,0.0,0,0.0,0.0,0.0,0.0062890313751068,0.0085830688476562,0.0073909759521484,0.0073909759521484,0.0045299530029296,0.0116825103759765,0.0045299530029296,0.0116825103759765,0.0,0.0,0.0,0.0,0.496,1.776,0.0,2.0,0.0,0.0,2.688,4.232,113.256,0.0204245249430338,57.14285714285714,0.0272750854492187,0.0063896179199218,0.008249282836914,1.192,1
176,0.0,0.0,0.0,0.0,0.0,0.0,0,0,0.0,0,0.0,0.0,0.0,0.0063693523406982,0.0085830688476562,0.0066757202148437,0.0066757202148437,0.0,0.009775161743164,0.0,0.009775161743164,0.013589859008789,0.0090599060058593,0.016641616821289,0.0124931335449218,0.496,1.776,0.0,0.0,1.696,1.696,0.0,0.0,112.0,0.0,100.0,0.0,0.0,0.0,0.0,1
177,0.0,0.0,0.0,0.0,0.0,0.0,0,0,0.0,0,0.0,0.0,0.0,0.006270408630371,0.0083446502685546,0.0092983245849609,0.0092983245849609,0.0,0.0178813934326171,0.0,0.0178813934326171,0.0,0.0,0.0,0.0,0.496,1.776,0.0,1.0,0.0,0.0,0.0,0.0,112.0,0.0,100.0,0.0,0.0,0.0,0.0,1
178,0.0,0.0,0.0,0.0,0.0,0.0,0,0,0.0,0,0.0,0.0,0.0,0.0061297416687011,0.0081300735473632,0.0073909759521484,0.0073909759521484,0.0,0.0088214874267578,0.0,0.0088214874267578,0.0,0.0,0.0,0.0,0.496,1.776,0.0,1.0,0.0,0.0,0.0,0.0,112.0,0.0,100.0,0.0,0.0,0.0,0.0,1
179,0.0,0.0,0.0,0.0,0.0,0.0,0,0,0.0,0,0.0,0.0,0.0,0.0061047077178955,0.0081062316894531,0.0066757202148437,0.0066757202148437,0.0,0.0095367431640625,0.0,0.0095367431640625,0.0,0.0,0.0,0.0,0.496,1.776,0.0,1.0,0.0,0.0,0.0,0.0,112.0,0.0,100.0,0.0,0.0,0.0,0.0,1
180,0.0,0.0,0.0,0.0,0.0,0.0,0,0,0.0,0,0.0,0.0,0.0,0.0061953245703853,0.0081062316894531,0.0081062316894531,0.0081062316894531,0.0090599060058593,0.0109672546386718,0.0090599060058593,0.0109672546386718,0.0,0.0,0.0,0.0,0.496,1.776,0.0,1.0,0.0,0.0,0.592,0.592,113.256,0.0424385070800781,66.66666666666666,0.0424385070800781,0.005960464477539,0.005960464477539,1.192,1
181,0.0,0.0,0.0,0.0,0.0,0.0,0,0,0.0,0,0.0,0.0,0.0,0.0063246162376593,0.0088214874267578,0.0071525573730468,0.0071525573730468,0.0047683715820312,0.0123977661132812,0.0047683715820312,0.0123977661132812,0.0,0.0,0.0,0.0,0.496,1.776,0.0,3.0,0.0,0.0,2.096,3.64,113.256,0.022292137145996,60.0,0.0225782394409179,0.0095963478088378,0.0132083892822265,1.192,1
182,0.0,0.0,0.0,0.0,0.0,0.0,0,0,0.0,0,0.0,0.0,0.0,0.0062847137451171,0.0083684921264648,0.0073909759521484,0.0073909759521484,0.0,0.011444091796875,0.0,0.011444091796875,0.0,0.0,0.0,0.0,0.496,1.776,0.0,4.0,0.0,0.0,3.28,4.296,112.0,0.0224113464355468,69.23076923076923,0.0318765640258789,0.0062465667724609,0.0067710876464843,0.0,1
183,0.0,0.0,0.0,0.0,0.0,0.0,0,0,0.0,0,0.0,0.0,0.0,0.0060203570674582,0.0079631805419921,0.009775161743164,0.009775161743164,0.0078678131103515,0.0119209289550781,0.0078678131103515,0.0119209289550781,0.0,0.0,0.0,0.0,0.496,1.776,2.0,4.0,0.0,0.0,3.928,4.496,144.408,0.0166893005371093,50.0,0.0209569931030273,0.0107628958565848,0.0191688537597656,1.192,1
184,0.0,0.0,0.0,0.0,0.0,0.0,0,0,0.0,0,0.0,0.0,0.0,0.0062179565429687,0.0083684921264648,0.0073909759521484,0.0073909759521484,0.0,0.0066757202148437,0.0,0.0066757202148437,0.0,0.0,0.0,0.0,0.496,1.776,0.0,0.0,0.0,0.0,0.0,0.0,112.0,0.0,50.0,0.0,0.0,0.0,0.0,1
185,0.0,0.0,0.0,0.0,0.0,0.0,0,0,0.0,0,0.0,0.0,0.0,0.0061047077178955,0.0081062316894531,0.0075101852416992,0.007033348083496,0.0,0.0094175338745117,0.0,0.011610984802246,0.0,0.0,0.0,0.0,1.344,2.656,0.0,0.0,0.0,0.0,0.0,0.0,112.0,0.0,50.0,0.0,0.0,0.0,0.0,1
186,0.0,0.0,0.0,0.0,0.0,0.0,0,0,0.0,0,0.0,0.0,0.0,0.006035566329956,0.0078678131103515,0.0064373016357421,0.0064373016357421,0.0,0.0119209289550781,0.0,0.0119209289550781,0.0,0.0,0.0,0.0,0.496,1.776,0.0,0.0,0.0,0.0,0.0,0.0,112.0,0.0,50.0,0.0,0.0,0.0,0.0,1
187,0.0,0.0,0.0,0.0,0.0,0.0,0,0,0.0,0,0.0,0.0,0.0,0.0063395500183105,0.0088214874267578,0.0088214874267578,0.0088214874267578,0.0,0.0100135803222656,0.0,0.0100135803222656,0.0,0.0,0.0,0.0,0.496,1.776,0.0,0.0,0.0,0.0,0.0,0.0,112.0,0.0,100.0,0.0,0.0,0.0,0.0,1
188,0.0,0.0,0.0,0.0,0.0,0.0,0,0,0.0,0,0.0,0.0,0.0,0.0062166754879168,0.0083446502685546,0.009775161743164,0.009775161743164,0.0092983245849609,0.0092983245849609,0.0092983245849609,0.0092983245849609,0.0,0.0,0.0,0.0,0.496,1.776,0.0,1.0,0.0,0.0,0.0,0.0,113.256,0.0,100.0,0.0,0.0,0.0,1.192,1
189,0.0,0.0,0.0,0.0,0.0,0.0,0,0,0.0,0,0.0,0.0,0.0,0.0060114694471976,0.00762939453125,0.0073909759521484,0.0073909759521484,0.0066757202148437,0.0090599060058593,0.0066757202148437,0.0090599060058593,0.0,0.0,0.0,0.0,0.496,1.776,0.0,1.0,0.0,0.0,0.0,0.0,113.256,0.0,100.0,0.0,0.0,0.0,1.192,1
190,0.0,0.0,0.0,0.0,0.0,0.0,0,0,0.0,0,0.0,0.0,0.0,0.0065743635242112,0.0092983245849609,0.00762939453125,0.00762939453125,0.0040010852708342,0.0073909759521484,0.0047683715820312,0.0073909759521484,0.0,0.0,0.0,0.0,0.496,1.776,1.0,5.0,0.0,0.0,3.808,4.824,142.504,0.0180721282958984,61.53846153846154,0.0308513641357421,0.0064770380655924,0.0085830688476562,7493.024,1
191,0.0,0.0,0.0,0.0,0.0,0.0,0,0,0.0,0,0.0,0.0,0.0,0.0073218345642089,0.0102519989013671,0.0095367431640625,0.0095367431640625,0.0039868047354947,0.0143051147460937,0.0047683715820312,0.0143051147460937,0.0,0.0,0.0,0.0,0.496,1.776,1.0,4.0,0.0,0.0,3.584,4.24,116.632,0.0134468078613281,44.44444444444444,0.017547607421875,0.0086228052775065,0.0126361846923828,16443.816,1
192,0.0,0.0,0.0,0.0,0.0,0.0,0,0,0.0,0,0.0,0.0,0.0,0.0071997689728689,0.009775161743164,0.0100135803222656,0.0100135803222656,0.0039965013995218,0.0102519989013671,0.0047683715820312,0.0102519989013671,0.0,0.0,0.0,0.0,0.496,1.84,0.0,2.0,0.0,0.0,3.672,3.76,117.752,0.0108242034912109,28.57142857142857,0.0175952911376953,0.0066280364990234,0.009012222290039,12308.216,1
193,0.0,0.0,0.0,0.0,0.0,0.0,0,0,0.0,0,0.0,0.0,0.0,0.0062795420784262,0.0085830688476562,0.0081062316894531,0.0081062316894531,0.0057220458984375,0.0133514404296875,0.0057220458984375,0.0133514404296875,0.0,0.0,0.0,0.0,0.496,1.84,0.0,3.0,0.0,0.0,2.496,3.248,116.376,0.0174840291341145,62.5,0.0229358673095703,0.0066161155700683,0.0068426132202148,4.088,1
194,0.0,0.0,0.0,0.0,0.0,0.0,0,0,0.0,0,0.0,0.0,0.0,0.0061321258544921,0.0078678131103515,0.0081062316894531,0.0081062316894531,0.0046491622924804,0.0138282775878906,0.0067949295043945,0.0138282775878906,0.0,0.0,0.0,0.0,0.496,1.84,2.0,1.0,0.0,0.0,0.528,1.056,112.0,320.0334310531616,33.33333333333333,576.0515928268433,0.0166893005371093,0.0176429748535156,131.6,1
195,0.0,0.0,0.0,0.0,0.0,0.0,0,0,0.0,0,0.0,0.0,0.0,0.0062602581364093,0.0083446502685546,0.0081062316894531,0.0081062316894531,0.0054836273193359,0.0073909759521484,0.0066757202148437,0.0073909759521484,0.0,0.0,0.0,0.0,0.496,1.84,0.0,1.0,0.0,0.0,0.0,0.0,116.032,0.0,100.0,0.0,0.0,0.0,16.12,1
196,0.0,0.0,0.0,0.0,0.0,0.0,0,0,0.0,0,0.0,0.0,0.0,0.0063097476959228,0.0088453292846679,0.0069141387939453,0.0069141387939453,0.0047683715820312,0.00762939453125,0.0047683715820312,0.00762939453125,0.0,0.0,0.0,0.0,0.496,1.84,1.0,2.0,0.0,0.0,2.688,4.232,112.696,0.0156561533610026,57.14285714285714,0.02593994140625,0.0074386596679687,0.0110149383544921,1.192,1
197,0.0,0.0,0.0,0.0,0.0,0.0,0,0,0.0,0,0.0,0.0,0.0,0.0062697004563737,0.0088214874267578,0.0064373016357421,0.0064373016357421,0.0065167744954427,0.0083446502685546,0.0078678131103515,0.0083446502685546,0.0,0.0,0.0,0.0,0.496,1.776,1.0,2.0,0.0,0.0,1.744,1.648,113.816,0.0182787577311197,50.0,0.0277996063232421,0.0111262003580729,0.0163555145263671,15.016,1
198,0.0,0.0,0.0,0.0,0.0,0.0,0,0,0.0,0,0.0,0.0,0.0,0.0061953596293632,0.0083446502685546,0.0066757202148437,0.0066757202148437,0.0040951897116268,0.0109672546386718,0.0049829483032226,0.0109672546386718,0.0,0.0,0.0,0.0,0.496,1.776,0.0,1.0,0.0,0.0,2.096,3.64,129.648,0.0128746032714843,50.0,0.0149726867675781,0.0063776969909667,0.0079154968261718,750.016,1
199,0.0,0.0,0.0,0.0,0.0,0.0,0,0,0.0,0,0.0,0.0,0.0,0.0067150592803955,0.0083446502685546,0.00762939453125,0.00762939453125,0.0,0.0104904174804687,0.0,0.0104904174804687,0.0,0.0,0.0,0.0,0.496,1.84,0.0,3.0,0.0,0.0,0.592,0.592,112.0,0.0324249267578125,80.0,0.0324249267578125,0.0064373016357421,0.0064373016357421,0.0,1
200,0.0,0.0,0.0,0.0,0.0,0.0,0,0,0.0,0,0.0,0.0,0.0,0.0063959914858978,0.0085830688476562,0.0085830688476562,0.0085830688476562,0.0041495752698592,0.0116825103759765,0.0050067901611328,0.0116825103759765,0.0,0.0,0.0,0.0,0.496,1.84,0.0,4.0,0.0,0.0,2.344,2.384,122.384,0.0171661376953125,83.33333333333334,0.0171661376953125,0.0065167744954427,0.0075817108154296,1468.76,1
201,0.0,0.0,0.0,0.0,0.0,0.0,0,0,0.0,0,0.0,0.0,0.0,0.0066199705968448,0.0092983245849609,0.0083446502685546,0.0083446502685546,0.0039516136660213,0.0159740447998046,0.0045299530029296,0.0159740447998046,0.0,0.0,0.0,0.0,0.496,1.84,1.0,1.0,0.0,0.0,0.528,1.056,115.208,0.0166893005371093,50.0,0.0166893005371093,0.0144243240356445,0.0179529190063476,9501.064,1
