time_seconds,a1_retransmissions_ul_count,a1_retransmissions_dl_count,a1_packet_loss_ul_percentage,a1_packet_loss_dl_percentage,e2_du_packet_loss_dl_percentage,f1_c_packet_loss_ul_percentage,f1_c_retransmissions_dl_count,e2_du_retransmissions_dl_count,f1_c_packet_loss_dl_percentage,f1_c_retransmissions_ul_count,f1_u_packet_loss_dl_percentage,f1_u_packet_loss_ul_percentage,f1_u_retransmissions_dl_count,f1_u_retransmissions_ul_count,f1_u_latency_mean_ul_ms,f1_u_latency_p90_ul_ms,f1_u_latency_mean_dl_ms,a1_latency_mean_ul_ms,f1_c_latency_mean_ul_ms,f1_u_latency_p90_dl_ms,f1_c_latency_mean_dl_ms,f1_c_latency_p90_ul_ms,a1_latency_p90_ul_ms,e2_du_latency_mean_dl_ms,e2_du_latency_p90_dl_ms,f1_c_latency_p90_dl_ms,a1_latency_mean_dl_ms,a1_latency_p90_dl_ms,e2_du_retransmissions_ul_count,e2_du_throughput_dl_kbps,e2_du_throughput_ul_kbps,f1_c_throughput_dl_kbps,f1_c_throughput_ul_kbps,f1_u_throughput_ul_kbps,a1_throughput_dl_kbps,a1_throughput_ul_kbps,e2_du_packet_loss_ul_percentage,e2_du_latency_mean_ul_ms,e2_du_latency_p90_ul_ms,f1_u_throughput_dl_kbps,F-node
0,0.0,0.0,0.0,0.0,0.0,0.0,0.0,0,0.0,0.0,0.0,0.0,0.0,0,0.0062305939021368,0.0081062316894531,0.007947285970052,0.006307874407087,0.0077486038208007,0.0088214874267578,0.0100135803222656,0.0097513198852539,0.0080108642578125,0.0116825103759765,0.0116825103759765,0.0138282775878906,0.0090530940464564,0.0180721282958984,0,0.496,1.36,1.696,1.696,122.456,25.152,27.344,0.0,0.0078678131103515,0.0078678131103515,11.544,0
1,0.0,0.0,0.0,0.0,0.0,0.0,0.0,0,0.0,0.0,0.0,0.0,0.0,0,0.0059070871837103,0.0081062316894531,0.0078678131103515,0.006307874407087,0.0077486038208007,0.0078678131103515,0.0100135803222656,0.0097513198852539,0.0080108642578125,0.0107288360595703,0.0107288360595703,0.0138282775878906,0.0090530940464564,0.0180721282958984,0,0.496,1.36,1.696,1.696,113.256,25.152,27.344,0.0,0.0064373016357421,0.0064373016357421,1.192,0
2,0.0,0.0,0.0,0.0,0.0,0.0,0.0,0,0.0,0.0,0.0,0.0,0.0,0,0.0064546622118903,0.0089406967163085,0.0039111904510961,0.006307874407087,0.0077486038208007,0.0045299530029296,0.0100135803222656,0.0097513198852539,0.0080108642578125,0.0107288360595703,0.0107288360595703,0.0138282775878906,0.0090530940464564,0.0180721282958984,0,0.496,1.36,1.696,1.696,139.216,25.152,27.344,0.0,0.0090599060058593,0.0090599060058593,6643.288,0
3,0.0,0.0,0.0,0.0,0.0,0.0,0.0,0,0.0,0.0,0.0,0.0,0.0,0,0.0060636605789412,0.0081062316894531,0.00762939453125,0.006307874407087,0.0077486038208007,0.00762939453125,0.0100135803222656,0.0097513198852539,0.0080108642578125,0.0095367431640625,0.0095367431640625,0.0138282775878906,0.0090530940464564,0.0180721282958984,0,0.496,1.36,1.696,1.696,113.256,25.152,27.344,0.0,0.0104904174804687,0.0104904174804687,1.192,0
4,0.0,0.0,0.0,0.0,0.0,0.0,0.0,0,0.0,0.0,0.0,0.0,0.0,0,0.005960464477539,0.0078678131103515,0.0,0.006307874407087,0.0077486038208007,0.0,0.0100135803222656,0.0097513198852539,0.0080108642578125,0.0088214874267578,0.0088214874267578,0.0138282775878906,0.0090530940464564,0.0180721282958984,0,0.496,1.36,1.696,1.696,112.0,25.152,27.344,0.0,0.0071525573730468,0.0071525573730468,0.0,0
5,0.0,0.0,0.0,0.0,0.0,0.0,0.0,0,0.0,0.0,0.0,0.0,0.0,0,0.0060653686523437,0.0086069107055664,0.0,0.006307874407087,0.0077486038208007,0.0,0.0100135803222656,0.0097513198852539,0.0080108642578125,0.0143051147460937,0.0143051147460937,0.0138282775878906,0.0090530940464564,0.0180721282958984,0,0.496,1.36,1.696,1.696,112.0,25.152,27.344,0.0,0.0104904174804687,0.0104904174804687,0.0,0
6,0.0,0.0,0.0,0.0,0.0,0.0,0.0,0,0.0,0.0,0.0,0.0,0.0,0,0.0063671785242417,0.0090599060058593,0.0039962317439035,0.006307874407087,0.0077486038208007,0.0047683715820312,0.0100135803222656,0.0097513198852539,0.0080108642578125,0.0140666961669921,0.0140666961669921,0.0138282775878906,0.0090530940464564,0.0180721282958984,0,0.496,1.36,1.696,1.696,124.944,25.152,27.344,0.0,0.0066757202148437,0.0066757202148437,5303.872,0
7,0.0,0.0,0.0,0.0,0.0,0.0,0.0,0,0.0,0.0,0.0,0.0,0.0,0,0.0062930583953857,0.0085830688476562,0.0042604363482931,0.006307874407087,0.0077486038208007,0.0049591064453125,0.0100135803222656,0.0097513198852539,0.0080108642578125,0.0090599060058593,0.0090599060058593,0.0138282775878906,0.0090530940464564,0.0180721282958984,0,0.496,1.36,1.696,1.696,112.0,25.152,27.344,0.0,0.00762939453125,0.00762939453125,252.136,0
8,0.0,0.0,0.0,0.0,0.0,0.0,0.0,0,0.0,0.0,0.0,0.0,0.0,0,0.0061644843561732,0.0083446502685546,0.0061988830566406,0.006307874407087,0.0077486038208007,0.0061988830566406,0.0100135803222656,0.0097513198852539,0.0080108642578125,0.0081062316894531,0.0081062316894531,0.0138282775878906,0.0090530940464564,0.0180721282958984,0,0.496,1.36,1.696,1.696,113.256,25.152,27.344,0.0,0.00762939453125,0.00762939453125,1.192,0
9,0.0,0.0,0.0,0.0,0.0,0.0,0.0,0,0.0,0.0,0.0,0.0,0.0,0,0.00604705430975,0.0081062316894531,0.0047683715820312,0.006307874407087,0.0077486038208007,0.0047683715820312,0.0100135803222656,0.0097513198852539,0.0080108642578125,0.0104904174804687,0.0104904174804687,0.0138282775878906,0.0090530940464564,0.0180721282958984,0,0.496,1.36,1.696,1.696,113.256,25.152,27.344,0.0,0.0104904174804687,0.0104904174804687,1.192,0
10,0.0,0.0,0.0,0.0,0.0,0.0,0.0,0,0.0,0.0,0.0,0.0,0.0,0,0.0060304480405589,0.0083446502685546,0.0045299530029296,0.006307874407087,0.0077486038208007,0.0045299530029296,0.0100135803222656,0.0097513198852539,0.0080108642578125,0.0069141387939453,0.0069141387939453,0.0138282775878906,0.0090530940464564,0.0180721282958984,0,0.496,1.36,1.696,1.696,113.256,25.152,27.344,0.0,0.005960464477539,0.005960464477539,1.192,0
11,0.0,0.0,0.0,0.0,0.0,0.0,0.0,0,0.0,0.0,0.0,0.0,0.0,0,0.0063512383437738,0.0087261199951171,0.0039623505947736,0.006307874407087,0.0077486038208007,0.0047683715820312,0.0100135803222656,0.0097513198852539,0.0080108642578125,0.0143051147460937,0.0143051147460937,0.0138282775878906,0.0090530940464564,0.0180721282958984,0,0.496,1.36,1.696,1.696,136.248,25.152,27.344,0.0,0.00762939453125,0.00762939453125,4153.816,0
12,0.0,0.0,0.0,0.0,0.0,0.0,0.0,0,0.0,0.0,0.0,0.0,0.0,0,0.0060963630676269,0.0081062316894531,0.0038836613174312,0.006307874407087,0.0077486038208007,0.0045299530029296,0.0100135803222656,0.0097513198852539,0.0080108642578125,0.0081062316894531,0.0081062316894531,0.0138282775878906,0.0090530940464564,0.0180721282958984,0,0.496,1.36,1.696,1.696,112.0,25.152,27.344,0.0,0.0100135803222656,0.0100135803222656,1358.312,0
13,0.0,0.0,0.0,0.0,0.0,0.0,0.0,0,0.0,0.0,0.0,0.0,0.0,0,0.00618577003479,0.0081062316894531,0.0,0.006307874407087,0.0077486038208007,0.0,0.0100135803222656,0.0097513198852539,0.0080108642578125,0.0088214874267578,0.0088214874267578,0.0138282775878906,0.0090530940464564,0.0180721282958984,0,0.496,1.36,1.696,1.696,112.0,25.152,27.344,0.0,0.005960464477539,0.005960464477539,0.0,0
14,0.0,0.0,0.0,0.0,0.0,0.0,0.0,0,0.0,0.0,0.0,0.0,0.0,0,0.0061277133315356,0.0081062316894531,0.0083446502685546,0.006307874407087,0.0077486038208007,0.0083446502685546,0.0100135803222656,0.0097513198852539,0.0080108642578125,0.0109672546386718,0.0109672546386718,0.0138282775878906,0.0090530940464564,0.0180721282958984,0,0.496,1.36,1.696,1.696,117.192,25.152,27.344,0.0,0.0064373016357421,0.0064373016357421,8.712,0
15,0.0,0.0,0.0,0.0,0.0,0.0,0.0,0,0.0,0.0,0.0,0.0,0.0,0,0.0059663952879644,0.0078678131103515,0.0045299530029296,0.006307874407087,0.0077486038208007,0.0045299530029296,0.0100135803222656,0.0097513198852539,0.0080108642578125,0.0085830688476562,0.0085830688476562,0.0138282775878906,0.0090530940464564,0.0180721282958984,0,0.496,1.36,1.696,1.696,113.256,25.152,27.344,0.0,0.005960464477539,0.005960464477539,1.192,0
16,0.0,0.0,0.0,0.0,0.0,0.0,0.0,0,0.0,0.0,0.0,0.0,0.0,0,0.0060197725817931,0.0078678131103515,0.0042915344238281,0.006307874407087,0.0077486038208007,0.0042915344238281,0.0100135803222656,0.0097513198852539,0.0080108642578125,0.0088214874267578,0.0088214874267578,0.0138282775878906,0.0090530940464564,0.0180721282958984,0,0.496,1.36,1.696,1.696,113.256,25.152,27.344,0.0,0.0073909759521484,0.0073909759521484,1.192,0
17,0.0,0.0,0.0,0.0,0.0,0.0,0.0,0,0.0,0.0,0.0,0.0,0.0,0,0.0059996078263467,0.0081062316894531,0.0083446502685546,0.006307874407087,0.0077486038208007,0.0083446502685546,0.0100135803222656,0.0097513198852539,0.0080108642578125,0.0073909759521484,0.0073909759521484,0.0138282775878906,0.0090530940464564,0.0180721282958984,0,0.496,1.36,1.696,1.696,113.256,25.152,27.344,0.0,0.0085830688476562,0.0085830688476562,1.192,0
18,0.0,0.0,0.0,0.0,0.0,0.0,0.0,0,0.0,0.0,0.0,0.0,0.0,0,0.0061976968945555,0.0083446502685546,0.0056028366088867,0.006307874407087,0.0077486038208007,0.0068426132202148,0.0100135803222656,0.0097513198852539,0.0080108642578125,0.0100135803222656,0.0100135803222656,0.0138282775878906,0.0090530940464564,0.0180721282958984,0,0.496,1.36,1.696,1.696,117.192,25.152,27.344,0.0,0.0061988830566406,0.0061988830566406,24.144,0
19,0.0,0.0,0.0,0.0,0.0,0.0,0.0,0,0.0,0.0,0.0,0.0,0.0,0,0.0059911520174234,0.0081062316894531,0.0041340881923459,0.006307874407087,0.0077486038208007,0.005197525024414,0.0100135803222656,0.0097513198852539,0.0080108642578125,0.013589859008789,0.013589859008789,0.0138282775878906,0.0090530940464564,0.0180721282958984,0,0.496,1.36,1.696,1.696,122.384,25.152,27.344,0.0,0.0078678131103515,0.0078678131103515,610.472,0
20,0.0,0.0,0.0,0.0,0.0,0.0,0.0,0,0.0,0.0,0.0,0.0,0.0,0,0.0072413799809474,0.0095367431640625,0.0038869625628705,0.006307874407087,0.0077486038208007,0.0045299530029296,0.0100135803222656,0.0097513198852539,0.0080108642578125,0.0176429748535156,0.0176429748535156,0.0138282775878906,0.0090530940464564,0.0180721282958984,0,0.496,1.36,1.696,1.696,137.4,25.152,27.344,0.0,0.0107288360595703,0.0107288360595703,28159.488,0
21,0.0,0.0,0.0,0.0,0.0,0.0,0.0,0,0.0,0.0,0.0,0.0,0.0,0,0.0066530704498291,0.0083446502685546,0.0047543469597311,0.006307874407087,0.0077486038208007,0.0060558319091796,0.0100135803222656,0.0097513198852539,0.0080108642578125,0.0116825103759765,0.0116825103759765,0.0138282775878906,0.0090530940464564,0.0180721282958984,0,0.496,1.36,1.696,1.696,112.0,25.152,27.344,0.0,0.0083446502685546,0.0083446502685546,154.04,0
22,0.0,0.0,0.0,0.0,0.0,0.0,0.0,0,0.0,0.0,0.0,0.0,0.0,0,0.0065404977371443,0.0083446502685546,0.0064373016357421,0.006307874407087,0.0077486038208007,0.0064373016357421,0.0100135803222656,0.0097513198852539,0.0080108642578125,0.0066757202148437,0.0066757202148437,0.0138282775878906,0.0090530940464564,0.0180721282958984,0,0.496,1.36,1.696,1.696,113.256,25.152,27.344,0.0,0.0069141387939453,0.0069141387939453,1.192,0
23,0.0,0.0,0.0,0.0,0.0,0.0,0.0,0,0.0,0.0,0.0,0.0,0.0,0,0.0060356309261228,0.0083446502685546,0.0044107437133789,0.006307874407087,0.0,0.0061988830566406,0.0,0.0,0.0080108642578125,0.0095367431640625,0.0095367431640625,0.0,0.0090530940464564,0.0180721282958984,0,0.496,1.36,0.0,0.0,123.64,25.152,27.344,0.0,0.0069141387939453,0.0069141387939453,126.624,0
24,0.0,0.0,0.0,0.0,0.0,0.0,0.0,0,0.0,0.0,0.0,0.0,0.0,0,0.0060933146310682,0.0081062316894531,0.00762939453125,0.006307874407087,0.0,0.00762939453125,0.0,0.0,0.0080108642578125,0.011444091796875,0.011444091796875,0.0,0.0090530940464564,0.0180721282958984,0,0.496,1.36,0.0,0.0,113.256,25.152,27.344,0.0,0.0073909759521484,0.0073909759521484,1.192,0
25,0.0,0.0,0.0,0.0,0.0,0.0,0.0,0,0.0,0.0,0.0,0.0,0.0,0,0.0060391426086425,0.0081062316894531,0.0,0.006307874407087,0.0,0.0,0.0,0.0,0.0080108642578125,0.0078678131103515,0.0078678131103515,0.0,0.0090530940464564,0.0180721282958984,0,0.496,1.36,0.0,0.0,112.0,25.152,27.344,0.0,0.0066757202148437,0.0066757202148437,0.0,0
26,0.0,0.0,0.0,0.0,0.0,0.0,0.0,0,0.0,0.0,0.0,0.0,0.0,0,0.0060760974884033,0.0083446502685546,0.0,0.006307874407087,0.0,0.0,0.0,0.0,0.0080108642578125,0.0088214874267578,0.0088214874267578,0.0,0.0090530940464564,0.0180721282958984,0,0.496,1.36,0.0,0.0,112.0,25.152,27.344,0.0,0.0083446502685546,0.0083446502685546,0.0,0
27,0.0,0.0,0.0,0.0,0.0,0.0,0.0,0,0.0,0.0,0.0,0.0,0.0,0,0.0061009189870097,0.0081062316894531,0.0071525573730468,0.006307874407087,0.0,0.0075340270996093,0.0,0.0,0.0080108642578125,0.0095367431640625,0.0095367431640625,0.0,0.0090530940464564,0.0180721282958984,0,0.496,1.36,0.0,0.0,118.064,25.152,27.344,0.0,0.0073909759521484,0.0073909759521484,5.488,0
28,0.0,0.0,0.0,0.0,0.0,0.0,0.0,0,0.0,0.0,0.0,0.0,0.0,0,0.0058901309967041,0.0078916549682617,0.0,0.0,0.0,0.0,0.0,0.0,0.0,0.0177621841430664,0.0222444534301757,0.0,0.0,0.0,0,1.344,2.208,0.0,0.0,112.0,0.0,0.0,0.0,0.0056028366088867,0.0060796737670898,0.0,0
29,0.0,0.0,0.0,0.0,0.0,0.0,0.0,0,0.0,0.0,0.0,0.0,0.0,0,0.0060968731173235,0.0078678131103515,0.0088214874267578,0.0,0.0,0.0088214874267578,0.0,0.0,0.0,0.0090599060058593,0.0090599060058593,0.0,0.0,0.0,0,0.496,1.36,0.0,0.0,113.256,0.0,0.0,0.0,0.0061988830566406,0.0061988830566406,1.192,0
30,0.0,0.0,0.0,0.0,0.0,0.0,0.0,0,0.0,0.0,0.0,0.0,0.0,0,0.0060399373372395,0.0083446502685546,0.0045299530029296,0.0,0.0,0.0045299530029296,0.0,0.0,0.0,0.013589859008789,0.013589859008789,0.0,0.0,0.0,0,0.496,1.36,0.0,0.0,113.256,0.0,0.0,0.0,0.005960464477539,0.005960464477539,1.192,0
31,0.0,0.0,0.0,0.0,0.0,0.0,0.0,0,0.0,0.0,0.0,0.0,0.0,0,0.0061727874907688,0.0081062316894531,0.005960464477539,0.0,0.0,0.005960464477539,0.0,0.0,0.0,0.0083446502685546,0.0083446502685546,0.0,0.0,0.0,0,0.496,1.36,0.0,0.0,113.256,0.0,0.0,0.0,0.0078678131103515,0.0078678131103515,1.192,0
32,0.0,0.0,0.0,0.0,0.0,0.0,0.0,0,0.0,0.0,0.0,0.0,0.0,0,0.0060558319091796,0.0078678131103515,0.0,0.0064373016357421,0.0,0.0,0.0,0.0,0.0084877014160156,0.013589859008789,0.013589859008789,0.0,0.011301040649414,0.020456314086914,0,0.496,1.36,0.0,0.0,112.0,4.52,3.504,0.0,0.0073909759521484,0.0073909759521484,0.0,0
33,0.0,0.0,0.0,0.0,0.0,0.0,0.0,0,0.0,0.0,0.0,0.0,0.0,0,0.0063884258270263,0.0092983245849609,0.0,0.0,0.0,0.0,0.0,0.0,0.0,0.0090599060058593,0.0090599060058593,0.0,0.0,0.0,0,0.496,1.36,0.0,0.0,112.0,0.0,0.0,0.0,0.005960464477539,0.005960464477539,0.0,0
34,0.0,0.0,0.0,0.0,0.0,0.0,0.0,0,0.0,0.0,0.0,0.0,0.0,0,0.0060868263244628,0.0079154968261718,0.0,0.0,0.0,0.0,0.0,0.0,0.0,0.0081062316894531,0.0081062316894531,0.0,0.0,0.0,0,0.496,1.36,0.0,0.0,112.0,0.0,0.0,0.0,0.005960464477539,0.005960464477539,0.0,0
35,0.0,0.0,0.0,0.0,0.0,0.0,0.0,0,0.0,0.0,0.0,0.0,0.0,0,0.006113052368164,0.0081062316894531,0.0,0.0,0.0,0.0,0.0,0.0,0.0,0.013589859008789,0.013589859008789,0.0,0.0,0.0,0,0.496,1.36,0.0,0.0,112.0,0.0,0.0,0.0,0.009775161743164,0.009775161743164,0.0,0
36,0.0,0.0,0.0,0.0,0.0,0.0,0.0,0,0.0,0.0,0.0,0.0,0.0,0,0.00618577003479,0.0085830688476562,0.0,0.0058650970458984,0.0,0.0,0.0,0.0,0.0072956085205078,0.0169277191162109,0.0169277191162109,0.0,0.0114917755126953,0.0216484069824218,0,0.496,1.36,0.0,0.0,112.0,3.744,4.232,0.0,0.0061988830566406,0.0061988830566406,0.0,0
37,0.0,0.0,0.0,0.0,0.0,0.0,0.0,0,0.0,0.0,0.0,0.0,0.0,0,0.0060197725817931,0.0078678131103515,0.0083446502685546,0.0058650970458984,0.0,0.0083446502685546,0.0,0.0,0.0073432922363281,0.0104904174804687,0.0104904174804687,0.0,0.0101566314697265,0.019073486328125,0,0.496,1.36,0.0,0.0,113.256,3.744,4.232,0.0,0.0069141387939453,0.0069141387939453,1.192,0
38,0.0,0.0,0.0,0.0,0.0,0.0,0.0,0,0.0,0.0,0.0,0.0,0.0,0,0.0060743360377069,0.0085830688476562,0.0069141387939453,0.006270408630371,0.0,0.0069141387939453,0.0,0.0,0.0088691711425781,0.0140666961669921,0.0140666961669921,0.0,0.0103235244750976,0.0236988067626953,0,0.496,1.36,0.0,0.0,113.256,8.264,7.736,0.0,0.0083446502685546,0.0083446502685546,1.192,0
39,0.0,0.0,0.0,0.0,0.0,0.0,0.0,0,0.0,0.0,0.0,0.0,0.0,0,0.0061739736528538,0.0083446502685546,0.0047683715820312,0.0,0.0,0.0047683715820312,0.0,0.0,0.0,0.0102519989013671,0.0102519989013671,0.0,0.0,0.0,0,0.496,1.36,0.0,0.0,113.256,0.0,0.0,0.0,0.0073909759521484,0.0073909759521484,1.192,0
40,0.0,0.0,0.0,0.0,0.0,0.0,0.0,0,0.0,0.0,0.0,0.0,0.0,0,0.0061941146850585,0.0088214874267578,0.0,0.0,0.0,0.0,0.0,0.0,0.0,0.0109672546386718,0.0109672546386718,0.0,0.0,0.0,0,0.496,1.36,0.0,0.0,112.0,0.0,0.0,0.0,0.0083446502685546,0.0083446502685546,0.0,0
41,0.0,0.0,0.0,0.0,0.0,0.0,0.0,0,0.0,0.0,0.0,0.0,0.0,0,0.0061583518981933,0.0083446502685546,0.0,0.0,0.0,0.0,0.0,0.0,0.0,0.0100135803222656,0.0100135803222656,0.0,0.0,0.0,0,0.496,1.36,0.0,0.0,112.0,0.0,0.0,0.0,0.00762939453125,0.00762939453125,0.0,0
42,0.0,0.0,0.0,0.0,0.0,0.0,0.0,0,0.0,0.0,0.0,0.0,0.0,0,0.0059401988983154,0.0078678131103515,0.0,0.0057697296142578,0.0,0.0,0.0,0.0,0.0071525573730468,0.0112056732177734,0.0112056732177734,0.0,0.0115394592285156,0.020456314086914,0,0.496,1.36,0.0,0.0,112.0,3.744,4.232,0.0,0.0061988830566406,0.0061988830566406,0.0,0
43,0.0,0.0,0.0,0.0,0.0,0.0,0.0,0,0.0,0.0,0.0,0.0,0.0,0,0.0061869621276855,0.0083446502685546,0.0,0.005960464477539,0.0,0.0,0.0,0.0,0.0074386596679687,0.0131130218505859,0.0131130218505859,0.0,0.0098705291748046,0.0182628631591796,0,0.496,1.36,0.0,0.0,112.0,3.744,4.232,0.0,0.0071525573730468,0.0071525573730468,0.0,0
44,0.0,0.0,0.0,0.0,0.0,0.0,0.0,0,0.0,0.0,0.0,0.0,0.0,0,0.0062226062983422,0.0085830688476562,0.0052452087402343,0.0058650970458984,0.0,0.0052452087402343,0.0,0.0,0.0085830688476562,0.0069141387939453,0.0069141387939453,0.0,0.0103950500488281,0.0241041183471679,0,0.496,1.36,0.0,0.0,113.256,8.264,7.736,0.0,0.0061988830566406,0.0061988830566406,1.192,0
45,0.0,0.0,0.0,0.0,0.0,0.0,0.0,0,0.0,0.0,0.0,0.0,0.0,0,0.0059924908538362,0.0081062316894531,0.0088214874267578,0.0,0.0,0.0088214874267578,0.0,0.0,0.0,0.0090599060058593,0.0090599060058593,0.0,0.0,0.0,0,0.496,1.36,0.0,0.0,113.256,0.0,0.0,0.0,0.0116825103759765,0.0116825103759765,1.192,0
46,0.0,0.0,0.0,0.0,0.0,0.0,0.0,0,0.0,0.0,0.0,0.0,0.0,0,0.0062807282405113,0.0081062316894531,0.0095367431640625,0.0,0.0,0.0095367431640625,0.0,0.0,0.0,0.0104904174804687,0.0104904174804687,0.0,0.0,0.0,0,0.496,1.36,0.0,0.0,113.256,0.0,0.0,0.0,0.0073909759521484,0.0073909759521484,1.192,0
47,0.0,0.0,0.0,0.0,0.0,0.0,0.0,0,0.0,0.0,0.0,0.0,0.0,0,0.0061386997259936,0.0081062316894531,0.0045150518417358,0.0,0.0,0.0060796737670898,0.0,0.0,0.0,0.0100135803222656,0.0100135803222656,0.0,0.0,0.0,0,0.496,1.36,0.0,0.0,141.248,0.0,0.0,0.0,0.0131130218505859,0.0131130218505859,148.432,0
48,0.0,0.0,0.0,0.0,0.0,0.0,0.0,0,0.0,0.0,0.0,0.0,0.0,0,0.0061407611144715,0.0083446502685546,0.0041842460632324,0.0057697296142578,0.0,0.005340576171875,0.0,0.0,0.0073909759521484,0.0064373016357421,0.0064373016357421,0.0,0.01068115234375,0.0194072723388671,0,0.496,1.36,0.0,0.0,117.192,3.744,4.232,0.0,0.0081062316894531,0.0081062316894531,446.832,0
49,0.0,0.0,0.0,0.0,0.0,0.0,0.0,0,0.0,0.0,0.0,0.0,0.0,0,0.0060594081878662,0.0083446502685546,0.0,0.0060081481933593,0.0,0.0,0.0,0.0,0.0073909759521484,0.0071525573730468,0.0071525573730468,0.0,0.0111579895019531,0.0213146209716796,0,0.496,1.36,0.0,0.0,112.0,3.744,4.232,0.0,0.0107288360595703,0.0107288360595703,0.0,0
50,0.0,0.0,0.0,0.0,0.0,0.0,0.0,0,0.0,0.0,0.0,0.0,0.0,0,0.006117820739746,0.0083684921264648,0.0,0.0061988830566406,0.0,0.0,0.0,0.0,0.0083446502685546,0.0126361846923828,0.0126361846923828,0.0,0.011444091796875,0.0260591506958007,0,0.496,1.36,0.0,0.0,112.0,8.264,7.736,0.0,0.0092983245849609,0.0092983245849609,0.0,0
51,0.0,0.0,0.0,0.0,0.0,0.0,0.0,0,0.0,0.0,0.0,0.0,0.0,0,0.0061443196007268,0.0083446502685546,0.0073909759521484,0.0,0.0,0.0073909759521484,0.0,0.0,0.0,0.0119209289550781,0.0119209289550781,0.0,0.0,0.0,0,0.496,1.36,0.0,0.0,113.256,0.0,0.0,0.0,0.0061988830566406,0.0061988830566406,1.192,0
52,0.0,0.0,0.0,0.0,0.0,0.0,0.0,0,0.0,0.0,0.0,0.0,0.0,0,0.0059426720462628,0.0078678131103515,0.0071525573730468,0.0,0.0,0.0071525573730468,0.0,0.0,0.0,0.0090599060058593,0.0090599060058593,0.0,0.0,0.0,0,0.496,1.36,0.0,0.0,113.256,0.0,0.0,0.0,0.0083446502685546,0.0083446502685546,1.192,0
53,0.0,0.0,0.0,0.0,0.0,0.0,0.0,0,0.0,0.0,0.0,0.0,0.0,0,0.0061893937599599,0.0083446502685546,0.0066757202148437,0.0,0.0078678131103515,0.0066757202148437,0.0065565109252929,0.0103473663330078,0.0,0.0116825103759765,0.0116825103759765,0.0074148178100585,0.0,0.0,0,0.496,1.36,1.696,1.696,113.256,0.0,0.0,0.0,0.0071525573730468,0.0071525573730468,1.192,0
54,0.0,0.0,0.0,0.0,0.0,0.0,0.0,0,0.0,0.0,0.0,0.0,0.0,0,0.0062310695648193,0.0085830688476562,0.0,0.0061511993408203,0.0,0.0,0.0,0.0,0.0079154968261718,0.0157356262207031,0.0157356262207031,0.0,0.0106334686279296,0.0200271606445312,0,0.496,1.36,0.0,0.0,112.0,3.744,4.232,0.0,0.0054836273193359,0.0054836273193359,0.0,0
55,0.0,0.0,0.0,0.0,0.0,0.0,0.0,0,0.0,0.0,0.0,0.0,0.0,0,0.0060784816741943,0.0081062316894531,0.0,0.0057697296142578,0.0,0.0,0.0,0.0,0.0071048736572265,0.0128746032714843,0.0128746032714843,0.0,0.0108242034912109,0.0202178955078125,0,0.496,1.36,0.0,0.0,112.0,3.744,4.232,0.0,0.0066757202148437,0.0066757202148437,0.0,0
56,0.0,0.0,0.0,0.0,0.0,0.0,0.0,0,0.0,0.0,0.0,0.0,0.0,0,0.0060319900512695,0.0083446502685546,0.0,0.0063180923461914,0.0,0.0,0.0,0.0,0.0085830688476562,0.0088214874267578,0.0088214874267578,0.0,0.0107049942016601,0.025033950805664,0,0.496,1.36,0.0,0.0,112.0,8.264,7.736,0.0,0.0073909759521484,0.0073909759521484,0.0,0
57,0.0,0.0,0.0,0.0,0.0,0.0,0.0,0,0.0,0.0,0.0,0.0,0.0,0,0.006190538406372,0.0083684921264648,0.0,0.0,0.0,0.0,0.0,0.0,0.0,0.0069141387939453,0.0069141387939453,0.0,0.0,0.0,0,0.496,1.36,0.0,0.0,112.0,0.0,0.0,0.0,0.0073909759521484,0.0073909759521484,0.0,0
58,0.0,0.0,0.0,0.0,0.0,0.0,0.0,0,0.0,0.0,0.0,0.0,0.0,0,0.0064550059856754,0.0083208084106445,0.0065167744954427,0.0,0.0,0.0080108642578125,0.0,0.0,0.0,0.0095367431640625,0.0095367431640625,0.0,0.0,0.0,0,0.496,1.36,0.0,0.0,118.448,0.0,0.0,0.0,0.0057220458984375,0.0057220458984375,15.32,0
59,0.0,0.0,0.0,0.0,0.0,0.0,0.0,0,0.0,0.0,0.0,0.0,0.0,0,0.0062739849090576,0.0085830688476562,0.0064373016357421,0.0,0.0,0.0064373016357421,0.0,0.0,0.0,0.009775161743164,0.0111103057861328,0.0,0.0,0.0,0,1.344,2.208,0.0,0.0,112.696,0.0,0.0,0.0,0.0058412551879882,0.0066995620727539,1.192,0
60,0.0,0.0,0.0,0.0,0.0,0.0,0.0,0,0.0,0.0,0.0,0.0,0.0,0,0.0060778945239622,0.00762939453125,0.0042915344238281,0.006103515625,0.0,0.0042915344238281,0.0,0.0,0.0077724456787109,0.0138282775878906,0.0138282775878906,0.0,0.0111579895019531,0.0203132629394531,0,0.496,1.36,0.0,0.0,113.256,3.744,4.232,0.0,0.005960464477539,0.005960464477539,1.192,0
61,0.0,0.0,0.0,0.0,0.0,0.0,0.0,0,0.0,0.0,0.0,0.0,0.0,0,0.0061380863189697,0.0081062316894531,0.0,0.0063419342041015,0.0,0.0,0.0,0.0,0.0079154968261718,0.0116825103759765,0.0116825103759765,0.0,0.0108718872070312,0.0209808349609375,0,0.496,1.36,0.0,0.0,112.0,3.744,4.232,0.0,0.0092983245849609,0.0092983245849609,0.0,0
62,0.0,0.0,0.0,0.0,0.0,0.0,0.0,0,0.0,0.0,0.0,0.0,0.0,0,0.0060045719146728,0.0083446502685546,0.0,0.0061988830566406,0.0,0.0,0.0,0.0,0.00762939453125,0.0126361846923828,0.0126361846923828,0.0,0.010317022150213,0.0240802764892578,0,0.496,1.36,0.0,0.0,112.0,8.792,7.208,0.0,0.0069141387939453,0.0069141387939453,0.0,0
63,0.0,0.0,0.0,0.0,0.0,0.0,0.0,0,0.0,0.0,0.0,0.0,0.0,0,0.0059783458709716,0.0081062316894531,0.0,0.0,0.0,0.0,0.0,0.0,0.0,0.0109672546386718,0.0109672546386718,0.0,0.0,0.0,0,0.496,1.36,0.0,0.0,112.0,0.0,0.0,0.0,0.0071525573730468,0.0071525573730468,0.0,0
64,0.0,0.0,0.0,0.0,0.0,0.0,0.0,0,0.0,0.0,0.0,0.0,0.0,0,0.0060760974884033,0.0083684921264648,0.0,0.0,0.0,0.0,0.0,0.0,0.0,0.0119209289550781,0.0119209289550781,0.0,0.0,0.0,0,0.496,1.36,0.0,0.0,112.0,0.0,0.0,0.0,0.0078678131103515,0.0078678131103515,0.0,0
65,0.0,0.0,0.0,0.0,0.0,0.0,0.0,0,0.0,0.0,0.0,0.0,0.0,0,0.006075522199792,0.0081062316894531,0.0073909759521484,0.0,0.0,0.0073909759521484,0.0,0.0,0.0,0.0100135803222656,0.0100135803222656,0.0,0.0,0.0,0,0.496,1.36,0.0,0.0,113.256,0.0,0.0,0.0,0.0081062316894531,0.0081062316894531,1.192,0
66,0.0,0.0,0.0,0.0,0.0,0.0,0.0,0,0.0,0.0,0.0,0.0,0.0,0,0.0060242001372988,0.0081062316894531,0.0051657358805338,0.0057220458984375,0.0,0.0079870223999023,0.0,0.0,0.0072479248046875,0.0104904174804687,0.0104904174804687,0.0,0.0103950500488281,0.019693374633789,0,0.496,1.36,0.0,0.0,118.448,3.744,4.232,0.0,0.0081062316894531,0.0081062316894531,58.464,0
67,0.0,0.0,0.0,0.0,0.0,0.0,0.0,0,0.0,0.0,0.0,0.0,0.0,0,0.0062095585154063,0.0083446502685546,0.0045299530029296,0.005960464477539,0.0,0.0045299530029296,0.0,0.0,0.0075817108154296,0.0066757202148437,0.0066757202148437,0.0,0.0103950500488281,0.0183582305908203,0,0.496,1.36,0.0,0.0,113.256,3.744,4.232,0.0,0.0061988830566406,0.0061988830566406,1.192,0
68,0.0,0.0,0.0,0.0,0.0,0.0,0.0,0,0.0,0.0,0.0,0.0,0.0,0,0.0062727928161621,0.0086069107055664,0.0,0.0066518783569335,0.0,0.0,0.0,0.0,0.0088214874267578,0.0107288360595703,0.0107288360595703,0.0,0.0099897384643554,0.0231266021728515,0,0.496,1.36,0.0,0.0,112.0,8.264,7.736,0.0,0.0071525573730468,0.0071525573730468,0.0,0
69,0.0,0.0,0.0,0.0,0.0,0.0,0.0,0,0.0,0.0,0.0,0.0,0.0,0,0.0061428546905517,0.0083446502685546,0.0,0.0,0.0,0.0,0.0,0.0,0.0,0.00762939453125,0.00762939453125,0.0,0.0,0.0,0,0.496,1.36,0.0,0.0,112.0,0.0,0.0,0.0,0.0073909759521484,0.0073909759521484,0.0,0
70,0.0,0.0,0.0,0.0,0.0,0.0,0.0,0,0.0,0.0,0.0,0.0,0.0,0,0.006108283996582,0.0081062316894531,0.0,0.0,0.0,0.0,0.0,0.0,0.0,0.0119209289550781,0.0119209289550781,0.0,0.0,0.0,0,0.496,1.36,0.0,0.0,112.0,0.0,0.0,0.0,0.0069141387939453,0.0069141387939453,0.0,0
71,0.0,0.0,0.0,0.0,0.0,0.0,0.0,0,0.0,0.0,0.0,0.0,0.0,0,0.0061249732971191,0.0081300735473632,0.0,0.0,0.0,0.0,0.0,0.0,0.0,0.0109672546386718,0.0109672546386718,0.0,0.0,0.0,0,0.496,1.36,0.0,0.0,112.0,0.0,0.0,0.0,0.0095367431640625,0.0095367431640625,0.0,0
72,0.0,0.0,0.0,0.0,0.0,0.0,0.0,0,0.0,0.0,0.0,0.0,0.0,0,0.0060517989580904,0.0083446502685546,0.0050067901611328,0.0061988830566406,0.0,0.0050067901611328,0.0,0.0,0.0080585479736328,0.00762939453125,0.00762939453125,0.0,0.0113487243652343,0.022125244140625,0,0.496,1.36,0.0,0.0,113.256,3.744,4.232,0.0,0.00762939453125,0.00762939453125,1.192,0
73,0.0,0.0,0.0,0.0,0.0,0.0,0.0,0,0.0,0.0,0.0,0.0,0.0,0,0.0061265271694505,0.0083446502685546,0.0088214874267578,0.005960464477539,0.0,0.0088214874267578,0.0,0.0,0.0074386596679687,0.0066757202148437,0.0066757202148437,0.0,0.0102519989013671,0.0192642211914062,0,0.496,1.36,0.0,0.0,113.256,3.744,4.232,0.0,0.0085830688476562,0.0085830688476562,1.192,0
74,0.0,0.0,0.0,0.0,0.0,0.0,0.0,0,0.0,0.0,0.0,0.0,0.0,0,0.0061091810169786,0.008559226989746,0.0064373016357421,0.0064611434936523,0.0,0.008249282836914,0.0,0.0,0.0089883804321289,0.0073909759521484,0.0073909759521484,0.0,0.0106573104858398,0.0247955322265624,0,0.496,1.36,0.0,0.0,118.448,8.264,7.736,0.0,0.0078678131103515,0.0078678131103515,15.64,0
75,0.0,0.0,0.0,0.0,0.0,0.0,0.0,0,0.0,0.0,0.0,0.0,0.0,0,0.0062024415428958,0.0083446502685546,0.0071525573730468,0.0,0.0,0.0071525573730468,0.0,0.0,0.0,0.0100135803222656,0.0100135803222656,0.0,0.0,0.0,0,0.496,1.36,0.0,0.0,117.192,0.0,0.0,0.0,0.005960464477539,0.005960464477539,9.8,0
76,0.0,0.0,0.0,0.0,0.0,0.0,0.0,0,0.0,0.0,0.0,0.0,0.0,0,0.0064778096467545,0.0090599060058593,0.0038825803332858,0.0,0.0,0.0045299530029296,0.0,0.0,0.0,0.0071525573730468,0.0071525573730468,0.0,0.0,0.0,0,0.496,1.36,0.0,0.0,143.152,0.0,0.0,0.0,0.0109672546386718,0.0109672546386718,16417.184,0
77,0.0,0.0,0.0,0.0,0.0,0.0,0.0,0,0.0,0.0,0.0,0.0,0.0,0,0.0074906135672953,0.009775161743164,0.0038887105066223,0.0,0.0,0.0045299530029296,0.0,0.0,0.0,0.0185966491699218,0.0185966491699218,0.0,0.0,0.0,0,0.496,1.36,0.0,0.0,117.192,0.0,0.0,0.0,0.0147819519042968,0.0147819519042968,39704.136,0
78,0.0,0.0,0.0,0.0,0.0,0.0,0.0,0,0.0,0.0,0.0,0.0,0.0,0,0.0067532062530517,0.0090837478637695,0.0,0.0061988830566406,0.0,0.0,0.0,0.0,0.0075340270996093,0.0126361846923828,0.0126361846923828,0.0,0.0115871429443359,0.0222682952880859,0,0.496,1.36,0.0,0.0,112.0,3.744,4.232,0.0,0.0107288360595703,0.0107288360595703,0.0,0
79,0.0,0.0,0.0,0.0,0.0,0.0,0.0,0,0.0,0.0,0.0,0.0,0.0,0,0.0062717005537061,0.0085830688476562,0.00392822992234,0.0065326690673828,0.0,0.0045299530029296,0.0,0.0,0.008249282836914,0.0071525573730468,0.0071525573730468,0.0,0.0108718872070312,0.0192642211914062,0,0.496,1.36,0.0,0.0,123.64,3.744,4.232,0.0,0.0121593475341796,0.0121593475341796,7721.904,0
80,0.0,0.0,0.0,0.0,0.0,0.0,0.0,0,0.0,0.0,0.0,0.0,0.0,0,0.0065333807646338,0.0095367431640625,0.0039461961726552,0.0060319900512695,0.0,0.0047683715820312,0.0,0.0,0.0079154968261718,0.0181198120117187,0.0181198120117187,0.0,0.0101566314697265,0.023961067199707,0,0.496,1.36,0.0,0.0,113.256,8.264,7.736,0.0,0.0104904174804687,0.0104904174804687,2121.872,0
81,0.0,0.0,0.0,0.0,0.0,0.0,0.0,0,0.0,0.0,0.0,0.0,0.0,0,0.0062107446774914,0.0083446502685546,0.0061988830566406,0.0,0.0,0.0061988830566406,0.0,0.0,0.0,0.0092983245849609,0.0092983245849609,0.0,0.0,0.0,0,0.496,1.36,0.0,0.0,113.256,0.0,0.0,0.0,0.0088214874267578,0.0088214874267578,1.192,0
82,0.0,0.0,0.0,0.0,0.0,0.0,0.0,0,0.0,0.0,0.0,0.0,0.0,0,0.0061595439910888,0.0083446502685546,0.0,0.0,0.0,0.0,0.0,0.0,0.0,0.0078678131103515,0.0078678131103515,0.0,0.0,0.0,0,0.496,1.36,0.0,0.0,112.0,0.0,0.0,0.0,0.0078678131103515,0.0078678131103515,0.0,0
83,0.0,0.0,0.0,0.0,0.0,0.0,0.0,0,0.0,0.0,0.0,0.0,0.0,0,0.0062199199900907,0.0083446502685546,0.0043074289957682,0.0,0.0,0.0052452087402343,0.0,0.0,0.0,0.0085830688476562,0.0085830688476562,0.0,0.0,0.0,0,0.496,1.36,0.0,0.0,131.056,0.0,0.0,0.0,0.0081062316894531,0.0081062316894531,1189.448,0
84,0.0,0.0,0.0,0.0,0.0,0.0,0.0,0,0.0,0.0,0.0,0.0,0.0,0,0.0061526227353224,0.0083446502685546,0.004389964112448,0.0059127807617187,0.0095367431640625,0.0057220458984375,0.0042915344238281,0.0095367431640625,0.0075817108154296,0.0138282775878906,0.0138282775878906,0.0042915344238281,0.0107288360595703,0.0200748443603515,0,0.496,1.36,0.848,0.848,114.264,3.744,4.232,0.0,0.0083446502685546,0.0083446502685546,926.2,0
85,0.0,0.0,0.0,0.0,0.0,0.0,0.0,0,0.0,0.0,0.0,0.0,0.0,0,0.0063518979656162,0.0085830688476562,0.0043718711189601,0.0058174133300781,0.0061988830566406,0.0054597854614257,0.013589859008789,0.0061988830566406,0.0073909759521484,0.0081062316894531,0.0081062316894531,0.013589859008789,0.0102996826171875,0.0197410583496093,0,0.496,1.36,0.848,0.848,116.632,3.744,4.232,0.0,0.0095367431640625,0.0095367431640625,724.864,0
86,0.0,0.0,0.0,0.0,0.0,0.0,0.0,0,0.0,0.0,0.0,0.0,0.0,0,0.0062106859565961,0.0085830688476562,0.0043552700835879,0.0058889389038085,0.0,0.0052452087402343,0.0,0.0,0.0078916549682617,0.0104904174804687,0.0104904174804687,0.0,0.0118255615234375,0.0281333923339843,0,0.496,1.36,0.0,0.0,115.84,8.264,7.736,0.0,0.0090599060058593,0.0090599060058593,851.208,0
87,0.0,0.0,0.0,0.0,0.0,0.0,0.0,0,0.0,0.0,0.0,0.0,0.0,0,0.0062558188367245,0.0083446502685546,0.0051259994506835,0.0061988830566406,0.0,0.0064373016357421,0.0,0.0,0.0084877014160156,0.0078678131103515,0.0078678131103515,0.0,0.0096003214518229,0.0187397003173828,0,0.496,1.36,0.0,0.0,113.256,10.776,11.312,0.0,0.0073909759521484,0.0073909759521484,53.328,0
88,0.0,0.0,0.0,0.0,0.0,0.0,0.0,0,0.0,0.0,0.0,0.0,0.0,0,0.0062626187164004,0.008559226989746,0.0056028366088867,0.0,0.0,0.0056982040405273,0.0,0.0,0.0,0.0083446502685546,0.0083446502685546,0.0,0.0,0.0,0,0.496,1.36,0.0,0.0,117.648,0.0,0.0,0.0,0.00762939453125,0.00762939453125,5.296,0
89,0.0,0.0,0.0,0.0,0.0,0.0,0.0,0,0.0,0.0,0.0,0.0,0.0,0,0.0061764575467251,0.0085830688476562,0.0063180923461914,0.0,0.0,0.0073671340942382,0.0,0.0,0.0,0.0109672546386718,0.0109672546386718,0.0,0.0,0.0,0,0.496,1.36,0.0,0.0,122.384,0.0,0.0,0.0,0.0064373016357421,0.0064373016357421,17.76,0
90,0.0,0.0,0.0,0.0,0.0,0.0,0.0,0,0.0,0.0,0.0,0.0,0.0,0,0.0062334537506103,0.0088214874267578,0.005043469942533,0.0066757202148437,0.0,0.0062942504882812,0.0,0.0,0.0091075897216796,0.0123977661132812,0.0131607055664062,0.0,0.0115394592285156,0.0216960906982421,0,1.344,2.208,0.0,0.0,112.0,3.744,4.232,0.0,0.0056028366088867,0.006270408630371,69.24,0
91,0.0,0.0,0.0,0.0,0.0,0.0,0.0,0,0.0,0.0,0.0,0.0,0.0,0,0.0060304480405589,0.0081062316894531,0.0054155077253069,0.0065803527832031,0.0,0.0062942504882812,0.0,0.0,0.0087738037109375,0.0085830688476562,0.0085830688476562,0.0,0.009918212890625,0.018310546875,0,0.496,1.36,0.0,0.0,115.288,3.744,4.232,0.0,0.0085830688476562,0.0085830688476562,17.672,0
92,0.0,0.0,0.0,0.0,0.0,0.0,0.0,0,0.0,0.0,0.0,0.0,0.0,0,0.0061540320368096,0.0083208084106445,0.005960464477539,0.0068426132202148,0.0,0.0064849853515625,0.0,0.0,0.0091791152954101,0.0123977661132812,0.0123977661132812,0.0,0.0101327896118164,0.0240802764892578,0,0.496,1.36,0.0,0.0,119.776,8.264,7.736,0.0,0.0078678131103515,0.0078678131103515,9.768,0
93,0.0,0.0,0.0,0.0,0.0,0.0,0.0,0,0.0,0.0,0.0,0.0,0.0,0,0.0060197725817931,0.0081062316894531,0.0056425730387369,0.0,0.0,0.0065326690673828,0.0,0.0,0.0,0.0095367431640625,0.0095367431640625,0.0,0.0,0.0,0,0.496,1.36,0.0,0.0,113.256,0.0,0.0,0.0,0.0071525573730468,0.0071525573730468,5.912,0
94,0.0,0.0,0.0,0.0,0.0,0.0,0.0,0,0.0,0.0,0.0,0.0,0.0,0,0.006139868556863,0.0085830688476562,0.0062783559163411,0.0,0.0,0.0079154968261718,0.0,0.0,0.0,0.0159740447998046,0.0159740447998046,0.0,0.0,0.0,0,0.496,1.36,0.0,0.0,117.136,0.0,0.0,0.0,0.0112056732177734,0.0112056732177734,7.512,0
95,0.0,0.0,0.0,0.0,0.0,0.0,0.0,0,0.0,0.0,0.0,0.0,0.0,0,0.0060631497071521,0.0078678131103515,0.0060200691223144,0.0,0.0,0.0082254409790039,0.0,0.0,0.0,0.0133514404296875,0.0133514404296875,0.0,0.0,0.0,0,0.496,1.36,0.0,0.0,115.92,0.0,0.0,0.0,0.0104904174804687,0.0104904174804687,8.512,0
96,0.0,0.0,0.0,0.0,0.0,0.0,0.0,0,0.0,0.0,0.0,0.0,0.0,0,0.0060162140955379,0.0078678131103515,0.0067949295043945,0.0062465667724609,0.0,0.0076532363891601,0.0,0.0,0.0079631805419921,0.0064373016357421,0.0064373016357421,0.0,0.0112533569335937,0.0207901000976562,0,0.496,1.36,0.0,0.0,117.192,3.744,4.232,0.0,0.005960464477539,0.005960464477539,7.696,0
97,0.0,0.0,0.0,0.0,0.0,0.0,0.0,0,0.0,0.0,0.0,0.0,0.0,0,0.0061514365732373,0.0085830688476562,0.0078678131103515,0.0058650970458984,0.0,0.0078678131103515,0.0,0.0,0.0073909759521484,0.0083446502685546,0.0083446502685546,0.0,0.0100135803222656,0.0185966491699218,0,0.496,1.36,0.0,0.0,115.608,3.744,4.232,0.0,0.00762939453125,0.00762939453125,3.32,1
98,0.0,0.0,0.0,0.0,0.0,0.0,0.0,0,0.0,0.0,0.0,0.0,0.0,0,0.0060778945239622,0.0083446502685546,0.0049471855163574,0.0064849853515625,0.0,0.0065326690673828,0.0,0.0,0.0096321105957031,0.0095367431640625,0.0095367431640625,0.0,0.010228157043457,0.023055076599121,0,0.496,1.36,0.0,0.0,117.192,8.264,7.736,0.0,0.0109672546386718,0.0109672546386718,37.68,1
99,0.0,0.0,0.0,0.0,0.0,0.0,0.0,0,0.0,0.0,0.0,0.0,0.0,0,0.0062224888565516,0.0081062316894531,0.0077088673909505,0.0,0.0,0.0082969665527343,0.0,0.0,0.0,0.0,0.0,0.0,0.0,0.0,0,0.0,1.36,0.0,0.0,117.552,0.0,0.0,0.0,1008.5530281066896,1008.5530281066896,7.208,1
100,0.0,0.0,0.0,0.0,0.0,0.0,0.0,0,0.0,0.0,0.0,0.0,0.0,0,0.0062708807463693,0.0083446502685546,0.0061194101969401,0.0,0.0,0.0078678131103515,0.0,0.0,0.0,0.0100135803222656,0.0100135803222656,0.0,0.0,0.0,1,0.496,2.352,0.0,0.0,115.648,0.0,0.0,0.0,0.0147819519042968,0.0147819519042968,20.864,1
101,0.0,0.0,0.0,0.0,0.0,0.0,0.0,0,0.0,0.0,0.0,0.0,0.0,0,0.0059675462175123,0.0081062316894531,0.0042915344238281,0.0,0.0,0.0049829483032226,0.0,0.0,0.0,0.0092983245849609,0.0127315521240234,0.0,0.0,0.0,0,1.344,2.208,0.0,0.0,115.52,0.0,0.0,0.0,0.0118017196655273,0.0128507614135742,94.768,1
102,0.0,0.0,0.0,0.0,0.0,0.0,0.0,0,0.0,0.0,0.0,0.0,0.0,0,0.0060162140955379,0.0078678131103515,0.0054041544596354,0.0060558319091796,0.0,0.0073909759521484,0.0,0.0,0.0075817108154296,0.0090599060058593,0.0090599060058593,0.0,0.0103950500488281,0.0194072723388671,0,0.496,1.36,0.0,0.0,113.256,3.744,4.232,0.0,0.0109672546386718,0.0109672546386718,46.08,1
103,0.0,0.0,0.0,0.0,0.0,0.0,0.0,0,0.0,0.0,0.0,0.0,0.0,0,0.0059437751770019,0.0081062316894531,0.0,0.0063419342041015,0.0,0.0,0.0,0.0,0.0081062316894531,0.0071525573730468,0.0071525573730468,0.0,0.0107288360595703,0.0205516815185546,0,0.496,1.36,0.0,0.0,112.0,3.744,4.232,0.0,0.0104904174804687,0.0104904174804687,0.0,1
104,0.0,0.0,0.0,0.0,0.0,0.0,0.0,0,0.0,0.0,0.0,0.0,0.0,0,0.0062012436366317,0.0083446502685546,0.0049851157448508,0.0063657760620117,0.0,0.0071525573730468,0.0,0.0,0.0083446502685546,0.0116825103759765,0.0116825103759765,0.0,0.0101566314697265,0.0232458114624023,0,0.496,1.36,0.0,0.0,122.384,8.264,7.736,0.0,0.0095367431640625,0.0095367431640625,88.344,1
105,0.0,0.0,0.0,0.0,0.0,0.0,0.0,0,0.0,0.0,0.0,0.0,0.0,0,0.0059986114501953,0.0076532363891601,0.0,0.0,0.0,0.0,0.0,0.0,0.0,0.0,0.0,0.0,0.0,0.0,0,0.0,1.36,0.0,0.0,112.0,0.0,0.0,0.0,1023.5486030578612,1023.5486030578612,0.0,1
106,0.0,0.0,0.0,0.0,0.0,0.0,0.0,0,0.0,0.0,0.0,0.0,0.0,0,0.0061559677124023,0.0083684921264648,0.0,0.0,0.0,0.0,0.0,0.0,0.0,0.0147819519042968,0.0147819519042968,0.0,0.0,0.0,1,0.496,2.352,0.0,0.0,112.0,0.0,0.0,0.0,0.0083446502685546,0.0083446502685546,0.0,1
107,0.0,0.0,0.0,0.0,0.0,0.0,0.0,0,0.0,0.0,0.0,0.0,0.0,0,0.0061127218869653,0.0083446502685546,0.0066757202148437,0.0,0.0,0.0082015991210937,0.0,0.0,0.0,0.0067949295043945,0.0080347061157226,0.0,0.0,0.0,0,1.344,2.208,0.0,0.0,115.52,0.0,0.0,0.0,0.0104904174804687,0.011444091796875,3.168,1
108,0.0,0.0,0.0,0.0,0.0,0.0,0.0,0,0.0,0.0,0.0,0.0,0.0,0,0.0062676804575754,0.0088214874267578,0.0057220458984375,0.0063896179199218,0.0,0.0057220458984375,0.0,0.0,0.0081539154052734,0.0,0.0,0.0,0.0104904174804687,0.0194072723388671,0,0.0,1.36,0.0,0.0,113.256,3.744,4.232,0.0,1031.5327644348145,1031.5327644348145,1.192,1
109,0.0,0.0,0.0,0.0,0.0,0.0,0.0,0,0.0,0.0,0.0,0.0,0.0,0,0.0062649792963915,0.0087976455688476,0.0060796737670898,0.0,0.0,0.0075101852416992,0.0,0.0,0.0,0.0073909759521484,0.0073909759521484,0.0,0.0,0.0,1,0.496,2.352,0.0,0.0,115.904,0.0,0.0,0.0,0.0178813934326171,0.0178813934326171,3.552,1
110,0.0,0.0,0.0,0.0,0.0,0.0,0.0,0,0.0,0.0,0.0,0.0,0.0,0,0.0060224065593644,0.0078678131103515,0.0054538249969482,0.0062942504882812,0.0,0.0066757202148437,0.0,0.0,0.0080108642578125,0.0064373016357421,0.0077724456787109,0.0,0.0119686126708984,0.0232219696044921,0,1.344,2.208,0.0,0.0,122.144,3.744,4.232,0.0,0.0101327896118164,0.0119447708129882,39.552,1
111,0.0,0.0,0.0,0.0,0.0,0.0,0.0,0,0.0,0.0,0.0,0.0,0.0,0,0.0062380264054483,0.0085830688476562,0.0048610899183485,0.0059843063354492,0.0,0.0060796737670898,0.0,0.0,0.008392333984375,0.0164508819580078,0.0164508819580078,0.0,0.0111579895019531,0.0252723693847656,0,0.496,1.36,0.0,0.0,114.584,8.264,7.736,0.0,0.0164508819580078,0.0164508819580078,105.088,1
112,0.0,0.0,0.0,0.0,0.0,0.0,0.0,0,0.0,0.0,0.0,0.0,0.0,0,0.0061407611144715,0.0083446502685546,0.0041988160875108,0.0,0.0,0.0054597854614257,0.0,0.0,0.0,0.0081062316894531,0.0081062316894531,0.0,0.0,0.0,0,0.496,1.36,0.0,0.0,117.192,0.0,0.0,0.0,0.00762939453125,0.00762939453125,200.88,1
113,0.0,0.0,0.0,0.0,0.0,0.0,0.0,0,0.0,0.0,0.0,0.0,0.0,0,0.0061953421866539,0.0083446502685546,0.0044528175802791,0.0,0.0,0.0054836273193359,0.0,0.0,0.0,0.0095367431640625,0.0095367431640625,0.0,0.0,0.0,0,0.496,1.36,0.0,0.0,122.384,0.0,0.0,0.0,0.009775161743164,0.009775161743164,495.184,1
114,0.0,0.0,0.0,0.0,0.0,0.0,0.0,0,0.0,0.0,0.0,0.0,0.0,0,0.0061194101969401,0.0081062316894531,0.004434585571289,0.0,0.0,0.0047206878662109,0.0,0.0,0.0,0.011444091796875,0.011444091796875,0.0,0.0,0.0,0,0.496,1.36,0.0,0.0,113.256,0.0,0.0,0.0,0.0085830688476562,0.0085830688476562,38.92,1
115,0.0,0.0,0.0,0.0,0.0,0.0,0.0,0,0.0,0.0,0.0,0.0,0.0,0,0.0060992454414937,0.0083446502685546,0.005960464477539,0.0070095062255859,0.0100135803222656,0.005960464477539,0.00762939453125,0.0100135803222656,0.0102519989013671,0.0073909759521484,0.0073909759521484,0.00762939453125,0.0116825103759765,0.0217914581298828,0,0.496,1.36,0.848,0.848,113.256,3.744,4.232,0.0,0.009775161743164,0.009775161743164,1.192,1
116,0.0,0.0,0.0,0.0,0.0,0.0,0.0,0,0.0,0.0,0.0,0.0,0.0,0,0.0059794430709003,0.0078678131103515,0.0057220458984375,0.0059127807617187,0.0045299530029296,0.0057220458984375,0.0126361846923828,0.0045299530029296,0.007486343383789,0.0081062316894531,0.0081062316894531,0.0126361846923828,0.0116348266601562,0.0223636627197265,0,0.496,1.36,0.848,0.848,113.256,3.744,4.232,0.0,0.0083446502685546,0.0083446502685546,1.192,1
117,0.0,0.0,0.0,0.0,0.0,0.0,0.0,0,0.0,0.0,0.0,0.0,0.0,0,0.0060129165649414,0.0083446502685546,0.0,0.0061511993408203,0.0,0.0,0.0,0.0,0.0086307525634765,0.0078678131103515,0.0078678131103515,0.0,0.0106096267700195,0.0242471694946289,0,0.496,1.36,0.0,0.0,112.0,8.264,7.736,0.0,0.0078678131103515,0.0078678131103515,0.0,1
118,0.0,0.0,0.0,0.0,0.0,0.0,0.0,0,0.0,0.0,0.0,0.0,0.0,0,0.0060653686523437,0.0081062316894531,0.0,0.0,0.0,0.0,0.0,0.0,0.0,0.00762939453125,0.00762939453125,0.0,0.0,0.0,0,0.496,1.36,0.0,0.0,112.0,0.0,0.0,0.0,0.0104904174804687,0.0104904174804687,0.0,1
119,0.0,0.0,0.0,0.0,0.0,0.0,0.0,0,0.0,0.0,0.0,0.0,0.0,0,0.0058734416961669,0.0076532363891601,0.0,0.0,0.0,0.0,0.0,0.0,0.0,0.0102519989013671,0.0102519989013671,0.0,0.0,0.0,0,0.496,1.36,0.0,0.0,112.0,0.0,0.0,0.0,0.0123977661132812,0.0123977661132812,0.0,1
120,0.0,0.0,0.0,0.0,0.0,0.0,0.0,0,0.0,0.0,0.0,0.0,0.0,0,0.0061893463134765,0.0081300735473632,0.0,0.0,0.0,0.0,0.0,0.0,0.0,0.0128746032714843,0.0128746032714843,0.0,0.0,0.0,0,0.496,1.36,0.0,0.0,112.0,0.0,0.0,0.0,0.0092983245849609,0.0092983245849609,0.0,1
121,0.0,0.0,0.0,0.0,0.0,0.0,0.0,0,0.0,0.0,0.0,0.0,0.0,0,0.0062581911608947,0.0085830688476562,0.0088214874267578,0.0059127807617187,0.0,0.0088214874267578,0.0,0.0,0.00762939453125,0.0119209289550781,0.0130653381347656,0.0,0.011301040649414,0.0217914581298828,0,1.344,2.208,0.0,0.0,113.256,3.744,4.232,0.0,0.0079870223999023,0.0094175338745117,1.192,1
122,0.0,0.0,0.0,0.0,0.0,0.0,0.0,0,0.0,0.0,0.0,0.0,0.0,0,0.0062119308395765,0.0083446502685546,0.0066757202148437,0.0057220458984375,0.0,0.0066757202148437,0.0,0.0,0.0071525573730468,0.0131130218505859,0.0131130218505859,0.0,0.0103950500488281,0.0197887420654296,0,0.496,1.36,0.0,0.0,113.256,3.744,4.232,0.0,0.0071525573730468,0.0071525573730468,1.192,1
123,0.0,0.0,0.0,0.0,0.0,0.0,0.0,0,0.0,0.0,0.0,0.0,0.0,0,0.0059533475050285,0.0078678131103515,0.00762939453125,0.0063657760620117,0.0,0.00762939453125,0.0,0.0,0.0083684921264648,0.013589859008789,0.013589859008789,0.0,0.0117778778076171,0.0299930572509765,0,0.496,1.36,0.0,0.0,113.256,8.264,7.736,0.0,0.009775161743164,0.009775161743164,1.192,1
124,0.0,0.0,0.0,0.0,0.0,0.0,0.0,0,0.0,0.0,0.0,0.0,0.0,0,0.0060856342315673,0.0083684921264648,0.0,0.0,0.0,0.0,0.0,0.0,0.0,0.0119209289550781,0.0119209289550781,0.0,0.0,0.0,0,0.496,1.36,0.0,0.0,112.0,0.0,0.0,0.0,0.0123977661132812,0.0123977661132812,0.0,1
125,0.0,0.0,0.0,0.0,0.0,0.0,0.0,0,0.0,0.0,0.0,0.0,0.0,0,0.006115436553955,0.0081062316894531,0.0,0.0,0.0,0.0,0.0,0.0,0.0,0.00762939453125,0.00762939453125,0.0,0.0,0.0,0,0.496,1.36,0.0,0.0,112.0,0.0,0.0,0.0,0.0085830688476562,0.0085830688476562,0.0,1
126,0.0,0.0,0.0,0.0,0.0,0.0,0.0,0,0.0,0.0,0.0,0.0,0.0,0,0.006037950515747,0.0083446502685546,0.0,0.0,0.0,0.0,0.0,0.0,0.0,0.0138282775878906,0.0138282775878906,0.0,0.0,0.0,0,0.496,1.36,0.0,0.0,112.0,0.0,0.0,0.0,0.0090599060058593,0.0090599060058593,0.0,1
127,0.0,0.0,0.0,0.0,0.0,0.0,0.0,0,0.0,0.0,0.0,0.0,0.0,0,0.0060009956359863,0.0081062316894531,0.0,0.0057220458984375,0.0,0.0,0.0,0.0,0.0073909759521484,0.0,0.0,0.0,0.0108718872070312,0.0208377838134765,0,0.0,1.36,0.0,0.0,112.0,3.744,4.232,0.0,1039.5078659057615,1039.5078659057615,0.0,1
128,0.0,0.0,0.0,0.0,0.0,0.0,0.0,0,0.0,0.0,0.0,0.0,0.0,0,0.0061407611144715,0.0083446502685546,0.0085830688476562,0.0058650970458984,0.0,0.0085830688476562,0.0,0.0,0.0073909759521484,0.0073909759521484,0.0073909759521484,0.0,0.012063980102539,0.0225067138671875,1,0.496,2.352,0.0,0.0,113.256,3.744,4.232,0.0,0.0154972076416015,0.0154972076416015,1.192,1
129,0.0,0.0,0.0,0.0,0.0,0.0,0.0,0,0.0,0.0,0.0,0.0,0.0,0,0.0067102736321048,0.0095367431640625,0.0042197429557715,0.0063180923461914,0.0,0.0052452087402343,0.0,0.0,0.0083446502685546,0.0101327896118164,0.0119447708129882,0.0,0.0105142593383789,0.0241279602050781,0,1.344,2.208,0.0,0.0,141.624,8.264,7.736,0.0,0.0123977661132812,0.0150680541992187,2381.464,1
130,0.0,0.0,0.0,0.0,0.0,0.0,0.0,0,0.0,0.0,0.0,0.0,0.0,0,0.0059924908538362,0.0078678131103515,0.0078678131103515,0.0,0.0,0.008249282836914,0.0,0.0,0.0,0.0095367431640625,0.0095367431640625,0.0,0.0,0.0,0,0.496,1.36,0.0,0.0,113.256,0.0,0.0,0.0,0.0104904174804687,0.0104904174804687,12.64,1
131,0.0,0.0,0.0,0.0,0.0,0.0,0.0,0,0.0,0.0,0.0,0.0,0.0,0,0.0063228135061736,0.0085830688476562,0.0051189871395335,0.0,0.0,0.006866455078125,0.0,0.0,0.0,0.0112056732177734,0.0112056732177734,0.0,0.0,0.0,0,0.496,1.36,0.0,0.0,119.088,0.0,0.0,0.0,0.0073909759521484,0.0073909759521484,127.944,1
132,0.0,0.0,0.0,0.0,0.0,0.0,0.0,0,0.0,0.0,0.0,0.0,0.0,0,0.0059676170349121,0.0081062316894531,0.0,0.0,0.0,0.0,0.0,0.0,0.0,0.0085830688476562,0.0085830688476562,0.0,0.0,0.0,0,0.496,1.36,0.0,0.0,112.0,0.0,0.0,0.0,0.0100135803222656,0.0100135803222656,0.0,1
133,0.0,0.0,0.0,0.0,0.0,0.0,0.0,0,0.0,0.0,0.0,0.0,0.0,0,0.0061142444610595,0.0081062316894531,0.0,0.0066757202148437,0.0,0.0,0.0,0.0,0.0080108642578125,0.00762939453125,0.00762939453125,0.0,0.0102519989013671,0.0190258026123046,0,0.496,1.36,0.0,0.0,112.0,3.744,4.232,0.0,0.0081062316894531,0.0081062316894531,0.0,1
134,0.0,0.0,0.0,0.0,0.0,0.0,0.0,0,0.0,0.0,0.0,0.0,0.0,0,0.0060589159306009,0.0081062316894531,0.0073909759521484,0.0058174133300781,0.0,0.0073909759521484,0.0,0.0,0.0073432922363281,0.0109672546386718,0.0109672546386718,0.0,0.0100612640380859,0.0185012817382812,0,0.496,1.36,0.0,0.0,116.392,3.744,4.232,0.0,0.0083446502685546,0.0083446502685546,4.104,1
135,0.0,0.0,0.0,0.0,0.0,0.0,0.0,0,0.0,0.0,0.0,0.0,0.0,0,0.006270526077947,0.0085353851318359,0.0073909759521484,0.0062227249145507,0.0,0.0086784362792968,0.0,0.0,0.0078916549682617,0.0,0.0,0.0,0.0105857849121093,0.0246763229370117,0,0.0,1.36,0.0,0.0,123.64,8.264,7.736,0.0,1039.4446849822998,1039.4446849822998,11.032,1
136,0.0,0.0,0.0,0.0,0.0,0.0,0.0,0,0.0,0.0,0.0,0.0,0.0,0,0.006299887971925,0.0081062316894531,0.0040956905909946,0.0,0.0,0.0055313110351562,0.0,0.0,0.0,0.0083446502685546,0.0083446502685546,0.0,0.0,0.0,1,0.496,2.352,0.0,0.0,123.64,0.0,0.0,0.0,0.0123977661132812,0.0123977661132812,310.56,1
137,0.0,0.0,0.0,0.0,0.0,0.0,0.0,0,0.0,0.0,0.0,0.0,0.0,0,0.0061490642490671,0.0081062316894531,0.0057816505432128,0.0,0.0,0.0078201293945312,0.0,0.0,0.0,0.0073909759521484,0.0096797943115234,0.0,0.0,0.0,0,1.344,2.208,0.0,0.0,113.256,0.0,0.0,0.0,0.0115633010864257,0.0133752822875976,7.696,1
138,0.0,0.0,0.0,0.0,0.0,0.0,0.0,0,0.0,0.0,0.0,0.0,0.0,0,0.0062549114227294,0.0088214874267578,0.0,0.0,0.0,0.0,0.0,0.0,0.0,0.0078678131103515,0.0078678131103515,0.0,0.0,0.0,0,0.496,1.36,0.0,0.0,112.0,0.0,0.0,0.0,0.0073909759521484,0.0073909759521484,0.0,1
139,0.0,0.0,0.0,0.0,0.0,0.0,0.0,0,0.0,0.0,0.0,0.0,0.0,0,0.0059390068054199,0.0078916549682617,0.0,0.0057697296142578,0.0,0.0,0.0,0.0,0.0073432922363281,0.0,0.0,0.0,0.0108718872070312,0.0197410583496093,0,0.0,1.36,0.0,0.0,112.0,3.744,4.232,0.0,7087.528467178345,7087.528467178345,0.0,1
140,0.0,0.0,0.0,0.0,0.0,0.0,0.0,0,0.0,0.0,0.0,0.0,0.0,0,0.005958080291748,0.0078916549682617,0.0,0.0070095062255859,0.0,0.0,0.0,0.0,0.0100135803222656,0.0,0.0,0.0,0.0109672546386718,0.0208854675292968,1,0.0,2.352,0.0,0.0,112.0,3.744,4.232,0.0,6079.0205001831055,6079.0205001831055,0.0,1
141,0.0,0.0,0.0,0.0,0.0,0.0,0.0,0,0.0,0.0,0.0,0.0,0.0,0,0.0063305470480847,0.0083446502685546,0.0044107437133789,0.006103515625,0.0073432922363281,0.004887580871582,0.0076558854844835,0.0094890594482421,0.0083684921264648,0.0,0.0,0.010538101196289,0.0104904174804687,0.0226974487304687,0,0.0,1.84,11.728,26.336,117.192,8.264,7.736,100.0,0.0,0.0,18.224,1
142,0.0,0.0,0.0,0.0,0.0,0.0,0.0,0,0.0,0.0,0.0,0.0,0.0,0,0.0066990945853439,0.0085830688476562,0.0039431602443189,0.0,0.0,0.0047683715820312,0.0,0.0,0.0,0.0,0.0,0.0,0.0,0.0,1,0.0,4.336,0.0,0.0,137.104,0.0,0.0,0.0,4031.022548675537,4031.022548675537,2410.152,1
143,0.0,0.0,0.0,0.0,0.0,0.0,0.0,0,0.0,0.0,0.0,0.0,0.0,0,0.0070368889534827,0.0095367431640625,0.0038762814004482,0.0,0.0,0.0045299530029296,0.0,0.0,0.0,0.0,0.0,0.0,0.0,0.0,0,0.0,0.0,0.0,0.0,118.448,0.0,0.0,0.0,0.0,0.0,21699.464,1
144,0.0,0.0,0.0,0.0,0.0,0.0,0.0,0,0.0,0.0,0.0,0.0,0.0,0,0.0063598155975341,0.0085830688476562,0.0054836273193359,0.0,0.0063843197292751,0.0054836273193359,0.0070035457611083,0.0079631805419921,0.0,0.0050067901611328,0.0050067901611328,0.008559226989746,0.0,0.0,0,1.008,2.832,21.856,13.648,112.632,0.0,0.0,0.0,0.0176429748535156,0.0176429748535156,1.192,1
145,0.0,0.0,0.0,0.0,0.0,0.0,0.0,0,0.0,0.0,0.0,0.0,0.0,0,0.0068536445276061,0.0083446502685546,0.0044703483581542,0.0057697296142578,0.0,0.005650520324707,0.0061988830566406,0.0,0.0072479248046875,0.0,0.0,0.0061988830566406,0.0102519989013671,0.0193119049072265,0,0.0,0.0,0.496,0.0,117.192,3.744,4.232,0.0,0.0,0.0,37.152,1
146,0.0,0.0,0.0,0.0,0.0,0.0,0.0,0,0.0,0.0,0.0,0.0,0.0,0,0.0069212205339186,0.0085830688476562,0.0038816349739531,0.0057816505432128,0.0,0.0045299530029296,0.0,0.0,0.0063657760620117,0.013589859008789,0.013589859008789,0.0,0.0100135803222656,0.0177621841430664,1,0.496,6.736,0.0,0.0,122.384,4.272,3.704,0.0,0.0202655792236328,0.0202655792236328,3561.224,1
147,0.0,0.0,0.0,0.0,0.0,0.0,0.0,0,0.0,0.0,0.0,0.0,0.0,0,0.0067901611328125,0.0083684921264648,0.0,0.0058511892954508,0.0,0.0,0.0,0.0,0.007796287536621,0.0067949295043945,0.0086069107055664,0.0,0.0100319202129657,0.0209808349609375,0,1.344,2.624,0.0,0.0,112.0,19.568,18.52,0.0,0.0098943710327148,0.0101804733276367,0.0,1
148,0.0,0.0,0.0,0.0,0.0,0.0,0.0,0,0.0,0.0,0.0,0.0,0.0,0,0.0073059950724686,0.0092983245849609,0.0038535518884328,0.0,0.0,0.0042915344238281,0.0,0.0,0.0,0.0081062316894531,0.0081062316894531,0.0,0.0,0.0,0,0.496,1.776,0.0,0.0,122.384,0.0,0.0,0.0,0.0162124633789062,0.0162124633789062,16564.128,1
149,0.0,0.0,0.0,0.0,0.0,0.0,0.0,0,0.0,0.0,0.0,0.0,0.0,0,0.0069582462310791,0.0085830688476562,0.0,0.0,0.0,0.0,0.0,0.0,0.0,0.0131130218505859,0.0131130218505859,0.0,0.0,0.0,0,0.496,1.776,0.0,0.0,112.0,0.0,0.0,0.0,0.0150203704833984,0.0150203704833984,0.0,1
150,0.0,0.0,0.0,0.0,0.0,0.0,0.0,0,0.0,0.0,0.0,0.0,0.0,0,0.0067907779370967,0.0085830688476562,0.0042915344238281,0.0,0.0,0.0042915344238281,0.0,0.0,0.0,0.0109672546386718,0.0109672546386718,0.0,0.0,0.0,0,0.496,1.776,0.0,0.0,113.256,0.0,0.0,0.0,0.011444091796875,0.011444091796875,1.192,1
151,0.0,0.0,0.0,0.0,0.0,0.0,0.0,0,0.0,0.0,0.0,0.0,0.0,0,0.0069082079835199,0.0085830688476562,0.0042915344238281,0.0059127807617187,0.0,0.0042915344238281,0.0,0.0,0.0073909759521484,0.0085830688476562,0.0085830688476562,0.0,0.0116348266601562,0.0218868255615234,0,0.496,1.776,0.0,0.0,113.256,3.744,4.232,0.0,0.0116825103759765,0.0116825103759765,1.192,1
152,0.0,0.0,0.0,0.0,0.0,0.0,0.0,0,0.0,0.0,0.0,0.0,0.0,0,0.0068382244205,0.0088214874267578,0.0083446502685546,0.0057697296142578,0.0,0.0083446502685546,0.0,0.0,0.0073909759521484,0.0102519989013671,0.0127315521240234,0.0,0.0108718872070312,0.01983642578125,0,1.344,2.624,0.0,0.0,113.256,3.744,4.232,50.0,0.0109672546386718,0.0109672546386718,1.192,1
153,0.0,0.0,0.0,0.0,0.0,0.0,0.0,0,0.0,0.0,0.0,0.0,0.0,0,0.0067389011383056,0.0081062316894531,0.0,0.0063657760620117,0.0,0.0,0.0,0.0,0.0080585479736328,0.0,0.0,0.0,0.0104188919067382,0.0245571136474609,0,0.0,1.776,0.0,0.0,112.0,8.264,7.736,0.0,1024.4863033294678,1024.4863033294678,0.0,1
154,0.0,0.0,0.0,0.0,0.0,0.0,0.0,0,0.0,0.0,0.0,0.0,0.0,0,0.0066399574279785,0.0078678131103515,0.0,0.0,0.0,0.0,0.0,0.0,0.0,0.0073909759521484,0.0073909759521484,0.0,0.0,0.0,1,0.496,3.184,0.0,0.0,112.0,0.0,0.0,0.0,0.0183582305908203,0.0183582305908203,0.0,1
155,0.0,0.0,0.0,0.0,0.0,0.0,0.0,0,0.0,0.0,0.0,0.0,0.0,0,0.0068521499633789,0.0088214874267578,0.0,0.0,0.0,0.0,0.0,0.0,0.0,0.0073909759521484,0.0081539154052734,0.0,0.0,0.0,0,1.344,2.624,0.0,0.0,112.0,0.0,0.0,0.0,0.0137090682983398,0.0178098678588867,0.0,1
156,0.0,0.0,0.0,0.0,0.0,0.0,0.0,0,0.0,0.0,0.0,0.0,0.0,0,0.0066292285919189,0.00762939453125,0.0,0.0,0.0,0.0,0.0,0.0,0.0,0.0083446502685546,0.0083446502685546,0.0,0.0,0.0,0,0.496,1.776,0.0,0.0,112.0,0.0,0.0,0.0,0.0095367431640625,0.0095367431640625,0.0,1
157,0.0,0.0,0.0,0.0,0.0,0.0,0.0,0,0.0,0.0,0.0,0.0,0.0,0,0.0066509341249371,0.0083446502685546,0.0056624412536621,0.0059127807617187,0.0,0.0080108642578125,0.0,0.0,0.007486343383789,0.0112056732177734,0.0112056732177734,0.0,0.011444091796875,0.0226497650146484,0,0.496,1.776,0.0,0.0,118.448,3.744,4.232,0.0,0.0078678131103515,0.0078678131103515,30.24,1
158,0.0,0.0,0.0,0.0,0.0,0.0,0.0,0,0.0,0.0,0.0,0.0,0.0,0,0.0068346659342447,0.0083446502685546,0.0063578287760416,0.0065803527832031,0.0,0.0081062316894531,0.0,0.0,0.0087738037109375,0.00762939453125,0.00762939453125,0.0,0.01068115234375,0.0204086303710937,0,0.496,1.776,0.0,0.0,117.888,3.744,4.232,0.0,0.0090599060058593,0.0090599060058593,21.304,1
159,0.0,0.0,0.0,0.0,0.0,0.0,0.0,0,0.0,0.0,0.0,0.0,0.0,0,0.0068216181513088,0.0085830688476562,0.0054836273193359,0.0058809916178385,0.0,0.0054836273193359,0.0,0.0,0.0075340270996093,0.0,0.0,0.0,0.0104253942316228,0.0240802764892578,0,0.0,1.776,0.0,0.0,113.256,8.792,7.208,0.0,1039.4792556762695,1039.4792556762695,1.192,1
160,0.0,0.0,0.0,0.0,0.0,0.0,0.0,0,0.0,0.0,0.0,0.0,0.0,0,0.0067722797393798,0.0085830688476562,0.0,0.0,0.0,0.0,0.0,0.0,0.0,0.0066757202148437,0.0066757202148437,0.0,0.0,0.0,1,0.496,3.184,0.0,0.0,112.0,0.0,0.0,0.0,0.0123977661132812,0.0123977661132812,0.0,1
161,0.0,0.0,0.0,0.0,0.0,0.0,0.0,0,0.0,0.0,0.0,0.0,0.0,0,0.0067782402038574,0.0085830688476562,0.0,0.0,0.0,0.0,0.0,0.0,0.0,0.0050067901611328,0.0050067901611328,0.0,0.0,0.0,0,0.848,2.624,0.0,0.0,112.0,0.0,0.0,0.0,512.203574180603,921.9574689865112,0.0,1
162,0.0,0.0,0.0,0.0,0.0,0.0,0.0,0,0.0,0.0,0.0,0.0,0.0,0,0.0069236755371093,0.0090599060058593,0.0,0.0,0.0,0.0,0.0,0.0,0.0,0.0121593475341796,0.0121593475341796,0.0,0.0,0.0,1,0.496,3.184,0.0,0.0,112.0,0.0,0.0,0.0,0.0085830688476562,0.0085830688476562,0.0,1
163,0.0,0.0,0.0,0.0,0.0,0.0,0.0,0,0.0,0.0,0.0,0.0,0.0,0,0.0067412853240966,0.0083446502685546,0.0,0.0059127807617187,0.0,0.0,0.0,0.0,0.0074386596679687,0.0081062316894531,0.0081062316894531,0.0,0.0108242034912109,0.020599365234375,0,0.496,2.624,0.0,0.0,112.0,3.744,4.232,50.0,0.009775161743164,0.009775161743164,0.0,1
164,0.0,0.0,0.0,0.0,0.0,0.0,0.0,0,0.0,0.0,0.0,0.0,0.0,0,0.0068263627996492,0.0083446502685546,0.0100135803222656,0.0056743621826171,0.0,0.0100135803222656,0.0,0.0,0.0071048736572265,0.0064373016357421,0.0064373016357421,0.0,0.0102996826171875,0.019693374633789,0,0.496,1.776,0.0,0.0,113.256,3.744,4.232,0.0,0.00762939453125,0.00762939453125,1.192,1
165,0.0,0.0,0.0,0.0,0.0,0.0,0.0,0,0.0,0.0,0.0,0.0,0.0,0,0.006866692310542,0.0088214874267578,0.0050067901611328,0.0065326690673828,0.0,0.0050067901611328,0.0,0.0,0.007939338684082,0.009775161743164,0.012063980102539,0.0,0.0102519989013671,0.0248193740844726,0,1.344,2.624,0.0,0.0,113.256,8.264,7.736,0.0,0.0109672546386718,0.0136375427246093,1.192,1
166,0.0,0.0,0.0,0.0,0.0,0.0,0.0,0,0.0,0.0,0.0,0.0,0.0,0,0.0068109426925431,0.0083446502685546,0.0095367431640625,0.0,0.0,0.0095367431640625,0.0,0.0,0.0,0.0085830688476562,0.0085830688476562,0.0,0.0,0.0,0,0.496,1.776,0.0,0.0,113.256,0.0,0.0,0.0,0.0078678131103515,0.0078678131103515,1.192,1
167,0.0,0.0,0.0,0.0,0.0,0.0,0.0,0,0.0,0.0,0.0,0.0,0.0,0,0.0067389011383056,0.0081062316894531,0.0,0.0,0.0,0.0,0.0,0.0,0.0,0.00762939453125,0.00762939453125,0.0,0.0,0.0,0,0.496,1.776,0.0,0.0,112.0,0.0,0.0,0.0,0.0081062316894531,0.0081062316894531,0.0,1
168,0.0,0.0,0.0,0.0,0.0,0.0,0.0,0,0.0,0.0,0.0,0.0,0.0,0,0.0068485736846923,0.0085830688476562,0.0,0.0,0.0,0.0,0.0,0.0,0.0,0.009775161743164,0.009775161743164,0.0,0.0,0.0,0,0.496,1.776,0.0,0.0,112.0,0.0,0.0,0.0,0.0085830688476562,0.0085830688476562,0.0,1
169,0.0,0.0,0.0,0.0,0.0,0.0,0.0,0,0.0,0.0,0.0,0.0,0.0,0,0.0067520141601562,0.0083446502685546,0.0,0.0,0.0,0.0,0.0,0.0,0.0,0.0107288360595703,0.0107288360595703,0.0,0.0,0.0,0,0.496,1.776,0.0,0.0,112.0,0.0,0.0,0.0,0.00762939453125,0.00762939453125,0.0,1
170,0.0,0.0,0.0,0.0,0.0,0.0,0.0,0,0.0,0.0,0.0,0.0,0.0,0,0.0067830085754394,0.0086069107055664,0.0040306235259433,0.0,0.0,0.0045299530029296,0.0,0.0,0.0,0.0069141387939453,0.0069141387939453,0.0,0.0,0.0,0,0.496,1.776,0.0,0.0,112.0,0.0,0.0,0.0,0.0121593475341796,0.0121593475341796,1198.192,1
171,0.0,0.0,0.0,0.0,0.0,0.0,0.0,0,0.0,0.0,0.0,0.0,0.0,0,0.0078770273549545,0.0102519989013671,0.0038663479121955,0.0,0.0,0.0045299530029296,0.0,0.0,0.0,0.0,0.0,0.0,0.0,0.0,0,0.0,1.776,0.0,0.0,144.408,0.0,0.0,0.0,1008.4333419799804,1008.4333419799804,27184.336,1
172,0.0,0.0,0.0,0.0,0.0,0.0,0.0,0,0.0,0.0,0.0,0.0,0.0,0,0.0068138141443233,0.0083446502685546,0.0038748589631553,0.0,0.0,0.0042915344238281,0.0,0.0,0.0,0.0154972076416015,0.0154972076416015,0.0,0.0,0.0,1,0.496,3.184,0.0,0.0,118.448,0.0,0.0,0.0,0.021219253540039,0.021219253540039,1213.784,1
173,0.0,0.0,0.0,0.0,0.0,0.0,0.0,0,0.0,0.0,0.0,0.0,0.0,0,0.0067457037778636,0.0083446502685546,0.0042517979939778,0.0,0.0,0.0051259994506835,0.0,0.0,0.0,0.0073909759521484,0.0085353851318359,0.0,0.0,0.0,0,1.344,2.624,0.0,0.0,113.256,0.0,0.0,0.0,0.0101327896118164,0.011754035949707,193.376,1
174,0.0,0.0,0.0,0.0,0.0,0.0,0.0,0,0.0,0.0,0.0,0.0,0.0,0,0.0072658652126198,0.0095129013061523,0.0039722556782482,0.0,0.0,0.0045299530029296,0.0,0.0,0.0,0.0064373016357421,0.0064373016357421,0.0,0.0,0.0,0,0.496,1.776,0.0,0.0,122.384,0.0,0.0,0.0,0.0104904174804687,0.0104904174804687,4500.024,1
175,0.0,0.0,0.0,0.0,0.0,0.0,0.0,0,0.0,0.0,0.0,0.0,0.0,0,0.00691058030769,0.0085830688476562,0.0040960311889648,0.0,0.0216960906982421,0.0047922134399414,0.0096559524536132,0.0220775604248046,0.0,0.0,0.0,0.0128030776977539,0.0,0.0,0,0.0,1.776,1.696,1.696,117.192,0.0,0.0,0.0,3087.4972343444824,3087.4972343444824,500.976,1
176,0.0,0.0,0.0,0.0,0.0,0.0,0.0,0,0.0,0.0,0.0,0.0,0.0,0,0.0067734718322753,0.0085830688476562,0.0,0.0,0.0,0.0,0.0,0.0,0.0,0.0,0.0,0.0,0.0,0.0,1,0.0,3.184,0.0,0.0,112.0,0.0,0.0,0.0,2047.0142364501955,2047.0142364501955,0.0,1
177,0.0,0.0,0.0,0.0,0.0,0.0,0.0,0,0.0,0.0,0.0,0.0,0.0,0,0.006727652974648,0.0085830688476562,0.0045299530029296,0.0,0.0,0.0066757202148437,0.0,0.0,0.0,0.0,0.0,0.0,0.0,0.0,0,0.0,2.256,0.0,0.0,122.384,0.0,0.0,100.0,0.0,0.0,169.392,1
178,0.0,0.0,0.0,0.0,0.0,0.0,0.0,0,0.0,0.0,0.0,0.0,0.0,0,0.0066922442747814,0.0081062316894531,0.0067949295043945,0.0,0.0,0.0068902969360351,0.0,0.0,0.0,0.0126361846923828,0.0126361846923828,0.0,0.0,0.0,1,0.496,6.0,0.0,0.0,117.968,0.0,0.0,0.0,0.0143051147460937,0.0143051147460937,5.616,1
179,0.0,0.0,0.0,0.0,0.0,0.0,0.0,0,0.0,0.0,0.0,0.0,0.0,0,0.0067907779370967,0.0085830688476562,0.0066757202148437,0.0,0.0,0.0066757202148437,0.0,0.0,0.0,0.0193119049072265,0.0193119049072265,0.0,0.0,0.0,0,0.496,1.776,0.0,0.0,113.256,0.0,0.0,0.0,0.0100135803222656,0.0100135803222656,1.192,1
180,0.0,0.0,0.0,0.0,0.0,0.0,0.0,0,0.0,0.0,0.0,0.0,0.0,0,0.0068085703683729,0.0088214874267578,0.0047683715820312,0.0,0.0,0.0047683715820312,0.0,0.0,0.0,0.0,0.0,0.0,0.0,0.0,0,0.0,2.624,0.0,0.0,113.256,0.0,0.0,50.0,1032.4769020080566,1032.4769020080566,1.192,1
181,0.0,0.0,0.0,0.0,0.0,0.0,0.0,0,0.0,0.0,0.0,0.0,0.0,0,0.0076094284433449,0.009775161743164,0.0038606419535383,0.0,0.0,0.0042915344238281,0.0,0.0,0.0,0.0067949295043945,0.0082254409790039,0.0,0.0,0.0,1,1.344,4.032,0.0,0.0,127.576,0.0,0.0,0.0,0.0126361846923828,0.013589859008789,25466.984,1
182,0.0,0.0,0.0,0.0,0.0,0.0,0.0,0,0.0,0.0,0.0,0.0,0.0,0,0.0068228043133939,0.0083446502685546,0.0039810358091842,0.0,0.0,0.0047683715820312,0.0,0.0,0.0,0.0081062316894531,0.0081062316894531,0.0,0.0,0.0,0,0.496,1.776,0.0,0.0,117.192,0.0,0.0,0.0,0.0095367431640625,0.0095367431640625,986.64,1
183,0.0,0.0,0.0,0.0,0.0,0.0,0.0,0,0.0,0.0,0.0,0.0,0.0,0,0.0069284439086914,0.0088214874267578,0.0,0.0,0.0,0.0,0.0,0.0,0.0,0.0119209289550781,0.0119209289550781,0.0,0.0,0.0,0,0.496,1.776,0.0,0.0,112.0,0.0,0.0,0.0,0.0083446502685546,0.0083446502685546,0.0,1
184,0.0,0.0,0.0,0.0,0.0,0.0,0.0,0,0.0,0.0,0.0,0.0,0.0,0,0.0077674884607296,0.0095367431640625,0.0038736846010759,0.0,0.0,0.0045299530029296,0.0,0.0,0.0,0.0137090682983398,0.0138044357299804,0.0,0.0,0.0,0,1.344,2.624,0.0,0.0,122.384,0.0,0.0,0.0,0.0103712081909179,0.013136863708496,30027.624,1
185,0.0,0.0,0.0,0.0,0.0,0.0,0.0,0,0.0,0.0,0.0,0.0,0.0,0,0.0069530883637985,0.0087976455688476,0.0061988830566406,0.0,0.0,0.0061988830566406,0.0,0.0,0.0,0.0088214874267578,0.0088214874267578,0.0,0.0,0.0,0,0.496,1.776,0.0,0.0,118.448,0.0,0.0,0.0,0.0126361846923828,0.0126361846923828,1.192,1
186,0.0,0.0,0.0,0.0,0.0,0.0,0.0,0,0.0,0.0,0.0,0.0,0.0,0,0.0066899541598647,0.0085830688476562,0.0069141387939453,0.0,0.0,0.0069141387939453,0.0,0.0,0.0,0.00762939453125,0.00762939453125,0.0,0.0,0.0,0,0.496,1.776,0.0,0.0,113.256,0.0,0.0,0.0,0.009775161743164,0.009775161743164,1.192,1
187,0.0,0.0,0.0,0.0,0.0,0.0,0.0,0,0.0,0.0,0.0,0.0,0.0,0,0.0067848471266713,0.0083446502685546,0.0066757202148437,0.0,0.0,0.0066757202148437,0.0,0.0,0.0,0.011444091796875,0.011444091796875,0.0,0.0,0.0,0,0.496,1.776,0.0,0.0,113.256,0.0,0.0,0.0,0.0095367431640625,0.0095367431640625,1.192,1
188,0.0,0.0,0.0,0.0,0.0,0.0,0.0,0,0.0,0.0,0.0,0.0,0.0,0,0.0068413212968798,0.0085830688476562,0.0042590227994051,0.0,0.0,0.0060081481933593,0.0,0.0,0.0,0.0112056732177734,0.0112056732177734,0.0,0.0,0.0,0,0.496,1.776,0.0,0.0,127.576,0.0,0.0,0.0,0.0090599060058593,0.0090599060058593,252.224,1
189,0.0,0.0,0.0,0.0,0.0,0.0,0.0,0,0.0,0.0,0.0,0.0,0.0,0,0.0070173348953474,0.0090599060058593,0.0039001170740105,0.0,0.0,0.0045299530029296,0.0,0.0,0.0,0.0104904174804687,0.0104904174804687,0.0,0.0,0.0,0,0.496,1.776,0.0,0.0,117.192,0.0,0.0,0.0,0.0154972076416015,0.0154972076416015,5019.0,1
190,0.0,0.0,0.0,0.0,0.0,0.0,0.0,0,0.0,0.0,0.0,0.0,0.0,0,0.007399279086744,0.0092983245849609,0.0038738301058243,0.0,0.0,0.0045299530029296,0.0,0.0,0.0,0.0116825103759765,0.0116825103759765,0.0,0.0,0.0,0,0.496,1.776,0.0,0.0,117.192,0.0,0.0,0.0,0.0112056732177734,0.0112056732177734,30370.552,1
191,0.0,0.0,0.0,0.0,0.0,0.0,0.0,0,0.0,0.0,0.0,0.0,0.0,0,0.008033875802263,0.0104904174804687,0.0038943068108336,0.0,0.0,0.0045299530029296,0.0,0.0,0.0,0.0,0.0,0.0,0.0,0.0,0,0.0,1.776,0.0,0.0,117.192,0.0,0.0,0.0,3087.4128341674805,3087.4128341674805,46710.496,1
192,0.0,0.0,0.0,0.0,0.0,0.0,0.0,0,0.0,0.0,0.0,0.0,0.0,0,0.0079988252998578,0.0102519989013671,0.0038781701417287,0.0,0.0,0.0045299530029296,0.0,0.0,0.0,0.0,0.0,0.0,0.0,0.0,1,0.0,3.184,0.0,0.0,118.448,0.0,0.0,0.0,2047.01828956604,2047.01828956604,24102.728,1
193,0.0,0.0,0.0,0.0,0.0,0.0,0.0,0,0.0,0.0,0.0,0.0,0.0,0,0.0079055823902092,0.0100135803222656,0.0069141387939453,0.0,0.0,0.0069141387939453,0.0,0.0,0.0,0.00762939453125,0.00762939453125,0.0,0.0,0.0,0,1.008,2.256,0.0,0.0,118.448,0.0,0.0,0.0,0.0159740447998046,0.0159740447998046,1.192,1
