time_seconds,a1_retransmissions_ul_count,a1_packet_loss_ul_percentage,e2_du_packet_loss_ul_percentage,e2_du_packet_loss_dl_percentage,f1_c_packet_loss_dl_percentage,f1_c_packet_loss_ul_percentage,e2_du_retransmissions_ul_count,e2_du_retransmissions_dl_count,f1_c_retransmissions_dl_count,f1_c_retransmissions_ul_count,f1_u_packet_loss_dl_percentage,f1_u_packet_loss_ul_percentage,f1_u_retransmissions_dl_count,f1_u_retransmissions_ul_count,f1_u_latency_mean_ul_ms,f1_u_latency_p90_ul_ms,e2_du_latency_p90_ul_ms,e2_du_latency_mean_ul_ms,f1_c_latency_mean_dl_ms,f1_c_latency_p90_dl_ms,f1_c_latency_mean_ul_ms,e2_du_latency_mean_dl_ms,e2_du_latency_p90_dl_ms,f1_u_latency_mean_dl_ms,f1_c_latency_p90_ul_ms,a1_latency_mean_ul_ms,f1_u_latency_p90_dl_ms,a1_latency_p90_ul_ms,a1_latency_mean_dl_ms,a1_latency_p90_dl_ms,e2_du_throughput_dl_kbps,e2_du_throughput_ul_kbps,a1_retransmissions_dl_count,f1_c_throughput_dl_kbps,f1_c_throughput_ul_kbps,f1_u_throughput_ul_kbps,a1_throughput_dl_kbps,a1_throughput_ul_kbps,a1_packet_loss_dl_percentage,f1_u_throughput_dl_kbps,F-node
0,0.0,0.0,0.0,0.0,0.0,0.0,0,0,0.0,0.0,0.0,0.0,0.0,0,0.0063708765589775,0.0088214874267578,0.0073909759521484,0.0073909759521484,0.0047683715820312,0.0047683715820312,0.0104904174804687,0.0071525573730468,0.0071525573730468,0.0050067901611328,0.0104904174804687,0.0061103275844029,0.0050067901611328,0.0081062316894531,0.0101498195103236,0.022125244140625,0.496,1.36,0.0,0.848,0.848,113.256,25.152,27.344,0.0,1.192,0
1,0.0,0.0,0.0,0.0,0.0,0.0,0,0,0.0,0.0,0.0,0.0,0.0,0,0.0075437490222523,0.0102519989013671,0.0104904174804687,0.0104904174804687,0.0047683715820312,0.0047683715820312,0.0104904174804687,0.0090599060058593,0.0090599060058593,0.0039093461944482,0.0104904174804687,0.0061103275844029,0.0045299530029296,0.0081062316894531,0.0101498195103236,0.022125244140625,0.496,1.424,0.0,0.848,0.848,142.904,25.152,27.344,0.0,38278.856,0
2,0.0,0.0,0.0,0.0,0.0,0.0,0,0,0.0,0.0,0.0,0.0,0.0,0,0.0080208280193271,0.0102519989013671,0.0123977661132812,0.0123977661132812,0.0047683715820312,0.0047683715820312,0.0104904174804687,0.0095367431640625,0.0095367431640625,0.0039156322161104,0.0104904174804687,0.0061103275844029,0.0045299530029296,0.0081062316894531,0.0101498195103236,0.022125244140625,0.496,1.424,0.0,0.848,0.848,117.192,25.152,27.344,0.0,42549.664,0
3,0.0,0.0,0.0,0.0,0.0,0.0,0,0,0.0,0.0,0.0,0.0,0.0,0,0.0076043605804443,0.0100374221801757,0.0090599060058593,0.0090599060058593,0.0047683715820312,0.0047683715820312,0.0104904174804687,0.0107288360595703,0.0107288360595703,0.0039232428240012,0.0104904174804687,0.0061103275844029,0.0045299530029296,0.0081062316894531,0.0101498195103236,0.022125244140625,0.496,1.424,0.0,0.848,0.848,116.632,25.152,27.344,0.0,47972.2,0
4,0.0,0.0,0.0,0.0,0.0,0.0,0,0,0.0,0.0,0.0,0.0,0.0,0,0.0074672698974609,0.0100135803222656,0.009775161743164,0.009775161743164,0.0047683715820312,0.0047683715820312,0.0104904174804687,0.0107288360595703,0.0107288360595703,0.0039484014208912,0.0104904174804687,0.0061103275844029,0.0047683715820312,0.0081062316894531,0.0101498195103236,0.022125244140625,0.496,1.424,0.0,0.848,0.848,116.632,25.152,27.344,0.0,30719.792,0
5,0.0,0.0,0.0,0.0,0.0,0.0,0,0,0.0,0.0,0.0,0.0,0.0,0,0.0075356877265284,0.0100135803222656,0.009775161743164,0.009775161743164,0.0047683715820312,0.0047683715820312,0.0104904174804687,0.0090599060058593,0.0090599060058593,0.0056378981646369,0.0104904174804687,0.0061103275844029,0.0069141387939453,0.0081062316894531,0.0101498195103236,0.022125244140625,0.496,1.424,0.0,0.848,0.848,117.192,25.152,27.344,0.0,96.088,0
6,0.0,0.0,0.0,0.0,0.0,0.0,0,0,0.0,0.0,0.0,0.0,0.0,0,0.0073331417423663,0.0100135803222656,0.0069141387939453,0.0069141387939453,0.0,0.0,0.0,0.0121593475341796,0.0121593475341796,0.0048267598054846,0.0,0.0061103275844029,0.005960464477539,0.0081062316894531,0.0101498195103236,0.022125244140625,0.496,1.424,0.0,0.0,0.0,118.448,25.152,27.344,0.0,230.056,0
7,0.0,0.0,0.0,0.0,0.0,0.0,0,0,0.0,0.0,0.0,0.0,0.0,0,0.0066532947049282,0.0090599060058593,0.0123977661132812,0.0123977661132812,0.0,0.0,0.0,0.0121593475341796,0.0121593475341796,0.004587173461914,0.0,0.0061103275844029,0.0052452087402343,0.0081062316894531,0.0101498195103236,0.022125244140625,0.496,1.424,0.0,0.0,0.0,118.448,25.152,27.344,0.0,448.336,0
8,0.0,0.0,0.0,0.0,0.0,0.0,0,0,0.0,0.0,0.0,0.0,0.0,0,0.0061493108768274,0.0083446502685546,0.0095367431640625,0.0095367431640625,0.005960464477539,0.005960464477539,0.0042915344238281,0.0112056732177734,0.0112056732177734,0.004887580871582,0.0042915344238281,0.0061103275844029,0.0059843063354492,0.0081062316894531,0.0101498195103236,0.022125244140625,0.496,1.424,0.0,0.848,0.848,115.904,25.152,27.344,0.0,89.904,0
9,0.0,0.0,0.0,0.0,0.0,0.0,0,0,0.0,0.0,0.0,0.0,0.0,0,0.0063696903968924,0.0085830688476562,0.0071525573730468,0.0071525573730468,0.0,0.0,0.0,0.0073909759521484,0.0073909759521484,0.0063010624476841,0.0,0.0061103275844029,0.0081062316894531,0.0081062316894531,0.0101498195103236,0.022125244140625,0.496,1.424,0.0,0.0,0.0,117.192,25.152,27.344,0.0,24.44,0
10,0.0,0.0,0.0,0.0,0.0,0.0,0,0,0.0,0.0,0.0,0.0,0.0,0,0.0061476230621337,0.0083446502685546,0.0088214874267578,0.0088214874267578,0.0,0.0,0.0,0.0081062316894531,0.0081062316894531,0.0,0.0,0.0061103275844029,0.0,0.0081062316894531,0.0101498195103236,0.022125244140625,0.496,1.424,0.0,0.0,0.0,112.0,25.152,27.344,0.0,0.0,0
11,0.0,0.0,0.0,0.0,0.0,0.0,0,0,0.0,0.0,0.0,0.0,0.0,0,0.006103515625,0.0083446502685546,0.0119209289550781,0.0119209289550781,0.0,0.0,0.0,0.0121593475341796,0.0121593475341796,0.0,0.0,0.0061103275844029,0.0,0.0081062316894531,0.0101498195103236,0.022125244140625,0.496,1.36,0.0,0.0,0.0,112.0,25.152,27.344,0.0,0.0,0
12,0.0,0.0,0.0,0.0,0.0,0.0,0,0,0.0,0.0,0.0,0.0,0.0,0,0.0062167644500732,0.0083446502685546,0.0092983245849609,0.0092983245849609,0.0,0.0,0.0,0.00762939453125,0.00762939453125,0.0,0.0,0.0061103275844029,0.0,0.0081062316894531,0.0101498195103236,0.022125244140625,0.496,1.36,0.0,0.0,0.0,112.0,25.152,27.344,0.0,0.0,0
13,0.0,0.0,0.0,0.0,0.0,0.0,0,0,0.0,0.0,0.0,0.0,0.0,0,0.0060826391723025,0.0081062316894531,0.0083446502685546,0.0083446502685546,0.0,0.0,0.0,0.0104904174804687,0.0104904174804687,0.0057220458984375,0.0,0.0061103275844029,0.0057220458984375,0.0081062316894531,0.0101498195103236,0.022125244140625,0.496,1.36,0.0,0.0,0.0,113.256,25.152,27.344,0.0,1.192,0
14,0.0,0.0,0.0,0.0,0.0,0.0,0,0,0.0,0.0,0.0,0.0,0.0,0,0.0061339671068852,0.008559226989746,0.0071525573730468,0.0071525573730468,0.0,0.0,0.0,0.0123977661132812,0.0123977661132812,0.0088214874267578,0.0,0.0061103275844029,0.0088214874267578,0.0081062316894531,0.0101498195103236,0.022125244140625,0.496,1.36,0.0,0.0,0.0,116.096,25.152,27.344,0.0,3.744,0
15,0.0,0.0,0.0,0.0,0.0,0.0,0,0,0.0,0.0,0.0,0.0,0.0,0,0.006064627934428,0.0081062316894531,0.00762939453125,0.00762939453125,0.0,0.0,0.0,0.0107288360595703,0.0107288360595703,0.0057220458984375,0.0,0.0061103275844029,0.0070095062255859,0.0081062316894531,0.0101498195103236,0.022125244140625,0.496,1.424,0.0,0.0,0.0,132.336,25.152,27.344,0.0,28.408,0
16,0.0,0.0,0.0,0.0,0.0,0.0,0,0,0.0,0.0,0.0,0.0,0.0,0,0.0063419342041015,0.0083446502685546,0.0069141387939453,0.0069141387939453,0.0,0.0,0.0,0.0090599060058593,0.0090599060058593,0.0,0.0,0.0061103275844029,0.0,0.0081062316894531,0.0101498195103236,0.022125244140625,0.496,1.424,0.0,0.0,0.0,112.0,25.152,27.344,0.0,0.0,0
17,0.0,0.0,0.0,0.0,0.0,0.0,0,0,0.0,0.0,0.0,0.0,0.0,0,0.0063240528106689,0.0085830688476562,0.0066757202148437,0.0066757202148437,0.0,0.0,0.0,0.013589859008789,0.013589859008789,0.0,0.0,0.0061103275844029,0.0,0.0081062316894531,0.0101498195103236,0.022125244140625,0.496,1.36,0.0,0.0,0.0,112.0,25.152,27.344,0.0,0.0,0
18,0.0,0.0,0.0,0.0,0.0,0.0,0,0,0.0,0.0,0.0,0.0,0.0,0,0.0063570419160446,0.0087976455688476,0.0104904174804687,0.0104904174804687,0.0,0.0,0.0,0.0088214874267578,0.0088214874267578,0.007033348083496,0.0,0.0061103275844029,0.0073194503784179,0.0081062316894531,0.0101498195103236,0.022125244140625,0.496,1.424,0.0,0.0,0.0,118.96,25.152,27.344,0.0,6.384,0
19,0.0,0.0,0.0,0.0,0.0,0.0,0,0,0.0,0.0,0.0,0.0,0.0,0,0.0061583518981933,0.0081300735473632,0.00762939453125,0.00762939453125,0.0,0.0,0.0,0.0092983245849609,0.0092983245849609,0.0,0.0,0.0061103275844029,0.0,0.0081062316894531,0.0101498195103236,0.022125244140625,0.496,1.424,0.0,0.0,0.0,112.0,25.152,27.344,0.0,0.0,0
20,0.0,0.0,0.0,0.0,0.0,0.0,0,0,0.0,0.0,0.0,0.0,0.0,0,0.0060648467410263,0.0081062316894531,0.0069141387939453,0.0069141387939453,0.0,0.0,0.0,0.009775161743164,0.009775161743164,0.0045299530029296,0.0,0.0061103275844029,0.0045299530029296,0.0081062316894531,0.0101498195103236,0.022125244140625,0.496,1.36,0.0,0.0,0.0,113.256,25.152,27.344,0.0,1.192,0
21,0.0,0.0,0.0,0.0,0.0,0.0,0,0,0.0,0.0,0.0,0.0,0.0,0,0.0062107446774914,0.0085830688476562,0.0104904174804687,0.0104904174804687,0.0,0.0,0.0,0.0100135803222656,0.0100135803222656,0.0083446502685546,0.0,0.0061103275844029,0.0083446502685546,0.0081062316894531,0.0101498195103236,0.022125244140625,0.496,1.36,0.0,0.0,0.0,113.256,25.152,27.344,0.0,1.192,0
22,0.0,0.0,0.0,0.0,0.0,0.0,0,0,0.0,0.0,0.0,0.0,0.0,0,0.0064569769553767,0.0088214874267578,0.0078678131103515,0.0078678131103515,0.0,0.0,0.0,0.0107288360595703,0.0107288360595703,0.0048772148464037,0.0,0.0061103275844029,0.0060796737670898,0.0081062316894531,0.0101498195103236,0.022125244140625,0.496,1.36,0.0,0.0,0.0,139.216,25.152,27.344,0.0,223.664,0
23,0.0,0.0,0.0,0.0,0.0,0.0,0,0,0.0,0.0,0.0,0.0,0.0,0,0.0063554564518715,0.0085830688476562,0.0066757202148437,0.0066757202148437,0.0,0.0,0.0,0.0107288360595703,0.0107288360595703,0.0045557279844541,0.0,0.0061103275844029,0.0055789947509765,0.0081062316894531,0.0101498195103236,0.022125244140625,0.496,1.424,0.0,0.0,0.0,114.296,25.152,27.344,0.0,176.744,0
24,0.0,0.0,0.0,0.0,0.0,0.0,0,0,0.0,0.0,0.0,0.0,0.0,0,0.0062439572158737,0.0085830688476562,0.0069141387939453,0.0069141387939453,0.0,0.0,0.0,0.0078678131103515,0.0078678131103515,0.005275011062622,0.0,0.0061103275844029,0.0069379806518554,0.0081062316894531,0.0101498195103236,0.022125244140625,0.496,1.392,0.0,0.0,0.0,114.424,25.152,27.344,0.0,30.656,0
25,0.0,0.0,0.0,0.0,0.0,0.0,0,0,0.0,0.0,0.0,0.0,0.0,0,0.006636576866036,0.0085830688476562,0.0081062316894531,0.0081062316894531,0.0,0.0,0.0,0.009775161743164,0.009775161743164,0.0054325376238141,0.0,0.0061103275844029,0.0063896179199218,0.0081062316894531,0.0101498195103236,0.022125244140625,0.496,1.424,0.0,0.0,0.0,117.192,25.152,27.344,0.0,85.952,0
26,0.0,0.0,0.0,0.0,0.0,0.0,0,0,0.0,0.0,0.0,0.0,0.0,0,0.0062973345097024,0.0083446502685546,0.0092983245849609,0.0092983245849609,0.0,0.0,0.0,0.0166893005371093,0.0166893005371093,0.0056879861014229,0.0,0.0061103275844029,0.0071525573730468,0.0081062316894531,0.0101498195103236,0.022125244140625,0.496,1.424,0.0,0.0,0.0,114.76,25.152,27.344,0.0,29.016,0
27,0.0,0.0,0.0,0.0,0.0,0.0,0,0,0.0,0.0,0.0,0.0,0.0,0,0.0062978267669677,0.0088214874267578,0.0116825103759765,0.0116825103759765,0.0,0.0,0.0,0.0090599060058593,0.0090599060058593,0.0047683715820312,0.0,0.0061103275844029,0.0047683715820312,0.0081062316894531,0.0101498195103236,0.022125244140625,0.496,1.424,0.0,0.0,0.0,112.0,25.152,27.344,0.0,2.408,0
28,0.0,0.0,0.0,0.0,0.0,0.0,0,0,0.0,0.0,0.0,0.0,0.0,0,0.0063668330901949,0.0085830688476562,0.0065088272094726,0.0058412551879882,0.0,0.0,0.0,0.0144243240356445,0.0145196914672851,0.0054555780747357,0.0,0.0061103275844029,0.0073432922363281,0.0081062316894531,0.0101498195103236,0.022125244140625,1.344,2.208,0.0,0.0,0.0,120.744,25.152,27.344,0.0,65.48,0
29,0.0,0.0,0.0,0.0,0.0,0.0,0,0,0.0,0.0,0.0,0.0,0.0,0,0.0062449143664671,0.0081062316894531,0.0069141387939453,0.0069141387939453,0.0,0.0,0.0,0.0102519989013671,0.0102519989013671,0.0054836273193359,0.0,0.0061103275844029,0.0062942504882812,0.0081062316894531,0.0101498195103236,0.022125244140625,0.496,1.424,0.0,0.0,0.0,118.448,25.152,27.344,0.0,20.856,0
30,0.0,0.0,0.0,0.0,0.0,0.0,0,0,0.0,0.0,0.0,0.0,0.0,0,0.006118224034855,0.0083446502685546,0.00762939453125,0.00762939453125,0.0,0.0,0.0,0.0071525573730468,0.0071525573730468,0.005960464477539,0.0,0.0061103275844029,0.005960464477539,0.0081062316894531,0.0101498195103236,0.022125244140625,0.496,1.424,0.0,0.0,0.0,113.256,25.152,27.344,0.0,1.192,0
31,0.0,0.0,0.0,0.0,0.0,0.0,0,0,0.0,0.0,0.0,0.0,0.0,0,0.0061202049255371,0.0083446502685546,0.0073909759521484,0.0073909759521484,0.0,0.0,0.0,0.0071525573730468,0.0071525573730468,0.0,0.0,0.0061103275844029,0.0,0.0081062316894531,0.0101498195103236,0.022125244140625,0.496,1.36,0.0,0.0,0.0,112.0,25.152,27.344,0.0,0.0,0
32,0.0,0.0,0.0,0.0,0.0,0.0,0,0,0.0,0.0,0.0,0.0,0.0,0,0.006270526077947,0.0087738037109375,0.0092983245849609,0.0092983245849609,0.0,0.0,0.0,0.0061988830566406,0.0061988830566406,0.0050408499581473,0.0,0.0061103275844029,0.0069856643676757,0.0081062316894531,0.0101498195103236,0.022125244140625,0.496,1.36,0.0,0.0,0.0,125.752,25.152,27.344,0.0,83.312,0
33,0.0,0.0,0.0,0.0,0.0,0.0,0,0,0.0,0.0,0.0,0.0,0.0,0,0.006565407140931,0.0090599060058593,0.00762939453125,0.00762939453125,0.0,0.0,0.0,0.00762939453125,0.00762939453125,0.0040767093499501,0.0,0.0,0.0050067901611328,0.0,0.0,0.0,0.496,1.424,0.0,0.0,0.0,117.192,0.0,0.0,0.0,2113.024,0
34,0.0,0.0,0.0,0.0,0.0,0.0,0,0,0.0,0.0,0.0,0.0,0.0,0,0.0068927878764138,0.0090599060058593,0.0066757202148437,0.0066757202148437,0.0,0.0,0.0,0.0092983245849609,0.0092983245849609,0.0042250899017834,0.0,0.0,0.0050067901611328,0.0,0.0,0.0,0.496,1.424,0.0,0.0,0.0,114.296,0.0,0.0,0.0,495.736,0
35,0.0,0.0,0.0,0.0,0.0,0.0,0,0,0.0,0.0,0.0,0.0,0.0,0,0.0062859058380126,0.0085830688476562,0.0088214874267578,0.0088214874267578,0.0,0.0,0.0,0.0090599060058593,0.0090599060058593,0.0050862630208333,0.0,0.0,0.0055789947509765,0.0,0.0,0.0,0.496,1.424,0.0,0.0,0.0,112.696,0.0,0.0,0.0,7.464,0
36,0.0,0.0,0.0,0.0,0.0,0.0,0,0,0.0,0.0,0.0,0.0,0.0,0,0.0060755631019329,0.0085353851318359,0.0085830688476562,0.0085830688476562,0.0,0.0,0.0,0.0138282775878906,0.0138282775878906,0.0052928924560546,0.0,0.0,0.0062465667724609,0.0,0.0,0.0,0.496,1.36,0.0,0.0,0.0,123.64,0.0,0.0,0.0,24.744,0
37,0.0,0.0,0.0,0.0,0.0,0.0,0,0,0.0,0.0,0.0,0.0,0.0,0,0.0063853688759378,0.0085830688476562,0.0154972076416015,0.0154972076416015,0.0042915344238281,0.0042915344238281,0.0064373016357421,0.0100135803222656,0.0100135803222656,0.0045418739318847,0.0064373016357421,0.0,0.0062465667724609,0.0,0.0,0.0,0.496,1.424,0.0,0.848,0.848,115.552,0.0,0.0,0.0,161.04,0
38,0.0,0.0,0.0,0.0,0.0,0.0,0,0,0.0,0.0,0.0,0.0,0.0,0,0.0064100199077852,0.0085830688476562,0.00762939453125,0.00762939453125,0.0,0.0,0.0,0.0071525573730468,0.0071525573730468,0.0046274878761985,0.0,0.0075340270996093,0.0071525573730468,0.0107765197753906,0.0121593475341796,0.0218391418457031,0.496,1.424,0.0,0.0,0.0,117.192,4.52,3.504,0.0,233.408,0
39,0.0,0.0,0.0,0.0,0.0,0.0,0,0,0.0,0.0,0.0,0.0,0.0,0,0.0063526630401611,0.0088214874267578,0.0081062316894531,0.0081062316894531,0.0071525573730468,0.0071525573730468,0.0052452087402343,0.0078678131103515,0.0078678131103515,0.0,0.0052452087402343,0.0,0.0,0.0,0.0,0.0,0.496,1.424,0.0,0.848,0.848,112.0,0.0,0.0,0.0,0.0,0
40,0.0,0.0,0.0,0.0,0.0,0.0,0,0,0.0,0.0,0.0,0.0,0.0,0,0.0063097476959228,0.0088214874267578,0.0078678131103515,0.0078678131103515,0.0,0.0,0.0,0.0064373016357421,0.0064373016357421,0.0,0.0,0.0,0.0,0.0,0.0,0.0,0.496,1.36,0.0,0.0,0.0,112.0,0.0,0.0,0.0,0.0,0
41,0.0,0.0,0.0,0.0,0.0,0.0,0,0,0.0,0.0,0.0,0.0,0.0,0,0.006415843963623,0.0086307525634765,0.0064373016357421,0.0064373016357421,0.0,0.0,0.0,0.0064373016357421,0.0064373016357421,0.0,0.0,0.0,0.0,0.0,0.0,0.0,0.496,1.36,0.0,0.0,0.0,112.0,0.0,0.0,0.0,0.0,0
42,0.0,0.0,0.0,0.0,0.0,0.0,0,0,0.0,0.0,0.0,0.0,0.0,0,0.0062744791914777,0.0084877014160156,0.0083446502685546,0.0083446502685546,0.0,0.0,0.0,0.0100135803222656,0.0100135803222656,0.0040425863175738,0.0,0.0063419342041015,0.0047683715820312,0.0081539154052734,0.0120162963867187,0.02288818359375,0.496,1.36,0.0,0.0,0.0,133.32,3.744,4.232,0.0,3417.464,0
43,0.0,0.0,0.0,0.0,0.0,0.0,0,0,0.0,0.0,0.0,0.0,0.0,0,0.0061870801566851,0.0083446502685546,0.0112056732177734,0.0112056732177734,0.0,0.0,0.0,0.0102519989013671,0.0102519989013671,0.006028584071568,0.0,0.0064373016357421,0.006866455078125,0.008249282836914,0.0119209289550781,0.02288818359375,0.496,1.424,0.0,0.0,0.0,118.448,3.744,4.232,0.0,20.296,0
44,0.0,0.0,0.0,0.0,0.0,0.0,0,0,0.0,0.0,0.0,0.0,0.0,0,0.0065742152752262,0.0090599060058593,0.0119209289550781,0.0119209289550781,0.0,0.0,0.0,0.0073909759521484,0.0073909759521484,0.0044995165885762,0.0,0.0062465667724609,0.0054836273193359,0.0083684921264648,0.0105857849121093,0.023818016052246,0.496,1.424,0.0,0.0,0.0,117.264,8.264,7.736,0.0,632.144,0
45,0.0,0.0,0.0,0.0,0.0,0.0,0,0,0.0,0.0,0.0,0.0,0.0,0,0.0066152259485045,0.0088214874267578,0.0078678131103515,0.0078678131103515,0.0,0.0,0.0,0.0064373016357421,0.0064373016357421,0.0043559718776393,0.0,0.0,0.0050067901611328,0.0,0.0,0.0,0.496,1.424,0.0,0.0,0.0,114.632,0.0,0.0,0.0,1105.2,0
46,0.0,0.0,0.0,0.0,0.0,0.0,0,0,0.0,0.0,0.0,0.0,0.0,0,0.0065748964376117,0.0090599060058593,0.0066757202148437,0.0066757202148437,0.0,0.0,0.0,0.0085830688476562,0.0085830688476562,0.0044440114220907,0.0,0.0,0.0053644180297851,0.0,0.0,0.0,0.496,1.424,0.0,0.0,0.0,114.632,0.0,0.0,0.0,403.36,0
47,0.0,0.0,0.0,0.0,0.0,0.0,0,0,0.0,0.0,0.0,0.0,0.0,0,0.0064752588224648,0.0088214874267578,0.0116825103759765,0.0116825103759765,0.0,0.0,0.0,0.0081062316894531,0.0081062316894531,0.0044092347350301,0.0,0.0,0.0050544738769531,0.0,0.0,0.0,0.496,1.424,0.0,0.0,0.0,114.632,0.0,0.0,0.0,501.64,0
48,0.0,0.0,0.0,0.0,0.0,0.0,0,0,0.0,0.0,0.0,0.0,0.0,0,0.0066092951380791,0.0095367431640625,0.00762939453125,0.00762939453125,0.0,0.0,0.0,0.009775161743164,0.009775161743164,0.0044955147637261,0.0,0.0061988830566406,0.0052452087402343,0.0078201293945312,0.0105857849121093,0.0197410583496093,0.496,1.392,0.0,0.0,0.0,114.6,3.744,4.232,0.0,547.344,0
49,0.0,0.0,0.0,0.0,0.0,0.0,0,0,0.0,0.0,0.0,0.0,0.0,0,0.0065435277353418,0.0090599060058593,0.0119209289550781,0.0119209289550781,0.0,0.0,0.0,0.0147819519042968,0.0147819519042968,0.0043997243672859,0.0,0.0061988830566406,0.0052928924560546,0.0080108642578125,0.0107288360595703,0.0192165374755859,0.496,1.424,0.0,0.0,0.0,118.448,3.744,4.232,0.0,809.8,0
50,0.0,0.0,0.0,0.0,0.0,0.0,0,0,0.0,0.0,0.0,0.0,0.0,0,0.0065175613554397,0.0085830688476562,0.0095367431640625,0.0095367431640625,0.0,0.0,0.0,0.0119209289550781,0.0119209289550781,0.004471802129978,0.0,0.0061273574829101,0.0054597854614257,0.0081539154052734,0.0106334686279296,0.025343894958496,0.496,1.424,0.0,0.0,0.0,116.592,8.264,7.736,0.0,516.656,0
51,0.0,0.0,0.0,0.0,0.0,0.0,0,0,0.0,0.0,0.0,0.0,0.0,0,0.006342878436098,0.0087976455688476,0.0083446502685546,0.0083446502685546,0.0,0.0,0.0,0.0121593475341796,0.0121593475341796,0.0047584374745686,0.0,0.0,0.0063896179199218,0.0,0.0,0.0,0.496,1.424,0.0,0.0,0.0,118.448,0.0,0.0,0.0,205.312,0
52,0.0,0.0,0.0,0.0,0.0,0.0,0,0,0.0,0.0,0.0,0.0,0.0,0,0.0062285371087676,0.0088214874267578,0.0069141387939453,0.0069141387939453,0.0,0.0,0.0,0.013589859008789,0.013589859008789,0.0050251300518329,0.0,0.0,0.0070571899414062,0.0,0.0,0.0,0.496,1.424,0.0,0.0,0.0,117.192,0.0,0.0,0.0,146.808,0
53,0.0,0.0,0.0,0.0,0.0,0.0,0,0,0.0,0.0,0.0,0.0,0.0,0,0.0062060000291511,0.0081062316894531,0.0095367431640625,0.0095367431640625,0.0,0.0,0.0,0.0088214874267578,0.0088214874267578,0.0046443939208984,0.0,0.0,0.0061988830566406,0.0,0.0,0.0,0.496,1.424,0.0,0.0,0.0,117.192,0.0,0.0,0.0,223.128,0
54,0.0,0.0,0.0,0.0,0.0,0.0,0,0,0.0,0.0,0.0,0.0,0.0,0,0.0063163131030637,0.0081062316894531,0.0073909759521484,0.0073909759521484,0.0,0.0,0.0,0.0143051147460937,0.0143051147460937,0.0047206878662109,0.0,0.0060558319091796,0.0063896179199218,0.0079631805419921,0.0107765197753906,0.020456314086914,0.496,1.392,0.0,0.0,0.0,114.856,3.744,4.232,0.0,46.536,0
55,0.0,0.0,0.0,0.0,0.0,0.0,0,0,0.0,0.0,0.0,0.0,0.0,0,0.0060458681476649,0.0081062316894531,0.0078678131103515,0.0078678131103515,0.0,0.0,0.0,0.0109672546386718,0.0109672546386718,0.0041287119795636,0.0,0.0063419342041015,0.0052452087402343,0.0075817108154296,0.0105857849121093,0.0194072723388671,0.496,1.424,0.0,0.0,0.0,117.192,3.744,4.232,0.0,411.528,0
56,0.0,0.0,0.0,0.0,0.0,0.0,0,0,0.0,0.0,0.0,0.0,0.0,0,0.0062862245163114,0.0085830688476562,0.0107288360595703,0.0107288360595703,0.0,0.0,0.0,0.0116825103759765,0.0116825103759765,0.004887580871582,0.0,0.0062942504882812,0.006103515625,0.0083684921264648,0.0111341476440429,0.0230312347412109,0.496,1.424,0.0,0.0,0.0,116.592,8.264,7.736,0.0,14.528,0
57,0.0,0.0,0.0,0.0,0.0,0.0,0,0,0.0,0.0,0.0,0.0,0.0,0,0.0065624123752707,0.0090360641479492,0.0073909759521484,0.0073909759521484,0.0,0.0,0.0,0.0119209289550781,0.0119209289550781,0.0040618740782445,0.0,0.0,0.0047683715820312,0.0,0.0,0.0,0.496,1.424,0.0,0.0,0.0,118.448,0.0,0.0,0.0,2504.216,0
58,0.0,0.0,0.0,0.0,0.0,0.0,0,0,0.0,0.0,0.0,0.0,0.0,0,0.0069578095237807,0.009775161743164,0.0088214874267578,0.0088214874267578,0.0,0.0,0.0,0.0157356262207031,0.0157356262207031,0.0039364012189331,0.0,0.0,0.0047683715820312,0.0,0.0,0.0,0.496,1.424,0.0,0.0,0.0,118.448,0.0,0.0,0.0,14772.192,0
59,0.0,0.0,0.0,0.0,0.0,0.0,0,0,0.0,0.0,0.0,0.0,0.0,0,0.0063886689902538,0.0088214874267578,0.0073432922363281,0.0061988830566406,0.0,0.0,0.0,0.0123977661132812,0.0135421752929687,0.004036860032515,0.0,0.0,0.0048398971557617,0.0,0.0,0.0,1.344,2.272,0.0,0.0,0.0,117.192,0.0,0.0,0.0,973.696,0
60,0.0,0.0,0.0,0.0,0.0,0.0,0,0,0.0,0.0,0.0,0.0,0.0,0,0.0061309337615966,0.0083446502685546,0.0078678131103515,0.0078678131103515,0.0,0.0,0.0,0.00762939453125,0.00762939453125,0.0,0.0,0.0,0.0,0.0,0.0,0.0,0.496,1.424,0.0,0.0,0.0,112.0,0.0,0.0,0.0,0.0,0
61,0.0,0.0,0.0,0.0,0.0,0.0,0,0,0.0,0.0,0.0,0.0,0.0,0,0.0060617923736572,0.0081062316894531,0.0100135803222656,0.0100135803222656,0.0,0.0,0.0,0.0069141387939453,0.0069141387939453,0.0,0.0,0.0069618225097656,0.0,0.0093460083007812,0.0116825103759765,0.0216484069824218,0.496,1.36,0.0,0.0,0.0,112.0,3.744,4.232,0.0,0.0,0
62,0.0,0.0,0.0,0.0,0.0,0.0,0,0,0.0,0.0,0.0,0.0,0.0,0,0.0062155723571777,0.0083446502685546,0.0069141387939453,0.0069141387939453,0.0,0.0,0.0,0.0083446502685546,0.0083446502685546,0.0,0.0,0.0078201293945312,0.0,0.0102996826171875,0.0124454498291015,0.0237941741943359,0.496,1.36,0.0,0.0,0.0,112.0,3.744,4.232,0.0,0.0,0
63,0.0,0.0,0.0,0.0,0.0,0.0,0,0,0.0,0.0,0.0,0.0,0.0,0,0.0062036277049809,0.0083446502685546,0.0078678131103515,0.0078678131103515,0.0,0.0,0.0,0.0083446502685546,0.0083446502685546,0.0078678131103515,0.0,0.0061988830566406,0.0078678131103515,0.0086784362792968,0.0107526779174804,0.0248908996582031,0.496,1.36,0.0,0.0,0.0,113.256,8.264,7.736,0.0,1.192,0
64,0.0,0.0,0.0,0.0,0.0,0.0,0,0,0.0,0.0,0.0,0.0,0.0,0,0.0062119308395765,0.0083446502685546,0.00762939453125,0.00762939453125,0.0,0.0,0.0,0.00762939453125,0.00762939453125,0.0050067901611328,0.0,0.0,0.0050067901611328,0.0,0.0,0.0,0.496,1.36,0.0,0.0,0.0,113.256,0.0,0.0,0.0,1.192,0
65,0.0,0.0,0.0,0.0,0.0,0.0,0,0,0.0,0.0,0.0,0.0,0.0,0,0.0063613872622969,0.0085830688476562,0.0083446502685546,0.0083446502685546,0.0,0.0,0.0,0.0083446502685546,0.0083446502685546,0.005960464477539,0.0,0.0,0.005960464477539,0.0,0.0,0.0,0.496,1.36,0.0,0.0,0.0,113.256,0.0,0.0,0.0,1.192,0
66,0.0,0.0,0.0,0.0,0.0,0.0,0,0,0.0,0.0,0.0,0.0,0.0,0,0.0061714649200439,0.0081062316894531,0.0071525573730468,0.0071525573730468,0.0,0.0,0.0,0.0107288360595703,0.0107288360595703,0.0,0.0,0.0,0.0,0.0,0.0,0.0,0.496,1.36,0.0,0.0,0.0,112.0,0.0,0.0,0.0,0.0,0
67,0.0,0.0,0.0,0.0,0.0,0.0,0,0,0.0,0.0,0.0,0.0,0.0,0,0.0060904026031494,0.0081062316894531,0.00762939453125,0.00762939453125,0.0,0.0,0.0,0.0121593475341796,0.0121593475341796,0.0,0.0,0.0072479248046875,0.0,0.009012222290039,0.0114917755126953,0.0216484069824218,0.496,1.36,0.0,0.0,0.0,112.0,3.744,4.232,0.0,0.0,0
68,0.0,0.0,0.0,0.0,0.0,0.0,0,0,0.0,0.0,0.0,0.0,0.0,0,0.0060904026031494,0.0083446502685546,0.00762939453125,0.00762939453125,0.0081062316894531,0.0081062316894531,0.0069141387939453,0.0081062316894531,0.0081062316894531,0.0,0.0069141387939453,0.0066280364990234,0.0,0.0088214874267578,0.0109672546386718,0.0204086303710937,0.496,1.36,0.0,0.848,0.848,112.0,3.744,4.232,0.0,0.0,0
69,0.0,0.0,0.0,0.0,0.0,0.0,0,0,0.0,0.0,0.0,0.0,0.0,0,0.0062072277069091,0.0083684921264648,0.0071525573730468,0.0071525573730468,0.0,0.0,0.0,0.0090599060058593,0.0090599060058593,0.0,0.0,0.0065803527832031,0.0,0.0090360641479492,0.0110387802124023,0.0273466110229492,0.496,1.36,0.0,0.0,0.0,112.0,8.264,7.736,0.0,0.0,0
70,0.0,0.0,0.0,0.0,0.0,0.0,0,0,0.0,0.0,0.0,0.0,0.0,0,0.0060850114964727,0.0083446502685546,0.0095367431640625,0.0095367431640625,0.0,0.0,0.0,0.0083446502685546,0.0083446502685546,0.0083446502685546,0.0,0.0,0.0083446502685546,0.0,0.0,0.0,0.496,1.36,0.0,0.0,0.0,113.256,0.0,0.0,0.0,1.192,0
71,0.0,0.0,0.0,0.0,0.0,0.0,0,0,0.0,0.0,0.0,0.0,0.0,0,0.0061810906253643,0.0081062316894531,0.0066757202148437,0.0066757202148437,0.0069141387939453,0.0069141387939453,0.0057220458984375,0.0100135803222656,0.0100135803222656,0.0088214874267578,0.0057220458984375,0.0,0.0088214874267578,0.0,0.0,0.0,0.496,1.36,0.0,0.848,0.848,113.256,0.0,0.0,0.0,1.192,0
72,0.0,0.0,0.0,0.0,0.0,0.0,0,0,0.0,0.0,0.0,0.0,0.0,0,0.0063352916964251,0.0088214874267578,0.0069141387939453,0.0069141387939453,0.0,0.0,0.0,0.0109672546386718,0.0109672546386718,0.0050067901611328,0.0,0.0,0.0050067901611328,0.0,0.0,0.0,0.496,1.36,0.0,0.0,0.0,113.256,0.0,0.0,0.0,1.192,0
73,0.0,0.0,0.0,0.0,0.0,0.0,0,0,0.0,0.0,0.0,0.0,0.0,0,0.0061464309692382,0.0083446502685546,0.0078678131103515,0.0078678131103515,0.0,0.0,0.0,0.0057220458984375,0.0057220458984375,0.0,0.0,0.005960464477539,0.0,0.0075340270996093,0.011301040649414,0.0212669372558593,0.496,1.36,0.0,0.0,0.0,112.0,3.744,4.232,0.0,0.0,0
74,0.0,0.0,0.0,0.0,0.0,0.0,0,0,0.0,0.0,0.0,0.0,0.0,0,0.0063788890838623,0.0090599060058593,0.011444091796875,0.011444091796875,0.0,0.0,0.0,0.0109672546386718,0.0109672546386718,0.0,0.0,0.0065803527832031,0.0,0.0085353851318359,0.0117778778076171,0.0224113464355468,0.496,1.36,0.0,0.0,0.0,112.0,3.744,4.232,0.0,0.0,0
75,0.0,0.0,0.0,0.0,0.0,0.0,0,0,0.0,0.0,0.0,0.0,0.0,0,0.0060129165649414,0.0083446502685546,0.0066757202148437,0.0066757202148437,0.0,0.0,0.0,0.0090599060058593,0.0090599060058593,0.0,0.0,0.0061750411987304,0.0,0.008392333984375,0.0123977661132812,0.0285863876342773,0.496,1.36,0.0,0.0,0.0,112.0,8.264,7.736,0.0,0.0,0
76,0.0,0.0,0.0,0.0,0.0,0.0,0,0,0.0,0.0,0.0,0.0,0.0,0,0.006108283996582,0.0083684921264648,0.0069141387939453,0.0069141387939453,0.0,0.0,0.0,0.0078678131103515,0.0078678131103515,0.0,0.0,0.0,0.0,0.0,0.0,0.0,0.496,1.36,0.0,0.0,0.0,112.0,0.0,0.0,0.0,0.0,0
77,0.0,0.0,0.0,0.0,0.0,0.0,0,0,0.0,0.0,0.0,0.0,0.0,0,0.0062795420784262,0.0083446502685546,0.0073909759521484,0.0073909759521484,0.0,0.0,0.0,0.009775161743164,0.009775161743164,0.0092983245849609,0.0,0.0,0.0092983245849609,0.0,0.0,0.0,0.496,1.36,0.0,0.0,0.0,113.256,0.0,0.0,0.0,1.192,0
78,0.0,0.0,0.0,0.0,0.0,0.0,0,0,0.0,0.0,0.0,0.0,0.0,0,0.0064468383789062,0.0083446502685546,0.0081062316894531,0.0081062316894531,0.0,0.0,0.0,0.0069141387939453,0.0069141387939453,0.0085830688476562,0.0,0.0,0.0085830688476562,0.0,0.0,0.0,0.496,1.36,0.0,0.0,0.0,112.696,0.0,0.0,0.0,1.192,0
79,0.0,0.0,0.0,0.0,0.0,0.0,0,0,0.0,0.0,0.0,0.0,0.0,0,0.0061858352737047,0.0085830688476562,0.00762939453125,0.00762939453125,0.0,0.0,0.0,0.0092983245849609,0.0092983245849609,0.0047683715820312,0.0,0.0060081481933593,0.0047683715820312,0.0074386596679687,0.0117778778076171,0.0220298767089843,0.496,1.36,0.0,0.0,0.0,113.256,3.744,4.232,0.0,1.192,0
80,0.0,0.0,0.0,0.0,0.0,0.0,0,0,0.0,0.0,0.0,0.0,0.0,0,0.0062346458435058,0.0090599060058593,0.0085830688476562,0.0085830688476562,0.0,0.0,0.0,0.0073909759521484,0.0073909759521484,0.0,0.0,0.0060081481933593,0.0,0.0077247619628906,0.011444091796875,0.021219253540039,0.496,1.36,0.0,0.0,0.0,112.0,3.744,4.232,0.0,0.0,0
81,0.0,0.0,0.0,0.0,0.0,0.0,0,0,0.0,0.0,0.0,0.0,0.0,0,0.0063705444335937,0.0083446502685546,0.0112056732177734,0.0112056732177734,0.0,0.0,0.0,0.0066757202148437,0.0066757202148437,0.0,0.0,0.0063896179199218,0.0,0.0081777572631835,0.0103712081909179,0.0235319137573242,0.496,1.36,0.0,0.0,0.0,112.0,8.264,7.736,0.0,0.0,0
82,0.0,0.0,0.0,0.0,0.0,0.0,0,0,0.0,0.0,0.0,0.0,0.0,0,0.0062549114227294,0.0081062316894531,0.0069141387939453,0.0069141387939453,0.0,0.0,0.0,0.0078678131103515,0.0078678131103515,0.0,0.0,0.0,0.0,0.0,0.0,0.0,0.496,1.36,0.0,0.0,0.0,112.0,0.0,0.0,0.0,0.0,0
83,0.0,0.0,0.0,0.0,0.0,0.0,0,0,0.0,0.0,0.0,0.0,0.0,0,0.0061047077178955,0.0085830688476562,0.00762939453125,0.00762939453125,0.0,0.0,0.0,0.0123977661132812,0.0123977661132812,0.0,0.0,0.0,0.0,0.0,0.0,0.0,0.496,1.36,0.0,0.0,0.0,112.0,0.0,0.0,0.0,0.0,0
84,0.0,0.0,0.0,0.0,0.0,0.0,0,0,0.0,0.0,0.0,0.0,0.0,0,0.0061300856557058,0.0083446502685546,0.0073909759521484,0.0073909759521484,0.0,0.0,0.0,0.0090599060058593,0.0090599060058593,0.0085830688476562,0.0,0.0,0.0085830688476562,0.0,0.0,0.0,0.496,1.36,0.0,0.0,0.0,113.256,0.0,0.0,0.0,1.192,0
85,0.0,0.0,0.0,0.0,0.0,0.0,0,0,0.0,0.0,0.0,0.0,0.0,0,0.0062261647845975,0.0085830688476562,0.0064373016357421,0.0064373016357421,0.0,0.0,0.0,0.0116825103759765,0.0116825103759765,0.0088214874267578,0.0,0.0075817108154296,0.0088214874267578,0.0107288360595703,0.0118255615234375,0.0229835510253906,0.496,1.36,0.0,0.0,0.0,113.256,3.744,4.232,0.0,1.192,0
86,0.0,0.0,0.0,0.0,0.0,0.0,0,0,0.0,0.0,0.0,0.0,0.0,0,0.0061858352737047,0.0085830688476562,0.0085830688476562,0.0085830688476562,0.0,0.0,0.0,0.0071525573730468,0.0071525573730468,0.0045299530029296,0.0,0.0061511993408203,0.0045299530029296,0.0079154968261718,0.0109195709228515,0.0206470489501953,0.496,1.36,0.0,0.0,0.0,113.256,3.744,4.232,0.0,1.192,0
87,0.0,0.0,0.0,0.0,0.0,0.0,0,0,0.0,0.0,0.0,0.0,0.0,0,0.0061964988708496,0.0085830688476562,0.0090599060058593,0.0090599060058593,0.0,0.0,0.0,0.0100135803222656,0.0100135803222656,0.0,0.0,0.0063180923461914,0.0,0.008702278137207,0.0110864639282226,0.0256299972534179,0.496,1.36,0.0,0.0,0.0,112.0,8.264,7.736,0.0,0.0,0
88,0.0,0.0,0.0,0.0,0.0,0.0,0,0,0.0,0.0,0.0,0.0,0.0,0,0.0061357021331787,0.0083446502685546,0.0071525573730468,0.0071525573730468,0.0,0.0,0.0,0.0088214874267578,0.0088214874267578,0.0,0.0,0.0,0.0,0.0,0.0,0.0,0.496,1.36,0.0,0.0,0.0,112.0,0.0,0.0,0.0,0.0,0
89,0.0,0.0,0.0,0.0,0.0,0.0,0,0,0.0,0.0,0.0,0.0,0.0,0,0.0062942504882812,0.0086069107055664,0.0090599060058593,0.0090599060058593,0.0,0.0,0.0,0.0116825103759765,0.0116825103759765,0.0,0.0,0.0,0.0,0.0,0.0,0.0,0.496,1.36,0.0,0.0,0.0,112.0,0.0,0.0,0.0,0.0,0
90,0.0,0.0,0.0,0.0,0.0,0.0,0,0,0.0,0.0,0.0,0.0,0.0,0,0.0063748035616087,0.0085830688476562,0.0095367431640625,0.0095367431640625,0.0,0.0,0.0,0.00762939453125,0.00762939453125,0.0046312808990478,0.0,0.0,0.0064611434936523,0.0,0.0,0.0,0.496,1.36,0.0,0.0,0.0,143.152,0.0,0.0,0.0,334.368,0
91,0.0,0.0,0.0,0.0,0.0,0.0,0,0,0.0,0.0,0.0,0.0,0.0,0,0.0068350593642433,0.0092983245849609,0.0107526779174804,0.0079870223999023,0.0,0.0,0.0,0.0106096267700195,0.0110864639282226,0.0042772578622052,0.0,0.006103515625,0.0054836273193359,0.0079631805419921,0.0104427337646484,0.019073486328125,1.344,2.272,0.0,0.0,0.0,117.808,3.744,4.232,0.0,1436.616,0
92,0.0,0.0,0.0,0.0,0.0,0.0,0,0,0.0,0.0,0.0,0.0,0.0,0,0.0065871984651773,0.0088214874267578,0.0083446502685546,0.0083446502685546,0.0,0.0,0.0,0.0104904174804687,0.0104904174804687,0.0044777279808407,0.0,0.0068388487163342,0.0057220458984375,0.0093460083007812,0.0103314717610677,0.0221729278564453,0.496,1.424,0.0,0.0,0.0,115.952,15.048,15.016,0.0,841.256,0
93,0.0,0.0,0.0,0.0,0.0,0.0,0,0,0.0,0.0,0.0,0.0,0.0,0,0.006095017537032,0.0083208084106445,0.0066757202148437,0.0066757202148437,0.0,0.0,0.0,0.0147819519042968,0.0147819519042968,0.0049273173014322,0.0,0.0064611434936523,0.0065088272094726,0.0088214874267578,0.0109434127807617,0.0251531600952148,0.496,1.424,0.0,0.0,0.0,118.448,8.264,7.736,0.0,115.856,0
94,0.0,0.0,0.0,0.0,0.0,0.0,0,0,0.0,0.0,0.0,0.0,0.0,0,0.0064218815286361,0.0083446502685546,0.0052452087402343,0.0052452087402343,0.0,0.0,0.0,0.0081062316894531,0.0081062316894531,0.0049096566659432,0.0,0.0,0.0064373016357421,0.0,0.0,0.0,0.496,1.424,0.0,0.0,0.0,117.192,0.0,0.0,0.0,358.064,0
95,0.0,0.0,0.0,0.0,0.0,0.0,0,0,0.0,0.0,0.0,0.0,0.0,0,0.0062961483476173,0.0085830688476562,0.0092983245849609,0.0092983245849609,0.0,0.0,0.0,0.011444091796875,0.011444091796875,0.0043098743145282,0.0,0.0,0.0054836273193359,0.0,0.0,0.0,0.496,1.424,0.0,0.0,0.0,116.632,0.0,0.0,0.0,484.336,0
96,0.0,0.0,0.0,0.0,0.0,0.0,0,0,0.0,0.0,0.0,0.0,0.0,0,0.0061559677124023,0.0088214874267578,0.0073909759521484,0.0073909759521484,0.0,0.0,0.0,0.0116825103759765,0.0116825103759765,0.0,0.0,0.0,0.0,0.0,0.0,0.0,0.496,1.424,0.0,0.0,0.0,112.0,0.0,0.0,0.0,0.0,0
97,0.0,0.0,0.0,0.0,0.0,0.0,0,0,0.0,0.0,0.0,0.0,0.0,0,0.0063127546168085,0.0088214874267578,0.0069141387939453,0.0069141387939453,0.0,0.0,0.0,0.0100135803222656,0.0100135803222656,0.0054459822805304,0.0,0.005960464477539,0.0079154968261718,0.0075340270996093,0.0110626220703125,0.0205039978027343,0.496,1.424,0.0,0.0,0.0,114.392,3.744,4.232,0.0,40.872,0
98,0.0,0.0,0.0,0.0,0.0,0.0,0,0,0.0,0.0,0.0,0.0,0.0,0,0.0061810906253643,0.0083446502685546,0.00762939453125,0.00762939453125,0.0,0.0,0.0,0.0112056732177734,0.0112056732177734,0.0081062316894531,0.0,0.0061988830566406,0.0081062316894531,0.0077724456787109,0.0109195709228515,0.0199794769287109,0.496,1.392,0.0,0.0,0.0,113.256,3.744,4.232,0.0,1.192,0
99,0.0,0.0,0.0,0.0,0.0,0.0,0,0,0.0,0.0,0.0,0.0,0.0,0,0.0062210887086157,0.0081062316894531,0.0078678131103515,0.0078678131103515,0.0,0.0,0.0,0.0071525573730468,0.0071525573730468,0.0066757202148437,0.0,0.0068081749810112,0.0077009201049804,0.0095367431640625,0.0102303244850852,0.0216960906982421,0.496,1.36,0.0,0.0,0.0,120.432,8.792,7.208,0.0,7.504,0
100,0.0,0.0,0.0,0.0,0.0,0.0,0,0,0.0,0.0,0.0,0.0,0.0,0,0.0065033978754931,0.0090599060058593,0.00762939453125,0.00762939453125,0.0064373016357421,0.0064373016357421,0.0095367431640625,0.0073909759521484,0.0073909759521484,0.0050159601064828,0.0095367431640625,0.0,0.0060796737670898,0.0,0.0,0.0,0.496,1.424,0.0,0.848,0.848,115.648,0.0,0.0,0.0,54.752,0
101,0.0,0.0,0.0,0.0,0.0,0.0,0,0,0.0,0.0,0.0,0.0,0.0,0,0.0059414858841777,0.0078678131103515,0.0085830688476562,0.0085830688476562,0.0,0.0,0.0,0.0090599060058593,0.0090599060058593,0.0049647162942325,0.0,0.0,0.0059127807617187,0.0,0.0,0.0,0.496,1.424,0.0,0.0,0.0,114.392,0.0,0.0,0.0,35.768,0
102,0.0,0.0,0.0,0.0,0.0,0.0,0,0,0.0,0.0,0.0,0.0,0.0,0,0.0062724251059157,0.0085830688476562,0.0078678131103515,0.0078678131103515,0.0,0.0,0.0,0.0152587890625,0.0152587890625,0.0050893196692833,0.0,0.0,0.0058412551879882,0.0,0.0,0.0,0.496,1.424,0.0,0.0,0.0,114.392,0.0,0.0,0.0,56.112,0
103,0.0,0.0,0.0,0.0,0.0,0.0,0,0,0.0,0.0,0.0,0.0,0.0,0,0.006248701864214,0.0083446502685546,0.0078678131103515,0.0078678131103515,0.0092983245849609,0.0092983245849609,0.0045299530029296,0.0138282775878906,0.0138282775878906,0.0057954054612379,0.0045299530029296,0.0063896179199218,0.0075817108154296,0.0080108642578125,0.0120162963867187,0.0224113464355468,0.496,1.424,0.0,0.848,0.848,114.392,3.744,4.232,0.0,27.352,1
104,0.0,0.0,0.0,0.0,0.0,0.0,0,0,0.0,0.0,0.0,0.0,0.0,0,0.0061428546905517,0.0081062316894531,0.00762939453125,0.00762939453125,0.0,0.0,0.0,0.0078678131103515,0.0078678131103515,0.0054836273193359,0.0,0.0,0.0054836273193359,0.0,0.0,0.0,0.496,1.424,0.0,0.0,0.0,112.0,0.0,0.0,100.0,2.104,1
105,0.0,0.0,0.0,0.0,0.0,0.0,0,0,0.0,0.0,0.0,0.0,0.0,0,0.0062024239266272,0.0085830688476562,0.0088214874267578,0.0088214874267578,0.0,0.0,0.0,0.0090599060058593,0.0090599060058593,0.0057518482208251,0.0,0.0,0.0075817108154296,0.0,0.0,0.0,0.496,1.392,1.0,0.0,0.0,115.648,0.0,0.0,100.0,15.92,1
106,0.0,0.0,0.0,0.0,0.0,0.0,0,0,0.0,0.0,0.0,0.0,0.0,0,0.005960464477539,0.0080823898315429,0.0092983245849609,0.0092983245849609,0.0,0.0,0.0,0.00762939453125,0.00762939453125,0.0054836273193359,0.0,0.0,0.0063657760620117,0.0,0.0,0.0,0.496,1.424,1.0,0.0,0.0,115.648,0.0,0.0,100.0,7.504,1
107,0.0,0.0,0.0,0.0,0.0,0.0,0,0,0.0,0.0,0.0,0.0,0.0,0,0.0062201282765605,0.0088214874267578,0.0085830688476562,0.0085830688476562,0.0,0.0,0.0,0.0088214874267578,0.0088214874267578,0.0051259994506835,0.0,0.0,0.0057220458984375,0.0,0.0,0.0,0.496,1.424,1.0,0.0,0.0,115.648,0.0,0.0,100.0,13.376,1
108,0.0,0.0,0.0,0.0,0.0,0.0,0,0,0.0,0.0,0.0,0.0,0.0,0,0.0059770707467302,0.0081062316894531,0.00762939453125,0.00762939453125,0.0,0.0,0.0,0.0107288360595703,0.0107288360595703,0.005960464477539,0.0,0.0,0.0065326690673828,0.0,0.0,0.0,0.496,1.424,1.0,0.0,0.0,114.392,0.0,0.0,100.0,4.208,1
109,0.0,0.0,0.0,0.0,0.0,0.0,0,0,0.0,0.0,0.0,0.0,0.0,0,0.0061680428424284,0.0083446502685546,0.0104904174804687,0.0104904174804687,0.0,0.0,0.0,0.0107288360595703,0.0107288360595703,0.006013446384006,0.0,0.0,0.008249282836914,0.0,0.0,0.0,0.496,1.424,1.0,0.0,0.0,114.392,0.0,0.0,100.0,18.936,1
110,0.0,0.0,0.0,0.0,0.0,0.0,0,0,0.0,0.0,0.0,0.0,0.0,0,0.0061368942260742,0.0083446502685546,0.0071525573730468,0.0071525573730468,0.0,0.0,0.0,0.0128746032714843,0.0128746032714843,0.0,0.0,0.0,0.0,0.0,0.0,0.0,0.496,1.424,0.0,0.0,0.0,112.0,0.0,0.0,100.0,0.0,1
111,0.0,0.0,0.0,0.0,0.0,0.0,0,0,0.0,0.0,0.0,0.0,0.0,0,0.0060980592794086,0.0081062316894531,0.00762939453125,0.00762939453125,0.0,0.0,0.0,0.0112056732177734,0.0112056732177734,0.0085830688476562,0.0,0.0,0.0085830688476562,0.0,0.0,0.0,0.496,1.36,1.0,0.0,0.0,114.456,0.0,0.0,100.0,2.168,1
112,0.0,0.0,0.0,0.0,0.0,0.0,0,0,0.0,0.0,0.0,0.0,0.0,0,0.0064443139468922,0.0088214874267578,0.0066757202148437,0.0066757202148437,0.0,0.0,0.0,0.0078678131103515,0.0078678131103515,0.004038172230082,0.0,0.0,0.0047683715820312,0.0,0.0,0.0,0.496,1.424,0.0,0.0,0.0,128.832,0.0,0.0,100.0,3826.568,1
113,0.0,0.0,0.0,0.0,0.0,0.0,0,0,0.0,0.0,0.0,0.0,0.0,0,0.0066460661627166,0.0090599060058593,0.0081062316894531,0.0081062316894531,0.0,0.0,0.0,0.0157356262207031,0.0157356262207031,0.0039968431366156,0.0,0.0,0.0047683715820312,0.0,0.0,0.0,0.496,1.424,0.0,0.0,0.0,113.256,0.0,0.0,100.0,3570.016,1
114,0.0,0.0,0.0,0.0,0.0,0.0,0,0,0.0,0.0,0.0,0.0,0.0,0,0.0059830015571556,0.0081062316894531,0.0078678131103515,0.0078678131103515,0.0,0.0,0.0,0.0128746032714843,0.0128746032714843,0.0064373016357421,0.0,0.0,0.0064373016357421,0.0,0.0,0.0,0.496,1.424,0.0,0.0,0.0,113.256,0.0,0.0,100.0,1.192,1
115,0.0,0.0,0.0,0.0,0.0,0.0,0,0,0.0,0.0,0.0,0.0,0.0,0,0.0060200691223144,0.0078916549682617,0.0078678131103515,0.0078678131103515,0.0,0.0,0.0,0.0078678131103515,0.0078678131103515,0.0,0.0,0.0,0.0,0.0,0.0,0.0,0.496,1.36,0.0,0.0,0.0,112.0,0.0,0.0,100.0,0.0,1
116,0.0,0.0,0.0,0.0,0.0,0.0,0,0,0.0,0.0,0.0,0.0,0.0,0,0.0062251091003417,0.0083446502685546,0.0066757202148437,0.0066757202148437,0.0,0.0,0.0,0.0095367431640625,0.0095367431640625,0.0,0.0,0.0,0.0,0.0,0.0,0.0,0.496,1.36,1.0,0.0,0.0,112.0,0.0,0.0,100.0,0.0,1
117,0.0,0.0,0.0,0.0,0.0,0.0,0,0,0.0,0.0,0.0,0.0,0.0,0,0.0064817129396924,0.0092267990112304,0.0102519989013671,0.0102519989013671,0.0,0.0,0.0,0.0066757202148437,0.0066757202148437,0.0043299890333606,0.0,0.0,0.0052452087402343,0.0,0.0,0.0,0.496,1.36,1.0,0.0,0.0,132.768,0.0,0.0,100.0,1125.92,1
118,0.0,0.0,0.0,0.0,0.0,0.0,0,0,0.0,0.0,0.0,0.0,0.0,0,0.0062154893258317,0.0085830688476562,0.0066757202148437,0.0066757202148437,0.0,0.0,0.0,0.00762939453125,0.00762939453125,0.0049471855163574,0.0,0.0,0.0069618225097656,0.0,0.0,0.0,0.496,1.424,1.0,0.0,0.0,117.192,0.0,0.0,100.0,39.36,1
119,0.0,0.0,0.0,0.0,0.0,0.0,0,0,0.0,0.0,0.0,0.0,0.0,0,0.0062664942954903,0.0083446502685546,0.00762939453125,0.00762939453125,0.0,0.0,0.0,0.0085830688476562,0.0085830688476562,0.0047683715820312,0.0,0.0,0.0047683715820312,0.0,0.0,0.0,0.496,1.424,1.0,0.0,0.0,113.256,0.0,0.0,100.0,1.192,1
120,0.0,0.0,0.0,0.0,0.0,0.0,0,0,0.0,0.0,0.0,0.0,0.0,0,0.0061502504111522,0.0081062316894531,0.0071525573730468,0.0071525573730468,0.0,0.0,0.0,0.0112056732177734,0.0112056732177734,0.00762939453125,0.0,0.0,0.00762939453125,0.0,0.0,0.0,0.496,1.36,1.0,0.0,0.0,113.256,0.0,0.0,100.0,1.192,1
121,0.0,0.0,0.0,0.0,0.0,0.0,0,0,0.0,0.0,0.0,0.0,0.0,0,0.0062095585154063,0.0083446502685546,0.0095367431640625,0.0095367431640625,0.0,0.0,0.0,0.0164508819580078,0.0164508819580078,0.0041961669921875,0.0,0.0,0.0047683715820312,0.0,0.0,0.0,0.496,1.36,0.0,0.0,0.0,113.256,0.0,0.0,100.0,447.848,1
122,0.0,0.0,0.0,0.0,0.0,0.0,0,0,0.0,0.0,0.0,0.0,0.0,0,0.0060352624631395,0.0084400177001953,0.0068187713623046,0.0064373016357421,0.0,0.0,0.0,0.0118017196655273,0.0132322311401367,0.0039296991684857,0.0,0.0,0.0045299530029296,0.0,0.0,0.0,1.344,2.272,1.0,0.0,0.0,132.768,0.0,0.0,100.0,921.96,1
123,0.0,0.0,0.0,0.0,0.0,0.0,0,0,0.0,0.0,0.0,0.0,0.0,0,0.005955696105957,0.0078916549682617,0.0069141387939453,0.0069141387939453,0.0,0.0,0.0,0.0061988830566406,0.0061988830566406,0.0,0.0,0.0,0.0,0.0,0.0,0.0,0.496,1.36,0.0,0.0,0.0,112.0,0.0,0.0,100.0,0.0,1
124,0.0,0.0,0.0,0.0,0.0,0.0,0,0,0.0,0.0,0.0,0.0,0.0,0,0.0060224533081054,0.0081062316894531,0.0066757202148437,0.0066757202148437,0.0,0.0,0.0,0.0069141387939453,0.0069141387939453,0.0,0.0,0.0,0.0,0.0,0.0,0.0,0.496,1.36,0.0,0.0,0.0,112.0,0.0,0.0,100.0,0.0,1
125,0.0,0.0,0.0,0.0,0.0,0.0,0,0,0.0,0.0,0.0,0.0,0.0,0,0.0058138370513916,0.00762939453125,0.0092983245849609,0.0092983245849609,0.0,0.0,0.0,0.009775161743164,0.009775161743164,0.0,0.0,0.0,0.0,0.0,0.0,0.0,0.496,1.36,0.0,0.0,0.0,112.0,0.0,0.0,100.0,0.0,1
126,0.0,0.0,0.0,0.0,0.0,0.0,0,0,0.0,0.0,0.0,0.0,0.0,0,0.00590234253537,0.0078678131103515,0.0071525573730468,0.0071525573730468,0.0,0.0,0.0,0.0104904174804687,0.0104904174804687,0.0083446502685546,0.0,0.0,0.0083446502685546,0.0,0.0,0.0,0.496,1.36,1.0,0.0,0.0,113.256,0.0,0.0,100.0,1.192,1
127,0.0,0.0,0.0,0.0,0.0,0.0,0,0,0.0,0.0,0.0,0.0,0.0,0,0.0061134793865146,0.0083446502685546,0.0069141387939453,0.0069141387939453,0.0,0.0,0.0,0.0112056732177734,0.0112056732177734,0.0090599060058593,0.0,0.0,0.0090599060058593,0.0,0.0,0.0,0.496,1.36,1.0,0.0,0.0,113.256,0.0,0.0,100.0,1.192,1
128,0.0,0.0,0.0,0.0,0.0,0.0,0,0,0.0,0.0,0.0,0.0,0.0,0,0.0061360164661312,0.0083446502685546,0.0069141387939453,0.0069141387939453,0.0,0.0,0.0,0.0085830688476562,0.0085830688476562,0.0071525573730468,0.0,0.0,0.0071525573730468,0.0,0.0,0.0,0.496,1.36,1.0,0.0,0.0,113.256,0.0,0.0,100.0,1.192,1
129,0.0,0.0,0.0,0.0,0.0,0.0,0,0,0.0,0.0,0.0,0.0,0.0,0,0.0060772895812988,0.0078678131103515,0.0073909759521484,0.0073909759521484,0.0,0.0,0.0,0.0071525573730468,0.0071525573730468,0.0,0.0,0.0,0.0,0.0,0.0,0.0,0.496,1.36,1.0,0.0,0.0,112.0,0.0,0.0,100.0,0.0,1
130,0.0,0.0,0.0,0.0,0.0,0.0,0,0,0.0,0.0,0.0,0.0,0.0,0,0.0059771537780761,0.0078916549682617,0.0064373016357421,0.0064373016357421,0.0,0.0,0.0,0.0104904174804687,0.0104904174804687,0.0,0.0,0.0,0.0,0.0,0.0,0.0,0.496,1.36,1.0,0.0,0.0,112.0,0.0,0.0,100.0,0.0,1
131,0.0,0.0,0.0,0.0,0.0,0.0,0,0,0.0,0.0,0.0,0.0,0.0,0,0.0063027485762492,0.0085830688476562,0.0069141387939453,0.0069141387939453,0.0042915344238281,0.0042915344238281,0.0057220458984375,0.0107288360595703,0.0107288360595703,0.0046690305074055,0.0057220458984375,0.0,0.0075578689575195,0.0,0.0,0.0,0.496,1.36,0.0,0.848,0.848,122.384,0.0,0.0,100.0,136.576,1
132,0.0,0.0,0.0,0.0,0.0,0.0,0,0,0.0,0.0,0.0,0.0,0.0,0,0.0062978267669677,0.0085830688476562,0.00762939453125,0.00762939453125,0.0,0.0,0.0,0.0073909759521484,0.0073909759521484,0.0,0.0,0.0,0.0,0.0,0.0,0.0,0.496,1.424,1.0,0.0,0.0,112.0,0.0,0.0,100.0,0.0,1
133,0.0,0.0,0.0,0.0,0.0,0.0,0,0,0.0,0.0,0.0,0.0,0.0,0,0.006017400257623,0.0083446502685546,0.0092983245849609,0.0092983245849609,0.0,0.0,0.0,0.0123977661132812,0.0123977661132812,0.0047683715820312,0.0,0.0,0.0047683715820312,0.0,0.0,0.0,0.496,1.36,0.0,0.0,0.0,113.256,0.0,0.0,100.0,1.192,1
134,0.0,0.0,0.0,0.0,0.0,0.0,0,0,0.0,0.0,0.0,0.0,0.0,0,0.0062060000291511,0.0083446502685546,0.0073909759521484,0.0073909759521484,0.0071525573730468,0.0071525573730468,0.0042915344238281,0.0088214874267578,0.0088214874267578,0.0081062316894531,0.0042915344238281,0.0,0.0081062316894531,0.0,0.0,0.0,0.496,1.36,0.0,0.848,0.848,113.256,0.0,0.0,100.0,1.192,1
135,0.0,0.0,0.0,0.0,0.0,0.0,0,0,0.0,0.0,0.0,0.0,0.0,0,0.006132457979876,0.0078678131103515,0.0095367431640625,0.0095367431640625,0.0,0.0,0.0,0.0073909759521484,0.0073909759521484,0.005960464477539,0.0,0.0,0.005960464477539,0.0,0.0,0.0,0.496,1.36,0.0,0.0,0.0,113.256,0.0,0.0,100.0,1.192,1
136,0.0,0.0,0.0,0.0,0.0,0.0,0,0,0.0,0.0,0.0,0.0,0.0,0,0.006190538406372,0.0081062316894531,0.00762939453125,0.00762939453125,0.0,0.0,0.0,0.0069141387939453,0.0069141387939453,0.0,0.0,0.0,0.0,0.0,0.0,0.0,0.496,1.36,0.0,0.0,0.0,112.0,0.0,0.0,100.0,0.0,1
137,0.0,0.0,0.0,0.0,0.0,0.0,0,0,0.0,0.0,0.0,0.0,0.0,0,0.0063133239746093,0.0083446502685546,0.0045299530029296,0.0045299530029296,0.0,0.0,0.0,0.0100135803222656,0.0100135803222656,0.0,0.0,0.0,0.0,0.0,0.0,0.0,0.496,1.36,0.0,0.0,0.0,112.0,0.0,0.0,100.0,0.0,1
138,0.0,0.0,0.0,0.0,0.0,0.0,0,0,0.0,0.0,0.0,0.0,0.0,0,0.0060582160949707,0.0081062316894531,0.0088214874267578,0.0088214874267578,0.0,0.0,0.0,0.0195503234863281,0.0195503234863281,0.0,0.0,0.0,0.0,0.0,0.0,0.0,0.496,1.36,0.0,0.0,0.0,112.0,0.0,0.0,100.0,0.0,1
139,0.0,0.0,0.0,0.0,0.0,0.0,0,0,0.0,0.0,0.0,0.0,0.0,0,0.0060439109802246,0.0081300735473632,0.0088214874267578,0.0088214874267578,0.0,0.0,0.0,0.0071525573730468,0.0071525573730468,0.0,0.0,0.0,0.0,0.0,0.0,0.0,0.496,1.36,0.0,0.0,0.0,112.0,0.0,0.0,100.0,0.0,1
140,0.0,0.0,0.0,0.0,0.0,0.0,0,0,0.0,0.0,0.0,0.0,0.0,0,0.0060784816741943,0.0083446502685546,0.0085830688476562,0.0085830688476562,0.0,0.0,0.0,0.0073909759521484,0.0073909759521484,0.0,0.0,0.0,0.0,0.0,0.0,0.0,0.496,1.36,1.0,0.0,0.0,112.0,0.0,0.0,100.0,0.0,1
141,0.0,0.0,0.0,0.0,0.0,0.0,0,0,0.0,0.0,0.0,0.0,0.0,0,0.006162112032003,0.0085830688476562,0.0071525573730468,0.0071525573730468,0.0067438398088727,0.0079631805419921,0.0077996935163225,0.0057220458984375,0.0057220458984375,0.0088214874267578,0.0095844268798828,0.0,0.0088214874267578,0.0,0.0,0.0,0.496,1.36,1.0,9.488,23.088,113.256,0.0,0.0,100.0,1.192,1
142,0.0,0.0,0.0,0.0,0.0,0.0,0,0,0.0,0.0,0.0,0.0,0.0,0,0.006132457979876,0.0081062316894531,0.0085830688476562,0.0085830688476562,0.0047683715820312,0.0047683715820312,0.0057220458984375,0.00762939453125,0.00762939453125,0.0061988830566406,0.0059127807617187,0.0,0.0061988830566406,0.0,0.0,0.0,0.496,1.36,1.0,1.264,1.504,113.256,0.0,0.0,100.0,1.192,1
143,0.0,0.0,0.0,0.0,0.0,0.0,0,0,0.0,0.0,0.0,0.0,0.0,0,0.0060814530102174,0.0081062316894531,0.0071525573730468,0.0071525573730468,0.0,0.0,0.0,0.0112056732177734,0.0112056732177734,0.0047683715820312,0.0,0.0,0.0047683715820312,0.0,0.0,0.0,0.496,1.36,1.0,0.0,0.0,113.256,0.0,0.0,100.0,1.192,1
144,0.0,0.0,0.0,0.0,0.0,0.0,0,0,0.0,0.0,0.0,0.0,0.0,0,0.006108283996582,0.0081062316894531,0.009775161743164,0.009775161743164,0.0074505805969238,0.0085353851318359,0.0066757202148437,0.0071525573730468,0.0071525573730468,0.0,0.008249282836914,0.0,0.0,0.0,0.0,0.0,0.496,1.36,1.0,5.696,8.608,112.0,0.0,0.0,100.0,0.0,1
145,0.0,0.0,0.0,0.0,0.0,0.0,0,0,0.0,0.0,0.0,0.0,0.0,0,0.0060257033922185,0.0078678131103515,0.0088214874267578,0.0088214874267578,0.0072479248046875,0.008392333984375,0.0058174133300781,0.0085830688476562,0.0085830688476562,0.0,0.0076770782470703,0.0,0.0,0.0,0.0,0.0,0.496,1.36,0.0,16.656,5.04,112.496,0.0,0.0,100.0,0.0,1
146,0.0,0.0,0.0,0.0,0.0,0.0,0,0,0.0,0.0,0.0,0.0,0.0,0,0.0063312053680419,0.0085830688476562,0.0128746032714843,0.0128746032714843,0.0,0.0,0.0,0.0061988830566406,0.0061988830566406,0.0,0.0,0.0,0.0,0.0,0.0,0.0,0.496,1.776,1.0,0.0,0.0,112.0,0.0,0.0,100.0,0.0,1
147,0.0,0.0,0.0,0.0,0.0,0.0,0,0,0.0,0.0,0.0,0.0,0.0,0,0.006117820739746,0.0081062316894531,0.0064373016357421,0.0064373016357421,0.0,0.0,0.0,0.0085830688476562,0.0085830688476562,0.0,0.0,0.0,0.0,0.0,0.0,0.0,0.496,1.776,0.0,0.0,0.0,112.0,0.0,0.0,100.0,0.0,1
148,0.0,0.0,0.0,0.0,0.0,0.0,0,0,0.0,0.0,0.0,0.0,0.0,0,0.0066518783569335,0.0081062316894531,0.0119209289550781,0.0119209289550781,0.0,0.0,0.0,0.0145435333251953,0.0145435333251953,0.0090599060058593,0.0,0.0,0.0090599060058593,0.0,0.0,0.0,0.496,1.776,0.0,0.0,0.0,112.696,0.0,0.0,100.0,1.192,1
149,0.0,0.0,0.0,0.0,0.0,0.0,0,0,0.0,0.0,0.0,0.0,0.0,0,0.0066282737314404,0.0081062316894531,0.0081062316894531,0.0081062316894531,0.0,0.0,0.0,0.0104904174804687,0.0104904174804687,0.0085830688476562,0.0,0.0,0.0085830688476562,0.0,0.0,0.0,0.496,1.776,0.0,0.0,0.0,113.256,0.0,0.0,100.0,1.192,1
150,0.0,0.0,0.0,0.0,0.0,0.0,0,0,0.0,0.0,0.0,0.0,0.0,0,0.0067006296186304,0.0085830688476562,0.0092983245849609,0.0092983245849609,0.0,0.0,0.0,0.0088214874267578,0.0088214874267578,0.0054836273193359,0.0,0.0,0.0054836273193359,0.0,0.0,0.0,0.496,1.776,0.0,0.0,0.0,113.256,0.0,0.0,100.0,1.192,1
151,0.0,0.0,0.0,0.0,0.0,0.0,0,0,0.0,0.0,0.0,0.0,0.0,0,0.0068557262420654,0.0085830688476562,0.0085830688476562,0.0085830688476562,0.0,0.0,0.0,0.0085830688476562,0.0085830688476562,0.0,0.0,0.0,0.0,0.0,0.0,0.0,0.496,1.776,1.0,0.0,0.0,112.0,0.0,0.0,100.0,0.0,1
152,0.0,0.0,0.0,0.0,0.0,0.0,0,0,0.0,0.0,0.0,0.0,0.0,0,0.0066649913787841,0.0083923339843749,0.0102519989013671,0.0102519989013671,0.0,0.0,0.0,0.0107288360595703,0.0107288360595703,0.0,0.0,0.0,0.0,0.0,0.0,0.0,0.496,1.776,1.0,0.0,0.0,112.0,0.0,0.0,100.0,0.0,1
153,0.0,0.0,0.0,0.0,0.0,0.0,0,0,0.0,0.0,0.0,0.0,0.0,0,0.0067377090454101,0.0083684921264648,0.0067949295043945,0.0063180923461914,0.0,0.0,0.0,0.00762939453125,0.0091552734375,0.0,0.0,0.0,0.0,0.0,0.0,0.0,1.344,2.624,2.0,0.0,0.0,112.0,0.0,0.0,100.0,0.0,1
154,0.0,0.0,0.0,0.0,0.0,0.0,0,0,0.0,0.0,0.0,0.0,0.0,0,0.0067222118377685,0.0085830688476562,0.0071525573730468,0.0071525573730468,0.0,0.0,0.0,0.0088214874267578,0.0088214874267578,0.0,0.0,0.0,0.0,0.0,0.0,0.0,0.496,1.776,2.0,0.0,0.0,112.0,0.0,0.0,100.0,0.0,1
155,0.0,0.0,0.0,0.0,0.0,0.0,0,0,0.0,0.0,0.0,0.0,0.0,0,0.0066863956736094,0.0083446502685546,0.0073909759521484,0.0073909759521484,0.0,0.0,0.0,0.0104904174804687,0.0104904174804687,0.0083446502685546,0.0,0.0,0.0083446502685546,0.0,0.0,0.0,0.496,1.776,2.0,0.0,0.0,113.256,0.0,0.0,100.0,1.192,1
156,0.0,0.0,0.0,0.0,0.0,0.0,0,0,0.0,0.0,0.0,0.0,0.0,0,0.0067385868053531,0.0085830688476562,0.0121593475341796,0.0121593475341796,0.0,0.0,0.0,0.0088214874267578,0.0088214874267578,0.0047683715820312,0.0,0.0,0.0047683715820312,0.0,0.0,0.0,0.496,1.776,1.0,0.0,0.0,113.256,0.0,0.0,100.0,1.192,1
157,0.0,0.0,0.0,0.0,0.0,0.0,0,0,0.0,0.0,0.0,0.0,0.0,0,0.0070235579486054,0.0092983245849609,0.0078678131103515,0.0078678131103515,0.0,0.0,0.0,0.0071525573730468,0.0071525573730468,0.0040330959640386,0.0,0.0,0.0047683715820312,0.0,0.0,0.0,0.496,1.776,1.0,0.0,0.0,144.408,0.0,0.0,100.0,2869.824,1
158,0.0,0.0,0.0,0.0,0.0,0.0,0,0,0.0,0.0,0.0,0.0,0.0,0,0.0069461651702425,0.0085830688476562,0.0126361846923828,0.0126361846923828,0.0,0.0,0.0,0.0143051147460937,0.0143051147460937,0.003931761400865,0.0,0.0,0.0047683715820312,0.0,0.0,0.0,0.496,1.84,1.0,0.0,0.0,117.192,0.0,0.0,100.0,4311.816,1
159,0.0,0.0,0.0,0.0,0.0,0.0,0,0,0.0,0.0,0.0,0.0,0.0,0,0.0075783895615914,0.009775161743164,0.0092983245849609,0.0092983245849609,0.0,0.0,0.0,0.0164508819580078,0.0164508819580078,0.003891024324629,0.0,0.0,0.0045299530029296,0.0,0.0,0.0,0.496,1.84,0.0,0.0,0.0,117.192,0.0,0.0,100.0,16259.76,1
160,0.0,0.0,0.0,0.0,0.0,0.0,0,0,0.0,0.0,0.0,0.0,0.0,0,0.0068572030138613,0.0085830688476562,0.005960464477539,0.005960464477539,0.0,0.0,0.0,0.0085830688476562,0.0085830688476562,0.0039432475815958,0.0,0.0,0.0047683715820312,0.0,0.0,0.0,0.496,1.84,1.0,0.0,0.0,117.192,0.0,0.0,100.0,6042.896,1
161,0.0,0.0,0.0,0.0,0.0,0.0,0,0,0.0,0.0,0.0,0.0,0.0,0,0.0079496582942222,0.0100135803222656,0.0100135803222656,0.0100135803222656,0.0,0.0,0.0,0.013589859008789,0.013589859008789,0.0039157717431256,0.0,0.0,0.0045299530029296,0.0,0.0,0.0,0.496,1.84,0.0,0.0,0.0,117.192,0.0,0.0,100.0,46644.856,1
162,0.0,0.0,0.0,0.0,0.0,0.0,0,0,0.0,0.0,0.0,0.0,0.0,0,0.0075928055413878,0.0095367431640625,0.009775161743164,0.009775161743164,0.0,0.0,0.0,0.0095367431640625,0.0095367431640625,0.0039450944820268,0.0,0.0,0.0046014785766601,0.0,0.0,0.0,0.496,1.84,1.0,0.0,0.0,118.448,0.0,0.0,100.0,6969.216,1
163,0.0,0.0,0.0,0.0,0.0,0.0,0,0,0.0,0.0,0.0,0.0,0.0,0,0.0067694270195652,0.0085830688476562,0.0123977661132812,0.0123977661132812,0.0,0.0,0.0,0.0119209289550781,0.0119209289550781,0.0054836273193359,0.0,0.0,0.0054836273193359,0.0,0.0,0.0,0.496,1.84,1.0,0.0,0.0,113.256,0.0,0.0,100.0,1.192,1
164,0.0,0.0,0.0,0.0,0.0,0.0,0,0,0.0,0.0,0.0,0.0,0.0,0,0.0066709755665034,0.0083446502685546,0.0078678131103515,0.0078678131103515,0.0,0.0,0.0,0.0162124633789062,0.0162124633789062,0.00762939453125,0.0,0.0,0.00762939453125,0.0,0.0,0.0,0.496,1.776,1.0,0.0,0.0,113.256,0.0,0.0,100.0,1.192,1
165,0.0,0.0,0.0,0.0,0.0,0.0,0,0,0.0,0.0,0.0,0.0,0.0,0,0.0065839290618896,0.0081300735473632,0.0071525573730468,0.0071525573730468,0.0,0.0,0.0,0.0085830688476562,0.0085830688476562,0.0,0.0,0.0,0.0,0.0,0.0,0.0,0.496,1.776,1.0,0.0,0.0,112.0,0.0,0.0,100.0,0.0,1
166,0.0,0.0,0.0,0.0,0.0,0.0,0,0,0.0,0.0,0.0,0.0,0.0,0,0.0067949295043945,0.0087499618530273,0.0073909759521484,0.0073909759521484,0.0,0.0,0.0,0.0071525573730468,0.0071525573730468,0.0039262827052626,0.0,0.0,0.0045299530029296,0.0,0.0,0.0,0.496,1.776,1.0,0.0,0.0,132.768,0.0,0.0,100.0,3850.992,1
167,0.0,0.0,0.0,0.0,0.0,0.0,0,0,0.0,0.0,0.0,0.0,0.0,0,0.0064551830291748,0.0081062316894531,0.0078678131103515,0.0078678131103515,0.0,0.0,0.0,0.0085830688476562,0.0085830688476562,0.0,0.0,0.0,0.0,0.0,0.0,0.0,0.496,1.84,0.0,0.0,0.0,112.0,0.0,0.0,100.0,0.0,1
168,0.0,0.0,0.0,0.0,0.0,0.0,0,0,0.0,0.0,0.0,0.0,0.0,0,0.0066089630126953,0.0083446502685546,0.0081062316894531,0.0081062316894531,0.0,0.0,0.0,0.0095367431640625,0.0095367431640625,0.0,0.0,0.0,0.0,0.0,0.0,0.0,0.496,1.776,1.0,0.0,0.0,112.0,0.0,0.0,100.0,0.0,1
169,0.0,0.0,0.0,0.0,0.0,0.0,0,0,0.0,0.0,0.0,0.0,0.0,0,0.0067575653987144,0.0083446502685546,0.0081062316894531,0.0081062316894531,0.0,0.0,0.0,0.0123977661132812,0.0123977661132812,0.0069141387939453,0.0,0.0,0.0069141387939453,0.0,0.0,0.0,0.496,1.776,0.0,0.0,0.0,113.256,0.0,0.0,100.0,1.192,1
170,0.0,0.0,0.0,0.0,0.0,0.0,0,0,0.0,0.0,0.0,0.0,0.0,0,0.0067006296186304,0.0085830688476562,0.0081062316894531,0.0081062316894531,0.0,0.0,0.0,0.0121593475341796,0.0121593475341796,0.0047683715820312,0.0,0.0,0.0047683715820312,0.0,0.0,0.0,0.496,1.776,0.0,0.0,0.0,113.256,0.0,0.0,100.0,1.192,1
171,0.0,0.0,0.0,0.0,0.0,0.0,0,0,0.0,0.0,0.0,0.0,0.0,0,0.0067492622641188,0.0085830688476562,0.0069141387939453,0.0069141387939453,0.0,0.0,0.0,0.0057220458984375,0.0057220458984375,0.0061988830566406,0.0,0.0,0.0061988830566406,0.0,0.0,0.0,0.496,1.776,0.0,0.0,0.0,113.256,0.0,0.0,100.0,1.192,1
172,0.0,0.0,0.0,0.0,0.0,0.0,0,0,0.0,0.0,0.0,0.0,0.0,0,0.0067559799345413,0.0081062316894531,0.0057220458984375,0.0057220458984375,0.0,0.0,0.0,0.0071525573730468,0.0071525573730468,0.0066757202148437,0.0,0.0,0.006866455078125,0.0,0.0,0.0,0.496,1.776,0.0,0.0,0.0,119.152,0.0,0.0,100.0,6.576,1
173,0.0,0.0,0.0,0.0,0.0,0.0,0,0,0.0,0.0,0.0,0.0,0.0,0,0.0067617835068121,0.0083923339843749,0.0066757202148437,0.0066757202148437,0.0,0.0,0.0,0.0064373016357421,0.0064373016357421,0.0050663948059082,0.0,0.0,0.0057220458984375,0.0,0.0,0.0,0.496,1.84,0.0,0.0,0.0,130.984,0.0,0.0,100.0,50.048,1
174,0.0,0.0,0.0,0.0,0.0,0.0,0,0,0.0,0.0,0.0,0.0,0.0,0,0.0068999048489243,0.0083446502685546,0.0081062316894531,0.0081062316894531,0.0,0.0,0.0,0.0119209289550781,0.0119209289550781,0.0053706922029194,0.0,0.0,0.0070095062255859,0.0,0.0,0.0,0.496,1.84,0.0,0.0,0.0,115.096,0.0,0.0,100.0,47.016,1
175,0.0,0.0,0.0,0.0,0.0,0.0,0,0,0.0,0.0,0.0,0.0,0.0,0,0.0067314698328426,0.0083446502685546,0.0085830688476562,0.0085830688476562,0.0,0.0,0.0,0.0116825103759765,0.0116825103759765,0.0050067901611328,0.0,0.0,0.0062942504882812,0.0,0.0,0.0,0.496,1.84,0.0,0.0,0.0,115.224,0.0,0.0,100.0,34.008,1
176,0.0,0.0,0.0,0.0,0.0,0.0,0,0,0.0,0.0,0.0,0.0,0.0,0,0.0068315184942566,0.0083446502685546,0.00762939453125,0.00762939453125,0.0083446502685546,0.0098705291748046,0.0147819519042968,0.0061988830566406,0.0061988830566406,0.0054665974208286,0.0229835510253906,0.0,0.0069379806518554,0.0,0.0,0.0,0.496,1.84,1.0,1.696,1.696,116.48,0.0,0.0,100.0,32.192,1
177,0.0,0.0,0.0,0.0,0.0,0.0,0,0,0.0,0.0,0.0,0.0,0.0,0,0.0066342045418658,0.0083446502685546,0.0057220458984375,0.0057220458984375,0.0,0.0,0.0,0.0069141387939453,0.0069141387939453,0.0050544738769531,0.0,0.0,0.0054836273193359,0.0,0.0,0.0,0.496,1.84,1.0,0.0,0.0,113.256,0.0,0.0,100.0,13.896,1
178,0.0,0.0,0.0,0.0,0.0,0.0,0,0,0.0,0.0,0.0,0.0,0.0,0,0.0066604520299751,0.0081062316894531,0.0081062316894531,0.0081062316894531,0.0,0.0,0.0,0.0085830688476562,0.0085830688476562,0.0050862630208333,0.0,0.0,0.0058412551879882,0.0,0.0,0.0,0.496,1.84,1.0,0.0,0.0,122.056,0.0,0.0,100.0,12.928,1
179,0.0,0.0,0.0,0.0,0.0,0.0,0,0,0.0,0.0,0.0,0.0,0.0,0,0.0066828727722167,0.0083446502685546,0.0064373016357421,0.0064373016357421,0.0,0.0,0.0,0.0071525573730468,0.0071525573730468,0.0045299530029296,0.0,0.0,0.0047206878662109,0.0,0.0,0.0,0.496,1.84,1.0,0.0,0.0,112.0,0.0,0.0,100.0,6.824,1
180,0.0,0.0,0.0,0.0,0.0,0.0,0,0,0.0,0.0,0.0,0.0,0.0,0,0.006761881384519,0.0081062316894531,0.0071525573730468,0.0071525573730468,0.0,0.0,0.0,0.0057220458984375,0.0057220458984375,0.0063578287760416,0.0,0.0,0.0075101852416992,0.0,0.0,0.0,0.496,1.808,1.0,0.0,0.0,118.992,0.0,0.0,100.0,22.192,1
181,0.0,0.0,0.0,0.0,0.0,0.0,0,0,0.0,0.0,0.0,0.0,0.0,0,0.0066567416214824,0.0081062316894531,0.011444091796875,0.011444091796875,0.0,0.0,0.0,0.0126361846923828,0.0126361846923828,0.0049046107700892,0.0,0.0,0.0061511993408203,0.0,0.0,0.0,0.496,1.84,0.0,0.0,0.0,115.88,0.0,0.0,100.0,23.224,1
182,0.0,0.0,0.0,0.0,0.0,0.0,0,0,0.0,0.0,0.0,0.0,0.0,0,0.0066875818356945,0.0088214874267578,0.0100135803222656,0.0100135803222656,0.0,0.0,0.0,0.0100135803222656,0.0100135803222656,0.0055789947509765,0.0,0.0,0.0065326690673828,0.0,0.0,0.0,0.496,1.84,1.0,0.0,0.0,115.88,0.0,0.0,100.0,36.304,1
183,0.0,0.0,0.0,0.0,0.0,0.0,0,0,0.0,0.0,0.0,0.0,0.0,0,0.0069696124237362,0.0090599060058593,0.0100135803222656,0.0100135803222656,0.0,0.0,0.0,0.0092983245849609,0.0092983245849609,0.0053776635064019,0.0,0.0,0.0065326690673828,0.0,0.0,0.0,0.496,1.84,0.0,0.0,0.0,117.136,0.0,0.0,100.0,37.736,1
184,0.0,0.0,0.0,0.0,0.0,0.0,0,0,0.0,0.0,0.0,0.0,0.0,0,0.0067807660244479,0.0085830688476562,0.0058412551879882,0.0053644180297851,0.0,0.0,0.0,0.0090599060058593,0.0105857849121093,0.0056773424148559,0.0,0.0,0.007033348083496,0.0,0.0,0.0,1.344,2.688,0.0,0.0,0.0,117.136,0.0,0.0,100.0,62.368,1
185,0.0,0.0,0.0,0.0,0.0,0.0,0,0,0.0,0.0,0.0,0.0,0.0,0,0.0067101189153111,0.0081062316894531,0.0078678131103515,0.0078678131103515,0.0,0.0,0.0,0.009775161743164,0.009775161743164,0.0049670537312825,0.0,0.0,0.0053644180297851,0.0,0.0,0.0,0.496,1.84,0.0,0.0,0.0,113.256,0.0,0.0,100.0,18.384,1
186,0.0,0.0,0.0,0.0,0.0,0.0,0,0,0.0,0.0,0.0,0.0,0.0,0,0.0066306460556106,0.0083446502685546,0.0081062316894531,0.0081062316894531,0.0,0.0,0.0,0.0088214874267578,0.0088214874267578,0.0069141387939453,0.0,0.0,0.0069141387939453,0.0,0.0,0.0,0.496,1.808,0.0,0.0,0.0,115.88,0.0,0.0,100.0,3.592,1
187,0.0,0.0,0.0,0.0,0.0,0.0,0,0,0.0,0.0,0.0,0.0,0.0,0,0.0068445016842077,0.0087976455688476,0.0107288360595703,0.0107288360595703,0.0,0.0,0.0,0.0116825103759765,0.0116825103759765,0.0065565109252929,0.0,0.0,0.0078201293945312,0.0,0.0,0.0,0.496,1.84,1.0,0.0,0.0,118.992,0.0,0.0,100.0,12.832,1
188,0.0,0.0,0.0,0.0,0.0,0.0,0,0,0.0,0.0,0.0,0.0,0.0,0,0.0067842006683349,0.0083684921264648,0.0090599060058593,0.0090599060058593,0.0,0.0,0.0,0.0073909759521484,0.0073909759521484,0.0063578287760416,0.0,0.0,0.0069618225097656,0.0,0.0,0.0,0.496,1.84,1.0,0.0,0.0,112.0,0.0,0.0,100.0,10.008,1
189,0.0,0.0,0.0,0.0,0.0,0.0,0,0,0.0,0.0,0.0,0.0,0.0,0,0.0068350593642433,0.008559226989746,0.00762939453125,0.00762939453125,0.0,0.0,0.0,0.005960464477539,0.005960464477539,0.0065565109252929,0.0,0.0,0.0076532363891601,0.0,0.0,0.0,0.496,1.84,1.0,0.0,0.0,119.376,0.0,0.0,100.0,13.6,1
190,0.0,0.0,0.0,0.0,0.0,0.0,0,0,0.0,0.0,0.0,0.0,0.0,0,0.006840960814221,0.0085830688476562,0.0104904174804687,0.0104904174804687,0.0,0.0,0.0,0.0116825103759765,0.0116825103759765,0.0061511993408203,0.0,0.0,0.0077724456787109,0.0,0.0,0.0,0.496,1.84,1.0,0.0,0.0,116.752,0.0,0.0,100.0,20.808,1
191,0.0,0.0,0.0,0.0,0.0,0.0,0,0,0.0,0.0,0.0,0.0,0.0,0,0.0066981457247592,0.0083446502685546,0.00762939453125,0.00762939453125,0.0,0.0,0.0,0.0085830688476562,0.0085830688476562,0.0054359436035156,0.0,0.0,0.0062465667724609,0.0,0.0,0.0,0.496,1.84,1.0,0.0,0.0,117.136,0.0,0.0,100.0,14.792,1
192,0.0,0.0,0.0,0.0,0.0,0.0,0,0,0.0,0.0,0.0,0.0,0.0,0,0.0067433314536934,0.0085830688476562,0.0085830688476562,0.0085830688476562,0.0,0.0,0.0,0.0102519989013671,0.0102519989013671,0.0066757202148437,0.0,0.0,0.0066757202148437,0.0,0.0,0.0,0.496,1.84,0.0,0.0,0.0,113.256,0.0,0.0,100.0,1.192,1
193,0.0,0.0,0.0,0.0,0.0,0.0,0,0,0.0,0.0,0.0,0.0,0.0,0,0.0066637992858886,0.0081062316894531,0.0092983245849609,0.0092983245849609,0.0,0.0,0.0,0.0131130218505859,0.0131130218505859,0.0,0.0,0.0,0.0,0.0,0.0,0.0,0.496,1.776,1.0,0.0,0.0,112.0,0.0,0.0,100.0,0.0,1
194,0.0,0.0,0.0,0.0,0.0,0.0,0,0,0.0,0.0,0.0,0.0,0.0,0,0.0066874649724349,0.0083446502685546,0.0100135803222656,0.0100135803222656,0.0,0.0,0.0,0.0090599060058593,0.0090599060058593,0.0071525573730468,0.0,0.0,0.0083446502685546,0.0,0.0,0.0,0.496,1.776,0.0,0.0,0.0,123.256,0.0,0.0,100.0,10.392,1
195,0.0,0.0,0.0,0.0,0.0,0.0,0,0,0.0,0.0,0.0,0.0,0.0,0,0.0065028667449951,0.0078916549682617,0.0066757202148437,0.0066757202148437,0.0,0.0,0.0,0.0066757202148437,0.0066757202148437,0.0,0.0,0.0,0.0,0.0,0.0,0.0,0.496,1.84,0.0,0.0,0.0,112.0,0.0,0.0,100.0,0.0,1
196,0.0,0.0,0.0,0.0,0.0,0.0,0,0,0.0,0.0,0.0,0.0,0.0,0,0.0066196918487548,0.0081062316894531,0.0073909759521484,0.0073909759521484,0.0,0.0,0.0,0.0109672546386718,0.0109672546386718,0.0,0.0,0.0,0.0,0.0,0.0,0.0,0.496,1.776,0.0,0.0,0.0,112.0,0.0,0.0,100.0,0.0,1
197,0.0,0.0,0.0,0.0,0.0,0.0,0,0,0.0,0.0,0.0,0.0,0.0,0,0.0068825833937701,0.0085830688476562,0.0071525573730468,0.0071525573730468,0.0,0.0,0.0,0.0128746032714843,0.0128746032714843,0.0052690505981445,0.0,0.0,0.0055789947509765,0.0,0.0,0.0,0.496,1.776,0.0,0.0,0.0,123.744,0.0,0.0,100.0,30.448,1
198,0.0,0.0,0.0,0.0,0.0,0.0,0,0,0.0,0.0,0.0,0.0,0.0,0,0.0066377630281211,0.0078678131103515,0.0064373016357421,0.0064373016357421,0.0,0.0,0.0,0.0112056732177734,0.0112056732177734,0.005960464477539,0.0,0.0,0.005960464477539,0.0,0.0,0.0,0.496,1.84,1.0,0.0,0.0,113.256,0.0,0.0,100.0,1.192,1
199,0.0,0.0,0.0,0.0,0.0,0.0,0,0,0.0,0.0,0.0,0.0,0.0,0,0.0067488981945679,0.008559226989746,0.0064373016357421,0.0064373016357421,0.0,0.0,0.0,0.00762939453125,0.00762939453125,0.0060200691223144,0.0,0.0,0.0072717666625976,0.0,0.0,0.0,0.496,1.776,1.0,0.0,0.0,119.688,0.0,0.0,100.0,10.816,1
200,0.0,0.0,0.0,0.0,0.0,0.0,0,0,0.0,0.0,0.0,0.0,0.0,0,0.0066995620727539,0.0083446502685546,0.0066757202148437,0.0066757202148437,0.0,0.0,0.0,0.0069141387939453,0.0069141387939453,0.0,0.0,0.0,0.0,0.0,0.0,0.0,0.496,1.84,1.0,0.0,0.0,112.0,0.0,0.0,100.0,0.0,1
201,0.0,0.0,0.0,0.0,0.0,0.0,0,0,0.0,0.0,0.0,0.0,0.0,0,0.0065851211547851,0.0083446502685546,0.00762939453125,0.00762939453125,0.0,0.0,0.0,0.00762939453125,0.00762939453125,0.0,0.0,0.0,0.0,0.0,0.0,0.0,0.496,1.776,1.0,0.0,0.0,112.0,0.0,0.0,100.0,0.0,1
