time_seconds,a1_retransmissions_ul_count,a1_retransmissions_dl_count,a1_packet_loss_ul_percentage,a1_packet_loss_dl_percentage,e2_du_packet_loss_ul_percentage,e2_du_packet_loss_dl_percentage,e2_du_retransmissions_ul_count,e2_du_retransmissions_dl_count,f1_c_packet_loss_dl_percentage,f1_c_packet_loss_ul_percentage,f1_c_retransmissions_dl_count,f1_c_retransmissions_ul_count,f1_u_retransmissions_dl_count,f1_u_retransmissions_ul_count,f1_u_packet_loss_ul_percentage,f1_u_latency_mean_ul_ms,f1_u_latency_p90_ul_ms,e2_du_latency_p90_ul_ms,e2_du_latency_mean_ul_ms,f1_c_latency_mean_ul_ms,e2_du_latency_mean_dl_ms,e2_du_latency_p90_dl_ms,f1_c_latency_mean_dl_ms,f1_c_latency_p90_ul_ms,a1_latency_mean_ul_ms,f1_c_latency_p90_dl_ms,a1_latency_p90_ul_ms,a1_latency_mean_dl_ms,a1_latency_p90_dl_ms,e2_du_throughput_dl_kbps,e2_du_throughput_ul_kbps,f1_c_throughput_dl_kbps,f1_c_throughput_ul_kbps,a1_throughput_ul_kbps,a1_throughput_dl_kbps,f1_u_packet_loss_dl_percentage,f1_u_throughput_ul_kbps,f1_u_latency_mean_dl_ms,f1_u_latency_p90_dl_ms,f1_u_throughput_dl_kbps,F-node
0,0.0,0.0,0.0,0.0,0.0,0.0,0,0,0.0,0.0,0.0,0.0,0.0,0.0,0.0,0.0065171602860237,0.0088214874267578,0.0102519989013671,0.0102519989013671,0.0078678131103515,0.0123977661132812,0.0123977661132812,0.0089406967163085,0.009775161743164,0.0062193189348493,0.0124692916870117,0.0083446502685546,0.0096048627580915,0.0199317932128906,0.496,1.36,1.696,1.696,27.344,25.152,0.0,134.416,0.0039955031289539,0.0047683715820312,4069.912,0
1,0.0,0.0,0.0,0.0,0.0,0.0,0,0,0.0,0.0,0.0,0.0,0.0,0.0,0.0,0.0065171602860237,0.0088214874267578,0.0095367431640625,0.0095367431640625,0.0078678131103515,0.0152587890625,0.0152587890625,0.0089406967163085,0.009775161743164,0.0,0.0124692916870117,0.0,0.0,0.0,0.496,1.36,1.696,1.696,0.0,0.0,0.0,134.416,0.0039955031289539,0.0047683715820312,4069.912,0
2,0.0,0.0,0.0,0.0,0.0,0.0,0,0,0.0,0.0,0.0,0.0,0.0,0.0,0.0,0.0063210577514041,0.0085830688476562,0.009775161743164,0.009775161743164,0.0078678131103515,0.0112056732177734,0.0112056732177734,0.0089406967163085,0.009775161743164,0.0,0.0124692916870117,0.0,0.0,0.0,0.496,1.424,1.696,1.696,0.0,0.0,0.0,114.84,0.0043813284341391,0.0052452087402343,472.472,0
3,0.0,0.0,0.0,0.0,0.0,0.0,0,0,0.0,0.0,0.0,0.0,0.0,0.0,0.0,0.0063400363447654,0.0088214874267578,0.0071525573730468,0.0071525573730468,0.0078678131103515,0.0116825103759765,0.0116825103759765,0.0089406967163085,0.009775161743164,0.0064373016357421,0.0124692916870117,0.0086307525634765,0.0124931335449218,0.0240802764892578,0.496,1.424,1.696,1.696,3.504,4.52,0.0,117.192,0.0040967865745619,0.0050067901611328,2028.992,0
4,0.0,0.0,0.0,0.0,0.0,0.0,0,0,0.0,0.0,0.0,0.0,0.0,0.0,0.0,0.0062272100165338,0.0085830688476562,0.0102519989013671,0.0102519989013671,0.0078678131103515,0.013589859008789,0.013589859008789,0.0089406967163085,0.009775161743164,0.0063419342041015,0.0124692916870117,0.0087738037109375,0.0112295150756835,0.0250577926635742,0.496,1.424,1.696,1.696,7.736,8.264,0.0,116.016,0.0053909089830186,0.0065088272094726,49.12,0
5,0.0,0.0,0.0,0.0,0.0,0.0,0,0,0.0,0.0,0.0,0.0,0.0,0.0,0.0,0.006152851746814,0.0083208084106445,0.0109672546386718,0.0109672546386718,0.0078678131103515,0.0112056732177734,0.0112056732177734,0.0089406967163085,0.009775161743164,0.0,0.0124692916870117,0.0,0.0,0.0,0.496,1.424,1.696,1.696,0.0,0.0,0.0,118.448,0.0054836273193359,0.0064373016357421,35.648,0
6,0.0,0.0,0.0,0.0,0.0,0.0,0,0,0.0,0.0,0.0,0.0,0.0,0.0,0.0,0.0061504911668229,0.008559226989746,0.0109672546386718,0.0109672546386718,0.0078678131103515,0.00762939453125,0.00762939453125,0.0089406967163085,0.009775161743164,0.0,0.0124692916870117,0.0,0.0,0.0,0.496,1.424,1.696,1.696,0.0,0.0,0.0,116.368,0.0040806256807767,0.0050067901611328,1075.36,0
7,0.0,0.0,0.0,0.0,0.0,0.0,0,0,0.0,0.0,0.0,0.0,0.0,0.0,0.0,0.0065915027068028,0.0088214874267578,0.0081062316894531,0.0081062316894531,0.0078678131103515,0.009775161743164,0.009775161743164,0.0089406967163085,0.009775161743164,0.0057220458984375,0.0124692916870117,0.0073909759521484,0.0101089477539062,0.0192642211914062,0.496,1.424,1.696,1.696,4.232,3.744,0.0,117.192,0.0040309182528791,0.0050067901611328,3060.512,0
8,0.0,0.0,0.0,0.0,0.0,0.0,0,0,0.0,0.0,0.0,0.0,0.0,0.0,0.0,0.0059258937835693,0.0078678131103515,0.0085830688476562,0.0085830688476562,0.0078678131103515,0.0088214874267578,0.0088214874267578,0.0089406967163085,0.009775161743164,0.0058650970458984,0.0124692916870117,0.0083446502685546,0.0117301940917968,0.0291109085083007,0.496,1.424,1.696,1.696,8.464,7.488,0.0,112.0,0.0047087669372558,0.0063896179199218,44.016,0
9,0.0,0.0,0.0,0.0,0.0,0.0,0,0,0.0,0.0,0.0,0.0,0.0,0.0,0.0,0.0062307508865205,0.0088214874267578,0.0081062316894531,0.0081062316894531,0.0078678131103515,0.0104904174804687,0.0104904174804687,0.0089406967163085,0.009775161743164,0.0061988830566406,0.0124692916870117,0.0084877014160156,0.0107606252034505,0.026702880859375,0.496,1.392,1.696,1.696,11.968,12.008,0.0,118.32,0.0042088177739357,0.0052928924560546,479.624,0
10,0.0,0.0,0.0,0.0,0.0,0.0,0,0,0.0,0.0,0.0,0.0,0.0,0.0,0.0,0.0066318322176957,0.0088214874267578,0.0085830688476562,0.0085830688476562,0.0078678131103515,0.0152587890625,0.0152587890625,0.0089406967163085,0.009775161743164,0.0066041946411132,0.0124692916870117,0.0088214874267578,0.0110864639282226,0.0255107879638671,0.496,1.424,1.696,1.696,7.736,8.264,0.0,117.192,0.003928991886479,0.0045299530029296,11565.624,0
11,0.0,0.0,0.0,0.0,0.0,0.0,0,0,0.0,0.0,0.0,0.0,0.0,0.0,0.0,0.0064703497556176,0.0090599060058593,0.0090599060058593,0.0090599060058593,0.0,0.0095367431640625,0.0095367431640625,0.0,0.0,0.0,0.0,0.0,0.0,0.0,0.496,1.424,0.0,0.0,0.0,0.0,0.0,118.448,0.0040791251442649,0.0050067901611328,1680.792,0
12,0.0,0.0,0.0,0.0,0.0,0.0,0,0,0.0,0.0,0.0,0.0,0.0,0.0,0.0,0.0060112169473478,0.0078678131103515,0.0095367431640625,0.0095367431640625,0.0,0.00762939453125,0.00762939453125,0.0,0.0,0.0,0.0,0.0,0.0,0.0,0.496,1.424,0.0,0.0,0.0,0.0,0.0,118.448,0.0053644180297851,0.0076532363891601,29.216,0
13,0.0,0.0,0.0,0.0,0.0,0.0,0,0,0.0,0.0,0.0,0.0,0.0,0.0,0.0,0.0061257050769163,0.0083446502685546,0.00762939453125,0.00762939453125,0.0,0.0100135803222656,0.0100135803222656,0.0,0.0,0.0070095062255859,0.0,0.0103473663330078,0.0112533569335937,0.0213146209716796,0.496,1.424,0.0,0.0,4.232,3.744,0.0,118.448,0.003970902541588,0.0046491622924804,1299.424,0
14,0.0,0.0,0.0,0.0,0.0,0.0,0,0,0.0,0.0,0.0,0.0,0.0,0.0,0.0,0.0067279113465873,0.0088214874267578,0.0102519989013671,0.0102519989013671,0.0,0.0107288360595703,0.0107288360595703,0.0,0.0,0.006270408630371,0.0,0.0087976455688476,0.0111818313598632,0.0269412994384765,0.496,1.424,0.0,0.0,8.464,7.488,0.0,115.864,0.0040699606356413,0.0050067901611328,1911.952,0
15,0.0,0.0,0.0,0.0,0.0,0.0,0,0,0.0,0.0,0.0,0.0,0.0,0.0,0.0,0.0069427490234375,0.0095367431640625,0.0081062316894531,0.0081062316894531,0.0,0.0085830688476562,0.0085830688476562,0.0,0.0,0.0060876210530598,0.0,0.0088691711425781,0.0112533569335937,0.0275611877441406,0.496,1.424,0.0,0.0,11.968,12.008,0.0,115.304,0.0039797749011044,0.0047683715820312,10554.232,0
16,0.0,0.0,0.0,0.0,0.0,0.0,0,0,0.0,0.0,0.0,0.0,0.0,0.0,0.0,0.0063329193722549,0.0083446502685546,0.0095367431640625,0.0095367431640625,0.0,0.0164508819580078,0.0164508819580078,0.0,0.0,0.0064373016357421,0.0,0.0088453292846679,0.0112771987915039,0.0264883041381835,0.496,1.424,0.0,0.0,7.736,8.264,0.0,117.192,0.0044866041703657,0.0054836273193359,911.88,0
17,0.0,0.0,0.0,0.0,0.0,0.0,0,0,0.0,0.0,0.0,0.0,0.0,0.0,0.0,0.006147878086982,0.0085830688476562,0.011444091796875,0.011444091796875,0.0,0.0085830688476562,0.0085830688476562,0.0,0.0,0.0,0.0,0.0,0.0,0.0,0.496,1.424,0.0,0.0,0.0,0.0,0.0,117.192,0.0046094258626302,0.005960464477539,365.52,0
18,0.0,0.0,0.0,0.0,0.0,0.0,0,0,0.0,0.0,0.0,0.0,0.0,0.0,0.0,0.0070675764933671,0.0099897384643554,0.0069141387939453,0.0069141387939453,0.0,0.0095367431640625,0.0095367431640625,0.0,0.0,0.0,0.0,0.0,0.0,0.0,0.496,1.424,0.0,0.0,0.0,0.0,0.0,116.416,0.0038941222501088,0.0045299530029296,17722.736,0
19,0.0,0.0,0.0,0.0,0.0,0.0,0,0,0.0,0.0,0.0,0.0,0.0,0.0,0.0,0.0062614384264048,0.0083446502685546,0.0104904174804687,0.0104904174804687,0.0,0.0133514404296875,0.0133514404296875,0.0,0.0,0.0062942504882812,0.0,0.0084400177001953,0.0109672546386718,0.0208377838134765,0.496,1.424,0.0,0.0,4.232,3.744,0.0,116.864,0.0048364911760602,0.0061511993408203,98.128,0
20,0.0,0.0,0.0,0.0,0.0,0.0,0,0,0.0,0.0,0.0,0.0,0.0,0.0,0.0,0.0060537073871876,0.0081062316894531,0.009775161743164,0.009775161743164,0.0,0.0123977661132812,0.0123977661132812,0.0,0.0,0.0061750411987304,0.0,0.0081300735473632,0.0105857849121093,0.0286817550659179,0.496,1.424,0.0,0.0,8.464,7.488,0.0,118.448,0.0041843384735343,0.0050544738769531,1192.44,0
21,0.0,0.0,0.0,0.0,0.0,0.0,0,0,0.0,0.0,0.0,0.0,0.0,0.0,0.0,0.0059841877192407,0.0078678131103515,0.0069141387939453,0.0069141387939453,0.0,0.0085830688476562,0.0085830688476562,0.0,0.0,0.0062329428536551,0.0,0.0087499618530273,0.0110119581222534,0.0271797180175781,0.496,1.424,0.0,0.0,11.44,12.536,0.0,115.48,0.005756105695452,0.0072479248046875,20.68,0
22,0.0,0.0,0.0,0.0,0.0,0.0,0,0,0.0,0.0,0.0,0.0,0.0,0.0,0.0,0.0061822767874494,0.0081062316894531,0.0066757202148437,0.0066757202148437,0.0,0.009775161743164,0.009775161743164,0.0,0.0,0.0057697296142578,0.0,0.0081539154052734,0.0101089477539062,0.0242948532104492,0.496,1.424,0.0,0.0,7.736,8.264,0.0,114.296,0.0041403940745762,0.0054836273193359,1244.784,0
23,0.0,0.0,0.0,0.0,0.0,0.0,0,0,0.0,0.0,0.0,0.0,0.0,0.0,0.0,0.0060933146310682,0.0083446502685546,0.0081062316894531,0.0081062316894531,0.0,0.011444091796875,0.011444091796875,0.0,0.0,0.0,0.0,0.0,0.0,0.0,0.496,1.424,0.0,0.0,0.0,0.0,0.0,114.584,0.0044405460357666,0.0065565109252929,163.616,0
24,0.0,0.0,0.0,0.0,0.0,0.0,0,0,0.0,0.0,0.0,0.0,0.0,0.0,0.0,0.0067729855058205,0.0095367431640625,0.0085830688476562,0.0085830688476562,0.0,0.0162124633789062,0.0162124633789062,0.0,0.0,0.0,0.0,0.0,0.0,0.0,0.496,1.392,0.0,0.0,0.0,0.0,0.0,117.192,0.0039313468465044,0.0047683715820312,7123.696,0
25,0.0,0.0,0.0,0.0,0.0,0.0,0,0,0.0,0.0,0.0,0.0,0.0,0.0,0.0,0.0061906210266717,0.0083446502685546,0.0090599060058593,0.0090599060058593,0.0,0.0102519989013671,0.0102519989013671,0.0,0.0,0.0068187713623046,0.0,0.0096321105957031,0.0113964080810546,0.0213623046875,0.496,1.424,0.0,0.0,4.232,3.744,0.0,118.448,0.0044754573277064,0.0059127807617187,283.016,0
26,0.0,0.0,0.0,0.0,0.0,0.0,0,0,0.0,0.0,0.0,0.0,0.0,0.0,0.0,0.006603722525115,0.0085830688476562,0.00762939453125,0.00762939453125,0.0,0.0100135803222656,0.0100135803222656,0.0,0.0,0.0060796737670898,0.0,0.0086069107055664,0.0115871429443359,0.0283479690551757,0.496,1.424,0.0,0.0,8.464,7.488,0.0,116.096,0.0039694717575831,0.0047683715820312,7065.536,0
27,0.0,0.0,0.0,0.0,0.0,0.0,0,0,0.0,0.0,0.0,0.0,0.0,0.0,0.0,0.0067252923946569,0.0090599060058593,0.0102519989013671,0.0102519989013671,0.0,0.0095367431640625,0.0095367431640625,0.0,0.0,0.0067710876464843,0.0,0.0093698501586914,0.0120162963867187,0.0272989273071289,0.496,1.424,0.0,0.0,8.464,7.488,0.0,115.84,0.0039729683427535,0.0047683715820312,5876.856,0
28,0.0,0.0,0.0,0.0,0.0,0.0,0,0,0.0,0.0,0.0,0.0,0.0,0.0,0.0,0.0064752588224648,0.0081062316894531,0.0073909759521484,0.0073909759521484,0.0,0.0085830688476562,0.0085830688476562,0.0,0.0,0.0063896179199218,0.0,0.0089645385742187,0.0107765197753906,0.025796890258789,0.496,1.424,0.0,0.0,11.24,12.784,0.0,117.192,0.0041300250637915,0.0052452087402343,326.408,0
29,0.0,0.0,0.0,0.0,0.0,0.0,0,0,0.0,0.0,0.0,0.0,0.0,0.0,0.0,0.0064752588224648,0.0081062316894531,0.008392333984375,0.00762939453125,0.0,0.0128746032714843,0.0138282775878906,0.0,0.0,0.0,0.0,0.0,0.0,0.0,1.344,2.272,0.0,0.0,0.0,0.0,0.0,117.192,0.0041300250637915,0.0052452087402343,326.408,0
30,0.0,0.0,0.0,0.0,0.0,0.0,0,0,0.0,0.0,0.0,0.0,0.0,0.0,0.0,0.0065523593579951,0.0090599060058593,0.0088214874267578,0.0088214874267578,0.0,0.0104904174804687,0.0104904174804687,0.0,0.0,0.0,0.0,0.0,0.0,0.0,0.496,1.36,0.0,0.0,0.0,0.0,0.0,119.472,0.0038704251855369,0.0045299530029296,16768.224,0
31,0.0,0.0,0.0,0.0,0.0,0.0,0,0,0.0,0.0,0.0,0.0,0.0,0.0,0.0,0.0063590149381267,0.0085830688476562,0.0100135803222656,0.0100135803222656,0.0,0.0116825103759765,0.0116825103759765,0.0,0.0,0.0,0.0,0.0,0.0,0.0,0.496,1.424,0.0,0.0,0.0,0.0,0.0,117.192,0.0052111489432198,0.0077724456787109,50.896,0
32,0.0,0.0,0.0,0.0,0.0,0.0,0,0,0.0,0.0,0.0,0.0,0.0,0.0,0.0,0.0059130179941357,0.0081062316894531,0.0131130218505859,0.0131130218505859,0.0,0.0116825103759765,0.0116825103759765,0.0,0.0,0.0058889389038085,0.0,0.007939338684082,0.011444091796875,0.0313282012939453,0.496,1.424,0.0,0.0,8.464,7.488,0.0,113.256,0.0052452087402343,0.0052452087402343,1.192,0
33,0.0,0.0,0.0,0.0,0.0,0.0,0,0,0.0,0.0,0.0,0.0,0.0,0.0,0.0,0.0059948631780064,0.0081062316894531,0.0073909759521484,0.0073909759521484,0.0,0.0081062316894531,0.0081062316894531,0.0,0.0,0.0060081481933593,0.0,0.0081777572631835,0.0109434127807617,0.0286102294921875,0.496,1.392,0.0,0.0,8.464,7.488,0.0,113.256,0.0052452087402343,0.0052452087402343,1.192,0
34,0.0,0.0,0.0,0.0,0.0,0.0,0,0,0.0,0.0,0.0,0.0,0.0,0.0,0.0,0.0061825209972905,0.0085830688476562,0.0090599060058593,0.0090599060058593,0.0,0.0131130218505859,0.0131130218505859,0.0,0.0,0.0061235929790296,0.0,0.0081539154052734,0.0105925968715122,0.025033950805664,0.496,1.36,0.0,0.0,14.944,17.056,0.0,122.352,0.0042974948883056,0.0059843063354492,389.552,0
35,0.0,0.0,0.0,0.0,0.0,0.0,0,0,0.0,0.0,0.0,0.0,0.0,0.0,0.0,0.0059806292329854,0.0081062316894531,0.0081062316894531,0.0081062316894531,0.0,0.00762939453125,0.00762939453125,0.0,0.0,0.0,0.0,0.0,0.0,0.0,0.496,1.424,0.0,0.0,0.0,0.0,0.0,117.192,0.005960464477539,0.0071048736572265,37.704,0
36,0.0,0.0,0.0,0.0,0.0,0.0,0,0,0.0,0.0,0.0,0.0,0.0,0.0,0.0,0.0063174992651488,0.0085830688476562,0.011444091796875,0.011444091796875,0.0,0.0078678131103515,0.0078678131103515,0.0,0.0,0.0,0.0,0.0,0.0,0.0,0.496,1.424,0.0,0.0,0.0,0.0,0.0,114.264,0.0043919211939761,0.0061750411987304,383.728,0
37,0.0,0.0,0.0,0.0,0.0,0.0,0,0,0.0,0.0,0.0,0.0,0.0,0.0,0.0,0.0059580921533688,0.0081062316894531,0.0109672546386718,0.0109672546386718,0.0,0.0083446502685546,0.0083446502685546,0.0,0.0,0.0,0.0,0.0,0.0,0.0,0.496,1.424,0.0,0.0,0.0,0.0,0.0,115.16,0.0046491622924804,0.0056028366088867,34.208,0
38,0.0,0.0,0.0,0.0,0.0,0.0,0,0,0.0,0.0,0.0,0.0,0.0,0.0,0.0,0.0065725241134415,0.0092983245849609,0.0092983245849609,0.0092983245849609,0.0,0.0126361846923828,0.0126361846923828,0.0,0.0,0.0062465667724609,0.0,0.0081539154052734,0.0116825103759765,0.0284671783447265,0.496,1.424,0.0,0.0,8.464,7.488,0.0,117.192,0.0039119864591122,0.0045299530029296,9011.632,0
39,0.0,0.0,0.0,0.0,0.0,0.0,0,0,0.0,0.0,0.0,0.0,0.0,0.0,0.0,0.0060257033922185,0.0081062316894531,0.0081062316894531,0.0081062316894531,0.0,0.0131130218505859,0.0131130218505859,0.0,0.0,0.0061273574829101,0.0,0.0083446502685546,0.0110387802124023,0.024724006652832,0.496,1.424,0.0,0.0,8.464,7.488,0.0,113.256,0.0064373016357421,0.0064373016357421,1.192,0
40,0.0,0.0,0.0,0.0,0.0,0.0,0,0,0.0,0.0,0.0,0.0,0.0,0.0,0.0,0.0061245247869208,0.0078678131103515,0.0066757202148437,0.0066757202148437,0.0,0.0071525573730468,0.0071525573730468,0.0,0.0,0.0059127807617187,0.0,0.0081062316894531,0.0105738639831542,0.0256299972534179,0.496,1.424,0.0,0.0,15.472,16.528,0.0,116.544,0.0064373016357421,0.0068187713623046,4.192,0
41,0.0,0.0,0.0,0.0,0.0,0.0,0,0,0.0,0.0,0.0,0.0,0.0,0.0,0.0,0.0063851105039985,0.0085830688476562,0.0061988830566406,0.0061988830566406,0.0057220458984375,0.0090599060058593,0.0090599060058593,0.0088214874267578,0.0057220458984375,0.0,0.0088214874267578,0.0,0.0,0.0,0.496,1.424,0.848,0.848,0.0,0.0,0.0,113.256,0.0047683715820312,0.0047683715820312,1.192,0
42,0.0,0.0,0.0,0.0,0.0,0.0,0,0,0.0,0.0,0.0,0.0,0.0,0.0,0.0,0.0059497356414794,0.0083446502685546,0.0078678131103515,0.0078678131103515,0.0150203704833984,0.0119209289550781,0.0119209289550781,0.0050067901611328,0.0150203704833984,0.0,0.0050067901611328,0.0,0.0,0.0,0.496,1.36,0.848,0.848,0.0,0.0,0.0,112.0,0.0,0.0,0.0,0
43,0.0,0.0,0.0,0.0,0.0,0.0,0,0,0.0,0.0,0.0,0.0,0.0,0.0,0.0,0.0060117244720458,0.0081062316894531,0.0066757202148437,0.0066757202148437,0.0,0.0073909759521484,0.0073909759521484,0.0,0.0,0.0,0.0,0.0,0.0,0.0,0.496,1.36,0.0,0.0,0.0,0.0,0.0,112.0,0.0,0.0,0.0,0
44,0.0,0.0,0.0,0.0,0.0,0.0,0,0,0.0,0.0,0.0,0.0,0.0,0.0,0.0,0.0060796737670898,0.0085830688476562,0.0081062316894531,0.0081062316894531,0.0,0.0095367431640625,0.0095367431640625,0.0,0.0,0.006270408630371,0.0,0.0081539154052734,0.0115871429443359,0.0289440155029296,0.496,1.36,0.0,0.0,8.464,7.488,0.0,112.0,0.0,0.0,0.0,0
45,0.0,0.0,0.0,0.0,0.0,0.0,0,0,0.0,0.0,0.0,0.0,0.0,0.0,0.0,0.0060117244720458,0.0078678131103515,0.0073909759521484,0.0073909759521484,0.0,0.0100135803222656,0.0100135803222656,0.0,0.0,0.0059366226196289,0.0,0.0084161758422851,0.0110864639282226,0.0278472900390625,0.496,1.36,0.0,0.0,8.464,7.488,0.0,112.0,0.0,0.0,0.0,0
46,0.0,0.0,0.0,0.0,0.0,0.0,0,0,0.0,0.0,0.0,0.0,0.0,0.0,0.0,0.0066100687220476,0.0086784362792968,0.0078678131103515,0.0078678131103515,0.0,0.0150203704833984,0.0150203704833984,0.0,0.0,0.0061869621276855,0.0,0.0085830688476562,0.0109791755676269,0.0269889831542968,0.496,1.36,0.0,0.0,15.472,16.528,0.0,144.408,0.0039203708390315,0.0045299530029296,11464.976,0
47,0.0,0.0,0.0,0.0,0.0,0.0,0,0,0.0,0.0,0.0,0.0,0.0,0.0,0.0,0.0060749526071076,0.0078678131103515,0.0109672546386718,0.0109672546386718,0.0,0.00762939453125,0.00762939453125,0.0,0.0,0.0,0.0,0.0,0.0,0.0,0.496,1.424,0.0,0.0,0.0,0.0,0.0,118.448,0.0039855046058768,0.0050067901611328,721.336,0
48,0.0,0.0,0.0,0.0,0.0,0.0,0,0,0.0,0.0,0.0,0.0,0.0,0.0,0.0,0.0058537098898816,0.0078678131103515,0.0081062316894531,0.0081062316894531,0.0,0.0102519989013671,0.0102519989013671,0.0,0.0,0.0,0.0,0.0,0.0,0.0,0.496,1.424,0.0,0.0,0.0,0.0,0.0,113.256,0.0066757202148437,0.0066757202148437,1.192,0
49,0.0,0.0,0.0,0.0,0.0,0.0,0,0,0.0,0.0,0.0,0.0,0.0,0.0,0.0,0.0061547756195068,0.0083446502685546,0.0064373016357421,0.0064373016357421,0.0,0.0116825103759765,0.0116825103759765,0.0,0.0,0.0,0.0,0.0,0.0,0.0,0.496,1.36,0.0,0.0,0.0,0.0,0.0,112.0,0.0,0.0,0.0,0
50,0.0,0.0,0.0,0.0,0.0,0.0,0,0,0.0,0.0,0.0,0.0,0.0,0.0,0.0,0.006192922592163,0.0083446502685546,0.0066757202148437,0.0066757202148437,0.0,0.0078678131103515,0.0078678131103515,0.0,0.0,0.0060796737670898,0.0,0.0083684921264648,0.0110626220703125,0.0278949737548828,0.496,1.36,0.0,0.0,8.464,7.488,0.0,112.0,0.0,0.0,0.0,0
51,0.0,0.0,0.0,0.0,0.0,0.0,0,0,0.0,0.0,0.0,0.0,0.0,0.0,0.0,0.0061488151550292,0.0083446502685546,0.0071525573730468,0.0071525573730468,0.0,0.0066757202148437,0.0066757202148437,0.0,0.0,0.0063896179199218,0.0,0.0088214874267578,0.0111579895019531,0.028538703918457,0.496,1.36,0.0,0.0,8.464,7.488,0.0,112.0,0.0,0.0,0.0,0
52,0.0,0.0,0.0,0.0,0.0,0.0,0,0,0.0,0.0,0.0,0.0,0.0,0.0,0.0,0.0059342384338378,0.0078678131103515,0.0069141387939453,0.0069141387939453,0.0,0.0073909759521484,0.0073909759521484,0.0,0.0,0.0061392784118652,0.0,0.008392333984375,0.0106215476989746,0.0264883041381835,0.496,1.36,0.0,0.0,15.472,16.528,0.0,112.0,0.0,0.0,0.0,0
53,0.0,0.0,0.0,0.0,0.0,0.0,0,0,0.0,0.0,0.0,0.0,0.0,0.0,0.0,0.006318668236479,0.0085830688476562,0.0064373016357421,0.0064373016357421,0.0,0.0090599060058593,0.0090599060058593,0.0,0.0,0.0,0.0,0.0,0.0,0.0,0.496,1.36,0.0,0.0,0.0,0.0,0.0,144.408,0.0039922430160197,0.0047683715820312,2552.456,0
54,0.0,0.0,0.0,0.0,0.0,0.0,0,0,0.0,0.0,0.0,0.0,0.0,0.0,0.0,0.0060861976585577,0.0085830688476562,0.0100135803222656,0.0100135803222656,0.0,0.0071525573730468,0.0071525573730468,0.0,0.0,0.0,0.0,0.0,0.0,0.0,0.496,1.36,0.0,0.0,0.0,0.0,0.0,113.256,0.0042915344238281,0.0042915344238281,1.192,0
55,0.0,0.0,0.0,0.0,0.0,0.0,0,0,0.0,0.0,0.0,0.0,0.0,0.0,0.0,0.0059486028566882,0.0081062316894531,0.005960464477539,0.005960464477539,0.0,0.0100135803222656,0.0100135803222656,0.0,0.0,0.0,0.0,0.0,0.0,0.0,0.496,1.424,0.0,0.0,0.0,0.0,0.0,113.256,0.0073909759521484,0.0073909759521484,1.192,0
56,0.0,0.0,0.0,0.0,0.0,0.0,0,0,0.0,0.0,0.0,0.0,0.0,0.0,0.0,0.0059746279574856,0.0078678131103515,0.0078678131103515,0.0078678131103515,0.0,0.0066757202148437,0.0066757202148437,0.0,0.0,0.006103515625,0.0,0.0083684921264648,0.0110149383544921,0.0275373458862304,0.496,1.36,0.0,0.0,8.464,7.488,0.0,122.568,0.0061511993408203,0.0080585479736328,18.2,0
57,0.0,0.0,0.0,0.0,0.0,0.0,0,0,0.0,0.0,0.0,0.0,0.0,0.0,0.0,0.0059746279574856,0.0078678131103515,0.0090599060058593,0.0090599060058593,0.0,0.00762939453125,0.00762939453125,0.0,0.0,0.0060796737670898,0.0,0.0081300735473632,0.0109434127807617,0.027012825012207,0.496,1.36,0.0,0.0,8.464,7.488,0.0,122.568,0.0061511993408203,0.0080585479736328,18.2,0
58,0.0,0.0,0.0,0.0,0.0,0.0,0,0,0.0,0.0,0.0,0.0,0.0,0.0,0.0,0.0059746279574856,0.0078678131103515,0.0088214874267578,0.0088214874267578,0.0,0.0102519989013671,0.0102519989013671,0.0,0.0,0.006115436553955,0.0,0.0088453292846679,0.0105619430541992,0.026106834411621,0.496,1.424,0.0,0.0,15.472,16.528,0.0,122.568,0.0061511993408203,0.0080585479736328,18.2,0
59,0.0,0.0,0.0,0.0,0.0,0.0,0,0,0.0,0.0,0.0,0.0,0.0,0.0,0.0,0.0059746279574856,0.0078678131103515,0.0133514404296875,0.0133514404296875,0.0,0.0128746032714843,0.0128746032714843,0.0,0.0,0.0,0.0,0.0,0.0,0.0,0.496,1.36,0.0,0.0,0.0,0.0,0.0,122.568,0.0061511993408203,0.0080585479736328,18.2,0
60,0.0,0.0,0.0,0.0,0.0,0.0,0,0,0.0,0.0,0.0,0.0,0.0,0.0,0.0,0.0063934136385941,0.0085830688476562,0.0071287155151367,0.0060796737670898,0.0,0.0107288360595703,0.0139713287353515,0.0,0.0,0.0065008799235026,0.0,0.0084877014160156,0.0097274780273437,0.0195026397705078,1.344,2.208,0.0,0.0,11.312,10.776,0.0,113.256,0.0047683715820312,0.0047683715820312,1.192,0
61,0.0,0.0,0.0,0.0,0.0,0.0,0,0,0.0,0.0,0.0,0.0,0.0,0.0,0.0,0.0062768052263957,0.0083446502685546,0.0061988830566406,0.0061988830566406,0.0,0.0104904174804687,0.0104904174804687,0.0,0.0,0.0,0.0,0.0,0.0,0.0,0.496,1.36,0.0,0.0,0.0,0.0,0.0,134.024,0.0039725076584588,0.0047683715820312,2222.736,0
62,0.0,0.0,0.0,0.0,0.0,0.0,0,0,0.0,0.0,0.0,0.0,0.0,0.0,0.0,0.0059758845846451,0.0081062316894531,0.00762939453125,0.00762939453125,0.0,0.0116825103759765,0.0116825103759765,0.0,0.0,0.0062227249145507,0.0,0.0083684921264648,0.0112295150756835,0.0267267227172851,0.496,1.424,0.0,0.0,8.464,7.488,0.0,113.256,0.005960464477539,0.005960464477539,1.192,0
63,0.0,0.0,0.0,0.0,0.0,0.0,0,0,0.0,0.0,0.0,0.0,0.0,0.0,0.0,0.0059056282043457,0.0083684921264648,0.0066757202148437,0.0066757202148437,0.0,0.009775161743164,0.009775161743164,0.0,0.0,0.0066757202148437,0.0,0.0091075897216796,0.0114917755126953,0.0286579132080078,0.496,1.36,0.0,0.0,8.464,7.488,0.0,112.0,0.0,0.0,0.0,0
64,0.0,0.0,0.0,0.0,0.0,0.0,0,0,0.0,0.0,0.0,0.0,0.0,0.0,0.0,0.0062285371087676,0.0083446502685546,0.0083446502685546,0.0083446502685546,0.0,0.0085830688476562,0.0085830688476562,0.0,0.0,0.006010657862613,0.0,0.0083446502685546,0.0108764285132998,0.0264644622802734,0.496,1.36,0.0,0.0,14.944,17.056,0.0,115.624,0.0069141387939453,0.0069141387939453,3.336,0
65,0.0,0.0,0.0,0.0,0.0,0.0,0,0,0.0,0.0,0.0,0.0,0.0,0.0,0.0,0.0066079345403933,0.0092983245849609,0.0069141387939453,0.0069141387939453,0.0,0.0109672546386718,0.0109672546386718,0.0,0.0,0.0,0.0,0.0,0.0,0.0,0.496,1.424,0.0,0.0,0.0,0.0,0.0,132.768,0.0039194231835481,0.0047683715820312,11362.32,0
66,0.0,0.0,0.0,0.0,0.0,0.0,0,0,0.0,0.0,0.0,0.0,0.0,0.0,0.0,0.0066911403219498,0.0090599060058593,0.009775161743164,0.009775161743164,0.0,0.011444091796875,0.011444091796875,0.0,0.0,0.0,0.0,0.0,0.0,0.0,0.496,1.424,0.0,0.0,0.0,0.0,0.0,115.032,0.0041108461296033,0.0050067901611328,3185.696,0
67,0.0,0.0,0.0,0.0,0.0,0.0,0,0,0.0,0.0,0.0,0.0,0.0,0.0,0.0,0.0061644843561732,0.0081062316894531,0.0133514404296875,0.0133514404296875,0.0,0.0081062316894531,0.0081062316894531,0.0,0.0,0.0,0.0,0.0,0.0,0.0,0.496,1.424,0.0,0.0,0.0,0.0,0.0,113.256,0.0041382653372628,0.0051021575927734,132.608,0
68,0.0,0.0,0.0,0.0,0.0,0.0,0,0,0.0,0.0,0.0,0.0,0.0,0.0,0.0,0.0059936770159213,0.0083446502685546,0.0071525573730468,0.0071525573730468,0.0,0.00762939453125,0.00762939453125,0.0,0.0,0.006103515625,0.0,0.0081300735473632,0.0112533569335937,0.0306606292724609,0.496,1.424,0.0,0.0,8.464,7.488,0.0,113.256,0.0069141387939453,0.0069141387939453,1.192,0
69,0.0,0.0,0.0,0.0,0.0,0.0,0,0,0.0,0.0,0.0,0.0,0.0,0.0,0.0,0.0060719637135368,0.0081062316894531,0.0066757202148437,0.0066757202148437,0.0,0.0126361846923828,0.0126361846923828,0.0,0.0,0.0058889389038085,0.0,0.0081062316894531,0.0104188919067382,0.0270605087280273,0.496,1.36,0.0,0.0,8.464,7.488,0.0,113.256,0.0042915344238281,0.0042915344238281,1.192,0
70,0.0,0.0,0.0,0.0,0.0,0.0,0,0,0.0,0.0,0.0,0.0,0.0,0.0,0.0,0.0062322616577148,0.0081300735473632,0.0085830688476562,0.0085830688476562,0.0,0.0128746032714843,0.0128746032714843,0.0,0.0,0.005960464477539,0.0,0.0076293945312499,0.0104450044177827,0.0245571136474609,0.496,1.36,0.0,0.0,14.944,17.056,0.0,112.0,0.0,0.0,0.0,0
71,0.0,0.0,0.0,0.0,0.0,0.0,0,0,0.0,0.0,0.0,0.0,0.0,0.0,0.0,0.0063710096405773,0.0085830688476562,0.00762939453125,0.00762939453125,0.0,0.0147819519042968,0.0147819519042968,0.0,0.0,0.0,0.0,0.0,0.0,0.0,0.496,1.36,0.0,0.0,0.0,0.0,0.0,137.96,0.004138906630512,0.0052452087402343,2411.08,0
72,0.0,0.0,0.0,0.0,0.0,0.0,0,0,0.0,0.0,0.0,0.0,0.0,0.0,0.0,0.0062429904937744,0.0085830688476562,0.0112056732177734,0.0112056732177734,0.0,0.0128746032714843,0.0128746032714843,0.0,0.0,0.0,0.0,0.0,0.0,0.0,0.496,1.424,0.0,0.0,0.0,0.0,0.0,112.0,0.0043187822614397,0.0056266784667968,343.896,0
73,0.0,0.0,0.0,0.0,0.0,0.0,0,0,0.0,0.0,0.0,0.0,0.0,0.0,0.0,0.0063393375661113,0.0085830688476562,0.0078678131103515,0.0078678131103515,0.0069141387939453,0.0119209289550781,0.0119209289550781,0.0100135803222656,0.0069141387939453,0.0,0.0100135803222656,0.0,0.0,0.0,0.496,1.424,0.848,0.848,0.0,0.0,0.0,122.16,0.0039706720369998,0.0047683715820312,4497.216,0
74,0.0,0.0,0.0,0.0,0.0,0.0,0,0,0.0,0.0,0.0,0.0,0.0,0.0,0.0,0.007133672733118,0.0100135803222656,0.0100135803222656,0.0100135803222656,0.0073909759521484,0.0154972076416015,0.0154972076416015,0.0045299530029296,0.0073909759521484,0.006103515625,0.0045299530029296,0.0081062316894531,0.0106334686279296,0.0260353088378906,0.496,1.424,0.848,0.848,8.464,7.488,0.0,118.448,0.0039402186960748,0.0047683715820312,13573.728,0
75,0.0,0.0,0.0,0.0,0.0,0.0,0,0,0.0,0.0,0.0,0.0,0.0,0.0,0.0,0.006262935809235,0.0083446502685546,0.0083446502685546,0.0083446502685546,0.0,0.0171661376953125,0.0171661376953125,0.0,0.0,0.0063180923461914,0.0,0.0086545944213867,0.0105142593383789,0.0263929367065429,0.496,1.424,0.0,0.0,8.464,7.488,0.0,113.256,0.0041650266063456,0.0052452087402343,980.016,0
76,0.0,0.0,0.0,0.0,0.0,0.0,0,0,0.0,0.0,0.0,0.0,0.0,0.0,0.0,0.006075522199792,0.0088214874267578,0.0069141387939453,0.0069141387939453,0.0,0.0102519989013671,0.0102519989013671,0.0,0.0,0.0066757202148437,0.0,0.0091552734375,0.0112414360046386,0.0277280807495117,0.496,1.424,0.0,0.0,15.472,16.528,0.0,113.256,0.0045299530029296,0.0045299530029296,1.192,0
77,0.0,0.0,0.0,0.0,0.0,0.0,0,0,0.0,0.0,0.0,0.0,0.0,0.0,0.0,0.0059073514277392,0.0081062316894531,0.0090599060058593,0.0090599060058593,0.0,0.0102519989013671,0.0102519989013671,0.0,0.0,0.0,0.0,0.0,0.0,0.0,0.496,1.36,0.0,0.0,0.0,0.0,0.0,122.384,0.0072717666625976,0.007939338684082,10.512,0
78,0.0,0.0,0.0,0.0,0.0,0.0,0,0,0.0,0.0,0.0,0.0,0.0,0.0,0.0,0.0059426720462628,0.0081062316894531,0.0083446502685546,0.0083446502685546,0.0,0.0140666961669921,0.0140666961669921,0.0,0.0,0.0,0.0,0.0,0.0,0.0,0.496,1.424,0.0,0.0,0.0,0.0,0.0,117.192,0.0081062316894531,0.0081062316894531,5.256,0
79,0.0,0.0,0.0,0.0,0.0,0.0,0,0,0.0,0.0,0.0,0.0,0.0,0.0,0.0,0.0062823295593261,0.0085830688476562,0.0119209289550781,0.0119209289550781,0.0,0.0109672546386718,0.0109672546386718,0.0,0.0,0.0,0.0,0.0,0.0,0.0,0.496,1.36,0.0,0.0,0.0,0.0,0.0,112.0,0.0,0.0,0.0,0
80,0.0,0.0,0.0,0.0,0.0,0.0,0,0,0.0,0.0,0.0,0.0,0.0,0.0,0.0,0.0062519961064404,0.0088214874267578,0.0064373016357421,0.0064373016357421,0.0,0.00762939453125,0.00762939453125,0.0,0.0,0.0064373016357421,0.0,0.0085830688476562,0.0116586685180664,0.028395652770996,0.496,1.424,0.0,0.0,8.464,7.488,0.0,127.016,0.0039578274905582,0.0047683715820312,6130.136,0
81,0.0,0.0,0.0,0.0,0.0,0.0,0,0,0.0,0.0,0.0,0.0,0.0,0.0,0.0,0.0067583405145324,0.0090360641479492,0.0088214874267578,0.0088214874267578,0.0,0.0164508819580078,0.0164508819580078,0.0,0.0,0.006103515625,0.0,0.0083446502685546,0.0111579895019531,0.0279903411865234,0.496,1.424,0.0,0.0,8.464,7.488,0.0,118.448,0.0040976094527983,0.0050067901611328,2841.296,0
82,0.0,0.0,0.0,0.0,0.0,0.0,0,0,0.0,0.0,0.0,0.0,0.0,0.0,0.0,0.0062700527817455,0.0083446502685546,0.0085830688476562,0.0085830688476562,0.0,0.0123977661132812,0.0123977661132812,0.0,0.0,0.0060319900512695,0.0,0.0086069107055664,0.0109672546386718,0.0261783599853515,0.496,1.424,0.0,0.0,15.472,16.528,0.0,113.256,0.004097267433449,0.0055789947509765,271.992,0
83,0.0,0.0,0.0,0.0,0.0,0.0,0,0,0.0,0.0,0.0,0.0,0.0,0.0,0.0,0.0063034113992023,0.0085830688476562,0.0109672546386718,0.0109672546386718,0.0,0.0109672546386718,0.0109672546386718,0.0,0.0,0.0,0.0,0.0,0.0,0.0,0.496,1.424,0.0,0.0,0.0,0.0,0.0,121.048,0.004221128937382,0.0052452087402343,1137.848,0
84,0.0,0.0,0.0,0.0,0.0,0.0,0,0,0.0,0.0,0.0,0.0,0.0,0.0,0.0,0.0064195092044659,0.0085830688476562,0.0095367431640625,0.0095367431640625,0.0,0.009775161743164,0.009775161743164,0.0,0.0,0.0,0.0,0.0,0.0,0.0,0.496,1.424,0.0,0.0,0.0,0.0,0.0,114.344,0.0040610631306966,0.0050067901611328,1735.488,0
85,0.0,0.0,0.0,0.0,0.0,0.0,0,0,0.0,0.0,0.0,0.0,0.0,0.0,0.0,0.0060176849365234,0.0081062316894531,0.0069141387939453,0.0069141387939453,0.0,0.011444091796875,0.011444091796875,0.0,0.0,0.0,0.0,0.0,0.0,0.0,0.496,1.424,0.0,0.0,0.0,0.0,0.0,112.0,0.0042915344238281,0.0049591064453124,85.76,0
86,0.0,0.0,0.0,0.0,0.0,0.0,0,0,0.0,0.0,0.0,0.0,0.0,0.0,0.0,0.0060820579528808,0.0088214874267578,0.0071525573730468,0.0071525573730468,0.0,0.0078678131103515,0.0078678131103515,0.0,0.0,0.0063419342041015,0.0,0.0090599060058593,0.0118970870971679,0.0295877456665039,0.496,1.424,0.0,0.0,8.464,7.488,0.0,112.0,0.0,0.0,0.0,0
87,0.0,0.0,0.0,0.0,0.0,0.0,0,0,0.0,0.0,0.0,0.0,0.0,0.0,0.0,0.0062525272369384,0.0085830688476562,0.0073909759521484,0.0073909759521484,0.0,0.0092983245849609,0.0092983245849609,0.0,0.0,0.0058412551879882,0.0,0.0081539154052734,0.010848045349121,0.0272035598754882,0.496,1.36,0.0,0.0,8.464,7.488,0.0,112.0,0.0,0.0,0.0,0
88,0.0,0.0,0.0,0.0,0.0,0.0,0,0,0.0,0.0,0.0,0.0,0.0,0.0,0.0,0.0059628368017092,0.0081062316894531,0.00762939453125,0.00762939453125,0.0,0.0078678131103515,0.0078678131103515,0.0,0.0,0.0063896179199218,0.0,0.0083446502685546,0.010991096496582,0.0260114669799804,0.496,1.36,0.0,0.0,15.472,16.528,0.0,113.256,0.00762939453125,0.00762939453125,1.192,0
89,0.0,0.0,0.0,0.0,0.0,0.0,0,0,0.0,0.0,0.0,0.0,0.0,0.0,0.0,0.0060387511751545,0.0078678131103515,0.0064373016357421,0.0064373016357421,0.0,0.0104904174804687,0.0104904174804687,0.0,0.0,0.0,0.0,0.0,0.0,0.0,0.496,1.36,0.0,0.0,0.0,0.0,0.0,113.256,0.0083446502685546,0.0083446502685546,1.192,0
90,0.0,0.0,0.0,0.0,0.0,0.0,0,0,0.0,0.0,0.0,0.0,0.0,0.0,0.0,0.0059818153950705,0.0078678131103515,0.0078678131103515,0.0078678131103515,0.0,0.011444091796875,0.011444091796875,0.0,0.0,0.0,0.0,0.0,0.0,0.0,0.496,1.36,0.0,0.0,0.0,0.0,0.0,113.256,0.0050067901611328,0.0050067901611328,1.192,0
91,0.0,0.0,0.0,0.0,0.0,0.0,0,0,0.0,0.0,0.0,0.0,0.0,0.0,0.0,0.0060772895812988,0.0078916549682617,0.0069141387939453,0.0069141387939453,0.0,0.0104904174804687,0.0104904174804687,0.0,0.0,0.0,0.0,0.0,0.0,0.0,0.496,1.36,0.0,0.0,0.0,0.0,0.0,112.0,0.0,0.0,0.0,0
92,0.0,0.0,0.0,0.0,0.0,0.0,0,0,0.0,0.0,0.0,0.0,0.0,0.0,0.0,0.0061111070623445,0.0083446502685546,0.0058650970458984,0.0054836273193359,0.0,0.0100135803222656,0.0123023986816406,0.0,0.0,0.0063180923461914,0.0,0.0087976455688476,0.0110626220703125,0.0293970108032226,1.344,2.208,0.0,0.0,8.464,7.488,0.0,117.192,0.0065962473551432,0.0085830688476562,30.328,0
93,0.0,0.0,0.0,0.0,0.0,0.0,0,0,0.0,0.0,0.0,0.0,0.0,0.0,0.0,0.0059199333190917,0.0085830688476562,0.0095367431640625,0.0095367431640625,0.0,0.0159740447998046,0.0159740447998046,0.0,0.0,0.0060929192437065,0.0,0.0080108642578125,0.0107071616432883,0.0286102294921875,0.496,1.424,0.0,0.0,7.936,8.016,0.0,112.0,0.0,0.0,0.0,0
94,0.0,0.0,0.0,0.0,0.0,0.0,0,0,0.0,0.0,0.0,0.0,0.0,0.0,0.0,0.0062403987296185,0.0083446502685546,0.0064373016357421,0.0064373016357421,0.0,0.0166893005371093,0.0166893005371093,0.0,0.0,0.0068187713623046,0.0,0.0089645385742187,0.011444091796875,0.0284194946289062,0.496,1.36,0.0,0.0,15.472,16.528,0.0,117.192,0.00762939453125,0.0085830688476562,17.456,1
95,0.0,0.0,0.0,0.0,0.0,0.0,0,0,0.0,0.0,0.0,0.0,0.0,0.0,0.0,0.0062178616500019,0.0083446502685546,0.0095367431640625,0.0095367431640625,0.0,0.0092983245849609,0.0092983245849609,0.0,0.0,0.0,0.0,0.0,0.0,0.0,0.496,1.424,0.0,0.0,0.0,0.0,0.0,117.192,226.1159420013428,226.2515544891357,52.712,1
96,0.0,0.0,0.0,0.0,0.0,0.0,0,0,0.0,0.0,0.0,0.0,0.0,0.0,0.0,0.0065375065457993,0.0092983245849609,0.0078678131103515,0.0078678131103515,0.0,0.0100135803222656,0.0100135803222656,0.0,0.0,0.0,0.0,0.0,0.0,0.0,0.496,1.424,0.0,0.0,0.0,0.0,0.0,144.408,226.03106216008484,226.1061668395996,4302.24,1
97,0.0,0.0,0.0,0.0,0.0,0.0,0,0,0.0,0.0,0.0,0.0,0.0,0.0,0.0,0.0070982640332514,0.0095367431640625,0.0133514404296875,0.0133514404296875,0.0,0.0200271606445312,0.0200271606445312,0.0,0.0,0.0,0.0,0.0,0.0,0.0,0.496,1.424,0.0,0.0,0.0,0.0,0.0,118.448,226.0244373007272,226.10080242156985,8761.8,1
98,0.0,0.0,0.0,0.0,0.0,0.0,0,0,0.0,0.0,0.0,0.0,0.0,0.0,0.0,0.0073862547921662,0.009775161743164,0.0143051147460937,0.0143051147460937,0.0,0.0090599060058593,0.0090599060058593,0.0,0.0,0.0066757202148437,0.0,0.0087976455688476,0.011444091796875,0.0277280807495117,0.496,1.424,0.0,0.0,8.464,7.488,0.0,118.448,226.00923433374243,226.01008415222168,12007.048,1
99,0.0,0.0,0.0,0.0,0.0,0.0,0,0,0.0,0.0,0.0,0.0,0.0,0.0,0.0,0.0073601357379362,0.009775161743164,0.0138282775878906,0.0138282775878906,0.0,0.0143051147460937,0.0143051147460937,0.0,0.0,0.0065565109252929,0.0,0.0089883804321289,0.0111103057861328,0.0264644622802734,0.496,1.424,0.0,0.0,8.464,7.488,0.0,117.192,226.0127381132303,226.01056098937988,10883.72,1
100,0.0,0.0,0.0,0.0,0.0,0.0,0,0,0.0,0.0,0.0,0.0,0.0,0.0,0.0,0.0068773677693077,0.0090599060058593,0.0119209289550781,0.0119209289550781,0.0,0.0147819519042968,0.0147819519042968,0.0,0.0,0.0065207481384277,0.0,0.0086069107055664,0.0110745429992675,0.0268459320068359,0.496,1.424,0.0,0.0,15.472,16.528,0.0,117.192,226.01221980793136,226.01115703582764,10066.792,1
101,0.0,0.0,0.0,0.0,0.0,0.0,0,0,0.0,0.0,0.0,0.0,0.0,0.0,0.0,0.0072771043919805,0.0100135803222656,0.0100135803222656,0.0100135803222656,0.0,0.0133514404296875,0.0133514404296875,0.0,0.0,0.0,0.0,0.0,0.0,0.0,0.496,1.424,0.0,0.0,0.0,0.0,0.0,117.192,226.0198226157329,226.1016607284546,7713.528,1
102,0.0,0.0,0.0,0.0,0.0,0.0,0,0,0.0,0.0,0.0,0.0,0.0,0.0,0.0,0.0065167744954427,0.0088214874267578,0.0126361846923828,0.0126361846923828,0.0,0.0119209289550781,0.0119209289550781,0.0,0.0,0.0,0.0,0.0,0.0,0.0,0.496,1.424,0.0,0.0,0.0,0.0,0.0,117.192,226.01387960493832,226.01122856140137,2410.496,1
103,0.0,0.0,0.0,0.0,0.0,0.0,0,0,0.0,0.0,0.0,0.0,0.0,0.0,0.0,0.006964891263754,0.009775161743164,0.0112056732177734,0.0112056732177734,0.0,0.0112056732177734,0.0112056732177734,0.0,0.0,0.0,0.0,0.0,0.0,0.0,0.496,1.424,0.0,0.0,0.0,0.0,0.0,118.448,226.0285329967273,226.10368728637692,5803.312,1
104,0.0,0.0,0.0,0.0,0.0,0.0,0,0,0.0,0.0,0.0,0.0,0.0,0.0,0.0,0.0072398988327177,0.009775161743164,0.009775161743164,0.009775161743164,0.0042915344238281,0.0104904174804687,0.0104904174804687,0.0109672546386718,0.0042915344238281,0.0062465667724609,0.0109672546386718,0.008392333984375,0.0114917755126953,0.0267982482910156,0.496,1.424,0.848,0.848,8.464,7.488,0.0,118.448,226.0131934457574,226.0127067565918,8794.264,1
105,0.0,0.0,0.0,0.0,0.0,0.0,0,0,0.0,0.0,0.0,0.0,0.0,0.0,0.0,0.0070923625832737,0.009775161743164,0.0116825103759765,0.0116825103759765,0.0066757202148437,0.0183582305908203,0.0183582305908203,0.005960464477539,0.0066757202148437,0.0068902969360351,0.005960464477539,0.0094175338745117,0.0111579895019531,0.0273942947387695,0.496,1.424,0.848,0.848,8.464,7.488,0.0,118.448,226.00892143791884,226.00984573364255,6732.816,1
106,0.0,0.0,0.0,0.0,0.0,0.0,0,0,0.0,0.0,0.0,0.0,0.0,0.0,0.0,0.0074609595151682,0.0104904174804687,0.0119209289550781,0.0119209289550781,0.0,0.013589859008789,0.013589859008789,0.0,0.0,0.0061110446327611,0.0,0.0085830688476562,0.0108196621849423,0.0271797180175781,0.496,1.424,0.0,0.0,14.944,17.056,0.0,117.192,226.0080971675405,226.01008415222168,12874.392,1
107,0.0,0.0,0.0,0.0,0.0,0.0,0,0,0.0,0.0,0.0,0.0,0.0,0.0,0.0,0.0069022178649902,0.009322166442871,0.0133514404296875,0.0133514404296875,0.0,0.0140666961669921,0.0140666961669921,0.0,0.0,0.0,0.0,0.0,0.0,0.0,0.496,1.424,0.0,0.0,0.0,0.0,0.0,112.0,226.00639442528933,226.00960731506348,3553.968,1
108,0.0,0.0,0.0,0.0,0.0,0.0,0,0,0.0,0.0,0.0,0.0,0.0,0.0,0.0,0.0060245172301335,0.0078678131103515,0.0107288360595703,0.0107288360595703,0.0,0.0126361846923828,0.0126361846923828,0.0,0.0,0.0,0.0,0.0,0.0,0.0,0.496,1.424,0.0,0.0,0.0,0.0,0.0,115.672,226.0065078735352,226.0065078735352,6.768,1
109,0.0,0.0,0.0,0.0,0.0,0.0,0,0,0.0,0.0,0.0,0.0,0.0,0.0,0.0,0.0059080123901367,0.00762939453125,0.0073909759521484,0.0073909759521484,0.0,0.0073909759521484,0.0073909759521484,0.0,0.0,0.0,0.0,0.0,0.0,0.0,0.496,1.424,0.0,0.0,0.0,0.0,0.0,112.0,0.0,0.0,0.0,1
110,0.0,0.0,0.0,0.0,0.0,0.0,0,0,0.0,0.0,0.0,0.0,0.0,0.0,0.0,0.0063186854272339,0.0078678131103515,0.0071525573730468,0.0071525573730468,0.0,0.0088214874267578,0.0088214874267578,0.0,0.0,0.0061273574829101,0.0,0.0086307525634765,0.010848045349121,0.0274181365966796,0.496,1.36,0.0,0.0,8.464,7.488,0.0,113.256,226.00913047790527,226.00913047790527,1.192,1
111,0.0,0.0,0.0,0.0,0.0,0.0,0,0,0.0,0.0,0.0,0.0,0.0,0.0,0.0,0.0063717365264892,0.0081062316894531,0.0100135803222656,0.0100135803222656,0.0,0.0095367431640625,0.0095367431640625,0.0,0.0,0.0059127807617187,0.0,0.0083684921264648,0.0117778778076171,0.0317573547363281,0.496,1.36,0.0,0.0,8.464,7.488,0.0,112.696,226.008415222168,226.008415222168,1.192,1
112,0.0,0.0,0.0,0.0,0.0,0.0,0,0,0.0,0.0,0.0,0.0,0.0,0.0,0.0,0.0060743360377069,0.0085830688476562,0.0081062316894531,0.0081062316894531,0.0,0.0092983245849609,0.0092983245849609,0.0,0.0,0.0063896179199218,0.0,0.0090599060058593,0.0110030174255371,0.0277280807495117,0.496,1.36,0.0,0.0,15.472,16.528,0.0,113.256,226.00698471069336,226.00698471069336,1.192,1
113,0.0,0.0,0.0,0.0,0.0,0.0,0,0,0.0,0.0,0.0,0.0,0.0,0.0,0.0,0.005950927734375,0.0081300735473632,0.0102519989013671,0.0102519989013671,0.0,0.0090599060058593,0.0090599060058593,0.0,0.0,0.0,0.0,0.0,0.0,0.0,0.496,1.36,0.0,0.0,0.0,0.0,0.0,112.0,0.0,0.0,0.0,1
114,0.0,0.0,0.0,0.0,0.0,0.0,0,0,0.0,0.0,0.0,0.0,0.0,0.0,0.0,0.0060153007507324,0.0078916549682617,0.0071525573730468,0.0071525573730468,0.0,0.0104904174804687,0.0104904174804687,0.0,0.0,0.0,0.0,0.0,0.0,0.0,0.496,1.36,0.0,0.0,0.0,0.0,0.0,112.0,0.0,0.0,0.0,1
115,0.0,0.0,0.0,0.0,0.0,0.0,0,0,0.0,0.0,0.0,0.0,0.0,0.0,0.0,0.005960464477539,0.0078678131103515,0.0064373016357421,0.0064373016357421,0.0,0.0128746032714843,0.0128746032714843,0.0,0.0,0.0,0.0,0.0,0.0,0.0,0.496,1.36,0.0,0.0,0.0,0.0,0.0,112.0,0.0,0.0,0.0,1
116,0.0,0.0,0.0,0.0,0.0,0.0,0,0,0.0,0.0,0.0,0.0,0.0,0.0,0.0,0.0062503066717409,0.0082731246948242,0.0073909759521484,0.0073909759521484,0.0,0.0128746032714843,0.0128746032714843,0.0,0.0,0.0058650970458984,0.0,0.0083684921264648,0.0161170959472656,0.0334739685058593,0.496,1.36,0.0,0.0,8.464,7.488,0.0,128.544,226.17319971323013,226.44281387329104,268.328,1
117,0.0,0.0,0.0,0.0,0.0,0.0,0,0,0.0,0.0,0.0,0.0,0.0,0.0,0.0,0.0063776969909667,0.0083446502685546,0.0145435333251953,0.0145435333251953,0.0,0.0083446502685546,0.0083446502685546,0.0,0.0,0.0064849853515625,0.0,0.0089406967163085,0.0106573104858398,0.0267744064331054,0.496,1.36,0.0,0.0,8.464,7.488,0.0,126.016,226.0189126519596,226.00970268249512,901.464,1
118,0.0,0.0,0.0,0.0,0.0,0.0,0,0,0.0,0.0,0.0,0.0,0.0,0.0,0.0,0.0059640229637943,0.00762939453125,0.0071525573730468,0.0071525573730468,0.0,0.0131130218505859,0.0131130218505859,0.0,0.0,0.006413459777832,0.0,0.0088453292846679,0.0112652778625488,0.0266075134277343,0.496,1.424,0.0,0.0,15.472,16.528,0.0,113.256,226.0129451751709,226.0129451751709,18.56,1
119,0.0,0.0,0.0,0.0,0.0,0.0,0,0,0.0,0.0,0.0,0.0,0.0,0.0,0.0,0.0059640229637943,0.00762939453125,0.0085830688476562,0.0085830688476562,0.0,0.0107288360595703,0.0107288360595703,0.0,0.0,0.0,0.0,0.0,0.0,0.0,0.496,1.424,0.0,0.0,0.0,0.0,0.0,113.256,226.0129451751709,226.0129451751709,18.56,1
120,0.0,0.0,0.0,0.0,0.0,0.0,0,0,0.0,0.0,0.0,0.0,0.0,0.0,0.0,0.0059640229637943,0.00762939453125,0.0107288360595703,0.0107288360595703,0.0,0.0107288360595703,0.0107288360595703,0.0,0.0,0.0063419342041015,0.0,0.0088214874267578,0.0100294748942057,0.0215530395507812,0.496,1.36,0.0,0.0,11.312,10.776,0.0,113.256,226.0129451751709,226.0129451751709,18.56,1
121,0.0,0.0,0.0,0.0,0.0,0.0,0,0,0.0,0.0,0.0,0.0,0.0,0.0,0.0,0.0060655102871432,0.0083446502685546,0.0090599060058593,0.0090599060058593,0.0,0.0133514404296875,0.0133514404296875,0.0,0.0,0.0,0.0,0.0,0.0,0.0,0.496,1.36,0.0,0.0,0.0,0.0,0.0,121.44,226.0103225708008,226.01299285888672,10.16,1
122,0.0,0.0,0.0,0.0,0.0,0.0,0,0,0.0,0.0,0.0,0.0,0.0,0.0,0.0,0.0062082788627135,0.0088214874267578,0.0073909759521484,0.0073909759521484,0.0,0.0147819519042968,0.0147819519042968,0.0,0.0,0.0058889389038085,0.0,0.0083684921264648,0.0107288360595703,0.0274181365966796,0.496,1.424,0.0,0.0,8.464,7.488,0.0,127.576,226.00749560764856,226.00908279418945,20.904,1
123,0.0,0.0,0.0,0.0,0.0,0.0,0,0,0.0,0.0,0.0,0.0,0.0,0.0,0.0,0.0062465667724609,0.0088214874267578,0.0060319900512695,0.0053644180297851,0.0,0.0090599060058593,0.0096321105957031,0.0,0.0,0.0062227249145507,0.0,0.0091314315795898,0.0109672546386718,0.0274181365966796,1.344,2.272,0.0,0.0,8.464,7.488,0.0,112.0,0.0,0.0,9.952,1
124,0.0,0.0,0.0,0.0,0.0,0.0,0,0,0.0,0.0,0.0,0.0,0.0,0.0,0.0,0.0064538256956799,0.0088214874267578,0.0073909759521484,0.0073909759521484,0.0,0.0095367431640625,0.0095367431640625,0.0,0.0,0.0066041946411132,0.0,0.0085830688476562,0.010991096496582,0.0254631042480468,0.496,1.424,0.0,0.0,15.472,16.528,0.0,122.384,226.0152146786074,226.01101398468015,915.92,1
125,0.0,0.0,0.0,0.0,0.0,0.0,0,0,0.0,0.0,0.0,0.0,0.0,0.0,0.0,0.0063806477159556,0.0083446502685546,0.0088214874267578,0.0088214874267578,0.0,0.0102519989013671,0.0102519989013671,0.0,0.0,0.0,0.0,0.0,0.0,0.0,0.496,1.424,0.0,0.0,0.0,0.0,0.0,118.448,226.0317338479532,226.1066436767578,1033.568,1
126,0.0,0.0,0.0,0.0,0.0,0.0,0,0,0.0,0.0,0.0,0.0,0.0,0.0,0.0,0.0065399868653552,0.008559226989746,0.009775161743164,0.009775161743164,0.0,0.0126361846923828,0.0126361846923828,0.0,0.0,0.0,0.0,0.0,0.0,0.0,0.496,1.424,0.0,0.0,0.0,0.0,0.0,115.552,226.0193837517723,226.0581970214844,2115.272,1
127,0.0,0.0,0.0,0.0,0.0,0.0,0,0,0.0,0.0,0.0,0.0,0.0,0.0,0.0,0.0063393375661113,0.008559226989746,0.011444091796875,0.011444091796875,0.0,0.0119209289550781,0.0119209289550781,0.0,0.0,0.0,0.0,0.0,0.0,0.0,0.496,1.424,0.0,0.0,0.0,0.0,0.0,118.448,226.0195196202371,226.0992527008057,1071.416,1
128,0.0,0.0,0.0,0.0,0.0,0.0,0,0,0.0,0.0,0.0,0.0,0.0,0.0,0.0,0.0068453413930105,0.009775161743164,0.0083446502685546,0.0083446502685546,0.0,0.0126361846923828,0.0126361846923828,0.0,0.0,0.0061750411987304,0.0,0.0086307525634765,0.01068115234375,0.0263214111328125,0.496,1.424,0.0,0.0,8.464,7.488,0.0,117.192,226.0265876265133,226.1051893234253,2316.104,1
129,0.0,0.0,0.0,0.0,0.0,0.0,0,0,0.0,0.0,0.0,0.0,0.0,0.0,0.0,0.0066389491902061,0.0090599060058593,0.0069141387939453,0.0069141387939453,0.0,0.0092983245849609,0.0092983245849609,0.0,0.0,0.006066428290473,0.0,0.0078678131103515,0.0105337663130326,0.0264644622802734,0.496,1.424,0.0,0.0,7.936,8.016,0.0,117.192,226.01632025674425,226.01470947265625,1789.104,1
130,0.0,0.0,0.0,0.0,0.0,0.0,0,0,0.0,0.0,0.0,0.0,0.0,0.0,0.0,0.0066318322176957,0.0090599060058593,0.00762939453125,0.00762939453125,0.0,0.0078678131103515,0.0078678131103515,0.0,0.0,0.0061988830566406,0.0,0.0083684921264648,0.0105857849121093,0.0249385833740234,0.496,1.424,0.0,0.0,15.472,16.528,0.0,117.192,226.02001530530285,226.1003017425537,2406.368,1
131,0.0,0.0,0.0,0.0,0.0,0.0,0,0,0.0,0.0,0.0,0.0,0.0,0.0,0.0,0.0066472523248017,0.0092983245849609,0.0088214874267578,0.0088214874267578,0.0,0.0107288360595703,0.0107288360595703,0.0,0.0,0.0,0.0,0.0,0.0,0.0,0.496,1.424,0.0,0.0,0.0,0.0,0.0,117.192,226.0317118519331,226.1064052581787,2618.128,1
132,0.0,0.0,0.0,0.0,0.0,0.0,0,0,0.0,0.0,0.0,0.0,0.0,0.0,0.0,0.0064467439557066,0.0088214874267578,0.0116825103759765,0.0116825103759765,0.0,0.0133514404296875,0.0133514404296875,0.0,0.0,0.0,0.0,0.0,0.0,0.0,0.496,1.424,0.0,0.0,0.0,0.0,0.0,118.448,226.0170348228947,226.01447105407715,734.176,1
133,0.0,0.0,0.0,0.0,0.0,0.0,0,0,0.0,0.0,0.0,0.0,0.0,0.0,0.0,0.0067630616745146,0.0092983245849609,0.0088214874267578,0.0088214874267578,0.0,0.0088214874267578,0.0088214874267578,0.0,0.0,0.0,0.0,0.0,0.0,0.0,0.496,1.424,0.0,0.0,0.0,0.0,0.0,118.448,226.0173524127287,226.0145664215088,2388.496,1
134,0.0,0.0,0.0,0.0,0.0,0.0,0,0,0.0,0.0,0.0,0.0,0.0,0.0,0.0,0.0067370952946124,0.0092983245849609,0.0083446502685546,0.0083446502685546,0.0,0.0081062316894531,0.0081062316894531,0.0,0.0,0.006413459777832,0.0,0.0087976455688476,0.0111579895019531,0.0266790390014648,0.496,1.424,0.0,0.0,8.464,7.488,0.0,118.448,226.01713704281167,226.01237297058103,1402.472,1
135,0.0,0.0,0.0,0.0,0.0,0.0,0,0,0.0,0.0,0.0,0.0,0.0,0.0,0.0,0.0065286361162935,0.0090599060058593,0.0119209289550781,0.0119209289550781,0.0,0.0092983245849609,0.0092983245849609,0.0,0.0,0.0062227249145507,0.0,0.0086784362792968,0.0105857849121093,0.0254392623901367,0.496,1.424,0.0,0.0,8.464,7.488,0.0,117.192,226.03141580309187,226.10619068145752,1108.184,1
136,0.0,0.0,0.0,0.0,0.0,0.0,0,0,0.0,0.0,0.0,0.0,0.0,0.0,0.0,0.0067207943740768,0.0095367431640625,0.00762939453125,0.00762939453125,0.0079870223999023,0.0119209289550781,0.0119209289550781,0.0091791152954101,0.0094175338745117,0.0063657760620117,0.0106096267700195,0.0090837478637695,0.0111222267150878,0.0253915786743164,0.496,1.424,1.696,1.696,15.472,16.528,0.0,117.192,226.03564420022252,226.1066436767578,2148.536,1
137,0.0,0.0,0.0,0.0,0.0,0.0,0,0,0.0,0.0,0.0,0.0,0.0,0.0,0.0,0.0065393115750592,0.0088214874267578,0.0123977661132812,0.0123977661132812,0.0,0.0157356262207031,0.0157356262207031,0.0,0.0,0.0,0.0,0.0,0.0,0.0,0.496,1.424,0.0,0.0,0.0,0.0,0.0,117.192,226.01929444533127,226.10094547271729,1141.968,1
138,0.0,0.0,0.0,0.0,0.0,0.0,0,0,0.0,0.0,0.0,0.0,0.0,0.0,0.0,0.0062048435211181,0.0083446502685546,0.0088214874267578,0.0088214874267578,0.0,0.0083446502685546,0.0083446502685546,0.0,0.0,0.0,0.0,0.0,0.0,0.0,0.496,1.424,0.0,0.0,0.0,0.0,0.0,112.0,226.00706418355307,226.00910663604736,248.848,1
139,0.0,0.0,0.0,0.0,0.0,0.0,0,0,0.0,0.0,0.0,0.0,0.0,0.0,0.0,0.0059970534674011,0.0080823898315429,0.0061988830566406,0.0061988830566406,0.0,0.009775161743164,0.009775161743164,0.0,0.0,0.0,0.0,0.0,0.0,0.0,0.496,1.424,0.0,0.0,0.0,0.0,0.0,118.448,226.0206937789917,226.03869438171387,55.728,1
140,0.0,0.0,0.0,0.0,0.0,0.0,0,0,0.0,0.0,0.0,0.0,0.0,0.0,0.0,0.0061846491116196,0.0085830688476562,0.0073909759521484,0.0073909759521484,0.0,0.0145435333251953,0.0145435333251953,0.0,0.0,0.005960464477539,0.0,0.0073909759521484,0.0110756267200816,0.0264644622802734,0.496,1.424,0.0,0.0,7.936,8.016,0.0,113.256,226.00674629211423,226.00674629211423,1.192,1
141,0.0,0.0,0.0,0.0,0.0,0.0,0,0,0.0,0.0,0.0,0.0,0.0,0.0,0.0,0.0061049249959109,0.0082969665527343,0.0066757202148437,0.0066757202148437,0.0,0.0090599060058593,0.0090599060058593,0.0,0.0,0.0061459011501736,0.0,0.00762939453125,0.0117475336248224,0.0307559967041015,0.496,1.36,0.0,0.0,7.936,8.016,0.0,119.576,226.0085105895996,226.0109901428223,12.68,1
142,0.0,0.0,0.0,0.0,0.0,0.0,0,0,0.0,0.0,0.0,0.0,0.0,0.0,0.0,0.0062274932861328,0.0081300735473632,0.0073909759521484,0.0073909759521484,0.0068611568874782,0.00762939453125,0.00762939453125,0.0071227550506591,0.009012222290039,0.0062867214805201,0.0086069107055664,0.0086307525634765,0.0104904174804687,0.0255107879638671,0.496,1.424,10.752,24.592,14.944,17.056,0.0,112.0,0.0,0.0,0.0,1
143,0.0,0.0,0.0,0.0,0.0,0.0,0,0,0.0,0.0,0.0,0.0,0.0,0.0,0.0,0.0059449672698974,0.0078916549682617,0.00762939453125,0.00762939453125,0.0,0.0081062316894531,0.0081062316894531,0.0,0.0,0.0,0.0,0.0,0.0,0.0,0.496,1.36,0.0,0.0,0.0,0.0,0.0,112.0,0.0,0.0,0.0,1
144,0.0,0.0,0.0,0.0,0.0,0.0,0,0,0.0,0.0,0.0,0.0,0.0,0.0,0.0,0.0060772895812988,0.0083446502685546,0.0073909759521484,0.0073909759521484,0.0,0.00762939453125,0.00762939453125,0.0,0.0,0.0,0.0,0.0,0.0,0.0,0.496,1.36,0.0,0.0,0.0,0.0,0.0,112.0,0.0,0.0,0.0,1
145,0.0,0.0,0.0,0.0,0.0,0.0,0,0,0.0,0.0,0.0,0.0,0.0,0.0,0.0,0.0063309482499664,0.0085830688476562,0.0064373016357421,0.0064373016357421,0.0066227383083767,0.0090599060058593,0.0090599060058593,0.0084936618804931,0.0096321105957031,0.0,0.0113964080810546,0.0,0.0,0.0,0.496,1.36,21.856,13.648,0.0,0.0,0.0,128.072,226.11657055941492,226.30906105041504,122.376,1
146,0.0,0.0,0.0,0.0,0.0,0.0,0,0,0.0,0.0,0.0,0.0,0.0,0.0,0.0,0.0061056401469919,0.0078678131103515,0.0112056732177734,0.0112056732177734,0.0,0.0138282775878906,0.0138282775878906,0.0157356262207031,0.0,0.0058174133300781,0.0157356262207031,0.0074386596679687,0.0111103057861328,0.0208377838134765,0.496,1.424,0.496,0.0,4.232,3.744,0.0,122.384,226.0072231292725,226.00889205932617,24.984,1
147,0.0,0.0,0.0,0.0,0.0,0.0,0,0,0.0,0.0,0.0,0.0,0.0,0.0,0.0,0.0064279058296692,0.0088214874267578,0.0078678131103515,0.0078678131103515,0.0,0.0085830688476562,0.0085830688476562,0.0,0.0,0.0060319900512695,0.0,0.008392333984375,0.01220703125,0.0298738479614257,0.496,1.84,0.0,0.0,8.464,7.488,0.0,123.64,226.00740615767663,226.00984573364255,537.048,1
148,0.0,0.0,0.0,0.0,0.0,0.0,0,0,0.0,0.0,0.0,0.0,0.0,0.0,0.0,0.0062973345097024,0.0085830688476562,0.00762939453125,0.00762939453125,0.0,0.017404556274414,0.017404556274414,0.0,0.0,0.0064849853515625,0.0,0.0092983245849609,0.0110626220703125,0.0274658203125,0.496,1.84,0.0,0.0,11.968,12.008,0.0,113.256,226.03950330189292,226.1351585388184,455.2,1
149,0.0,0.0,0.0,0.0,0.0,0.0,0,0,0.0,0.0,0.0,0.0,0.0,0.0,0.0,0.0066190662950572,0.0092983245849609,0.0071525573730468,0.0071525573730468,0.0,0.0109672546386718,0.0109672546386718,0.0,0.0,0.0059127807617187,0.0,0.008392333984375,0.0102996826171875,0.0244855880737304,0.496,1.84,0.0,0.0,7.736,8.264,57.64150943396227,123.08,226.18615361789287,226.44057273864743,10036.448,1
150,0.0,0.0,0.0,0.0,0.0,0.0,0,0,0.0,0.0,0.0,0.0,0.0,0.0,0.0,0.0072937106611716,0.0100135803222656,0.0109672546386718,0.0109672546386718,0.0,0.0152587890625,0.0152587890625,0.0,0.0,0.0,0.0,0.0,0.0,0.0,0.496,1.808,0.0,0.0,0.0,0.0,7.402234636871509,117.192,226.1779268762465,226.4338493347168,18200.4,1
151,0.0,0.0,0.0,0.0,0.0,0.0,0,0,0.0,0.0,0.0,0.0,0.0,0.0,0.0,0.0061213970184326,0.0085830688476562,0.0107288360595703,0.0107288360595703,0.0,0.0138282775878906,0.0138282775878906,0.0,0.0,0.0,0.0,0.0,0.0,0.0,0.496,1.84,0.0,0.0,0.0,0.0,7.402234636871509,112.0,0.0,0.0,0.0,1
152,0.0,0.0,0.0,0.0,0.0,0.0,0,0,0.0,0.0,0.0,0.0,0.0,0.0,0.0,0.0062990188598632,0.0083446502685546,0.0073909759521484,0.0073909759521484,0.0,0.0104904174804687,0.0104904174804687,0.0,0.0,0.0062942504882812,0.0,0.0079631805419921,0.0125408172607421,0.0241756439208984,0.496,1.84,0.0,0.0,4.232,3.744,7.402234636871509,112.0,0.0,0.0,0.0,1
153,0.0,0.0,0.0,0.0,0.0,0.0,0,0,0.0,0.0,0.0,0.0,0.0,0.0,0.0,0.0060606002807617,0.0083446502685546,0.0078678131103515,0.0078678131103515,0.0,0.0109672546386718,0.0109672546386718,0.0,0.0,0.006013446384006,0.0,0.0072002410888671,0.0109455802223899,0.026702880859375,0.496,1.776,0.0,0.0,7.936,8.016,7.402234636871509,112.0,0.0,0.0,0.0,1
154,0.0,0.0,0.0,0.0,0.0,0.0,0,0,0.0,0.0,0.0,0.0,0.0,0.0,0.0,0.0063535010460579,0.0085830688476562,0.00762939453125,0.00762939453125,0.0,0.0121593475341796,0.0121593475341796,0.0,0.0,0.0061477933611188,0.0,0.0082254409790039,0.0107437372207641,0.0265836715698242,0.496,1.776,0.0,0.0,11.44,12.536,0.0,118.448,226.0125478108724,226.01685523986816,16.552,1
155,0.0,0.0,0.0,0.0,0.0,0.0,0,0,0.0,0.0,0.0,0.0,0.0,0.0,0.0,0.0060980592794086,0.00762939453125,0.0114679336547851,0.008702278137207,0.0,0.0122785568237304,0.0127553939819335,0.0,0.0,0.0061988830566406,0.0,0.0081539154052734,0.010848045349121,0.0266790390014648,1.344,2.624,0.0,0.0,7.736,8.264,0.0,113.256,226.00865364074707,226.00865364074707,1.192,1
156,0.0,0.0,0.0,0.0,0.0,0.0,0,0,0.0,0.0,0.0,0.0,0.0,0.0,0.0,0.0062297232708527,0.0085830688476562,0.0073909759521484,0.0073909759521484,0.0,0.0085830688476562,0.0085830688476562,0.0,0.0,0.0,0.0,0.0,0.0,0.0,0.496,1.84,0.0,0.0,0.0,0.0,0.0,113.256,226.00960731506348,226.00960731506348,1.192,1
157,0.0,0.0,0.0,0.0,0.0,0.0,0,0,0.0,0.0,0.0,0.0,0.0,0.0,0.0,0.00752123390756,0.0104904174804687,0.00762939453125,0.00762939453125,0.0,0.0154972076416015,0.0154972076416015,0.0,0.0,0.0,0.0,0.0,0.0,0.0,0.496,1.776,0.0,0.0,0.0,0.0,16.306563391765184,137.96,226.18043602703256,226.4347076416016,23197.352,1
158,0.0,0.0,0.0,0.0,0.0,0.0,0,0,0.0,0.0,0.0,0.0,0.0,0.0,0.0,0.0064966097399963,0.0088214874267578,0.0112056732177734,0.0112056732177734,0.0,0.0090599060058593,0.0090599060058593,0.0,0.0,0.0066757202148437,0.0,0.0089645385742187,0.0116825103759765,0.0224590301513671,0.496,1.84,0.0,0.0,4.232,3.744,16.306563391765184,117.192,0.0,0.0,0.0,1
159,0.0,0.0,0.0,0.0,0.0,0.0,0,0,0.0,0.0,0.0,0.0,0.0,0.0,0.0,0.0060451030731201,0.0081062316894531,0.0088214874267578,0.0088214874267578,0.0,0.0107288360595703,0.0107288360595703,0.0,0.0,0.0068187713623046,0.0,0.0093936920166015,0.0112533569335937,0.0264167785644531,0.496,1.84,0.0,0.0,8.464,7.488,16.306563391765184,112.0,0.0,0.0,0.0,1
160,0.0,0.0,0.0,0.0,0.0,0.0,0,0,0.0,0.0,0.0,0.0,0.0,0.0,0.0,0.0062000751495361,0.0083446502685546,0.0073909759521484,0.0073909759521484,0.0,0.0083446502685546,0.0083446502685546,0.0,0.0,0.0061988830566406,0.0,0.0087261199951171,0.0109195709228515,0.0270843505859375,0.496,1.776,0.0,0.0,11.968,12.008,16.306563391765184,112.0,0.0,0.0,0.0,1
161,0.0,0.0,0.0,0.0,0.0,0.0,0,0,0.0,0.0,0.0,0.0,0.0,0.0,0.0,0.0060280757163887,0.0083446502685546,0.0066757202148437,0.0066757202148437,0.0,0.0123977661132812,0.0123977661132812,0.0,0.0,0.0063048468695746,0.0,0.0089168548583984,0.0101002779873934,0.0240802764892578,0.496,1.776,0.0,0.0,7.208,8.792,0.0,113.256,226.00913047790527,226.00913047790527,1.192,1
162,0.0,0.0,0.0,0.0,0.0,0.0,0,0,0.0,0.0,0.0,0.0,0.0,0.0,0.0,0.005946230532518,0.0083446502685546,0.0071525573730468,0.0071525573730468,0.0,0.0071525573730468,0.0071525573730468,0.0,0.0,0.0,0.0,0.0,0.0,0.0,0.496,1.776,0.0,0.0,0.0,0.0,0.0,113.256,226.0136604309082,226.0136604309082,1.192,1
163,0.0,0.0,0.0,0.0,0.0,0.0,0,0,0.0,0.0,0.0,0.0,0.0,0.0,0.0,0.006031634202644,0.0083446502685546,0.0069141387939453,0.0069141387939453,0.0,0.009775161743164,0.009775161743164,0.0,0.0,0.0,0.0,0.0,0.0,0.0,0.496,1.776,0.0,0.0,0.0,0.0,0.0,113.256,226.00817680358887,226.00817680358887,1.192,1
164,0.0,0.0,0.0,0.0,0.0,0.0,0,0,0.0,0.0,0.0,0.0,0.0,0.0,0.0,0.0060069561004638,0.0081062316894531,0.0071525573730468,0.0071525573730468,0.0,0.00762939453125,0.00762939453125,0.0,0.0,0.0064373016357421,0.0,0.0082015991210937,0.0113487243652343,0.0211238861083984,0.496,1.776,0.0,0.0,4.232,3.744,0.0,112.0,226.16809331453763,226.4261245727539,0.0,1
165,0.0,0.0,0.0,0.0,0.0,0.0,0,0,0.0,0.0,0.0,0.0,0.0,0.0,0.0,0.0071641310904789,0.0100135803222656,0.0069141387939453,0.0069141387939453,0.0,0.0181198120117187,0.0181198120117187,0.0,0.0,0.006270408630371,0.0,0.0096082687377929,0.0116348266601562,0.0294446945190429,0.496,1.776,0.0,0.0,8.464,7.488,17.614804660726524,143.152,226.179172314344,226.43113136291504,19589.616,1
166,0.0,0.0,0.0,0.0,0.0,0.0,0,0,0.0,0.0,0.0,0.0,0.0,0.0,0.0,0.0062119308395765,0.0088214874267578,0.0104904174804687,0.0104904174804687,0.0,0.0102519989013671,0.0102519989013671,0.0,0.0,0.0062840325491768,0.0,0.0086307525634765,0.0118017196655273,0.0312328338623046,0.496,1.84,0.0,0.0,11.44,12.536,17.614804660726524,117.192,0.0,0.0,0.0,1
167,0.0,0.0,0.0,0.0,0.0,0.0,0,0,0.0,0.0,0.0,0.0,0.0,0.0,0.0,0.0061619281768798,0.0085830688476562,0.0083446502685546,0.0083446502685546,0.0,0.0092983245849609,0.0092983245849609,0.0,0.0,0.0072717666625976,0.0,0.0093936920166015,0.0121116638183593,0.0288724899291992,0.496,1.84,0.0,0.0,7.736,8.264,17.614804660726524,112.0,0.0,0.0,0.0,1
168,0.0,0.0,0.0,0.0,0.0,0.0,0,0,0.0,0.0,0.0,0.0,0.0,0.0,0.0,0.0060565436064307,0.0085830688476562,0.0109672546386718,0.0109672546386718,0.0,0.0126361846923828,0.0126361846923828,0.0,0.0,0.0,0.0,0.0,0.0,0.0,0.496,1.776,0.0,0.0,0.0,0.0,0.0,113.256,226.0117530822754,226.0117530822754,0.0,1
169,0.0,0.0,0.0,0.0,0.0,0.0,0,0,0.0,0.0,0.0,0.0,0.0,0.0,0.0,0.0061799044632793,0.0085830688476562,0.0066757202148437,0.0066757202148437,0.0,0.0085830688476562,0.0085830688476562,0.0,0.0,0.0,0.0,0.0,0.0,0.0,0.496,1.776,0.0,0.0,0.0,0.0,0.0,113.256,226.01008415222168,226.01008415222168,1.192,1
170,0.0,0.0,0.0,0.0,0.0,0.0,0,0,0.0,0.0,0.0,0.0,0.0,0.0,0.0,0.0059924908538362,0.0081062316894531,0.0066757202148437,0.0066757202148437,0.0,0.0100135803222656,0.0100135803222656,0.0,0.0,0.0,0.0,0.0,0.0,0.0,0.496,1.776,0.0,0.0,0.0,0.0,0.0,113.256,226.0119915008545,226.0119915008545,1.192,1
171,0.0,0.0,0.0,0.0,0.0,0.0,0,0,0.0,0.0,0.0,0.0,0.0,0.0,0.0,0.0060701370239257,0.0078678131103515,0.0073909759521484,0.0073909759521484,0.0,0.0102519989013671,0.0102519989013671,0.0,0.0,0.0064611434936523,0.0,0.0088453292846679,0.0120162963867187,0.029921531677246,0.496,1.776,0.0,0.0,8.464,7.488,0.0,112.0,0.0,0.0,1.192,1
172,0.0,0.0,0.0,0.0,0.0,0.0,0,0,0.0,0.0,0.0,0.0,0.0,0.0,0.0,0.0066178516276831,0.0092983245849609,0.005960464477539,0.005960464477539,0.0,0.0109672546386718,0.0109672546386718,0.0,0.0,0.0060558319091796,0.0,0.0086307525634765,0.0113487243652343,0.0296354293823242,0.496,1.776,0.0,0.0,8.464,7.488,12.720983858570332,143.152,226.1843328589335,226.4382839202881,14616.528,1
173,0.0,0.0,0.0,0.0,0.0,0.0,0,0,0.0,0.0,0.0,0.0,0.0,0.0,0.0,0.0072213547739816,0.0100135803222656,0.0112056732177734,0.0112056732177734,0.0,0.0233650207519531,0.0233650207519531,0.0,0.0,0.0066916147867838,0.0,0.0086307525634765,0.010840098063151,0.0276565551757812,0.496,1.84,0.0,0.0,11.968,12.008,6.031468531468532,117.192,226.1807723378026,226.43380165100095,23502.064,1
174,0.0,0.0,0.0,0.0,0.0,0.0,0,0,0.0,0.0,0.0,0.0,0.0,0.0,0.0,0.0063848495483398,0.0085830688476562,0.0090599060058593,0.0090599060058593,0.0,0.0112056732177734,0.0112056732177734,0.0,0.0,0.0,0.0,0.0,0.0,0.0,0.496,1.84,0.0,0.0,0.0,0.0,6.031468531468532,112.0,0.0,0.0,0.0,1
175,0.0,0.0,0.0,0.0,0.0,0.0,0,0,0.0,0.0,0.0,0.0,0.0,0.0,0.0,0.0062096118927001,0.0079154968261718,0.0095367431640625,0.0095367431640625,0.0,0.0104904174804687,0.0104904174804687,0.0,0.0,0.0,0.0,0.0,0.0,0.0,0.496,1.84,0.0,0.0,0.0,0.0,6.031468531468532,112.0,0.0,0.0,0.0,1
176,0.0,0.0,0.0,0.0,0.0,0.0,0,0,0.0,0.0,0.0,0.0,0.0,0.0,0.0,0.0061372026282163,0.0081062316894531,0.0066757202148437,0.0066757202148437,0.0085830688476562,0.013589859008789,0.013589859008789,0.0115633010864257,0.0118255615234375,0.0,0.0158548355102539,0.0,0.0,0.0,0.496,1.776,1.696,1.696,0.0,0.0,0.0,113.256,226.01079940795896,226.01079940795896,1.192,1
177,0.0,0.0,0.0,0.0,0.0,0.0,0,0,0.0,0.0,0.0,0.0,0.0,0.0,0.0,0.0062401932064849,0.008559226989746,0.00762939453125,0.00762939453125,0.0,0.0078678131103515,0.0078678131103515,0.0,0.0,0.0065803527832031,0.0,0.008392333984375,0.0113487243652343,0.0209331512451171,0.496,1.776,0.0,0.0,4.232,3.744,0.0,118.448,226.00769996643064,226.0082721710205,10.976,1
178,0.0,0.0,0.0,0.0,0.0,0.0,0,0,0.0,0.0,0.0,0.0,0.0,0.0,0.0,0.0058525237277965,0.0078678131103515,0.0061988830566406,0.0061988830566406,0.0,0.0071525573730468,0.0071525573730468,0.0,0.0,0.006723403930664,0.0,0.0087738037109375,0.0108718872070312,0.0201225280761718,0.496,1.84,0.0,0.0,4.232,3.744,0.0,113.256,226.0074615478516,226.0074615478516,1.192,1
179,0.0,0.0,0.0,0.0,0.0,0.0,0,0,0.0,0.0,0.0,0.0,0.0,0.0,0.0,0.0058525237277965,0.0078678131103515,0.00762939453125,0.00762939453125,0.0,0.0119209289550781,0.0119209289550781,0.0,0.0,0.0059366226196289,0.0,0.008392333984375,0.0101566314697265,0.0234603881835937,0.496,1.776,0.0,0.0,7.736,8.264,0.0,113.256,226.0074615478516,226.0074615478516,1.192,1
180,0.0,0.0,0.0,0.0,0.0,0.0,0,0,0.0,0.0,0.0,0.0,0.0,0.0,0.0,0.0071490683206697,0.0099182128906249,0.0083446502685546,0.0083446502685546,0.0,0.0102519989013671,0.0102519989013671,0.0,0.0,0.0067075093587239,0.0,0.009012222290039,0.0105222066243489,0.0243186950683593,0.496,1.776,0.0,0.0,11.312,10.776,11.18421052631579,142.592,226.1800851939637,226.43556594848636,22911.656,1
181,0.0,0.0,0.0,0.0,0.0,0.0,0,0,0.0,0.0,0.0,0.0,0.0,0.0,0.0,0.0064301490783691,0.0090599060058593,0.009775161743164,0.009775161743164,0.0,0.0164508819580078,0.0164508819580078,0.0,0.0,0.0,0.0,0.0,0.0,0.0,0.496,1.84,0.0,0.0,0.0,0.0,11.18421052631579,112.0,0.0,0.0,0.0,1
182,0.0,0.0,0.0,0.0,0.0,0.0,0,0,0.0,0.0,0.0,0.0,0.0,0.0,0.0,0.0061523914337158,0.0085830688476562,0.0088214874267578,0.0088214874267578,0.0,0.0102519989013671,0.0102519989013671,0.0,0.0,0.0,0.0,0.0,0.0,0.0,0.496,1.808,0.0,0.0,0.0,0.0,11.18421052631579,112.0,0.0,0.0,0.0,1
183,0.0,0.0,0.0,0.0,0.0,0.0,0,0,0.0,0.0,0.0,0.0,0.0,0.0,0.0,0.00604705430975,0.0083446502685546,0.0083446502685546,0.0083446502685546,0.0,0.0109672546386718,0.0109672546386718,0.0,0.0,0.0060081481933593,0.0,0.0073432922363281,0.0117778778076171,0.0221729278564453,0.496,1.776,0.0,0.0,4.232,3.744,0.0,113.256,226.0143756866455,226.0143756866455,1.192,1
184,0.0,0.0,0.0,0.0,0.0,0.0,0,0,0.0,0.0,0.0,0.0,0.0,0.0,0.0,0.0060363788509843,0.0083446502685546,0.0095367431640625,0.0095367431640625,0.0,0.0073909759521484,0.0073909759521484,0.0,0.0,0.0064373016357421,0.0,0.0084877014160156,0.0113964080810546,0.0204086303710937,0.496,1.776,0.0,0.0,4.232,3.744,0.0,113.256,226.00769996643064,226.00769996643064,1.192,1
185,0.0,0.0,0.0,0.0,0.0,0.0,0,0,0.0,0.0,0.0,0.0,0.0,0.0,0.0,0.0059278999886861,0.0078678131103515,0.00762939453125,0.00762939453125,0.0,0.0133514404296875,0.0133514404296875,0.0,0.0,0.006103515625,0.0,0.0082254409790039,0.0105857849121093,0.0246763229370117,0.496,1.776,0.0,0.0,7.736,8.264,0.0,134.024,226.17204666137692,226.42922401428223,271.528,1
186,0.0,0.0,0.0,0.0,0.0,0.0,0,0,0.0,0.0,0.0,0.0,0.0,0.0,0.0,0.0063085556030273,0.0085830688476562,0.0065565109252929,0.0060796737670898,0.0,0.0101327896118164,0.0106096267700195,0.0,0.0,0.0,0.0,0.0,0.0,0.0,1.344,2.688,0.0,0.0,0.0,0.0,0.0,112.0,0.0,0.0,0.0,1
187,0.0,0.0,0.0,0.0,0.0,0.0,0,0,0.0,0.0,0.0,0.0,0.0,0.0,0.0,0.0059962272644042,0.0081062316894531,0.0061988830566406,0.0061988830566406,0.0,0.0073909759521484,0.0073909759521484,0.0,0.0,0.0,0.0,0.0,0.0,0.0,0.496,1.776,0.0,0.0,0.0,0.0,0.0,112.0,226.1600678271436,226.3704776763916,0.0,1
188,0.0,0.0,0.0,0.0,0.0,0.0,0,0,0.0,0.0,0.0,0.0,0.0,0.0,0.0,0.0070754219503963,0.0100135803222656,0.0090599060058593,0.0090599060058593,0.0,0.0090599060058593,0.0090599060058593,0.0,0.0,0.0,0.0,0.0,0.0,0.0,0.496,1.776,0.0,0.0,0.0,0.0,18.839590443686006,132.768,226.13771128193284,226.33695602416992,21212.712,1
189,0.0,0.0,0.0,0.0,0.0,0.0,0,0,0.0,0.0,0.0,0.0,0.0,0.0,0.0,0.0060892105102539,0.0083446502685546,0.0078678131103515,0.0078678131103515,0.0,0.0157356262207031,0.0157356262207031,0.0,0.0,0.0058174133300781,0.0,0.0071525573730468,0.0107288360595703,0.0198841094970703,0.496,1.84,0.0,0.0,4.232,3.744,18.839590443686006,112.0,0.0,0.0,0.0,1
190,0.0,0.0,0.0,0.0,0.0,0.0,0,0,0.0,0.0,0.0,0.0,0.0,0.0,0.0,0.0060351926888992,0.0083446502685546,0.0078678131103515,0.0078678131103515,0.0,0.0128746032714843,0.0128746032714843,0.0,0.0,0.0064849853515625,0.0,0.0085830688476562,0.0116825103759765,0.0216960906982421,0.496,1.84,0.0,0.0,4.232,3.744,0.0,113.256,226.01628303527832,226.01628303527832,0.0,1
191,0.0,0.0,0.0,0.0,0.0,0.0,0,0,0.0,0.0,0.0,0.0,0.0,0.0,0.0,0.0062320955950229,0.0085830688476562,0.0061988830566406,0.0061988830566406,0.0,0.0088214874267578,0.0088214874267578,0.0,0.0,0.007033348083496,0.0,0.0088691711425781,0.0109195709228515,0.0263929367065429,0.496,1.776,0.0,0.0,7.736,8.264,0.0,113.256,226.00769996643064,226.00769996643064,1.192,1
192,0.0,0.0,0.0,0.0,0.0,0.0,0,0,0.0,0.0,0.0,0.0,0.0,0.0,0.0,0.0060660329031113,0.0083446502685546,0.0073909759521484,0.0073909759521484,0.0,0.0150203704833984,0.0150203704833984,0.0,0.0,0.0,0.0,0.0,0.0,0.0,0.496,1.776,0.0,0.0,0.0,0.0,0.0,113.256,226.0110378265381,226.0110378265381,1.192,1
193,0.0,0.0,0.0,0.0,0.0,0.0,0,0,0.0,0.0,0.0,0.0,0.0,0.0,0.0,0.0060999393463134,0.0083446502685546,0.011444091796875,0.011444091796875,0.0,0.0112056732177734,0.0112056732177734,0.0,0.0,0.0,0.0,0.0,0.0,0.0,0.496,1.776,0.0,0.0,0.0,0.0,0.0,112.0,0.0,0.0,1.192,1
194,0.0,0.0,0.0,0.0,0.0,0.0,0,0,0.0,0.0,0.0,0.0,0.0,0.0,0.0,0.0060129165649414,0.0083446502685546,0.0078678131103515,0.0078678131103515,0.0,0.0109672546386718,0.0109672546386718,0.0,0.0,0.0,0.0,0.0,0.0,0.0,0.496,1.776,0.0,0.0,0.0,0.0,0.0,112.0,0.0,0.0,0.0,1
195,0.0,0.0,0.0,0.0,0.0,0.0,0,0,0.0,0.0,0.0,0.0,0.0,0.0,0.0,0.0065418299783039,0.0090599060058593,0.0066757202148437,0.0066757202148437,0.0,0.0138282775878906,0.0138282775878906,0.0,0.0,0.006103515625,0.0,0.0075340270996093,0.0116825103759765,0.0217914581298828,0.496,1.776,0.0,0.0,4.232,3.744,12.457912457912458,127.576,226.19605169191465,226.44331455230716,9290.16,1
196,0.0,0.0,0.0,0.0,0.0,0.0,0,0,0.0,0.0,0.0,0.0,0.0,0.0,0.0,0.007794995613286,0.0102519989013671,0.0102519989013671,0.0102519989013671,0.0,0.0143051147460937,0.0143051147460937,0.0,0.0,0.0060558319091796,0.0,0.0077724456787109,0.0113487243652343,0.0215530395507812,0.496,1.808,0.0,0.0,4.232,3.744,19.422382671480147,132.208,226.21119684643216,226.44567489624023,23731.456,1
197,0.0,0.0,0.0,0.0,0.0,0.0,0,0,0.0,0.0,0.0,0.0,0.0,0.0,0.0,0.0065100193023681,0.0092983245849609,0.0104904174804687,0.0104904174804687,0.0,0.0140666961669921,0.0140666961669921,0.0,0.0,0.006270408630371,0.0,0.0086545944213867,0.0121116638183593,0.0307798385620117,0.496,1.84,0.0,0.0,7.736,8.264,19.422382671480147,112.0,0.0,0.0,0.0,1
198,0.0,0.0,0.0,0.0,0.0,0.0,0,0,0.0,0.0,0.0,0.0,0.0,0.0,0.0,0.0064847481191454,0.0083446502685546,0.0088214874267578,0.0088214874267578,0.0,0.0083446502685546,0.0083446502685546,0.0,0.0,0.0,0.0,0.0,0.0,0.0,0.496,1.84,0.0,0.0,0.0,0.0,0.0,113.256,226.00793838500977,226.00793838500977,1.192,1
199,0.0,0.0,0.0,0.0,0.0,0.0,0,0,0.0,0.0,0.0,0.0,0.0,0.0,0.0,0.0060582160949707,0.0083446502685546,0.0073909759521484,0.0073909759521484,0.0,0.0104904174804687,0.0104904174804687,0.0,0.0,0.0,0.0,0.0,0.0,0.0,0.496,1.776,0.0,0.0,0.0,0.0,0.0,112.696,226.0148525238037,226.0148525238037,1.192,1
200,0.0,0.0,0.0,0.0,0.0,0.0,0,0,0.0,0.0,0.0,0.0,0.0,0.0,0.0,0.0060506127960053,0.0081062316894531,0.00762939453125,0.00762939453125,0.0,0.0081062316894531,0.0081062316894531,0.0,0.0,0.0,0.0,0.0,0.0,0.0,0.496,1.776,0.0,0.0,0.0,0.0,0.0,113.256,226.0074615478516,226.0074615478516,1.192,1
201,0.0,0.0,0.0,0.0,0.0,0.0,0,0,0.0,0.0,0.0,0.0,0.0,0.0,0.0,0.006190538406372,0.0085830688476562,0.00762939453125,0.00762939453125,0.0,0.0112056732177734,0.0112056732177734,0.0,0.0,0.0071525573730468,0.0,0.0091075897216796,0.0117301940917968,0.0216960906982421,0.496,1.776,0.0,0.0,4.232,3.744,0.0,112.0,0.0,0.0,0.0,1
202,0.0,0.0,0.0,0.0,0.0,0.0,0,0,0.0,0.0,0.0,0.0,0.0,0.0,0.0,0.0060272216796875,0.0081062316894531,0.0078678131103515,0.0078678131103515,0.0,0.0128746032714843,0.0128746032714843,0.0,0.0,0.0063419342041015,0.0,0.008392333984375,0.0116825103759765,0.021982192993164,0.496,1.776,0.0,0.0,4.232,3.744,0.0,112.0,0.0,0.0,0.0,1
203,0.0,0.0,0.0,0.0,0.0,0.0,0,0,0.0,0.0,0.0,0.0,0.0,0.0,0.0,0.0071015524033883,0.0095367431640625,0.0071525573730468,0.0071525573730468,0.0,0.0083446502685546,0.0083446502685546,0.0,0.0,0.0071048736572265,0.0,0.0088691711425781,0.0108242034912109,0.0239133834838867,0.496,1.776,0.0,0.0,7.736,8.264,13.949579831932773,117.192,226.1722053711613,226.4279127120972,15993.888,1
