time_seconds,a1_retransmissions_ul_count,a1_retransmissions_dl_count,a1_packet_loss_ul_percentage,a1_packet_loss_dl_percentage,e2_du_packet_loss_ul_percentage,e2_du_packet_loss_dl_percentage,e2_du_retransmissions_ul_count,e2_du_retransmissions_dl_count,f1_c_packet_loss_dl_percentage,f1_c_packet_loss_ul_percentage,f1_c_retransmissions_ul_count,f1_u_packet_loss_ul_percentage,f1_u_retransmissions_dl_count,f1_u_retransmissions_ul_count,f1_u_packet_loss_dl_percentage,f1_u_latency_mean_ul_ms,f1_u_latency_p90_ul_ms,e2_du_latency_p90_ul_ms,e2_du_latency_mean_ul_ms,f1_u_latency_mean_dl_ms,f1_u_latency_p90_dl_ms,a1_latency_mean_ul_ms,e2_du_latency_mean_dl_ms,e2_du_latency_p90_dl_ms,a1_latency_p90_ul_ms,f1_c_latency_mean_ul_ms,a1_latency_mean_dl_ms,f1_c_latency_p90_ul_ms,a1_latency_p90_dl_ms,f1_c_retransmissions_dl_count,e2_du_throughput_dl_kbps,e2_du_throughput_ul_kbps,f1_c_throughput_ul_kbps,f1_c_throughput_dl_kbps,f1_u_throughput_ul_kbps,a1_throughput_dl_kbps,a1_throughput_ul_kbps,f1_c_latency_mean_dl_ms,f1_c_latency_p90_dl_ms,f1_u_throughput_dl_kbps,F-node
0,0.0,0.0,0.0,0.0,0.0,0.0,0,0,0.0,0.0,0.0,0.0,0.0,0.0,0.0,0.0063146202309617,0.0085830688476562,0.0078678131103515,0.0078678131103515,0.0041699567377962,0.0052452087402343,0.0065214493695427,0.021219253540039,0.021219253540039,0.0089406967163085,0.0119209289550781,0.0097288025750054,0.0170707702636718,0.021219253540039,0.0,0.496,1.36,1.696,1.696,143.152,25.68,26.816,0.0065565109252929,0.0074148178100585,1549.4,0
1,0.0,0.0,0.0,0.0,0.0,0.0,0,0,0.0,0.0,0.0,0.0,0.0,0.0,0.0,0.0073008276336821,0.009775161743164,0.0088214874267578,0.0088214874267578,0.0038657471530623,0.0045299530029296,0.0065214493695427,0.0116825103759765,0.0116825103759765,0.0089406967163085,0.0119209289550781,0.0097288025750054,0.0170707702636718,0.021219253540039,0.0,0.496,1.424,1.696,1.696,117.192,25.68,26.816,0.0065565109252929,0.0074148178100585,24086.328,0
2,0.0,0.0,0.0,0.0,0.0,0.0,0,0,0.0,0.0,0.0,0.0,0.0,0.0,0.0,0.0060582160949707,0.0081300735473632,0.0081062316894531,0.0081062316894531,0.0,0.0,0.0065214493695427,0.0123977661132812,0.0123977661132812,0.0089406967163085,0.0119209289550781,0.0097288025750054,0.0170707702636718,0.021219253540039,0.0,0.496,1.424,1.696,1.696,112.0,25.68,26.816,0.0065565109252929,0.0074148178100585,0.0,0
3,0.0,0.0,0.0,0.0,0.0,0.0,0,0,0.0,0.0,0.0,0.0,0.0,0.0,0.0,0.0059569059912838,0.0081062316894531,0.0071525573730468,0.0071525573730468,0.0078678131103515,0.0078678131103515,0.0065214493695427,0.0102519989013671,0.0102519989013671,0.0089406967163085,0.0119209289550781,0.0097288025750054,0.0170707702636718,0.021219253540039,0.0,0.496,1.36,1.696,1.696,113.256,25.68,26.816,0.0065565109252929,0.0074148178100585,1.192,0
4,0.0,0.0,0.0,0.0,0.0,0.0,0,0,0.0,0.0,0.0,0.0,0.0,0.0,0.0,0.0059735122604749,0.0081062316894531,0.0078678131103515,0.0078678131103515,0.0045299530029296,0.0045299530029296,0.0065214493695427,0.0090599060058593,0.0090599060058593,0.0089406967163085,0.0119209289550781,0.0097288025750054,0.0170707702636718,0.021219253540039,0.0,0.496,1.36,1.696,1.696,113.256,25.68,26.816,0.0065565109252929,0.0074148178100585,1.192,0
5,0.0,0.0,0.0,0.0,0.0,0.0,0,0,0.0,0.0,0.0,0.0,0.0,0.0,0.0,0.0059111364956559,0.0078201293945312,0.0078678131103515,0.0078678131103515,0.0069936116536458,0.0079631805419921,0.0065214493695427,0.0126361846923828,0.0126361846923828,0.0089406967163085,0.0119209289550781,0.0097288025750054,0.0170707702636718,0.021219253540039,0.0,0.496,1.424,1.696,1.696,120.872,25.68,26.816,0.0065565109252929,0.0074148178100585,9.992,0
6,0.0,0.0,0.0,0.0,0.0,0.0,0,0,0.0,0.0,0.0,0.0,0.0,0.0,0.0,0.006513642560085,0.009012222290039,0.0081062316894531,0.0081062316894531,0.0039609845655446,0.0045299530029296,0.0065214493695427,0.00762939453125,0.00762939453125,0.0089406967163085,0.0119209289550781,0.0097288025750054,0.0170707702636718,0.021219253540039,0.0,0.496,1.392,1.696,1.696,127.576,25.68,26.816,0.0065565109252929,0.0074148178100585,7556.08,0
7,0.0,0.0,0.0,0.0,0.0,0.0,0,0,0.0,0.0,0.0,0.0,0.0,0.0,0.0,0.0065898895263671,0.0090837478637695,0.0071525573730468,0.0071525573730468,0.0040805879443761,0.0047683715820312,0.0065214493695427,0.0116825103759765,0.0116825103759765,0.0089406967163085,0.0119209289550781,0.0097288025750054,0.0170707702636718,0.021219253540039,0.0,0.496,1.424,1.696,1.696,112.0,25.68,26.816,0.0065565109252929,0.0074148178100585,2496.6,0
8,0.0,0.0,0.0,0.0,0.0,0.0,0,0,0.0,0.0,0.0,0.0,0.0,0.0,0.0,0.0060164928436279,0.0078678131103515,0.0095367431640625,0.0095367431640625,0.0,0.0,0.0065214493695427,0.0140666961669921,0.0140666961669921,0.0089406967163085,0.0119209289550781,0.0097288025750054,0.0170707702636718,0.021219253540039,0.0,0.496,1.392,1.696,1.696,112.0,25.68,26.816,0.0065565109252929,0.0074148178100585,0.0,0
9,0.0,0.0,0.0,0.0,0.0,0.0,0,0,0.0,0.0,0.0,0.0,0.0,0.0,0.0,0.0066158219511285,0.0088214874267578,0.0081062316894531,0.0081062316894531,0.0039640099111229,0.0047683715820312,0.0065214493695427,0.0071525573730468,0.0071525573730468,0.0089406967163085,0.0119209289550781,0.0097288025750054,0.0170707702636718,0.021219253540039,0.0,0.496,1.424,1.696,1.696,121.88,25.68,26.816,0.0065565109252929,0.0074148178100585,7075.16,0
10,0.0,0.0,0.0,0.0,0.0,0.0,0,0,0.0,0.0,0.0,0.0,0.0,0.0,0.0,0.006061288254771,0.0078678131103515,0.0083446502685546,0.0083446502685546,0.0041535026148745,0.0050544738769531,0.0065214493695427,0.0178813934326171,0.0178813934326171,0.0089406967163085,0.0119209289550781,0.0097288025750054,0.0170707702636718,0.021219253540039,0.0,0.496,1.424,1.696,1.696,113.256,25.68,26.816,0.0065565109252929,0.0074148178100585,183.016,0
11,0.0,0.0,0.0,0.0,0.0,0.0,0,0,0.0,0.0,0.0,0.0,0.0,0.0,0.0,0.006176345977024,0.0088214874267578,0.0078678131103515,0.0078678131103515,0.0083446502685546,0.0083446502685546,0.0065214493695427,0.0123977661132812,0.0123977661132812,0.0089406967163085,0.0119209289550781,0.0097288025750054,0.0170707702636718,0.021219253540039,0.0,0.496,1.36,1.696,1.696,113.256,25.68,26.816,0.0065565109252929,0.0074148178100585,1.192,0
12,0.0,0.0,0.0,0.0,0.0,0.0,0,0,0.0,0.0,0.0,0.0,0.0,0.0,0.0,0.0062024415428958,0.0085830688476562,0.0073909759521484,0.0073909759521484,0.0092983245849609,0.0092983245849609,0.0065214493695427,0.0183582305908203,0.0183582305908203,0.0089406967163085,0.0119209289550781,0.0097288025750054,0.0170707702636718,0.021219253540039,0.0,0.496,1.36,1.696,1.696,113.256,25.68,26.816,0.0065565109252929,0.0074148178100585,1.192,0
13,0.0,0.0,0.0,0.0,0.0,0.0,0,0,0.0,0.0,0.0,0.0,0.0,0.0,0.0,0.0063371658325195,0.0083446502685546,0.0081062316894531,0.0081062316894531,0.0,0.0,0.0065214493695427,0.0121593475341796,0.0121593475341796,0.0089406967163085,0.0119209289550781,0.0097288025750054,0.0170707702636718,0.021219253540039,0.0,0.496,1.36,1.696,1.696,112.0,25.68,26.816,0.0065565109252929,0.0074148178100585,0.0,0
14,0.0,0.0,0.0,0.0,0.0,0.0,0,0,0.0,0.0,0.0,0.0,0.0,0.0,0.0,0.0061309337615966,0.0083446502685546,0.0071525573730468,0.0071525573730468,0.0,0.0,0.0065214493695427,0.00762939453125,0.00762939453125,0.0089406967163085,0.0119209289550781,0.0097288025750054,0.0170707702636718,0.021219253540039,0.0,0.496,1.36,1.696,1.696,112.0,25.68,26.816,0.0065565109252929,0.0074148178100585,0.0,0
15,0.0,0.0,0.0,0.0,0.0,0.0,0,0,0.0,0.0,0.0,0.0,0.0,0.0,0.0,0.0059342384338378,0.0078678131103515,0.0104904174804687,0.0104904174804687,0.0,0.0,0.0065214493695427,0.0073909759521484,0.0073909759521484,0.0089406967163085,0.0119209289550781,0.0097288025750054,0.0170707702636718,0.021219253540039,0.0,0.496,1.36,1.696,1.696,112.0,25.68,26.816,0.0065565109252929,0.0074148178100585,0.0,0
16,0.0,0.0,0.0,0.0,0.0,0.0,0,0,0.0,0.0,0.0,0.0,0.0,0.0,0.0,0.0063678593311494,0.0085830688476562,0.0104904174804687,0.0104904174804687,0.0038993256474358,0.0045299530029296,0.0065214493695427,0.0152587890625,0.0152587890625,0.0089406967163085,0.0119209289550781,0.0097288025750054,0.0170707702636718,0.021219253540039,0.0,0.496,1.36,1.696,1.696,143.152,25.68,26.816,0.0065565109252929,0.0074148178100585,8799.912,0
17,0.0,0.0,0.0,0.0,0.0,0.0,0,0,0.0,0.0,0.0,0.0,0.0,0.0,0.0,0.0063507118035311,0.0083446502685546,0.0081062316894531,0.0081062316894531,0.0043869018554687,0.0050544738769531,0.0065214493695427,0.013589859008789,0.013589859008789,0.0089406967163085,0.0119209289550781,0.0097288025750054,0.0170707702636718,0.021219253540039,0.0,0.496,1.424,1.696,1.696,113.256,25.68,26.816,0.0065565109252929,0.0074148178100585,37.736,0
18,0.0,0.0,0.0,0.0,0.0,0.0,0,0,0.0,0.0,0.0,0.0,0.0,0.0,0.0,0.0061241548452804,0.0081062316894531,0.0066757202148437,0.0066757202148437,0.0057220458984375,0.0057220458984375,0.0065214493695427,0.0092983245849609,0.0092983245849609,0.0089406967163085,0.0119209289550781,0.0097288025750054,0.0170707702636718,0.021219253540039,0.0,0.496,1.36,1.696,1.696,113.256,25.68,26.816,0.0065565109252929,0.0074148178100585,1.192,0
19,0.0,0.0,0.0,0.0,0.0,0.0,0,0,0.0,0.0,0.0,0.0,0.0,0.0,0.0,0.0061217825211102,0.0081062316894531,0.0081062316894531,0.0081062316894531,0.005960464477539,0.005960464477539,0.0065214493695427,0.0133514404296875,0.0133514404296875,0.0089406967163085,0.0119209289550781,0.0097288025750054,0.0170707702636718,0.021219253540039,0.0,0.496,1.36,1.696,1.696,113.256,25.68,26.816,0.0065565109252929,0.0074148178100585,1.192,0
20,0.0,0.0,0.0,0.0,0.0,0.0,0,0,0.0,0.0,0.0,0.0,0.0,0.0,0.0,0.0060999393463134,0.0081300735473632,0.0069141387939453,0.0069141387939453,0.0,0.0,0.0065214493695427,0.009775161743164,0.009775161743164,0.0089406967163085,0.0119209289550781,0.0097288025750054,0.0170707702636718,0.021219253540039,0.0,0.496,1.36,1.696,1.696,112.0,25.68,26.816,0.0065565109252929,0.0074148178100585,0.0,0
21,0.0,0.0,0.0,0.0,0.0,0.0,0,0,0.0,0.0,0.0,0.0,0.0,0.0,0.0,0.0062274932861328,0.0085830688476562,0.0102519989013671,0.0102519989013671,0.0,0.0,0.0069618225097656,0.009775161743164,0.009775161743164,0.0092267990112304,0.0119209289550781,0.0129461288452148,0.0170707702636718,0.0278711318969726,0.0,0.496,1.36,1.696,1.696,112.0,8.264,7.736,0.0065565109252929,0.0074148178100585,0.0,0
22,0.0,0.0,0.0,0.0,0.0,0.0,0,0,0.0,0.0,0.0,0.0,0.0,0.0,0.0,0.0060796737670898,0.0078916549682617,0.0090599060058593,0.0090599060058593,0.0,0.0,0.0064373016357421,0.0073909759521484,0.0073909759521484,0.0085353851318359,0.0119209289550781,0.0113487243652343,0.0170707702636718,0.021219253540039,0.0,0.496,1.36,1.696,1.696,112.0,3.744,4.232,0.0065565109252929,0.0074148178100585,0.0,0
23,0.0,0.0,0.0,0.0,0.0,0.0,0,0,0.0,0.0,0.0,0.0,0.0,0.0,0.0,0.0060832500457763,0.0081062316894531,0.0095367431640625,0.0095367431640625,0.0,0.0,0.0065088272094726,0.0102519989013671,0.0102519989013671,0.0081777572631835,0.0119209289550781,0.0109195709228515,0.0170707702636718,0.0259160995483398,0.0,0.496,1.36,1.696,1.696,112.0,8.264,7.736,0.0065565109252929,0.0074148178100585,0.0,0
24,0.0,0.0,0.0,0.0,0.0,0.0,0,0,0.0,0.0,0.0,0.0,0.0,0.0,0.0,0.0064142660242347,0.0085830688476562,0.0104904174804687,0.0104904174804687,0.0039080283819992,0.0045299530029296,0.0,0.017404556274414,0.017404556274414,0.0,0.0119209289550781,0.0,0.0170707702636718,0.0,0.0,0.496,1.424,1.696,1.696,144.408,0.0,0.0,0.0065565109252929,0.0074148178100585,9341.8,0
25,0.0,0.0,0.0,0.0,0.0,0.0,0,0,0.0,0.0,0.0,0.0,0.0,0.0,0.0,0.0062498880262991,0.0083446502685546,0.0090599060058593,0.0090599060058593,0.0047683715820312,0.0047683715820312,0.0063419342041015,0.0116825103759765,0.0116825103759765,0.0079154968261718,0.0119209289550781,0.0117778778076171,0.0170707702636718,0.0222682952880859,0.0,0.496,1.392,1.696,1.696,113.256,3.744,4.232,0.0065565109252929,0.0074148178100585,1.192,0
26,0.0,0.0,0.0,0.0,0.0,0.0,0,0,0.0,0.0,0.0,0.0,0.0,0.0,0.0,0.0060268895543036,0.0083446502685546,0.0073909759521484,0.0073909759521484,0.0073909759521484,0.0073909759521484,0.0062465667724609,0.0078678131103515,0.0078678131103515,0.0079631805419921,0.0119209289550781,0.0106334686279296,0.0170707702636718,0.0197410583496093,0.0,0.496,1.36,1.696,1.696,113.256,3.744,4.232,0.0065565109252929,0.0074148178100585,1.192,0
27,0.0,0.0,0.0,0.0,0.0,0.0,0,0,0.0,0.0,0.0,0.0,0.0,0.0,0.0,0.0060268895543036,0.0083446502685546,0.0071525573730468,0.0071525573730468,0.0073909759521484,0.0073909759521484,0.0063101450602213,0.0078678131103515,0.0078678131103515,0.0084877014160156,0.0,0.0106016794840494,0.0,0.0262260437011718,0.0,0.496,1.36,0.0,0.0,113.256,12.008,11.968,0.0,0.0,1.192,0
28,0.0,0.0,0.0,0.0,0.0,0.0,0,0,0.0,0.0,0.0,0.0,0.0,0.0,0.0,0.0060268895543036,0.0083446502685546,0.0080347061157226,0.0077486038208007,0.0073909759521484,0.0073909759521484,0.0060558319091796,0.0109672546386718,0.0109672546386718,0.0078678131103515,0.0,0.011444091796875,0.0,0.0223636627197265,0.0,1.344,2.208,0.0,0.0,113.256,3.744,4.232,0.0,0.0,1.192,0
29,0.0,0.0,0.0,0.0,0.0,0.0,0,0,0.0,0.0,0.0,0.0,0.0,0.0,0.0,0.0060268895543036,0.0083446502685546,0.0071525573730468,0.0071525573730468,0.0073909759521484,0.0073909759521484,0.0055789947509765,0.0071525573730468,0.0071525573730468,0.0071525573730468,0.0,0.010538101196289,0.0,0.0200748443603515,0.0,0.496,1.36,0.0,0.0,113.256,3.744,4.232,0.0,0.0,1.192,0
30,0.0,0.0,0.0,0.0,0.0,0.0,0,0,0.0,0.0,0.0,0.0,0.0,0.0,0.0,0.0060268895543036,0.0083446502685546,0.0066757202148437,0.0066757202148437,0.0073909759521484,0.0073909759521484,0.0063419342041015,0.0119209289550781,0.0119209289550781,0.0080108642578125,0.0,0.0113487243652343,0.0,0.0194072723388671,0.0,0.496,1.36,0.0,0.0,113.256,4.52,3.504,0.0,0.0,1.192,0
31,0.0,0.0,0.0,0.0,0.0,0.0,0,0,0.0,0.0,0.0,0.0,0.0,0.0,0.0,0.0060779460962267,0.0081062316894531,0.00762939453125,0.00762939453125,0.003876876197384,0.0042915344238281,0.0060081481933593,0.0100135803222656,0.0100135803222656,0.0077724456787109,0.0,0.0109672546386718,0.0,0.0207424163818359,0.0,0.496,1.36,0.0,0.0,144.408,3.744,4.232,0.0,0.0,6540.336,0
32,0.0,0.0,0.0,0.0,0.0,0.0,0,0,0.0,0.0,0.0,0.0,0.0,0.0,0.0,0.0066175982726747,0.0092983245849609,0.0078678131103515,0.0078678131103515,0.0071525573730468,0.0071525573730468,0.0065326690673828,0.0159740447998046,0.0159740447998046,0.0088691711425781,0.0,0.0112533569335937,0.0,0.0209331512451171,0.0,0.496,1.424,0.0,0.0,113.256,3.744,4.232,0.0,0.0,1.192,0
33,0.0,0.0,0.0,0.0,0.0,0.0,0,0,0.0,0.0,0.0,0.0,0.0,0.0,0.0,0.0062083723533212,0.0085830688476562,0.0073909759521484,0.0073909759521484,0.0083446502685546,0.0083446502685546,0.0065088272094726,0.013589859008789,0.013589859008789,0.0089406967163085,0.0,0.0108957290649414,0.0,0.0258922576904296,0.0,0.496,1.36,0.0,0.0,113.256,8.264,7.736,0.0,0.0,1.192,0
34,0.0,0.0,0.0,0.0,0.0,0.0,0,0,0.0,0.0,0.0,0.0,0.0,0.0,0.0,0.0059962272644042,0.0078916549682617,0.00762939453125,0.00762939453125,0.0,0.0,0.0058174133300781,0.0138282775878906,0.0138282775878906,0.0072479248046875,0.0,0.0112533569335937,0.0,0.0209808349609375,0.0,0.496,1.36,0.0,0.0,112.0,3.744,4.232,0.0,0.0,0.0,0
35,0.0,0.0,0.0,0.0,0.0,0.0,0,0,0.0,0.0,0.0,0.0,0.0,0.0,0.0,0.0060772895812988,0.0081062316894531,0.0066757202148437,0.0066757202148437,0.0,0.0,0.0061511993408203,0.0095367431640625,0.0095367431640625,0.0075340270996093,0.0,0.0115394592285156,0.0,0.0224113464355468,0.0,0.496,1.36,0.0,0.0,112.0,3.744,4.232,0.0,0.0,0.0,0
36,0.0,0.0,0.0,0.0,0.0,0.0,0,0,0.0,0.0,0.0,0.0,0.0,0.0,0.0,0.0059854984283447,0.0081062316894531,0.0095367431640625,0.0095367431640625,0.0,0.0,0.0062465667724609,0.0133514404296875,0.0133514404296875,0.0090837478637695,0.0,0.011301040649414,0.0,0.0272750854492187,0.0,0.496,1.36,0.0,0.0,112.0,8.264,7.736,0.0,0.0,0.0,0
37,0.0,0.0,0.0,0.0,0.0,0.0,0,0,0.0,0.0,0.0,0.0,0.0,0.0,0.0,0.006103515625,0.0081300735473632,0.0078678131103515,0.0078678131103515,0.0,0.0,0.0060081481933593,0.0090599060058593,0.0090599060058593,0.0077247619628906,0.0,0.0117778778076171,0.0,0.0220775604248046,0.0,0.496,1.36,0.0,0.0,112.0,3.744,4.232,0.0,0.0,0.0,0
38,0.0,0.0,0.0,0.0,0.0,0.0,0,0,0.0,0.0,0.0,0.0,0.0,0.0,0.0,0.0060980592794086,0.0083446502685546,0.0071525573730468,0.0071525573730468,0.0052452087402343,0.0052452087402343,0.006103515625,0.0061988830566406,0.0061988830566406,0.0077247619628906,0.0,0.010538101196289,0.0,0.0195026397705078,0.0,0.496,1.36,0.0,0.0,113.256,3.744,4.232,0.0,0.0,1.192,0
39,0.0,0.0,0.0,0.0,0.0,0.0,0,0,0.0,0.0,0.0,0.0,0.0,0.0,0.0,0.0063912304127273,0.0088214874267578,0.0081062316894531,0.0081062316894531,0.0039537206332755,0.0047683715820312,0.005960464477539,0.0083446502685546,0.0083446502685546,0.0081777572631835,0.0,0.0106573104858398,0.0,0.024580955505371,0.0,0.496,1.36,0.0,0.0,144.408,8.264,7.736,0.0,0.0,3873.064,0
40,0.0,0.0,0.0,0.0,0.0,0.0,0,0,0.0,0.0,0.0,0.0,0.0,0.0,0.0,0.0061170378727699,0.0081062316894531,0.0083446502685546,0.0083446502685546,0.0054836273193359,0.0054836273193359,0.0071048736572265,0.0131130218505859,0.0131130218505859,0.0092506408691406,0.0,0.0113964080810546,0.0,0.0215053558349609,0.0,0.496,1.424,0.0,0.0,113.256,3.744,4.232,0.0,0.0,1.192,0
41,0.0,0.0,0.0,0.0,0.0,0.0,0,0,0.0,0.0,0.0,0.0,0.0,0.0,0.0,0.0060069561004638,0.0076532363891601,0.0073909759521484,0.0073909759521484,0.0,0.0,0.0063419342041015,0.0123977661132812,0.0123977661132812,0.0086307525634765,0.0,0.0116348266601562,0.0,0.0226020812988281,0.0,0.496,1.36,0.0,0.0,112.0,3.744,4.232,0.0,0.0,0.0,0
42,0.0,0.0,0.0,0.0,0.0,0.0,0,0,0.0,0.0,0.0,0.0,0.0,0.0,0.0,0.0063812732696533,0.0088214874267578,0.0069141387939453,0.0069141387939453,0.0,0.0,0.006723403930664,0.0073909759521484,0.0073909759521484,0.0091314315795898,0.0,0.0110387802124023,0.0,0.028228759765625,0.0,0.496,1.36,0.0,0.0,112.0,8.264,7.736,0.0,0.0,0.0,0
43,0.0,0.0,0.0,0.0,0.0,0.0,0,0,0.0,0.0,0.0,0.0,0.0,0.0,0.0,0.006258487701416,0.0088214874267578,0.0073909759521484,0.0073909759521484,0.0,0.0,0.0066280364990234,0.011444091796875,0.011444091796875,0.0089168548583984,0.0,0.0110149383544921,0.0,0.0203132629394531,0.0,0.496,1.36,0.0,0.0,112.0,3.744,4.232,0.0,0.0,0.0,0
44,0.0,0.0,0.0,0.0,0.0,0.0,0,0,0.0,0.0,0.0,0.0,0.0,0.0,0.0,0.005965232849121,0.0083446502685546,0.0069141387939453,0.0069141387939453,0.0,0.0,0.0058174133300781,0.0109672546386718,0.0109672546386718,0.0072479248046875,0.0,0.0103473663330078,0.0,0.0193119049072265,0.0,0.496,1.36,0.0,0.0,112.0,3.744,4.232,0.0,0.0,0.0,0
45,0.0,0.0,0.0,0.0,0.0,0.0,0,0,0.0,0.0,0.0,0.0,0.0,0.0,0.0,0.0059557198291987,0.0078678131103515,0.0078678131103515,0.0078678131103515,0.0088214874267578,0.0088214874267578,0.0060558319091796,0.0095367431640625,0.0095367431640625,0.008392333984375,0.0,0.0110149383544921,0.0,0.0273942947387695,0.0,0.496,1.36,0.0,0.0,113.256,8.264,7.736,0.0,0.0,1.192,0
46,0.0,0.0,0.0,0.0,0.0,0.0,0,0,0.0,0.0,0.0,0.0,0.0,0.0,0.0,0.0062795420784262,0.0083446502685546,0.0100135803222656,0.0100135803222656,0.0061988830566406,0.0061988830566406,0.0062942504882812,0.011444091796875,0.011444091796875,0.0081062316894531,0.0,0.0118732452392578,0.0,0.0222682952880859,0.0,0.496,1.36,0.0,0.0,113.256,3.744,4.232,0.0,0.0,1.192,0
47,0.0,0.0,0.0,0.0,0.0,0.0,0,0,0.0,0.0,0.0,0.0,0.0,0.0,0.0,0.0067033629486526,0.0092983245849609,0.0092983245849609,0.0092983245849609,0.0040043571337025,0.0047683715820312,0.0072479248046875,0.0107288360595703,0.0107288360595703,0.0084877014160156,0.0,0.0113964080810546,0.0,0.0216960906982421,0.0,0.496,1.424,0.0,0.0,144.408,3.744,4.232,0.0,0.0,6751.416,0
48,0.0,0.0,0.0,0.0,0.0,0.0,0,0,0.0,0.0,0.0,0.0,0.0,0.0,0.0,0.0061419472765566,0.0083446502685546,0.00762939453125,0.00762939453125,0.0039875507354736,0.0047683715820312,0.007033348083496,0.0128746032714843,0.0128746032714843,0.0088214874267578,0.0,0.010848045349121,0.0,0.0264406204223632,0.0,0.496,1.424,0.0,0.0,117.192,8.264,7.736,0.0,0.0,811.728,0
49,0.0,0.0,0.0,0.0,0.0,0.0,0,0,0.0,0.0,0.0,0.0,0.0,0.0,0.0,0.0061261653900146,0.0081062316894531,0.00762939453125,0.00762939453125,0.0,0.0,0.0063419342041015,0.0123977661132812,0.0123977661132812,0.0082015991210937,0.0,0.0124454498291015,0.0,0.0225543975830078,0.0,0.496,1.36,0.0,0.0,112.0,3.744,4.232,0.0,0.0,0.0,0
50,0.0,0.0,0.0,0.0,0.0,0.0,0,0,0.0,0.0,0.0,0.0,0.0,0.0,0.0,0.006105899810791,0.0081300735473632,0.0081062316894531,0.0081062316894531,0.0,0.0,0.0,0.0104904174804687,0.0104904174804687,0.0,0.0,0.0,0.0,0.0,0.0,0.496,1.36,0.0,0.0,112.0,0.0,0.0,0.0,0.0,0.0,0
51,0.0,0.0,0.0,0.0,0.0,0.0,0,0,0.0,0.0,0.0,0.0,0.0,0.0,0.0,0.0061464309692382,0.0081300735473632,0.0123977661132812,0.0123977661132812,0.0,0.0,0.0062942504882812,0.0078678131103515,0.0078678131103515,0.008249282836914,0.0,0.0117301940917968,0.0,0.0220775604248046,0.0,0.496,1.36,0.0,0.0,112.0,3.744,4.232,0.0,0.0,0.0,0
52,0.0,0.0,0.0,0.0,0.0,0.0,0,0,0.0,0.0,0.0,0.0,0.0,0.0,0.0,0.005916576480391,0.0083446502685546,0.0085830688476562,0.0085830688476562,0.0050067901611328,0.0050067901611328,0.0062465667724609,0.0133514404296875,0.0133514404296875,0.008392333984375,0.0,0.0119209289550781,0.0,0.0301361083984374,0.0,0.496,1.36,0.0,0.0,113.256,12.008,11.968,0.0,0.0,1.192,0
53,0.0,0.0,0.0,0.0,0.0,0.0,0,0,0.0,0.0,0.0,0.0,0.0,0.0,0.0,0.0059865600434108,0.0081062316894531,0.00762939453125,0.00762939453125,0.00762939453125,0.00762939453125,0.0063896179199218,0.0100135803222656,0.0100135803222656,0.0078201293945312,0.0,0.011301040649414,0.0,0.0217437744140625,0.0,0.496,1.36,0.0,0.0,113.256,3.744,4.232,0.0,0.0,1.192,0
54,0.0,0.0,0.0,0.0,0.0,0.0,0,0,0.0,0.0,0.0,0.0,0.0,0.0,0.0,0.0063661319106372,0.0083446502685546,0.0073909759521484,0.0073909759521484,0.0054836273193359,0.0054836273193359,0.0063896179199218,0.0081062316894531,0.0081062316894531,0.008392333984375,0.0,0.0112056732177734,0.0,0.0268936157226562,0.0,0.496,1.36,0.0,0.0,113.256,8.264,7.736,0.0,0.0,1.192,0
55,0.0,0.0,0.0,0.0,0.0,0.0,0,0,0.0,0.0,0.0,0.0,0.0,0.0,0.0,0.006467540089677,0.0085830688476562,0.0088214874267578,0.0088214874267578,0.003936155787054,0.0045299530029296,0.0,0.0109672546386718,0.0109672546386718,0.0,0.0,0.0,0.0,0.0,0.0,0.496,1.424,0.0,0.0,140.24,0.0,0.0,0.0,0.0,4543.12,0
56,0.0,0.0,0.0,0.0,0.0,0.0,0,0,0.0,0.0,0.0,0.0,0.0,0.0,0.0,0.006349525641446,0.0083446502685546,0.0085830688476562,0.0085830688476562,0.0054438908894856,0.0071525573730468,0.0059127807617187,0.0150203704833984,0.0150203704833984,0.0079154968261718,0.0,0.0118732452392578,0.0,0.0230789184570312,0.0,0.496,1.392,0.0,0.0,114.952,3.744,4.232,0.0,0.0,33.488,0
57,0.0,0.0,0.0,0.0,0.0,0.0,0,0,0.0,0.0,0.0,0.0,0.0,0.0,0.0,0.0064052752594449,0.0085830688476562,0.00762939453125,0.00762939453125,0.0054836273193359,0.005960464477539,0.0064373016357421,0.0081062316894531,0.0081062316894531,0.0082969665527343,0.0096559524536132,0.0128746032714843,0.0114679336547851,0.0237464904785156,0.0,0.496,1.424,1.696,1.696,114.888,3.744,4.232,0.0104904174804687,0.0133514404296875,31.288,0
58,0.0,0.0,0.0,0.0,0.0,0.0,0,0,0.0,0.0,0.0,0.0,0.0,0.0,0.0,0.0061644843561732,0.0085830688476562,0.0088214874267578,0.0088214874267578,0.0051339467366536,0.006103515625,0.0059286753336588,0.0116825103759765,0.0116825103759765,0.0083446502685546,0.0,0.0111738840738932,0.0,0.0272274017333984,0.0,0.496,1.424,0.0,0.0,114.888,12.008,11.968,0.0,0.0,40.632,0
59,0.0,0.0,0.0,0.0,0.0,0.0,0,0,0.0,0.0,0.0,0.0,0.0,0.0,0.0,0.0065317248353863,0.0085830688476562,0.0058174133300781,0.0052452087402343,0.0049787409165326,0.0062942504882812,0.0060558319091796,0.0109672546386718,0.0134468078613281,0.0076770782470703,0.0,0.0117778778076171,0.0,0.0220775604248046,0.0,1.344,2.272,0.0,0.0,116.208,3.744,4.232,0.0,0.0,43.496,0
60,0.0,0.0,0.0,0.0,0.0,0.0,0,0,0.0,0.0,0.0,0.0,0.0,0.0,0.0,0.0061316065268941,0.0081062316894531,0.00762939453125,0.00762939453125,0.0049620866775512,0.0058412551879882,0.0063180923461914,0.0090599060058593,0.0090599060058593,0.0081777572631835,0.0,0.0108718872070312,0.0,0.0256061553955078,0.0,0.496,1.424,0.0,0.0,116.432,8.264,7.736,0.0,0.0,43.936,0
61,0.0,0.0,0.0,0.0,0.0,0.0,0,0,0.0,0.0,0.0,0.0,0.0,0.0,0.0,0.0062614384264048,0.0083446502685546,0.0078678131103515,0.0078678131103515,0.0055134296417236,0.0069856643676757,0.0,0.0140666961669921,0.0140666961669921,0.0,0.0,0.0,0.0,0.0,0.0,0.496,1.424,0.0,0.0,116.72,0.0,0.0,0.0,0.0,22.752,0
62,0.0,0.0,0.0,0.0,0.0,0.0,0,0,0.0,0.0,0.0,0.0,0.0,0.0,0.0,0.0061953245703853,0.0078678131103515,0.009775161743164,0.009775161743164,0.0056266784667968,0.0070095062255859,0.0068187713623046,0.0090599060058593,0.0090599060058593,0.0084877014160156,0.0,0.0115871429443359,0.0,0.0217437744140625,0.0,0.496,1.424,0.0,0.0,115.464,3.744,4.232,0.0,0.0,15.016,0
63,0.0,0.0,0.0,0.0,0.0,0.0,0,0,0.0,0.0,0.0,0.0,0.0,0.0,0.0,0.0062546326746394,0.0083446502685546,0.00762939453125,0.00762939453125,0.0057437203147194,0.00762939453125,0.0065326690673828,0.00762939453125,0.00762939453125,0.0082969665527343,0.0,0.0126838684082031,0.0,0.0252246856689453,0.0,0.496,1.424,0.0,0.0,114.264,3.744,4.232,0.0,0.0,26.248,0
64,0.0,0.0,0.0,0.0,0.0,0.0,0,0,0.0,0.0,0.0,0.0,0.0,0.0,0.0,0.0064966097399963,0.0085830688476562,0.0081062316894531,0.0081062316894531,0.0053298088812058,0.0064373016357421,0.0063101450602213,0.0121593475341796,0.0121593475341796,0.009012222290039,0.0,0.0114917755126953,0.0,0.0266551971435546,0.0,0.496,1.424,0.0,0.0,114.296,12.008,11.968,0.0,0.0,77.928,0
65,0.0,0.0,0.0,0.0,0.0,0.0,0,0,0.0,0.0,0.0,0.0,0.0,0.0,0.0,0.0060885699827279,0.0083446502685546,0.0071525573730468,0.0071525573730468,0.0055233637491861,0.0064373016357421,0.0066757202148437,0.0100135803222656,0.0100135803222656,0.0086307525634765,0.0,0.0121116638183593,0.0,0.0229358673095703,0.0,0.496,1.424,0.0,0.0,114.296,3.744,4.232,0.0,0.0,15.008,0
66,0.0,0.0,0.0,0.0,0.0,0.0,0,0,0.0,0.0,0.0,0.0,0.0,0.0,0.0,0.0062661595863871,0.0085830688476562,0.0071525573730468,0.0071525573730468,0.0054173999362521,0.0068187713623046,0.0063896179199218,0.0138282775878906,0.0138282775878906,0.0095605850219726,0.0,0.0108718872070312,0.0,0.0256538391113281,0.0,0.496,1.392,0.0,0.0,116.496,8.264,7.736,0.0,0.0,46.16,0
67,0.0,0.0,0.0,0.0,0.0,0.0,0,0,0.0,0.0,0.0,0.0,0.0,0.0,0.0,0.0063228135061736,0.0087976455688476,0.0081062316894531,0.0081062316894531,0.0049691451223273,0.0060081481933593,0.0,0.0102519989013671,0.0102519989013671,0.0,0.0,0.0,0.0,0.0,0.0,0.496,1.424,0.0,0.0,116.368,0.0,0.0,0.0,0.0,48.184,0
68,0.0,0.0,0.0,0.0,0.0,0.0,0,0,0.0,0.0,0.0,0.0,0.0,0.0,0.0,0.0064018929358756,0.0087976455688476,0.0073909759521484,0.0073909759521484,0.0055134296417236,0.0065565109252929,0.0069141387939453,0.00762939453125,0.00762939453125,0.0092029571533203,0.0,0.0114917755126953,0.0,0.0214099884033203,0.0,0.496,1.424,0.0,0.0,116.464,3.744,4.232,0.0,0.0,43.104,0
69,0.0,0.0,0.0,0.0,0.0,0.0,0,0,0.0,0.0,0.0,0.0,0.0,0.0,0.0,0.0062226062983422,0.0083446502685546,0.0083446502685546,0.0083446502685546,0.0052293141682942,0.0066757202148437,0.0058650970458984,0.0104904174804687,0.0104904174804687,0.0075817108154296,0.0,0.0111579895019531,0.0,0.0210285186767578,0.0,0.496,1.424,0.0,0.0,114.6,3.744,4.232,0.0,0.0,36.184,0
70,0.0,0.0,0.0,0.0,0.0,0.0,0,0,0.0,0.0,0.0,0.0,0.0,0.0,0.0,0.0063008929959577,0.0085830688476562,0.0085830688476562,0.0085830688476562,0.0058737668124112,0.0069141387939453,0.0060558319091796,0.0102519989013671,0.0102519989013671,0.0086784362792968,0.0,0.0113328297932942,0.0,0.0272274017333984,0.0,0.496,1.392,0.0,0.0,117.16,12.008,11.968,0.0,0.0,30.328,0
71,0.0,0.0,0.0,0.0,0.0,0.0,0,0,0.0,0.0,0.0,0.0,0.0,0.0,0.0,0.0063803658556582,0.0085830688476562,0.00762939453125,0.00762939453125,0.0053581438566509,0.0062942504882812,0.0065326690673828,0.0090599060058593,0.0090599060058593,0.0085353851318359,0.0,0.0111579895019531,0.0,0.0210762023925781,0.0,0.496,1.424,0.0,0.0,114.552,3.744,4.232,0.0,0.0,46.408,0
72,0.0,0.0,0.0,0.0,0.0,0.0,0,0,0.0,0.0,0.0,0.0,0.0,0.0,0.0,0.0062605634850649,0.0085830688476562,0.0081062316894531,0.0081062316894531,0.0055551528930664,0.0068187713623046,0.0064849853515625,0.0090599060058593,0.0090599060058593,0.0090837478637695,0.0,0.010991096496582,0.0,0.0259160995483398,0.0,0.496,1.424,0.0,0.0,115.048,8.264,7.736,0.0,0.0,54.0,0
73,0.0,0.0,0.0,0.0,0.0,0.0,0,0,0.0,0.0,0.0,0.0,0.0,0.0,0.0,0.0063475995960802,0.0085830688476562,0.0085830688476562,0.0085830688476562,0.0059207280476888,0.0084161758422851,0.0,0.0112056732177734,0.0112056732177734,0.0,0.0,0.0,0.0,0.0,0.0,0.496,1.392,0.0,0.0,115.648,0.0,0.0,0.0,0.0,27.616,0
74,0.0,0.0,0.0,0.0,0.0,0.0,0,0,0.0,0.0,0.0,0.0,0.0,0.0,0.0,0.0063062894462358,0.0085830688476562,0.0073909759521484,0.0073909759521484,0.0049756920855978,0.0059127807617187,0.0058650970458984,0.0119209289550781,0.0119209289550781,0.0076770782470703,0.0,0.0109672546386718,0.0,0.0203609466552734,0.0,0.496,1.424,0.0,0.0,116.528,3.744,4.232,0.0,0.0,63.976,0
75,0.0,0.0,0.0,0.0,0.0,0.0,0,0,0.0,0.0,0.0,0.0,0.0,0.0,0.0,0.006276782196347,0.008559226989746,0.0095367431640625,0.0095367431640625,0.0051307678222656,0.006103515625,0.0062942504882812,0.00762939453125,0.00762939453125,0.0081539154052734,0.0,0.0121116638183593,0.0,0.0220298767089843,0.0,0.496,1.424,0.0,0.0,115.984,3.744,4.232,0.0,0.0,71.432,0
76,0.0,0.0,0.0,0.0,0.0,0.0,0,0,0.0,0.0,0.0,0.0,0.0,0.0,0.0,0.0062688666196604,0.0085830688476562,0.0078678131103515,0.0078678131103515,0.0053714303409352,0.0064373016357421,0.006564458211263,0.0069141387939453,0.0069141387939453,0.0089645385742187,0.0,0.0111579895019531,0.0,0.0283241271972656,0.0,0.496,1.424,0.0,0.0,114.6,12.008,11.968,0.0,0.0,46.888,0
77,0.0,0.0,0.0,0.0,0.0,0.0,0,0,0.0,0.0,0.0,0.0,0.0,0.0,0.0,0.0066092951380791,0.0090599060058593,0.0104904174804687,0.0104904174804687,0.0053019750685918,0.0071525573730468,0.0062942504882812,0.0073909759521484,0.0073909759521484,0.0082015991210937,0.0,0.0131130218505859,0.0,0.0259876251220703,0.0,0.496,1.424,0.0,0.0,115.016,3.744,4.232,0.0,0.0,61.288,0
78,0.0,0.0,0.0,0.0,0.0,0.0,0,0,0.0,0.0,0.0,0.0,0.0,0.0,0.0,0.0066104813001642,0.0090599060058593,0.0073909759521484,0.0073909759521484,0.0052560459483753,0.006413459777832,0.0072240829467773,0.0088214874267578,0.0088214874267578,0.0089168548583984,0.0,0.0113964080810546,0.0,0.0271797180175781,0.0,0.496,1.424,0.0,0.0,114.536,8.264,7.736,0.0,0.0,59.36,0
79,0.0,0.0,0.0,0.0,0.0,0.0,0,0,0.0,0.0,0.0,0.0,0.0,0.0,0.0,0.0063020791580427,0.0081062316894531,0.0073909759521484,0.0073909759521484,0.0050718134099786,0.0057220458984375,0.0,0.0123977661132812,0.0123977661132812,0.0,0.0,0.0,0.0,0.0,0.0,0.496,1.392,0.0,0.0,114.344,0.0,0.0,0.0,0.0,28.28,0
80,0.0,0.0,0.0,0.0,0.0,0.0,0,0,0.0,0.0,0.0,0.0,0.0,0.0,0.0,0.0061953421866539,0.0085830688476562,0.0071525573730468,0.0071525573730468,0.0047683715820312,0.0052452087402343,0.0066161155700683,0.0162124633789062,0.0162124633789062,0.0099420547485351,0.0,0.0102877616882324,0.0,0.0226259231567382,0.0,0.496,1.424,0.0,0.0,115.984,14.52,15.544,0.0,0.0,21.56,0
81,0.0,0.0,0.0,0.0,0.0,0.0,0,0,0.0,0.0,0.0,0.0,0.0,0.0,0.0,0.0061953245703853,0.0083446502685546,0.0104904174804687,0.0104904174804687,0.0061988830566406,0.0080585479736328,0.0061988830566406,0.0109672546386718,0.0109672546386718,0.0081539154052734,0.0,0.0110626220703125,0.0,0.0207901000976562,0.0,0.496,1.392,0.0,0.0,113.256,3.744,4.232,0.0,0.0,8.656,0
82,0.0,0.0,0.0,0.0,0.0,0.0,0,0,0.0,0.0,0.0,0.0,0.0,0.0,0.0,0.0064032418387276,0.009012222290039,0.0083446502685546,0.0083446502685546,0.0056939966538373,0.0074386596679687,0.0062465667724609,0.0145435333251953,0.0145435333251953,0.0086307525634765,0.0,0.0112215677897135,0.0,0.0285625457763671,0.0,0.496,1.424,0.0,0.0,120.952,12.008,11.968,0.0,0.0,67.752,0
83,0.0,0.0,0.0,0.0,0.0,0.0,0,0,0.0,0.0,0.0,0.0,0.0,0.0,0.0,0.006204813867066,0.0085830688476562,0.0078678131103515,0.0078678131103515,0.0050640106201171,0.0054836273193359,0.005960464477539,0.0123977661132812,0.0123977661132812,0.0066041946411132,0.0,0.0106096267700195,0.0,0.0187158584594726,0.0,0.496,1.424,0.0,0.0,117.16,4.272,3.704,0.0,0.0,97.336,0
84,0.0,0.0,0.0,0.0,0.0,0.0,0,0,0.0,0.0,0.0,0.0,0.0,0.0,0.0,0.006277169754256,0.0085830688476562,0.0073909759521484,0.0073909759521484,0.0049386705671037,0.0057220458984375,0.0065088272094726,0.0104904174804687,0.0104904174804687,0.008392333984375,0.0,0.0120878219604492,0.0,0.0315189361572265,0.0,0.496,1.424,0.0,0.0,114.984,8.264,7.736,0.0,0.0,89.288,0
85,0.0,0.0,0.0,0.0,0.0,0.0,0,0,0.0,0.0,0.0,0.0,0.0,0.0,0.0,0.0063400363447654,0.0088214874267578,0.0081062316894531,0.0081062316894531,0.0049851157448508,0.0056982040405273,0.0,0.009775161743164,0.009775161743164,0.0,0.0,0.0,0.0,0.0,0.0,0.496,1.392,0.0,0.0,115.496,0.0,0.0,0.0,0.0,100.016,0
86,0.0,0.0,0.0,0.0,0.0,0.0,0,0,0.0,0.0,0.0,0.0,0.0,0.0,0.0,0.0062534465125544,0.0083446502685546,0.0073909759521484,0.0073909759521484,0.0054041544596354,0.0061511993408203,0.0060081481933593,0.0092983245849609,0.0092983245849609,0.0077724456787109,0.0,0.0111103057861328,0.0,0.0208377838134765,0.0,0.496,1.424,0.0,0.0,115.496,3.744,4.232,0.0,0.0,53.488,0
87,0.0,0.0,0.0,0.0,0.0,0.0,0,0,0.0,0.0,0.0,0.0,0.0,0.0,0.0,0.0063192726361869,0.008559226989746,0.0109672546386718,0.0109672546386718,0.0055432319641113,0.0074386596679687,0.0067710876464843,0.0083446502685546,0.0083446502685546,0.009012222290039,0.0085830688476562,0.012063980102539,0.0085830688476562,0.0226497650146484,0.0,0.496,1.424,0.848,0.848,118.448,3.744,4.232,0.0083446502685546,0.0083446502685546,90.944,0
88,0.0,0.0,0.0,0.0,0.0,0.0,0,0,0.0,0.0,0.0,0.0,0.0,0.0,0.0,0.006152851746814,0.008559226989746,0.0088214874267578,0.0088214874267578,0.00518798828125,0.0062465667724609,0.0061194101969401,0.0145435333251953,0.0145435333251953,0.0083446502685546,0.0,0.011301040649414,0.0,0.0277042388916015,0.0,0.496,1.424,0.0,0.0,118.448,12.008,11.968,0.0,0.0,96.904,0
89,0.0,0.0,0.0,0.0,0.0,0.0,0,0,0.0,0.0,0.0,0.0,0.0,0.0,0.0,0.0062697004563737,0.0088214874267578,0.0085830688476562,0.0085830688476562,0.0049750010172526,0.0054836273193359,0.0062465667724609,0.0131130218505859,0.0131130218505859,0.0081062316894531,0.0057220458984375,0.0109672546386718,0.0057220458984375,0.0200271606445312,0.0,0.496,1.424,0.848,0.848,117.328,3.744,4.232,0.0128746032714843,0.0128746032714843,55.848,0
90,0.0,0.0,0.0,0.0,0.0,0.0,0,0,0.0,0.0,0.0,0.0,0.0,0.0,0.0,0.00633410553434,0.0088214874267578,0.009775161743164,0.009775161743164,0.0049653260604194,0.0059127807617187,0.0066757202148437,0.0095367431640625,0.0095367431640625,0.0089645385742187,0.0,0.0111839988014914,0.0,0.0252723693847656,0.0,0.496,1.424,0.0,0.0,114.344,8.792,7.208,0.0,0.0,102.36,0
91,0.0,0.0,0.0,0.0,0.0,0.0,0,0,0.0,0.0,0.0,0.0,0.0,0.0,0.0,0.0063459671551908,0.0083446502685546,0.0071525573730468,0.0071525573730468,0.0049634413285688,0.0057220458984375,0.0,0.0115633010864257,0.0141382217407226,0.0,0.0,0.0,0.0,0.0,0.0,1.344,2.272,0.0,0.0,116.072,0.0,0.0,0.0,0.0,105.584,0
92,0.0,0.0,0.0,0.0,0.0,0.0,0,0,0.0,0.0,0.0,0.0,0.0,0.0,0.0,0.006089756144813,0.0083446502685546,0.00762939453125,0.00762939453125,0.0070571899414062,0.0084400177001953,0.0068187713623046,0.0066757202148437,0.0066757202148437,0.0083446502685546,0.0,0.0113487243652343,0.0,0.0208854675292968,0.0,0.496,1.424,0.0,0.0,115.176,3.744,4.232,0.0,0.0,17.128,0
93,0.0,0.0,0.0,0.0,0.0,0.0,0,0,0.0,0.0,0.0,0.0,0.0,0.0,0.0,0.0062831005646814,0.0085830688476562,0.0078678131103515,0.0078678131103515,0.0053776635064019,0.0065803527832031,0.006103515625,0.0121593475341796,0.0121593475341796,0.0076770782470703,0.0,0.0109672546386718,0.0,0.0203132629394531,0.0,0.496,1.424,0.0,0.0,115.624,3.744,4.232,0.0,0.0,70.96,0
94,0.0,0.0,0.0,0.0,0.0,0.0,0,0,0.0,0.0,0.0,0.0,0.0,0.0,0.0,0.0062071861912362,0.0083446502685546,0.0088214874267578,0.0088214874267578,0.0051498413085937,0.0059843063354492,0.0066439310709635,0.00762939453125,0.00762939453125,0.0089645385742187,0.0,0.0111579895019531,0.0,0.028085708618164,0.0,0.496,1.424,0.0,0.0,116.056,12.008,11.968,0.0,0.0,71.056,0
95,0.0,0.0,0.0,0.0,0.0,0.0,0,0,0.0,0.0,0.0,0.0,0.0,0.0,0.0,0.0060761328971031,0.0083208084106445,0.0083446502685546,0.0083446502685546,0.0050067901611328,0.0055789947509765,0.006103515625,0.0109672546386718,0.0109672546386718,0.0077247619628906,0.0,0.0116825103759765,0.0,0.0227928161621093,0.0,0.496,1.424,0.0,0.0,116.752,3.744,4.232,0.0,0.0,11.376,0
96,0.0,0.0,0.0,0.0,0.0,0.0,0,0,0.0,0.0,0.0,0.0,0.0,0.0,0.0,0.0061917660841301,0.0081062316894531,0.00762939453125,0.00762939453125,0.004887580871582,0.0053644180297851,0.0061511993408203,0.0269412994384765,0.0269412994384765,0.0086545944213867,0.0,0.0110626220703125,0.0,0.0262022018432617,0.0,0.496,1.424,0.0,0.0,113.256,8.264,7.736,0.0,0.0,3.824,0
97,0.0,0.0,0.0,0.0,0.0,0.0,0,0,0.0,0.0,0.0,0.0,0.0,0.0,0.0,0.0061178442292612,0.0081062316894531,0.0078678131103515,0.0078678131103515,0.0062783559163411,0.0068187713623046,0.0,0.0104904174804687,0.0104904174804687,0.0,0.0,0.0,0.0,0.0,0.0,0.496,1.36,0.0,0.0,120.216,0.0,0.0,0.0,0.0,7.576,0
98,0.0,0.0,0.0,0.0,0.0,0.0,0,0,0.0,0.0,0.0,0.0,0.0,0.0,0.0,0.0062878452130218,0.0085830688476562,0.0100135803222656,0.0100135803222656,0.0059054448054387,0.0066757202148437,0.0067710876464843,0.0154972076416015,0.0154972076416015,0.009012222290039,0.0,0.0118255615234375,0.0,0.0224113464355468,0.0,0.496,1.424,0.0,0.0,117.16,3.744,4.232,0.0,0.0,52.616,1
99,0.0,0.0,0.0,0.0,0.0,0.0,0,0,0.0,0.0,0.0,0.0,0.0,0.0,0.0,0.0064052752594449,0.0085830688476562,0.0083446502685546,0.0083446502685546,0.0052849451700846,0.0060558319091796,0.0064373016357421,0.0083446502685546,0.0083446502685546,0.0085830688476562,0.0,0.0111579895019531,0.0,0.0211238861083984,0.0,0.496,1.424,0.0,0.0,117.192,3.744,4.232,0.0,0.0,100.64,1
100,0.0,0.0,0.0,0.0,0.0,0.0,0,0,0.0,0.0,0.0,0.0,0.0,0.0,0.0,0.0064195092044659,0.0085830688476562,0.0066757202148437,0.0066757202148437,0.0050544738769531,0.0057458877563476,0.0062783559163411,0.0150203704833984,0.0150203704833984,0.0087261199951171,0.0,0.0107447306315104,0.0,0.0260829925537109,0.0,0.496,1.424,0.0,0.0,116.904,12.008,11.968,0.0,0.0,117.712,1
101,0.0,0.0,0.0,0.0,0.0,0.0,0,0,0.0,0.0,0.0,0.0,0.0,0.0,0.0,0.0063293608859996,0.0083446502685546,0.0069141387939453,0.0069141387939453,0.0052352746327718,0.005960464477539,0.005960464477539,0.0109672546386718,0.0109672546386718,0.007486343383789,0.0,0.0118732452392578,0.0,0.0218868255615234,0.0,0.496,1.424,0.0,0.0,116.584,3.744,4.232,0.0,0.0,105.296,1
102,0.0,0.0,0.0,0.0,0.0,0.0,0,0,0.0,0.0,0.0,0.0,0.0,0.0,0.0,0.0061386882668674,0.0078678131103515,0.00762939453125,0.00762939453125,0.0056107838948567,0.0066757202148437,0.0057697296142578,0.0092983245849609,0.0092983245849609,0.0078916549682617,0.0,0.0104188919067382,0.0,0.0258207321166992,0.0,0.496,1.424,0.0,0.0,115.856,8.264,7.736,0.0,0.0,46.2,1
103,0.0,0.0,0.0,0.0,0.0,0.0,0,0,0.0,0.0,0.0,0.0,0.0,0.0,0.0,0.0064573665656665,0.0090360641479492,0.0123977661132812,0.0123977661132812,0.0054129847773799,0.005960464477539,0.0,0.0073909759521484,0.0073909759521484,0.0,0.0,0.0,0.0,0.0,0.0,0.496,1.424,0.0,0.0,117.936,0.0,0.0,0.0,0.0,100.152,1
104,0.0,0.0,0.0,0.0,0.0,0.0,0,0,0.0,0.0,0.0,0.0,0.0,0.0,0.0,0.0063511404660668,0.0085830688476562,0.00762939453125,0.00762939453125,0.0050067901611328,0.0058174133300781,0.0058174133300781,0.0164508819580078,0.0164508819580078,0.0072956085205078,0.0,0.0109672546386718,0.0,0.0209808349609375,0.0,0.496,1.424,0.0,0.0,117.216,3.744,4.232,0.0,0.0,88.48,1
105,0.0,0.0,0.0,0.0,0.0,0.0,0,0,0.0,0.0,0.0,0.0,0.0,0.0,0.0,0.0064100199077852,0.0085830688476562,0.00762939453125,0.00762939453125,0.0052363784224898,0.006103515625,0.005960464477539,0.011444091796875,0.011444091796875,0.0073909759521484,0.0,0.0115394592285156,0.0,0.0222206115722656,0.0,0.496,1.424,0.0,0.0,117.192,3.744,4.232,0.0,0.0,114.712,1
106,0.0,0.0,0.0,0.0,0.0,0.0,0,0,0.0,0.0,0.0,0.0,0.0,0.0,0.0,0.0060790806860473,0.0078678131103515,0.0090599060058593,0.0090599060058593,0.005197525024414,0.0059843063354492,0.0059286753336588,0.0131130218505859,0.0131130218505859,0.008249282836914,0.0,0.0110944112141927,0.0,0.0283241271972656,0.0,0.496,1.424,0.0,0.0,114.472,12.008,11.968,0.0,0.0,71.92,1
107,0.0,0.0,0.0,0.0,0.0,0.0,0,0,0.0,0.0,0.0,0.0,0.0,0.0,0.0,0.0063542702897864,0.0088214874267578,0.0071525573730468,0.0071525573730468,0.0054129847773799,0.0065326690673828,0.0070571899414062,0.0121593475341796,0.0121593475341796,0.0102996826171875,0.0,0.0111579895019531,0.0,0.0207901000976562,0.0,0.496,1.424,0.0,0.0,116.072,3.744,4.232,0.0,0.0,94.456,1
108,0.0,0.0,0.0,0.0,0.0,0.0,0,0,0.0,0.0,0.0,0.0,0.0,0.0,0.0,0.0064183230423808,0.0088214874267578,0.0083446502685546,0.0083446502685546,0.0054325376238141,0.0061988830566406,0.0063657760620117,0.011444091796875,0.011444091796875,0.0086069107055664,0.0,0.0112771987915039,0.0,0.0268936157226562,0.0,0.496,1.424,0.0,0.0,117.192,8.264,7.736,0.0,0.0,89.888,1
109,0.0,0.0,0.0,0.0,0.0,0.0,0,0,0.0,0.0,0.0,0.0,0.0,0.0,0.0,0.0062850442263159,0.0083446502685546,0.0073909759521484,0.0073909759521484,0.0054665974208286,0.0065326690673828,0.0,0.0123977661132812,0.0123977661132812,0.0,0.0,0.0,0.0,0.0,0.0,0.496,1.424,0.0,0.0,116.112,0.0,0.0,0.0,0.0,44.24,1
110,0.0,0.0,0.0,0.0,0.0,0.0,0,0,0.0,0.0,0.0,0.0,0.0,0.0,0.0,0.0064373016357421,0.0088214874267578,0.0073909759521484,0.0073909759521484,0.0051745661982783,0.0061511993408203,0.0071048736572265,0.011444091796875,0.011444091796875,0.0089168548583984,0.0,0.0117778778076171,0.0,0.0227928161621093,0.0,0.496,1.424,0.0,0.0,118.448,3.744,4.232,0.0,0.0,107.192,1
111,0.0,0.0,0.0,0.0,0.0,0.0,0,0,0.0,0.0,0.0,0.0,0.0,0.0,0.0,0.0060867555070631,0.0083446502685546,0.0102519989013671,0.0102519989013671,0.0052759724278603,0.0061988830566406,0.0059127807617187,0.0083446502685546,0.0083446502685546,0.0077247619628906,0.0,0.0111579895019531,0.0,0.01983642578125,0.0,0.496,1.424,0.0,0.0,116.656,3.744,4.232,0.0,0.0,96.68,1
112,0.0,0.0,0.0,0.0,0.0,0.0,0,0,0.0,0.0,0.0,0.0,0.0,0.0,0.0,0.0063388501826803,0.0088214874267578,0.0088214874267578,0.0088214874267578,0.0053977966308593,0.0064373016357421,0.0060876210530598,0.0185966491699218,0.0185966491699218,0.0087738037109375,0.0,0.0115394592285156,0.0,0.0284194946289062,0.0,0.496,1.424,0.0,0.0,115.912,12.008,11.968,0.0,0.0,91.08,1
113,0.0,0.0,0.0,0.0,0.0,0.0,0,0,0.0,0.0,0.0,0.0,0.0,0.0,0.0,0.0062380264054483,0.0085830688476562,0.0102519989013671,0.0102519989013671,0.0054836273193359,0.0064373016357421,0.0051498413085937,0.0126361846923828,0.0126361846923828,0.0058650970458984,0.0,0.0115394592285156,0.0,0.0211238861083984,0.0,0.496,1.424,0.0,0.0,115.816,3.744,4.232,0.0,0.0,93.128,1
114,0.0,0.0,0.0,0.0,0.0,0.0,0,0,0.0,0.0,0.0,0.0,0.0,0.0,0.0,0.006147878086982,0.0081062316894531,0.0073909759521484,0.0073909759521484,0.0053535808216441,0.005960464477539,0.0072002410888671,0.0085830688476562,0.0085830688476562,0.0112533569335937,0.0,0.0111579895019531,0.0,0.0267744064331054,0.0,0.496,1.424,0.0,0.0,115.816,8.264,7.736,0.0,0.0,40.104,1
115,0.0,0.0,0.0,0.0,0.0,0.0,0,0,0.0,0.0,0.0,0.0,0.0,0.0,0.0,0.0063981582869344,0.0083446502685546,0.0081062316894531,0.0081062316894531,0.0054949805850074,0.0069141387939453,0.0,0.0100135803222656,0.0100135803222656,0.0,0.0,0.0,0.0,0.0,0.0,0.496,1.424,0.0,0.0,115.512,0.0,0.0,0.0,0.0,79.24,1
116,0.0,0.0,0.0,0.0,0.0,0.0,0,0,0.0,0.0,0.0,0.0,0.0,0.0,0.0,0.0062992077062625,0.008559226989746,0.0069141387939453,0.0069141387939453,0.0056080196214758,0.0063896179199218,0.006103515625,0.011444091796875,0.011444091796875,0.0077247619628906,0.0,0.0110149383544921,0.0,0.0215053558349609,0.0,0.496,1.424,0.0,0.0,118.448,3.744,4.232,0.0,0.0,82.136,1
117,0.0,0.0,0.0,0.0,0.0,0.0,0,0,0.0,0.0,0.0,0.0,0.0,0.0,0.0,0.0063794674259601,0.0087738037109375,0.0073909759521484,0.0073909759521484,0.0057403857891376,0.0072717666625976,0.006723403930664,0.0145435333251953,0.0145435333251953,0.0084877014160156,0.0,0.0118255615234375,0.0,0.0234603881835937,0.0,0.496,1.424,0.0,0.0,117.232,3.744,4.232,0.0,0.0,93.728,1
118,0.0,0.0,0.0,0.0,0.0,0.0,0,0,0.0,0.0,0.0,0.0,0.0,0.0,0.0,0.0065128401954575,0.0088214874267578,0.00762939453125,0.00762939453125,0.0053369081937349,0.0063180923461914,0.0063180923461914,0.011444091796875,0.011444091796875,0.0081539154052734,0.0,0.010460615158081,0.0,0.0264644622802734,0.0,0.496,1.424,0.0,0.0,117.776,12.536,11.44,0.0,0.0,97.584,1
119,0.0,0.0,0.0,0.0,0.0,0.0,0,0,0.0,0.0,0.0,0.0,0.0,0.0,0.0,0.006234467919193,0.0083446502685546,0.00762939453125,0.00762939453125,0.0055472056070963,0.006103515625,0.0059127807617187,0.0100135803222656,0.0100135803222656,0.00762939453125,0.0133514404296875,0.01068115234375,0.0133514404296875,0.0205039978027343,0.0,0.496,1.424,0.848,0.0,116.072,3.744,4.232,1067.007303237915,1067.007303237915,68.28,1
120,0.0,0.0,0.0,0.0,0.0,0.0,0,0,0.0,0.0,0.0,0.0,0.0,0.0,0.0,0.0063530841277013,0.0085830688476562,0.0073909759521484,0.0073909759521484,0.0055789947509765,0.0064611434936523,0.0065088272094726,0.0183582305908203,0.0183582305908203,0.0085830688476562,0.0,0.0108718872070312,0.0,0.0254392623901367,0.0,0.496,1.424,0.0,0.848,114.984,8.264,7.736,1067.0089721679688,1067.0089721679688,90.464,1
121,0.0,0.0,0.0,0.0,0.0,0.0,0,0,0.0,0.0,0.0,0.0,0.0,0.0,0.0,0.0060292618784738,0.0081062316894531,0.0073909759521484,0.0073909759521484,0.0055478169367863,0.0063180923461914,0.0,0.0095367431640625,0.0095367431640625,0.0,0.0054836273193359,0.0,0.0054836273193359,0.0,0.0,0.496,1.424,0.848,0.848,116.456,0.0,0.0,0.0,0.0,103.6,1
122,0.0,0.0,0.0,0.0,0.0,0.0,0,0,0.0,0.0,0.0,0.0,0.0,0.0,0.0,0.0065416838992294,0.0088214874267578,0.0069141387939453,0.005960464477539,0.0054696026970358,0.0073432922363281,0.0061511993408203,0.0123977661132812,0.014495849609375,0.0075817108154296,0.0,0.0106334686279296,0.0,0.0204086303710937,0.0,1.344,2.272,0.0,0.0,115.88,3.744,4.232,0.0,0.0,78.28,1
123,0.0,0.0,0.0,0.0,0.0,0.0,0,0,0.0,0.0,0.0,0.0,0.0,0.0,0.0,0.0062885850963025,0.0083208084106445,0.0083446502685546,0.0083446502685546,0.0058622921214384,0.0074386596679687,0.0069618225097656,0.0159740447998046,0.0159740447998046,0.0089168548583984,0.0,0.0112056732177734,0.0,0.0209808349609375,0.0,0.496,1.424,0.0,0.0,117.904,3.744,4.232,0.0,0.0,59.336,1
124,0.0,0.0,0.0,0.0,0.0,0.0,0,0,0.0,0.0,0.0,0.0,0.0,0.0,0.0,0.0063653039460134,0.0088214874267578,0.009775161743164,0.009775161743164,0.0054208855879934,0.0064373016357421,0.0060399373372395,0.0143051147460937,0.0143051147460937,0.008249282836914,0.0,0.0109354654947916,0.0,0.0266551971435546,0.0,0.496,1.424,0.0,0.0,117.52,12.008,11.968,0.0,0.0,87.944,1
125,0.0,0.0,0.0,0.0,0.0,0.0,0,0,0.0,0.0,0.0,0.0,0.0,0.0,0.0,0.0063051091562403,0.008559226989746,0.0069141387939453,0.0069141387939453,0.005234842715056,0.0061988830566406,0.0068187713623046,0.0143051147460937,0.0143051147460937,0.0094413757324218,0.0,0.0105857849121093,0.0,0.0195980072021484,0.0,0.496,1.424,0.0,0.0,117.648,3.744,4.232,0.0,0.0,99.544,1
126,0.0,0.0,0.0,0.0,0.0,0.0,0,0,0.0,0.0,0.0,0.0,0.0,0.0,0.0,0.0060176849365234,0.0081062316894531,0.0107288360595703,0.0107288360595703,0.0062783559163411,0.006866455078125,0.005960464477539,0.0069141387939453,0.0069141387939453,0.0081539154052734,0.0,0.0114202499389648,0.0,0.0295877456665039,0.0,0.496,1.424,0.0,0.0,112.0,8.264,7.736,0.0,0.0,8.568,1
127,0.0,0.0,0.0,0.0,0.0,0.0,0,0,0.0,0.0,0.0,0.0,0.0,0.0,0.0,0.0062331114665116,0.0085830688476562,0.0061988830566406,0.0061988830566406,0.0058809916178385,0.0072240829467773,0.0,0.0092983245849609,0.0092983245849609,0.0,0.0,0.0,0.0,0.0,0.0,0.496,1.424,0.0,0.0,118.928,0.0,0.0,0.0,0.0,66.512,1
128,0.0,0.0,0.0,0.0,0.0,0.0,0,0,0.0,0.0,0.0,0.0,0.0,0.0,0.0,0.0060684052272815,0.0081062316894531,0.0073909759521484,0.0073909759521484,0.0055397258085363,0.0067710876464843,0.0067710876464843,0.0116825103759765,0.0116825103759765,0.0083446502685546,0.0,0.0112056732177734,0.0,0.0207424163818359,0.0,0.496,1.424,0.0,0.0,115.496,3.744,4.232,0.0,0.0,61.144,1
129,0.0,0.0,0.0,0.0,0.0,0.0,0,0,0.0,0.0,0.0,0.0,0.0,0.0,0.0,0.0060117244720458,0.0081062316894531,0.0107288360595703,0.0107288360595703,0.0057220458984375,0.0057220458984375,0.0072479248046875,0.0085830688476562,0.0085830688476562,0.0109672546386718,0.0,0.0111579895019531,0.0,0.021219253540039,0.0,0.496,1.424,0.0,0.0,112.0,3.744,4.232,0.0,0.0,3.208,1
130,0.0,0.0,0.0,0.0,0.0,0.0,0,0,0.0,0.0,0.0,0.0,0.0,0.0,0.0,0.0061300856557058,0.0085830688476562,0.0069141387939453,0.0069141387939453,0.0054836273193359,0.0054836273193359,0.0065803527832031,0.0126361846923828,0.0126361846923828,0.0085830688476562,0.0,0.011603037516276,0.0,0.0299930572509765,0.0,0.496,1.36,0.0,0.0,113.256,12.008,11.968,0.0,0.0,1.192,1
131,0.0,0.0,0.0,0.0,0.0,0.0,0,0,0.0,0.0,0.0,0.0,0.0,0.0,0.0,0.0062292697382908,0.0085115432739257,0.00762939453125,0.00762939453125,0.0052611033121744,0.0058650970458984,0.0062465667724609,0.0109672546386718,0.0109672546386718,0.0081539154052734,0.0,0.0121593475341796,0.0,0.0238895416259765,0.0,0.496,1.424,0.0,0.0,123.68,3.744,4.232,0.0,0.0,46.168,1
132,0.0,0.0,0.0,0.0,0.0,0.0,0,0,0.0,0.0,0.0,0.0,0.0,0.0,0.0,0.0061835392866984,0.0083446502685546,0.0083446502685546,0.0083446502685546,0.005141548488451,0.0057220458984375,0.0060796737670898,0.0069141387939453,0.0069141387939453,0.0083446502685546,0.0,0.0103473663330078,0.0,0.025033950805664,0.0,0.496,1.424,0.0,0.0,116.752,8.264,7.736,0.0,0.0,81.08,1
133,0.0,0.0,0.0,0.0,0.0,0.0,0,0,0.0,0.0,0.0,0.0,0.0,0.0,0.0,0.0063400363447654,0.0085830688476562,0.0081062316894531,0.0081062316894531,0.0059730128238075,0.0085830688476562,0.0,0.0123977661132812,0.0123977661132812,0.0,0.0,0.0,0.0,0.0,0.0,0.496,1.424,0.0,0.0,117.192,0.0,0.0,0.0,0.0,74.872,1
134,0.0,0.0,0.0,0.0,0.0,0.0,0,0,0.0,0.0,0.0,0.0,0.0,0.0,0.0,0.0064218815286361,0.0085830688476562,0.0109672546386718,0.0109672546386718,0.0054208855879934,0.0062465667724609,0.0065326690673828,0.00762939453125,0.00762939453125,0.0080585479736328,0.0,0.0102996826171875,0.0,0.0193119049072265,0.0,0.496,1.424,0.0,0.0,117.192,3.744,4.232,0.0,0.0,81.752,1
135,0.0,0.0,0.0,0.0,0.0,0.0,0,0,0.0,0.0,0.0,0.0,0.0,0.0,0.0,0.0064598387153587,0.0085830688476562,0.0071525573730468,0.0071525573730468,0.0056425730387369,0.0061988830566406,0.006103515625,0.0066757202148437,0.0066757202148437,0.0077724456787109,0.0,0.0107765197753906,0.0,0.0206470489501953,0.0,0.496,1.424,0.0,0.0,116.008,3.744,4.232,0.0,0.0,77.448,1
136,0.0,0.0,0.0,0.0,0.0,0.0,0,0,0.0,0.0,0.0,0.0,0.0,0.0,0.0,0.0061348303040461,0.0083446502685546,0.0071525573730468,0.0071525573730468,0.005407766862349,0.0059366226196289,0.0066598256429036,0.0119209289550781,0.0119209289550781,0.0085830688476562,0.0,0.010999043782552,0.0,0.0271320343017578,0.0,0.496,1.424,0.0,0.0,116.072,12.008,11.968,0.0,0.0,85.552,1
137,0.0,0.0,0.0,0.0,0.0,0.0,0,0,0.0,0.0,0.0,0.0,0.0,0.0,0.0,0.0062602581364093,0.0085830688476562,0.0066757202148437,0.0066757202148437,0.0054736932118733,0.0061988830566406,0.0065803527832031,0.0128746032714843,0.0128746032714843,0.0088214874267578,0.0,0.0105857849121093,0.0,0.0198841094970703,0.0,0.496,1.424,0.0,0.0,118.448,3.744,4.232,0.0,0.0,102.944,1
138,0.0,0.0,0.0,0.0,0.0,0.0,0,0,0.0,0.0,0.0,0.0,0.0,0.0,0.0,0.0062154071165783,0.0085830688476562,0.0095367431640625,0.0095367431640625,0.00589234488351,0.0078201293945312,0.0064373016357421,0.0121593475341796,0.0121593475341796,0.0089168548583984,0.0,0.0111579895019531,0.0,0.0253915786743164,0.0,0.496,1.424,0.0,0.0,116.336,8.264,7.736,0.0,0.0,52.592,1
139,0.0,0.0,0.0,0.0,0.0,0.0,0,0,0.0,0.0,0.0,0.0,0.0,0.0,0.0,0.0062012436366317,0.0083446502685546,0.0073909759521484,0.0073909759521484,0.0053644180297851,0.0063180923461914,0.0,0.0107288360595703,0.0107288360595703,0.0,0.0,0.0,0.0,0.0,0.0,0.496,1.424,0.0,0.0,116.304,0.0,0.0,0.0,0.0,86.784,1
140,0.0,0.0,0.0,0.0,0.0,0.0,0,0,0.0,0.0,0.0,0.0,0.0,0.0,0.0,0.0065096575229322,0.0088214874267578,0.0107288360595703,0.0107288360595703,0.0052221359745148,0.0064373016357421,0.0066637992858886,0.0104904174804687,0.0104904174804687,0.0088691711425781,0.0,0.010073184967041,0.0,0.0218391418457031,0.0,0.496,1.392,0.0,0.0,115.88,14.52,15.544,0.0,0.0,100.552,1
141,0.0,0.0,0.0,0.0,0.0,0.0,0,0,0.0,0.0,0.0,0.0,0.0,0.0,0.0,0.0063815520177433,0.0085830688476562,0.0109672546386718,0.0109672546386718,0.0054913182412424,0.0061988830566406,0.0062465667724609,0.011444091796875,0.011444091796875,0.0081539154052734,0.00762939453125,0.0112533569335937,0.00762939453125,0.0201702117919921,0.0,0.496,1.424,3.312,0.0,115.176,3.744,4.232,1690.65523147583,2189.564800262451,111.944,1
142,0.0,0.0,0.0,0.0,0.0,0.0,0,0,0.0,0.0,0.0,0.0,0.0,0.0,0.0,0.0062251091003417,0.0083446502685546,0.0090599060058593,0.0090599060058593,0.0052452087402343,0.005960464477539,0.0058809916178385,0.0081062316894531,0.0081062316894531,0.0081062316894531,0.0071525573730468,0.0106175740559895,0.0071525573730468,0.027322769165039,1.0,0.496,1.424,0.496,3.28,112.0,12.008,11.968,443.371057510376,942.2806262969972,20.528,1
143,0.0,0.0,0.0,0.0,0.0,0.0,0,0,0.0,0.0,0.0,0.0,0.0,0.0,0.0,0.0064927752655331,0.0085830688476562,0.0095367431640625,0.0095367431640625,0.0043920001143929,0.0054836273193359,0.0058650970458984,0.0071525573730468,0.0071525573730468,0.0074386596679687,0.0,0.0111103057861328,0.0,0.021219253540039,0.0,0.496,1.424,0.0,0.0,122.384,3.744,4.232,0.0,0.0,1643.912,1
144,0.0,0.0,0.0,0.0,0.0,0.0,0,0,0.0,0.0,0.0,0.0,0.0,0.0,0.0,0.0064693280120394,0.0090599060058593,0.0081062316894531,0.0081062316894531,0.004194550595041,0.0052452087402343,0.0068187713623046,0.0185966491699218,0.0185966491699218,0.0088453292846679,0.0078678131103515,0.0104188919067382,0.0078678131103515,0.0244379043579101,0.0,0.496,1.392,0.816,3.632,113.256,8.264,7.736,1067.023515701294,1067.0267581939695,1885.432,1
145,0.0,0.0,0.0,0.0,0.0,0.0,0,0,0.0,0.0,0.0,0.0,0.0,0.0,0.0,0.0062202339741721,0.0083446502685546,0.0100135803222656,0.0100135803222656,0.0050067901611328,0.0050067901611328,0.0,0.009775161743164,0.009775161743164,0.0,0.0061988830566406,0.0,0.0061988830566406,0.0,0.0,0.496,1.36,0.848,1.344,113.256,0.0,0.0,0.0,0.0,1.192,1
146,0.0,0.0,0.0,0.0,0.0,0.0,0,0,0.0,0.0,0.0,0.0,0.0,0.0,0.0,0.00597469842256,0.0078678131103515,0.009775161743164,0.009775161743164,0.0081062316894531,0.0081062316894531,0.0058650970458984,0.0100135803222656,0.0100135803222656,0.0072956085205078,0.0,0.01220703125,0.0,0.0236034393310546,0.0,0.496,1.36,0.0,0.0,113.256,3.744,4.232,0.0,0.0,1.192,1
147,0.0,0.0,0.0,0.0,0.0,0.0,0,0,0.0,0.0,0.0,0.0,0.0,0.0,0.0,0.00597469842256,0.0078678131103515,0.0071525573730468,0.0071525573730468,0.0081062316894531,0.0081062316894531,0.0060081481933593,0.0078678131103515,0.0078678131103515,0.00762939453125,0.0,0.0113487243652343,0.0,0.0222206115722656,0.0,0.496,1.36,0.0,0.0,113.256,3.744,4.232,0.0,0.0,1.192,1
148,0.0,0.0,0.0,0.0,0.0,0.0,0,0,0.0,0.0,0.0,0.0,0.0,0.0,0.0,0.00597469842256,0.0078678131103515,0.0071525573730468,0.0071525573730468,0.0081062316894531,0.0081062316894531,0.0058174133300781,0.0064373016357421,0.0064373016357421,0.0078678131103515,0.0,0.0108083089192708,0.0,0.0286102294921875,0.0,0.496,1.36,0.0,0.0,113.256,12.008,11.968,0.0,0.0,1.192,1
149,0.0,0.0,0.0,0.0,0.0,0.0,0,0,0.0,0.0,0.0,0.0,0.0,0.0,0.0,0.00597469842256,0.0078678131103515,0.00762939453125,0.00762939453125,0.0081062316894531,0.0081062316894531,0.0060081481933593,0.0178813934326171,0.0178813934326171,0.0078201293945312,0.0,0.0102996826171875,0.0,0.0194072723388671,0.0,0.496,1.36,0.0,0.0,113.256,3.744,4.232,0.0,0.0,1.192,1
150,0.0,0.0,0.0,0.0,0.0,0.0,0,0,0.0,0.0,0.0,0.0,0.0,0.0,0.0,0.00597469842256,0.0078678131103515,0.0090599060058593,0.0090599060058593,0.0081062316894531,0.0081062316894531,0.0059366226196289,0.0085830688476562,0.0085830688476562,0.0083684921264648,0.0,0.0105857849121093,0.0,0.0260353088378906,0.0,0.496,1.36,0.0,0.0,113.256,8.264,7.736,0.0,0.0,1.192,1
151,0.0,0.0,0.0,0.0,0.0,0.0,0,0,0.0,0.0,0.0,0.0,0.0,0.0,0.0,0.0061526227353224,0.0081062316894531,0.0090599060058593,0.0090599060058593,0.0092983245849609,0.0092983245849609,0.0,0.0095367431640625,0.0095367431640625,0.0,0.0,0.0,0.0,0.0,0.0,0.496,1.36,0.0,0.0,113.256,0.0,0.0,0.0,0.0,1.192,1
152,0.0,0.0,0.0,0.0,0.0,0.0,0,0,0.0,0.0,0.0,0.0,0.0,0.0,0.0,0.0062060000291511,0.0083446502685546,0.0078678131103515,0.0078678131103515,0.0102519989013671,0.0102519989013671,0.0064849853515625,0.0123977661132812,0.0123977661132812,0.008392333984375,0.0119209289550781,0.0112533569335937,0.0119209289550781,0.0217437744140625,0.0,0.496,1.36,3.312,0.0,113.256,3.744,4.232,1067.0101642608645,1067.0101642608645,1.192,1
153,0.0,0.0,0.0,0.0,0.0,0.0,0,0,0.0,0.0,0.0,0.0,0.0,0.0,0.0,0.0062415848917035,0.0088214874267578,0.0075817108154296,0.0073909759521484,0.0081062316894531,0.0081062316894531,0.0063896179199218,0.0121593475341796,0.0127315521240234,0.0080585479736328,0.0078678131103515,0.0113487243652343,0.0078678131103515,0.0207424163818359,0.0,1.344,2.208,0.496,3.28,113.256,3.744,4.232,1067.007303237915,1067.007303237915,1.192,1
154,0.0,0.0,0.0,0.0,0.0,0.0,0,0,0.0,0.0,0.0,0.0,0.0,0.0,0.0,0.0061511993408203,0.0083446502685546,0.0066757202148437,0.0066757202148437,0.0,0.0,0.0062147776285807,0.0119209289550781,0.0119209289550781,0.0083446502685546,0.0,0.0109513600667317,0.0,0.0270366668701171,0.0,0.496,1.36,0.0,0.0,112.0,12.008,11.968,0.0,0.0,0.0,1
155,0.0,0.0,0.0,0.0,0.0,0.0,0,0,0.0,0.0,0.0,0.0,0.0,0.0,0.0,0.0059425830841064,0.0081062316894531,0.0073909759521484,0.0073909759521484,0.0,0.0,0.0057220458984375,0.0147819519042968,0.0147819519042968,0.0072479248046875,0.0066757202148437,0.0111579895019531,0.0066757202148437,0.0207901000976562,0.0,0.496,1.36,0.784,0.848,112.0,3.744,4.232,1067.0106410980225,1067.0106410980225,0.0,1
156,0.0,0.0,0.0,0.0,0.0,0.0,0,0,0.0,0.0,0.0,0.0,0.0,0.0,0.0,0.0061964988708496,0.0081062316894531,0.0092983245849609,0.0092983245849609,0.0,0.0,0.0060558319091796,0.0102519989013671,0.0102519989013671,0.0086069107055664,0.0,0.010538101196289,0.0,0.026249885559082,0.0,0.496,1.36,0.0,0.496,112.0,8.264,7.736,0.0,0.0,0.0,1
157,0.0,0.0,0.0,0.0,0.0,0.0,0,0,0.0,0.0,0.0,0.0,0.0,0.0,0.0,0.0060915946960449,0.0083446502685546,0.0071525573730468,0.0071525573730468,0.0,0.0,0.0,0.0081062316894531,0.0081062316894531,0.0,0.0,0.0,0.0,0.0,0.0,0.496,1.36,0.0,0.0,112.0,0.0,0.0,0.0,0.0,0.0,1
158,0.0,0.0,0.0,0.0,0.0,0.0,0,0,0.0,0.0,0.0,0.0,0.0,0.0,0.0,0.0059426720462628,0.0078678131103515,0.0081062316894531,0.0081062316894531,0.009775161743164,0.009775161743164,0.0061988830566406,0.0126361846923828,0.0126361846923828,0.0080108642578125,0.0,0.0107765197753906,0.0,0.0205516815185546,0.0,0.496,1.36,0.0,0.0,113.256,3.744,4.232,0.0,0.0,1.192,1
159,0.0,0.0,0.0,0.0,0.0,0.0,0,0,0.0,0.0,0.0,0.0,0.0,0.0,0.0,0.0062688666196604,0.0085830688476562,0.0066757202148437,0.0066757202148437,0.0050067901611328,0.0050067901611328,0.005960464477539,0.0123977661132812,0.0123977661132812,0.00762939453125,0.0,0.0107288360595703,0.0,0.0205039978027343,0.0,0.496,1.36,0.0,0.0,113.256,3.744,4.232,0.0,0.0,1.192,1
160,0.0,0.0,0.0,0.0,0.0,0.0,0,0,0.0,0.0,0.0,0.0,0.0,0.0,0.0,0.0060304480405589,0.0081062316894531,0.0090599060058593,0.0090599060058593,0.0050067901611328,0.0050067901611328,0.006421407063802,0.0143051147460937,0.0143051147460937,0.0086307525634765,0.0,0.0108242034912109,0.0,0.0274181365966796,0.0,0.496,1.36,0.0,0.0,113.256,12.008,11.968,0.0,0.0,1.192,1
161,0.0,0.0,0.0,0.0,0.0,0.0,0,0,0.0,0.0,0.0,0.0,0.0,0.0,0.0,0.0059948631780064,0.0078678131103515,0.0171661376953125,0.0171661376953125,0.0056028366088867,0.007033348083496,0.0059127807617187,0.0109672546386718,0.0109672546386718,0.0075817108154296,0.0,0.0120162963867187,0.0,0.0231742858886718,0.0,0.496,1.36,0.0,0.0,117.192,3.744,4.232,0.0,0.0,14.896,1
162,0.0,0.0,0.0,0.0,0.0,0.0,0,0,0.0,0.0,0.0,0.0,0.0,0.0,0.0,0.0064396390727922,0.0087499618530273,0.0061988830566406,0.0061988830566406,0.0041693342202025,0.0050067901611328,0.0058174133300781,0.0090599060058593,0.0090599060058593,0.0083684921264648,0.0,0.0102043151855468,0.0,0.0249862670898437,0.0,0.496,1.424,0.0,0.0,133.296,8.264,7.736,0.0,0.0,3005.624,1
163,0.0,0.0,0.0,0.0,0.0,0.0,0,0,0.0,0.0,0.0,0.0,0.0,0.0,0.0,0.0068643199863718,0.0088214874267578,0.0078678131103515,0.0078678131103515,0.0043442818970806,0.0054836273193359,0.0,0.0126361846923828,0.0126361846923828,0.0,0.0073909759521484,0.0,0.0073909759521484,0.0,0.0,0.496,1.424,3.312,0.0,114.84,0.0,0.0,1067.009210586548,1067.009210586548,1081.128,1
164,0.0,0.0,0.0,0.0,0.0,0.0,0,0,0.0,0.0,0.0,0.0,0.0,0.0,0.0,0.0066187844347597,0.0090599060058593,0.0090599060058593,0.0090599060058593,0.0046002779075567,0.0057220458984375,0.0058174133300781,0.0066757202148437,0.0066757202148437,0.0073909759521484,0.0,0.010538101196289,0.0,0.0197887420654296,0.0,0.496,1.424,0.0,3.28,117.192,3.744,4.232,0.0,0.0,1081.592,1
165,0.0,0.0,0.0,0.0,0.0,0.0,0,0,0.0,0.0,0.0,0.0,0.0,0.0,0.0,0.0062826836463248,0.0083446502685546,0.0102519989013671,0.0102519989013671,0.0044206778208414,0.0054836273193359,0.0,0.0109672546386718,0.0109672546386718,0.0,0.0126361846923828,0.0,0.0126361846923828,0.0,0.0,0.496,1.424,0.496,0.0,115.792,0.0,0.0,1067.009449005127,1067.009449005127,1426.24,1
166,0.0,0.0,0.0,0.0,0.0,0.0,0,0,0.0,0.0,0.0,0.0,0.0,0.0,0.0,0.006197702766645,0.0083446502685546,0.0090599060058593,0.0090599060058593,0.0055965624357524,0.0070095062255859,0.0063896179199218,0.0095367431640625,0.0095367431640625,0.0081062316894531,0.003814697265625,0.01068115234375,0.003814697265625,0.0207901000976562,0.0,0.496,1.424,0.784,0.848,115.904,3.744,4.232,1067.012071609497,1067.012071609497,65.16,1
167,0.0,0.0,0.0,0.0,0.0,0.0,0,0,0.0,0.0,0.0,0.0,0.0,0.0,0.0,0.0060482404718351,0.0081062316894531,0.0088214874267578,0.0088214874267578,0.0061988830566406,0.0067710876464843,0.0060081481933593,0.0095367431640625,0.0095367431640625,0.0075340270996093,0.0,0.0113964080810546,0.0,0.0211238861083984,0.0,0.496,1.424,0.0,0.496,113.256,3.744,4.232,0.0,0.0,10.488,1
168,0.0,0.0,0.0,0.0,0.0,0.0,0,0,0.0,0.0,0.0,0.0,0.0,0.0,0.0,0.00639009003592,0.0088214874267578,0.0078678131103515,0.0078678131103515,0.0041483333275753,0.0050067901611328,0.0065326690673828,0.0166893005371093,0.0166893005371093,0.0088214874267578,0.0,0.0113487243652343,0.0,0.0294685363769531,0.0,0.496,1.424,0.0,0.0,120.304,8.264,7.736,0.0,0.0,3400.08,1
169,0.0,0.0,0.0,0.0,0.0,0.0,0,0,0.0,0.0,0.0,0.0,0.0,0.0,0.0,0.0065600872039794,0.0088453292846679,0.0069141387939453,0.0069141387939453,0.0043971629082402,0.005340576171875,0.0,0.0133514404296875,0.0133514404296875,0.0,0.0,0.0,0.0,0.0,0.0,0.496,1.424,0.0,0.0,112.0,0.0,0.0,0.0,0.0,778.616,1
170,0.0,0.0,0.0,0.0,0.0,0.0,0,0,0.0,0.0,0.0,0.0,0.0,0.0,0.0,0.0060466256472143,0.0078439712524414,0.0066757202148437,0.0066757202148437,0.0044432553378018,0.005650520324707,0.0,0.0088214874267578,0.0088214874267578,0.0,0.0,0.0,0.0,0.0,0.0,0.496,1.392,0.0,0.0,118.32,0.0,0.0,0.0,0.0,446.496,1
171,0.0,0.0,0.0,0.0,0.0,0.0,0,0,0.0,0.0,0.0,0.0,0.0,0.0,0.0,0.0060945007931533,0.0083446502685546,0.0078678131103515,0.0078678131103515,0.0048705509730747,0.0060558319091796,0.0,0.0100135803222656,0.0100135803222656,0.0,0.0,0.0,0.0,0.0,0.0,0.496,1.424,0.0,0.0,117.192,0.0,0.0,0.0,0.0,55.144,1
172,0.0,0.0,0.0,0.0,0.0,0.0,0,0,0.0,0.0,0.0,0.0,0.0,0.0,0.0,0.0066650976048837,0.0092983245849609,0.0112056732177734,0.0112056732177734,0.0040708062620629,0.0047683715820312,0.0062942504882812,0.0100135803222656,0.0100135803222656,0.008392333984375,0.0,0.0108242034912109,0.0,0.0206947326660156,0.0,0.496,1.424,0.0,0.0,118.448,3.744,4.232,0.0,0.0,13063.408,1
173,0.0,0.0,0.0,0.0,0.0,0.0,0,0,0.0,0.0,0.0,0.0,0.0,0.0,0.0,0.0062522603504693,0.0083446502685546,0.0090599060058593,0.0090599060058593,0.0049372514088948,0.0066995620727539,0.005960464477539,0.0123977661132812,0.0123977661132812,0.0073909759521484,0.0,0.0107765197753906,0.0,0.0199317932128906,0.0,0.496,1.424,0.0,0.0,113.256,3.744,4.232,0.0,0.0,190.208,1
174,0.0,0.0,0.0,0.0,0.0,0.0,0,0,0.0,0.0,0.0,0.0,0.0,0.0,0.0,0.0061704151665986,0.0081062316894531,0.0104904174804687,0.0104904174804687,0.0061988830566406,0.0061988830566406,0.0058412551879882,0.0145435333251953,0.0145435333251953,0.0062942504882812,0.0100135803222656,0.0104506810506184,0.0100135803222656,0.0185966491699218,0.0,0.496,1.392,3.312,0.0,113.256,4.272,3.704,1067.009210586548,1067.009210586548,1.192,1
175,0.0,0.0,0.0,0.0,0.0,0.0,0,0,0.0,0.0,0.0,0.0,0.0,0.0,0.0,0.0063409946234942,0.0083446502685546,0.0088214874267578,0.0088214874267578,0.0044620820205577,0.0052452087402343,0.006103515625,0.0081062316894531,0.0081062316894531,0.0079154968261718,0.0,0.0121116638183593,0.0,0.023508071899414,0.0,0.496,1.424,0.0,3.28,126.248,4.52,3.504,0.0,0.0,1460.664,1
176,0.0,0.0,0.0,0.0,0.0,0.0,0,0,0.0,0.0,0.0,0.0,0.0,0.0,0.0,0.0064717003362095,0.0088214874267578,0.0081062316894531,0.0081062316894531,0.0044002595087604,0.005340576171875,0.0,0.0152587890625,0.0152587890625,0.0,0.0061988830566406,0.0,0.0061988830566406,0.0,0.0,0.496,1.424,0.496,0.0,115.864,0.0,0.0,1067.0173168182373,1067.0173168182373,3280.552,1
177,0.0,0.0,0.0,0.0,0.0,0.0,0,0,0.0,0.0,0.0,0.0,0.0,0.0,0.0,0.0070885046204524,0.0095367431640625,0.0083446502685546,0.0083446502685546,0.0042836397688909,0.0050067901611328,0.0,0.0152587890625,0.0152587890625,0.0,0.0050067901611328,0.0,0.0050067901611328,0.0,0.0,0.496,1.424,0.784,0.848,117.192,0.0,0.0,1067.011833190918,1067.011833190918,9534.416,1
178,0.0,0.0,0.0,0.0,0.0,0.0,0,0,0.0,0.0,0.0,0.0,0.0,0.0,0.0,0.0064823757949753,0.0090599060058593,0.0095367431640625,0.0095367431640625,0.0048746933808197,0.005960464477539,0.0,0.0119209289550781,0.0119209289550781,0.0,0.0,0.0,0.0,0.0,0.0,0.496,1.424,0.0,0.496,117.192,0.0,0.0,0.0,0.0,568.592,1
179,0.0,0.0,0.0,0.0,0.0,0.0,0,0,0.0,0.0,0.0,0.0,0.0,0.0,0.0,0.0061229686831953,0.0083446502685546,0.00762939453125,0.00762939453125,0.0045078316914666,0.0054836273193359,0.0062465667724609,0.0107288360595703,0.0107288360595703,0.0082015991210937,0.0,0.0113964080810546,0.0,0.0220298767089843,0.0,0.496,1.424,0.0,0.0,115.856,3.744,4.232,0.0,0.0,760.296,1
180,0.0,0.0,0.0,0.0,0.0,0.0,0,0,0.0,0.0,0.0,0.0,0.0,0.0,0.0,0.007394516822135,0.0100135803222656,0.0092983245849609,0.0092983245849609,0.00407674960662,0.0047683715820312,0.0057697296142578,0.0112056732177734,0.0112056732177734,0.0072956085205078,0.0,0.0105857849121093,0.0,0.0199317932128906,0.0,0.496,1.424,0.0,0.0,116.864,3.744,4.232,0.0,0.0,17244.8,1
181,0.0,0.0,0.0,0.0,0.0,0.0,0,0,0.0,0.0,0.0,0.0,0.0,0.0,0.0,0.0061277133315356,0.0083446502685546,0.0081062316894531,0.0081062316894531,0.005960464477539,0.0069141387939453,0.0061273574829101,0.0145435333251953,0.0145435333251953,0.0079154968261718,0.0,0.0114202499389648,0.0,0.0301122665405273,0.0,0.496,1.424,0.0,0.0,113.256,8.264,7.736,0.0,0.0,14.552,1
182,0.0,0.0,0.0,0.0,0.0,0.0,0,0,0.0,0.0,0.0,0.0,0.0,0.0,0.0,0.0063381572761157,0.0088214874267578,0.0085830688476562,0.0085830688476562,0.004487567477756,0.0054836273193359,0.0,0.011444091796875,0.011444091796875,0.0,0.0,0.0,0.0,0.0,0.0,0.496,1.424,0.0,0.0,119.776,0.0,0.0,0.0,0.0,1211.928,1
183,0.0,0.0,0.0,0.0,0.0,0.0,0,0,0.0,0.0,0.0,0.0,0.0,0.0,0.0,0.0062641219713201,0.0085830688476562,0.00762939453125,0.00762939453125,0.0073909759521484,0.0073909759521484,0.0,0.0123977661132812,0.0123977661132812,0.0,0.0,0.0,0.0,0.0,0.0,0.496,1.424,0.0,0.0,114.296,0.0,0.0,0.0,0.0,2.008,1
184,0.0,0.0,0.0,0.0,0.0,0.0,0,0,0.0,0.0,0.0,0.0,0.0,0.0,0.0,0.0062787532806396,0.0085830688476562,0.0070571899414062,0.0066757202148437,0.0042764990179388,0.0054836273193359,0.0,0.0127553939819335,0.0138044357299804,0.0,0.0,0.0,0.0,0.0,0.0,1.344,2.272,0.0,0.0,112.0,0.0,0.0,0.0,0.0,1242.776,1
185,0.0,0.0,0.0,0.0,0.0,0.0,0,0,0.0,0.0,0.0,0.0,0.0,0.0,0.0,0.0063830082959467,0.0088214874267578,0.0092983245849609,0.0092983245849609,0.0041936223855427,0.0050067901611328,0.006103515625,0.0073909759521484,0.0073909759521484,0.0078201293945312,0.0100135803222656,0.0109195709228515,0.0100135803222656,0.0209808349609375,0.0,0.496,1.392,3.312,0.0,119.776,3.744,4.232,1067.009210586548,1067.009210586548,4670.584,1
186,0.0,0.0,0.0,0.0,0.0,0.0,0,0,0.0,0.0,0.0,0.0,0.0,0.0,0.0,0.0066521144149327,0.0088214874267578,0.0078678131103515,0.0078678131103515,0.0043747036956077,0.0053167343139648,0.0061511993408203,0.0166893005371093,0.0166893005371093,0.0080108642578125,0.0,0.0105857849121093,0.0,0.0201702117919921,0.0,0.496,1.424,0.0,3.28,118.448,3.744,4.232,0.0,0.0,2830.864,1
187,0.0,0.0,0.0,0.0,0.0,0.0,0,0,0.0,0.0,0.0,0.0,0.0,0.0,0.0,0.0062095585154063,0.0081062316894531,0.0092983245849609,0.0092983245849609,0.0051180521647135,0.006103515625,0.0057935714721679,0.00762939453125,0.00762939453125,0.0081300735473632,0.0088214874267578,0.0103235244750976,0.0088214874267578,0.0244855880737304,0.0,0.496,1.424,0.496,0.0,113.256,8.264,7.736,1067.0104026794434,1067.0104026794434,70.072,1
188,0.0,0.0,0.0,0.0,0.0,0.0,0,0,0.0,0.0,0.0,0.0,0.0,0.0,0.0,0.0071208465275506,0.0094890594482421,0.0100135803222656,0.0100135803222656,0.0043001415927487,0.0050067901611328,0.0,0.0081062316894531,0.0081062316894531,0.0,0.003814697265625,0.0,0.003814697265625,0.0,0.0,0.496,1.424,0.784,0.848,121.288,0.0,0.0,1067.016363143921,1067.016363143921,10870.384,1
189,0.0,0.0,0.0,0.0,0.0,0.0,0,0,0.0,0.0,0.0,0.0,0.0,0.0,0.0,0.0064847481191454,0.0088214874267578,0.0083446502685546,0.0083446502685546,0.0044954583999958,0.0054836273193359,0.0,0.0193119049072265,0.0193119049072265,0.0,0.0,0.0,0.0,0.0,0.0,0.496,1.424,0.0,0.496,117.192,0.0,0.0,0.0,0.0,2397.224,1
190,0.0,0.0,0.0,0.0,0.0,0.0,0,0,0.0,0.0,0.0,0.0,0.0,0.0,0.0,0.0061368942260742,0.0083446502685546,0.0083446502685546,0.0083446502685546,0.0,0.0,0.0,0.0112056732177734,0.0112056732177734,0.0,0.0,0.0,0.0,0.0,0.0,0.496,1.424,0.0,0.0,112.0,0.0,0.0,0.0,0.0,0.0,1
191,0.0,0.0,0.0,0.0,0.0,0.0,0,0,0.0,0.0,0.0,0.0,0.0,0.0,0.0,0.0061312718177909,0.0081062316894531,0.0073909759521484,0.0073909759521484,0.0081062316894531,0.0081062316894531,0.0059008598327636,0.0081062316894531,0.0081062316894531,0.0066041946411132,0.0,0.0100930531819661,0.0,0.0175237655639648,0.0,0.496,1.36,0.0,0.0,114.84,4.272,3.704,0.0,0.0,2.552,1
192,0.0,0.0,0.0,0.0,0.0,0.0,0,0,0.0,0.0,0.0,0.0,0.0,0.0,0.0,0.0068917132840298,0.0095129013061523,0.0083446502685546,0.0083446502685546,0.004064231305509,0.0047683715820312,0.0058174133300781,0.0159740447998046,0.0159740447998046,0.0071048736572265,0.0,0.0107288360595703,0.0,0.0206470489501953,0.0,0.496,1.424,0.0,0.0,122.384,3.744,4.232,0.0,0.0,16779.776,1
193,0.0,0.0,0.0,0.0,0.0,0.0,0,0,0.0,0.0,0.0,0.0,0.0,0.0,0.0,0.0064527217428482,0.0088214874267578,0.0071525573730468,0.0071525573730468,0.0059127807617187,0.0077009201049804,0.0068902969360351,0.0095367431640625,0.0095367431640625,0.0092983245849609,0.0,0.0107765197753906,0.0,0.0263929367065429,0.0,0.496,1.424,0.0,0.0,113.256,8.264,7.736,0.0,0.0,37.984,1
194,0.0,0.0,0.0,0.0,0.0,0.0,0,0,0.0,0.0,0.0,0.0,0.0,0.0,0.0,0.0060363788509843,0.0088214874267578,0.0100135803222656,0.0100135803222656,0.0050067901611328,0.0050067901611328,0.0,0.0088214874267578,0.0088214874267578,0.0,0.0,0.0,0.0,0.0,0.0,0.496,1.392,0.0,0.0,113.256,0.0,0.0,0.0,0.0,1.192,1
195,0.0,0.0,0.0,0.0,0.0,0.0,0,0,0.0,0.0,0.0,0.0,0.0,0.0,0.0,0.0060773363300398,0.0078678131103515,0.0066757202148437,0.0066757202148437,0.0044438574049207,0.0058412551879882,0.0,0.0107288360595703,0.0107288360595703,0.0,0.0,0.0,0.0,0.0,0.0,0.496,1.36,0.0,0.0,122.352,0.0,0.0,0.0,0.0,357.824,1
196,0.0,0.0,0.0,0.0,0.0,0.0,0,0,0.0,0.0,0.0,0.0,0.0,0.0,0.0,0.006118224034855,0.0085830688476562,0.0073909759521484,0.0073909759521484,0.0051498413085937,0.0061988830566406,0.0,0.0090599060058593,0.0090599060058593,0.0,0.0,0.0,0.0,0.0,0.0,0.496,1.424,0.0,0.0,117.192,0.0,0.0,0.0,0.0,42.792,1
197,0.0,0.0,0.0,0.0,0.0,0.0,0,0,0.0,0.0,0.0,0.0,0.0,0.0,0.0,0.0060129165649414,0.0078678131103515,0.0100135803222656,0.0100135803222656,0.0055233637491861,0.005960464477539,0.0065803527832031,0.0116825103759765,0.0116825103759765,0.0084877014160156,0.0,0.0114917755126953,0.0,0.0221729278564453,0.0,0.496,1.424,0.0,0.0,112.0,3.744,4.232,0.0,0.0,26.64,1
198,0.0,0.0,0.0,0.0,0.0,0.0,0,0,0.0,0.0,0.0,0.0,0.0,0.0,0.0,0.0063357966961246,0.0088214874267578,0.0073909759521484,0.0073909759521484,0.0047412785616788,0.0067710876464843,0.006103515625,0.0116825103759765,0.0116825103759765,0.0077247619628906,0.0,0.0104427337646484,0.0,0.0198841094970703,0.0,0.496,1.424,0.0,0.0,119.456,3.744,4.232,0.0,0.0,417.936,1
199,0.0,0.0,0.0,0.0,0.0,0.0,0,0,0.0,0.0,0.0,0.0,0.0,0.0,0.0,0.0060486793518066,0.0081062316894531,0.0078678131103515,0.0078678131103515,0.0,0.0,0.0063180923461914,0.0181198120117187,0.0181198120117187,0.0079631805419921,0.0,0.0107049942016601,0.0,0.02593994140625,0.0,0.496,1.424,0.0,0.0,112.0,8.264,7.736,0.0,0.0,0.0,1
200,0.0,0.0,0.0,0.0,0.0,0.0,0,0,0.0,0.0,0.0,0.0,0.0,0.0,0.0,0.0064703497556176,0.0090599060058593,0.0085830688476562,0.0085830688476562,0.0040420196341268,0.0047683715820312,0.0061988830566406,0.0145435333251953,0.0145435333251953,0.0084877014160156,0.0,0.0096480051676432,0.0,0.0203609466552734,0.0,0.496,1.424,0.0,0.0,118.448,10.776,11.312,0.0,0.0,9012.824,1
201,0.0,0.0,0.0,0.0,0.0,0.0,0,0,0.0,0.0,0.0,0.0,0.0,0.0,0.0,0.0060790806860473,0.0081062316894531,0.00762939453125,0.00762939453125,0.0090599060058593,0.0090599060058593,0.0,0.0107288360595703,0.0107288360595703,0.0,0.0,0.0,0.0,0.0,0.0,0.496,1.392,0.0,0.0,113.256,0.0,0.0,0.0,0.0,1.192,1
202,0.0,0.0,0.0,0.0,0.0,0.0,0,0,0.0,0.0,0.0,0.0,0.0,0.0,0.0,0.0061245247869208,0.0081062316894531,0.00762939453125,0.00762939453125,0.007033348083496,0.0073194503784179,0.0,0.0145435333251953,0.0145435333251953,0.0,0.0,0.0,0.0,0.0,0.0,0.496,1.424,0.0,0.0,116.544,0.0,0.0,0.0,0.0,4.192,1
203,0.0,0.0,0.0,0.0,0.0,0.0,0,0,0.0,0.0,0.0,0.0,0.0,0.0,0.0,0.0059974193572998,0.0081062316894531,0.0073909759521484,0.0073909759521484,0.0,0.0,0.0060081481933593,0.0102519989013671,0.0102519989013671,0.007486343383789,0.0,0.0110626220703125,0.0,0.0209808349609375,0.0,0.496,1.36,0.0,0.0,112.0,3.744,4.232,0.0,0.0,0.0,1
204,0.0,0.0,0.0,0.0,0.0,0.0,0,0,0.0,0.0,0.0,0.0,0.0,0.0,0.0,0.0060021877288818,0.0078678131103515,0.0081062316894531,0.0081062316894531,0.0,0.0,0.00762939453125,0.011444091796875,0.011444091796875,0.0099420547485351,0.0,0.01068909962972,0.0,0.0196695327758789,0.0,0.496,1.36,0.0,0.0,112.0,4.272,3.704,0.0,0.0,0.0,1
205,0.0,0.0,0.0,0.0,0.0,0.0,0,0,0.0,0.0,0.0,0.0,0.0,0.0,0.0,0.0061368942260742,0.0083684921264648,0.00762939453125,0.00762939453125,0.0,0.0,0.005960464477539,0.0090599060058593,0.0090599060058593,0.0071525573730468,0.0,0.0101219524036754,0.0,0.0243186950683593,0.0,0.496,1.36,0.0,0.0,112.0,8.792,7.208,0.0,0.0,0.0,1
206,0.0,0.0,0.0,0.0,0.0,0.0,0,0,0.0,0.0,0.0,0.0,0.0,0.0,0.0,0.0062251091003417,0.0085830688476562,0.0061988830566406,0.0061988830566406,0.0,0.0,0.0,0.0104904174804687,0.0104904174804687,0.0,0.0,0.0,0.0,0.0,0.0,0.496,1.36,0.0,0.0,112.0,0.0,0.0,0.0,0.0,0.0,1
207,0.0,0.0,0.0,0.0,0.0,0.0,0,0,0.0,0.0,0.0,0.0,0.0,0.0,0.0,0.0064499712220712,0.0093936920166015,0.0164508819580078,0.0164508819580078,0.0040539195028583,0.0047683715820312,0.0,0.0147819519042968,0.0147819519042968,0.0,0.0,0.0,0.0,0.0,0.0,0.496,1.36,0.0,0.0,144.408,0.0,0.0,0.0,0.0,10215.6,1
208,0.0,0.0,0.0,0.0,0.0,0.0,0,0,0.0,0.0,0.0,0.0,0.0,0.0,0.0,0.0064703497556176,0.0085830688476562,0.0083446502685546,0.0083446502685546,0.0041950954480117,0.0052452087402343,0.0,0.0147819519042968,0.0147819519042968,0.0,0.0,0.0,0.0,0.0,0.0,0.496,1.424,0.0,0.0,118.448,0.0,0.0,0.0,0.0,1957.744,1
209,0.0,0.0,0.0,0.0,0.0,0.0,0,0,0.0,0.0,0.0,0.0,0.0,0.0,0.0,0.0062453746795654,0.0083446502685546,0.0078678131103515,0.0078678131103515,0.0055631001790364,0.0063896179199218,0.0071525573730468,0.0145435333251953,0.0145435333251953,0.0103950500488281,0.0,0.0109672546386718,0.0,0.021219253540039,0.0,0.496,1.424,0.0,0.0,112.0,3.744,4.232,0.0,0.0,12.968,1
210,0.0,0.0,0.0,0.0,0.0,0.0,0,0,0.0,0.0,0.0,0.0,0.0,0.0,0.0,0.0059130179941357,0.0081062316894531,0.0069141387939453,0.0069141387939453,0.0050067901611328,0.0050067901611328,0.0061511993408203,0.0140666961669921,0.0140666961669921,0.0079154968261718,0.0,0.0117301940917968,0.0,0.0228404998779296,0.0,0.496,1.36,0.0,0.0,113.256,3.744,4.232,0.0,0.0,1.192,1
211,0.0,0.0,0.0,0.0,0.0,0.0,0,0,0.0,0.0,0.0,0.0,0.0,0.0,0.0,0.0056993961334228,0.00762939453125,0.0078678131103515,0.0078678131103515,0.0,0.0,0.0059127807617187,0.0088214874267578,0.0088214874267578,0.0077247619628906,0.0,0.0118494033813476,0.0,0.0258922576904296,0.0,0.496,1.36,0.0,0.0,112.0,8.264,7.736,0.0,0.0,0.0,1
212,0.0,0.0,0.0,0.0,0.0,0.0,0,0,0.0,0.0,0.0,0.0,0.0,0.0,0.0,0.0060725212097167,0.0081062316894531,0.0069141387939453,0.0069141387939453,0.0,0.0,0.0,0.00762939453125,0.00762939453125,0.0,0.0,0.0,0.0,0.0,0.0,0.496,1.36,0.0,0.0,112.0,0.0,0.0,0.0,0.0,0.0,1
213,0.0,0.0,0.0,0.0,0.0,0.0,0,0,0.0,0.0,0.0,0.0,0.0,0.0,0.0,0.006030797958374,0.0078916549682617,0.00762939453125,0.00762939453125,0.0,0.0,0.0,0.0066757202148437,0.0066757202148437,0.0,0.0,0.0,0.0,0.0,0.0,0.496,1.36,0.0,0.0,112.0,0.0,0.0,0.0,0.0,0.0,1
214,0.0,0.0,0.0,0.0,0.0,0.0,0,0,0.0,0.0,0.0,0.0,0.0,0.0,0.0,0.0062668323516845,0.0081300735473632,0.0138282775878906,0.0138282775878906,0.0,0.0,0.0,0.0133514404296875,0.0133514404296875,0.0,0.0,0.0,0.0,0.0,0.0,0.496,1.36,0.0,0.0,112.0,0.0,0.0,0.0,0.0,0.0,1
215,0.0,0.0,0.0,0.0,0.0,0.0,0,0,0.0,0.0,0.0,0.0,0.0,0.0,0.0,0.006337096725685,0.0085830688476562,0.00762939453125,0.00762939453125,0.0041647160306889,0.0047683715820312,0.0064373016357421,0.0104904174804687,0.0104904174804687,0.0085353851318359,0.0,0.0109195709228515,0.0,0.0206947326660156,0.0,0.496,1.36,0.0,0.0,144.408,3.744,4.232,0.0,0.0,2552.456,1
216,0.0,0.0,0.0,0.0,0.0,0.0,0,0,0.0,0.0,0.0,0.0,0.0,0.0,0.0,0.0061455057628119,0.0083446502685546,0.0084161758422851,0.0077486038208007,0.0050067901611328,0.0050067901611328,0.006103515625,0.0138282775878906,0.0157356262207031,0.0076770782470703,0.0,0.0111579895019531,0.0,0.0217437744140625,0.0,1.344,2.272,0.0,0.0,113.256,3.744,4.232,0.0,0.0,1.192,1
217,0.0,0.0,0.0,0.0,0.0,0.0,0,0,0.0,0.0,0.0,0.0,0.0,0.0,0.0,0.0061799044632793,0.0083446502685546,0.0069141387939453,0.0069141387939453,0.0061988830566406,0.0061988830566406,0.0063657760620117,0.0112056732177734,0.0112056732177734,0.0086545944213867,0.0,0.0109672546386718,0.0,0.028085708618164,0.0,0.496,1.36,0.0,0.0,113.256,8.264,7.736,0.0,0.0,1.192,1
218,0.0,0.0,0.0,0.0,0.0,0.0,0,0,0.0,0.0,0.0,0.0,0.0,0.0,0.0,0.0061636487838669,0.0088214874267578,0.0081062316894531,0.0081062316894531,0.0064373016357421,0.0081062316894531,0.0,0.0064373016357421,0.0064373016357421,0.0,0.0,0.0,0.0,0.0,0.0,0.496,1.36,0.0,0.0,123.128,0.0,0.0,0.0,0.0,18.2,1
219,0.0,0.0,0.0,0.0,0.0,0.0,0,0,0.0,0.0,0.0,0.0,0.0,0.0,0.0,0.0060963630676269,0.0081062316894531,0.0073909759521484,0.0073909759521484,0.0,0.0,0.0,0.0152587890625,0.0152587890625,0.0,0.0,0.0,0.0,0.0,0.0,0.496,1.424,0.0,0.0,112.0,0.0,0.0,1067.0173168182373,1067.0173168182373,0.0,1
220,0.0,0.0,0.0,0.0,0.0,0.0,0,0,0.0,0.0,0.0,0.0,0.0,0.0,0.0,0.00596284866333,0.0081062316894531,0.0078678131103515,0.0078678131103515,0.0,0.0,0.0,0.0088214874267578,0.0088214874267578,0.0,0.0071525573730468,0.0,0.0079154968261718,0.0,0.0,0.496,1.36,1.696,0.848,112.0,0.0,0.0,1067.0149326324463,1067.0149326324463,0.0,1
221,0.0,0.0,0.0,0.0,0.0,0.0,0,0,0.0,0.0,0.0,0.0,0.0,0.0,0.0,0.0061118602752685,0.0083446502685546,0.0064373016357421,0.0064373016357421,0.0,0.0,0.0061511993408203,0.0071525573730468,0.0071525573730468,0.0078678131103515,0.0,0.0108718872070312,0.0,0.0206947326660156,0.0,0.496,1.36,0.0,0.848,112.0,3.744,4.232,0.0,0.0,0.0,1
222,0.0,0.0,0.0,0.0,0.0,0.0,0,0,0.0,0.0,0.0,0.0,0.0,0.0,0.0,0.0058430344311159,0.00762939453125,0.0073909759521484,0.0073909759521484,0.0095367431640625,0.0095367431640625,0.0058650970458984,0.0081062316894531,0.0081062316894531,0.0072479248046875,0.0,0.0109672546386718,0.0,0.0209331512451171,0.0,0.496,1.36,0.0,0.0,113.256,3.744,4.232,0.0,0.0,1.192,1
223,0.0,0.0,0.0,0.0,0.0,0.0,0,0,0.0,0.0,0.0,0.0,0.0,0.0,0.0,0.0062628490168873,0.0085830688476562,0.009775161743164,0.009775161743164,0.0041973023187546,0.0047683715820312,0.0059339735243055,0.0073909759521484,0.0073909759521484,0.0077724456787109,0.0,0.0102953477339311,0.0,0.0259876251220703,0.0,0.496,1.424,0.0,0.0,134.024,8.792,7.208,0.0,0.0,2222.736,1
224,0.0,0.0,0.0,0.0,0.0,0.0,0,0,0.0,0.0,0.0,0.0,0.0,0.0,0.0,0.0061597397078329,0.0083446502685546,0.0073909759521484,0.0073909759521484,0.0052452087402343,0.0052452087402343,0.0,0.0128746032714843,0.0128746032714843,0.0,0.0,0.0,0.0,0.0,0.0,0.496,1.36,0.0,0.0,113.256,0.0,0.0,0.0,0.0,1.192,1
225,0.0,0.0,0.0,0.0,0.0,0.0,0,0,0.0,0.0,0.0,0.0,0.0,0.0,0.0,0.0061285495758056,0.0083684921264648,0.0066757202148437,0.0066757202148437,0.0085830688476562,0.0085830688476562,0.0,0.0085830688476562,0.0085830688476562,0.0,0.0,0.0,0.0,0.0,0.0,0.496,1.36,0.0,0.0,112.0,0.0,0.0,0.0,0.0,3.336,1
226,0.0,0.0,0.0,0.0,0.0,0.0,0,0,0.0,0.0,0.0,0.0,0.0,0.0,0.0,0.006032820364729,0.0081062316894531,0.0100135803222656,0.0100135803222656,0.0,0.0,0.0,0.0092983245849609,0.0092983245849609,0.0,0.0,0.0,0.0,0.0,0.0,0.496,1.424,0.0,0.0,115.624,0.0,0.0,0.0,0.0,0.0,1
227,0.0,0.0,0.0,0.0,0.0,0.0,0,0,0.0,0.0,0.0,0.0,0.0,0.0,0.0,0.0067622053856943,0.0090599060058593,0.0083446502685546,0.0083446502685546,0.0041003849195397,0.0047683715820312,0.0057220458984375,0.0119209289550781,0.0119209289550781,0.0071525573730468,0.0,0.0105857849121093,0.0,0.01983642578125,0.0,0.496,1.424,0.0,0.0,132.768,3.744,4.232,0.0,0.0,12178.4,1
228,0.0,0.0,0.0,0.0,0.0,0.0,0,0,0.0,0.0,0.0,0.0,0.0,0.0,0.0,0.0064361154736571,0.0088214874267578,0.0081062316894531,0.0081062316894531,0.0042858123779296,0.0052452087402343,0.005960464477539,0.0121593475341796,0.0121593475341796,0.0075340270996093,0.0,0.0110149383544921,0.0,0.0216484069824218,0.0,0.496,1.424,0.0,0.0,115.608,3.744,4.232,0.0,0.0,2496.544,1
229,0.0,0.0,0.0,0.0,0.0,0.0,0,0,0.0,0.0,0.0,0.0,0.0,0.0,0.0,0.006277169754256,0.0088214874267578,0.0126361846923828,0.0126361846923828,0.0064373016357421,0.0073909759521484,0.0058174133300781,0.0095367431640625,0.0095367431640625,0.0078678131103515,0.0,0.0108003616333007,0.0,0.0262975692749023,0.0,0.496,1.424,0.0,0.0,113.256,8.264,7.736,0.0,0.0,5.68,1
