time_seconds,a1_retransmissions_ul_count,a1_retransmissions_dl_count,a1_packet_loss_ul_percentage,a1_packet_loss_dl_percentage,e2_du_packet_loss_ul_percentage,e2_du_packet_loss_dl_percentage,e2_du_retransmissions_ul_count,e2_du_retransmissions_dl_count,f1_c_packet_loss_dl_percentage,f1_c_packet_loss_ul_percentage,f1_c_retransmissions_dl_count,f1_c_retransmissions_ul_count,f1_u_retransmissions_dl_count,f1_u_retransmissions_ul_count,f1_u_packet_loss_ul_percentage,f1_u_latency_mean_ul_ms,f1_u_latency_p90_ul_ms,e2_du_latency_p90_ul_ms,e2_du_latency_mean_ul_ms,a1_latency_mean_ul_ms,e2_du_latency_mean_dl_ms,e2_du_latency_p90_dl_ms,a1_latency_p90_ul_ms,a1_latency_mean_dl_ms,f1_c_latency_mean_dl_ms,f1_c_latency_mean_ul_ms,f1_c_latency_p90_dl_ms,f1_u_latency_mean_dl_ms,f1_c_latency_p90_ul_ms,a1_latency_p90_dl_ms,f1_u_latency_p90_dl_ms,e2_du_throughput_dl_kbps,e2_du_throughput_ul_kbps,f1_c_throughput_ul_kbps,f1_c_throughput_dl_kbps,a1_throughput_dl_kbps,a1_throughput_ul_kbps,f1_u_throughput_ul_kbps,f1_u_packet_loss_dl_percentage,f1_u_throughput_dl_kbps,F-node
0,0.0,0.0,0.0,0.0,0.0,0.0,0,0,0.0,0.0,0.0,0.0,0.0,0.0,0.0,0.0061618471608578,0.0083446502685546,0.0073909759521484,0.0073909759521484,0.0064443139468922,0.011444091796875,0.011444091796875,0.0086784362792968,0.0095036294725206,0.0157356262207031,0.0180006027221679,0.0184059143066406,0.0038712509860111,0.0211477279663085,0.0205039978027343,0.0045299530029296,0.496,1.36,1.696,1.696,25.68,26.816,143.152,0.0,8913.704,0
1,0.0,0.0,0.0,0.0,0.0,0.0,0,0,0.0,0.0,0.0,0.0,0.0,0.0,0.0,0.0071501850488767,0.0095367431640625,0.0104904174804687,0.0104904174804687,0.0064443139468922,0.0152587890625,0.0152587890625,0.0086784362792968,0.0095036294725206,0.0157356262207031,0.0180006027221679,0.0184059143066406,0.0038495281369263,0.0211477279663085,0.0205039978027343,0.0042915344238281,0.496,1.424,1.696,1.696,25.68,26.816,117.192,0.0,30854.312,0
2,0.0,0.0,0.0,0.0,0.0,0.0,0,0,0.0,0.0,0.0,0.0,0.0,0.0,0.0,0.0061750411987304,0.0081062316894531,0.0083446502685546,0.0083446502685546,0.0064443139468922,0.0109672546386718,0.0109672546386718,0.0086784362792968,0.0095036294725206,0.0157356262207031,0.0180006027221679,0.0184059143066406,0.0,0.0211477279663085,0.0205039978027343,0.0,0.496,1.424,1.696,1.696,25.68,26.816,112.0,0.0,0.0,0
3,0.0,0.0,0.0,0.0,0.0,0.0,0,0,0.0,0.0,0.0,0.0,0.0,0.0,0.0,0.0060826099564876,0.0078678131103515,0.0088214874267578,0.0088214874267578,0.0064443139468922,0.0100135803222656,0.0100135803222656,0.0086784362792968,0.0095036294725206,0.0157356262207031,0.0180006027221679,0.0184059143066406,0.0041195979485144,0.0211477279663085,0.0205039978027343,0.0050067901611328,0.496,1.424,1.696,1.696,25.68,26.816,121.16,0.0,973.952,0
4,0.0,0.0,0.0,0.0,0.0,0.0,0,0,0.0,0.0,0.0,0.0,0.0,0.0,0.0,0.0066108042650883,0.0090360641479492,0.0081062316894531,0.0081062316894531,0.0064443139468922,0.0162124633789062,0.0162124633789062,0.0086784362792968,0.0095036294725206,0.0157356262207031,0.0180006027221679,0.0184059143066406,0.0039004698032286,0.0211477279663085,0.0205039978027343,0.0045299530029296,0.496,1.424,1.696,1.696,25.68,26.816,118.448,0.0,8544.784,0
5,0.0,0.0,0.0,0.0,0.0,0.0,0,0,0.0,0.0,0.0,0.0,0.0,0.0,0.0,0.0066306460556106,0.0095367431640625,0.0085830688476562,0.0085830688476562,0.0064443139468922,0.0121593475341796,0.0121593475341796,0.0086784362792968,0.0095036294725206,0.0157356262207031,0.0180006027221679,0.0184059143066406,0.0038655956139725,0.0211477279663085,0.0205039978027343,0.0045299530029296,0.496,1.424,1.696,1.696,25.68,26.816,113.256,0.0,9761.216,0
6,0.0,0.0,0.0,0.0,0.0,0.0,0,0,0.0,0.0,0.0,0.0,0.0,0.0,0.0,0.0063357966961246,0.0085830688476562,0.0073909759521484,0.0073909759521484,0.0064443139468922,0.0152587890625,0.0152587890625,0.0086784362792968,0.0095036294725206,0.0157356262207031,0.0180006027221679,0.0184059143066406,0.0044534791190669,0.0211477279663085,0.0205039978027343,0.0054836273193359,0.496,1.424,1.696,1.696,25.68,26.816,122.384,0.0,360.488,0
7,0.0,0.0,0.0,0.0,0.0,0.0,0,0,0.0,0.0,0.0,0.0,0.0,0.0,0.0,0.0066828371873542,0.0090599060058593,0.0083446502685546,0.0083446502685546,0.0064443139468922,0.0112056732177734,0.0112056732177734,0.0086784362792968,0.0095036294725206,0.0157356262207031,0.0180006027221679,0.0184059143066406,0.0038871621996108,0.0211477279663085,0.0205039978027343,0.0045299530029296,0.496,1.424,1.696,1.696,25.68,26.816,115.48,0.0,5785.608,0
8,0.0,0.0,0.0,0.0,0.0,0.0,0,0,0.0,0.0,0.0,0.0,0.0,0.0,0.0,0.0068014533958624,0.0092983245849609,0.0073909759521484,0.0073909759521484,0.0064443139468922,0.0126361846923828,0.0126361846923828,0.0086784362792968,0.0095036294725206,0.0157356262207031,0.0180006027221679,0.0184059143066406,0.0038488659378563,0.0211477279663085,0.0205039978027343,0.0042915344238281,0.496,1.424,1.696,1.696,25.68,26.816,117.192,0.0,20969.768,0
9,0.0,0.0,0.0,0.0,0.0,0.0,0,0,0.0,0.0,0.0,0.0,0.0,0.0,0.0,0.0075795757236765,0.0102519989013671,0.0123977661132812,0.0123977661132812,0.0064443139468922,0.0247955322265625,0.0247955322265625,0.0086784362792968,0.0095036294725206,0.0157356262207031,0.0180006027221679,0.0184059143066406,0.0038505897019751,0.0211477279663085,0.0205039978027343,0.0045299530029296,0.496,1.424,1.696,1.696,25.68,26.816,117.192,0.0,38406.896,0
10,0.0,0.0,0.0,0.0,0.0,0.0,0,0,0.0,0.0,0.0,0.0,0.0,0.0,0.0,0.0074724159618415,0.0100135803222656,0.0107288360595703,0.0107288360595703,0.0064443139468922,0.0152587890625,0.0152587890625,0.0086784362792968,0.0095036294725206,0.0157356262207031,0.0180006027221679,0.0184059143066406,0.0038735176387586,0.0211477279663085,0.0205039978027343,0.0045299530029296,0.496,1.424,1.696,1.696,25.68,26.816,118.448,0.0,16596.192,0
11,0.0,0.0,0.0,0.0,0.0,0.0,0,0,0.0,0.0,0.0,0.0,0.0,0.0,0.0,0.0073390431923441,0.009775161743164,0.0095367431640625,0.0095367431640625,0.0064443139468922,0.013589859008789,0.013589859008789,0.0086784362792968,0.0095036294725206,0.0157356262207031,0.0180006027221679,0.0184059143066406,0.003841919462235,0.0211477279663085,0.0205039978027343,0.0042915344238281,0.496,1.424,1.696,1.696,25.68,26.816,118.448,0.0,52653.904,0
12,0.0,0.0,0.0,0.0,0.0,0.0,0,0,0.0,0.0,0.0,0.0,0.0,0.0,0.0,0.0072080310028378,0.009775161743164,0.011444091796875,0.011444091796875,0.0064443139468922,0.0112056732177734,0.0112056732177734,0.0086784362792968,0.0095036294725206,0.0157356262207031,0.0180006027221679,0.0184059143066406,0.0039761009085219,0.0211477279663085,0.0205039978027343,0.0047683715820312,0.496,1.424,1.696,1.696,25.68,26.816,118.448,0.0,2988.088,0
13,0.0,0.0,0.0,0.0,0.0,0.0,0,0,0.0,0.0,0.0,0.0,0.0,0.0,0.0,0.0067377090454101,0.0090837478637695,0.0083446502685546,0.0083446502685546,0.0064443139468922,0.0078678131103515,0.0078678131103515,0.0086784362792968,0.0095036294725206,0.0157356262207031,0.0180006027221679,0.0184059143066406,0.0,0.0211477279663085,0.0205039978027343,0.0,0.496,1.424,1.696,1.696,25.68,26.816,112.0,0.0,0.0,0
14,0.0,0.0,0.0,0.0,0.0,0.0,0,0,0.0,0.0,0.0,0.0,0.0,0.0,0.0,0.0066045504897388,0.0090599060058593,0.00762939453125,0.00762939453125,0.0064443139468922,0.0133514404296875,0.0133514404296875,0.0086784362792968,0.0095036294725206,0.0157356262207031,0.0180006027221679,0.0184059143066406,0.0038904859530215,0.0211477279663085,0.0205039978027343,0.0045299530029296,0.496,1.424,1.696,1.696,25.68,26.816,117.192,0.0,4876.568,0
15,0.0,0.0,0.0,0.0,0.0,0.0,0,0,0.0,0.0,0.0,0.0,0.0,0.0,0.0,0.0062854728888516,0.0085830688476562,0.00762939453125,0.00762939453125,0.0064443139468922,0.0069141387939453,0.0069141387939453,0.0086784362792968,0.0095036294725206,0.0157356262207031,0.0180006027221679,0.0184059143066406,0.0071525573730468,0.0211477279663085,0.0205039978027343,0.0071525573730468,0.496,1.36,1.696,1.696,25.68,26.816,116.12,0.0,3.832,0
16,0.0,0.0,0.0,0.0,0.0,0.0,0,0,0.0,0.0,0.0,0.0,0.0,0.0,0.0,0.0060045719146728,0.0076532363891601,0.0069141387939453,0.0069141387939453,0.0064443139468922,0.0066757202148437,0.0066757202148437,0.0086784362792968,0.0095036294725206,0.0157356262207031,0.0180006027221679,0.0184059143066406,0.0,0.0211477279663085,0.0205039978027343,0.0,0.496,1.424,1.696,1.696,25.68,26.816,112.0,0.0,0.0,0
17,0.0,0.0,0.0,0.0,0.0,0.0,0,0,0.0,0.0,0.0,0.0,0.0,0.0,0.0,0.0060367584228515,0.0078678131103515,0.00762939453125,0.00762939453125,0.0064443139468922,0.0104904174804687,0.0104904174804687,0.0086784362792968,0.0095036294725206,0.0157356262207031,0.0180006027221679,0.0184059143066406,0.0,0.0211477279663085,0.0205039978027343,0.0,0.496,1.36,1.696,1.696,25.68,26.816,112.0,0.0,0.0,0
18,0.0,0.0,0.0,0.0,0.0,0.0,0,0,0.0,0.0,0.0,0.0,0.0,0.0,0.0,0.0062878452130218,0.0085830688476562,0.009775161743164,0.009775161743164,0.0064443139468922,0.0116825103759765,0.0116825103759765,0.0086784362792968,0.0095036294725206,0.0157356262207031,0.0180006027221679,0.0184059143066406,0.0085830688476562,0.0211477279663085,0.0205039978027343,0.0085830688476562,0.496,1.36,1.696,1.696,25.68,26.816,113.256,0.0,1.192,0
19,0.0,0.0,0.0,0.0,0.0,0.0,0,0,0.0,0.0,0.0,0.0,0.0,0.0,0.0,0.0062390129164894,0.0083208084106445,0.0073909759521484,0.0073909759521484,0.0064443139468922,0.0123977661132812,0.0123977661132812,0.0086784362792968,0.0095036294725206,0.0157356262207031,0.0180006027221679,0.0184059143066406,0.0065565109252929,0.0211477279663085,0.0205039978027343,0.0076055526733398,0.496,1.36,1.696,1.696,25.68,26.816,118.448,0.0,6.944,0
20,0.0,0.0,0.0,0.0,0.0,0.0,0,0,0.0,0.0,0.0,0.0,0.0,0.0,0.0,0.0059260657770716,0.0081062316894531,0.0081062316894531,0.0081062316894531,0.0064443139468922,0.0069141387939453,0.0069141387939453,0.0086784362792968,0.0095036294725206,0.0157356262207031,0.0180006027221679,0.0184059143066406,0.0045299530029296,0.0211477279663085,0.0205039978027343,0.0045299530029296,0.496,1.424,1.696,1.696,25.68,26.816,113.256,0.0,1.192,0
21,0.0,0.0,0.0,0.0,0.0,0.0,0,0,0.0,0.0,0.0,0.0,0.0,0.0,0.0,0.0059962272644042,0.0081300735473632,0.0069141387939453,0.0069141387939453,0.0064443139468922,0.0107288360595703,0.0107288360595703,0.0086784362792968,0.0095036294725206,0.0157356262207031,0.0180006027221679,0.0184059143066406,0.0,0.0211477279663085,0.0205039978027343,0.0,0.496,1.36,1.696,1.696,25.68,26.816,112.0,0.0,0.0,0
22,0.0,0.0,0.0,0.0,0.0,0.0,0,0,0.0,0.0,0.0,0.0,0.0,0.0,0.0,0.0059497356414794,0.0078678131103515,0.0069141387939453,0.0069141387939453,0.0064443139468922,0.0064373016357421,0.0064373016357421,0.0086784362792968,0.0095036294725206,0.0157356262207031,0.0180006027221679,0.0184059143066406,0.0,0.0211477279663085,0.0205039978027343,0.0,0.496,1.36,1.696,1.696,25.68,26.816,112.0,0.0,0.0,0
23,0.0,0.0,0.0,0.0,0.0,0.0,0,0,0.0,0.0,0.0,0.0,0.0,0.0,0.0,0.0062486500415987,0.0085830688476562,0.0071525573730468,0.0071525573730468,0.0064443139468922,0.009775161743164,0.009775161743164,0.0086784362792968,0.0095036294725206,0.0157356262207031,0.0180006027221679,0.0184059143066406,0.0042742577151975,0.0211477279663085,0.0205039978027343,0.0054836273193359,0.496,1.424,1.696,1.696,25.68,26.816,140.352,0.0,690.856,0
24,0.0,0.0,0.0,0.0,0.0,0.0,0,0,0.0,0.0,0.0,0.0,0.0,0.0,0.0,0.0060772895812988,0.0081062316894531,0.005960464477539,0.005960464477539,0.0,0.0104904174804687,0.0104904174804687,0.0,0.0,0.0157356262207031,0.0180006027221679,0.0184059143066406,0.0,0.0211477279663085,0.0,0.0,0.496,1.424,1.696,1.696,0.0,0.0,112.0,0.0,0.0,0
25,0.0,0.0,0.0,0.0,0.0,0.0,0,0,0.0,0.0,0.0,0.0,0.0,0.0,0.0,0.0060079109609423,0.0078678131103515,0.0071525573730468,0.0071525573730468,0.0,0.00762939453125,0.00762939453125,0.0,0.0,0.0157356262207031,0.0180006027221679,0.0184059143066406,0.0061988830566406,0.0211477279663085,0.0,0.0061988830566406,0.496,1.36,1.696,1.696,0.0,0.0,113.256,0.0,1.192,0
26,0.0,0.0,0.0,0.0,0.0,0.0,0,0,0.0,0.0,0.0,0.0,0.0,0.0,0.0,0.006061288254771,0.0083446502685546,0.0083446502685546,0.0083446502685546,0.0066757202148437,0.0143051147460937,0.0143051147460937,0.0093460083007812,0.0113248825073242,0.0,0.0,0.0,0.0057220458984375,0.0,0.0283002853393554,0.0057220458984375,0.496,1.36,0.0,0.0,8.264,7.736,113.256,0.0,1.192,0
27,0.0,0.0,0.0,0.0,0.0,0.0,0,0,0.0,0.0,0.0,0.0,0.0,0.0,0.0,0.0060624744168561,0.0081062316894531,0.0069141387939453,0.0069141387939453,0.0066041946411132,0.0133514404296875,0.0133514404296875,0.0086784362792968,0.01068115234375,0.0,0.0,0.0,0.005960464477539,0.0,0.0262975692749023,0.005960464477539,0.496,1.36,0.0,0.0,8.264,7.736,113.256,0.0,1.192,0
28,0.0,0.0,0.0,0.0,0.0,0.0,0,0,0.0,0.0,0.0,0.0,0.0,0.0,0.0,0.0060624744168561,0.0081062316894531,0.0083446502685546,0.0083446502685546,0.0,0.0088214874267578,0.0088214874267578,0.0,0.0,0.0,0.0,0.0,0.005960464477539,0.0,0.0,0.005960464477539,0.496,1.36,0.0,0.0,0.0,0.0,113.256,0.0,1.192,0
29,0.0,0.0,0.0,0.0,0.0,0.0,0,0,0.0,0.0,0.0,0.0,0.0,0.0,0.0,0.0060624744168561,0.0081062316894531,0.006866455078125,0.0066757202148437,0.0,0.0079870223999023,0.0082731246948242,0.0,0.0,0.0,0.0,0.0,0.005960464477539,0.0,0.0,0.005960464477539,1.344,2.208,0.0,0.0,0.0,0.0,113.256,0.0,1.192,0
30,0.0,0.0,0.0,0.0,0.0,0.0,0,0,0.0,0.0,0.0,0.0,0.0,0.0,0.0,0.0063956362529865,0.0089406967163085,0.0104904174804687,0.0104904174804687,0.0061988830566406,0.0083446502685546,0.0083446502685546,0.0075340270996093,0.0118732452392578,0.0,0.0,0.0,0.0039587775580317,0.0,0.0210285186767578,0.0047683715820312,0.496,1.36,0.0,0.0,3.744,4.232,143.152,0.0,1530.632,0
31,0.0,0.0,0.0,0.0,0.0,0.0,0,0,0.0,0.0,0.0,0.0,0.0,0.0,0.0,0.0067599377228846,0.0092983245849609,0.0090599060058593,0.0090599060058593,0.0064373016357421,0.00762939453125,0.00762939453125,0.0081539154052734,0.0116825103759765,0.0,0.0,0.0,0.0038339663184595,0.0,0.0295877456665039,0.0042915344238281,0.496,1.424,0.0,0.0,7.488,8.464,117.192,0.0,9613.72,0
32,0.0,0.0,0.0,0.0,0.0,0.0,0,0,0.0,0.0,0.0,0.0,0.0,0.0,0.0,0.0059794430709003,0.0081062316894531,0.009775161743164,0.009775161743164,0.0060876210530598,0.0102519989013671,0.0102519989013671,0.008249282836914,0.0107924143473307,0.0,0.0,0.0,0.0073909759521484,0.0,0.0270843505859375,0.0073909759521484,0.496,1.424,0.0,0.0,12.008,11.968,113.256,0.0,1.192,0
33,0.0,0.0,0.0,0.0,0.0,0.0,0,0,0.0,0.0,0.0,0.0,0.0,0.0,0.0,0.0060126556092826,0.0083446502685546,0.0083446502685546,0.0083446502685546,0.0060081481933593,0.0066757202148437,0.0066757202148437,0.0083446502685546,0.0104188919067382,0.0,0.0,0.0,0.0052452087402343,0.0,0.0270605087280273,0.0052452087402343,0.496,1.36,0.0,0.0,8.264,7.736,113.256,0.0,1.192,0
34,0.0,0.0,0.0,0.0,0.0,0.0,0,0,0.0,0.0,0.0,0.0,0.0,0.0,0.0,0.006147878086982,0.0081062316894531,0.0081062316894531,0.0081062316894531,0.0,0.0119209289550781,0.0119209289550781,0.0,0.0,0.0,0.0,0.0,0.0088214874267578,0.0,0.0,0.0088214874267578,0.496,1.36,0.0,0.0,0.0,0.0,113.256,0.0,1.192,0
35,0.0,0.0,0.0,0.0,0.0,0.0,0,0,0.0,0.0,0.0,0.0,0.0,0.0,0.0,0.0061821937561035,0.0083446502685546,0.009775161743164,0.009775161743164,0.0,0.009775161743164,0.009775161743164,0.0,0.0,0.0,0.0,0.0,0.0,0.0,0.0,0.0,0.496,1.36,0.0,0.0,0.0,0.0,112.0,0.0,0.0,0
36,0.0,0.0,0.0,0.0,0.0,0.0,0,0,0.0,0.0,0.0,0.0,0.0,0.0,0.0,0.0060880184173583,0.0083446502685546,0.0073909759521484,0.0073909759521484,0.0063419342041015,0.009775161743164,0.009775161743164,0.0080585479736328,0.0114917755126953,0.0,0.0,0.0,0.0,0.0,0.0209331512451171,0.0,0.496,1.36,0.0,0.0,3.744,4.232,112.0,0.0,0.0,0
37,0.0,0.0,0.0,0.0,0.0,0.0,0,0,0.0,0.0,0.0,0.0,0.0,0.0,0.0,0.0061631202697753,0.0083446502685546,0.0073909759521484,0.0073909759521484,0.0063048468695746,0.0081062316894531,0.0081062316894531,0.0087261199951171,0.0104253942316228,0.0,0.0,0.0,0.0,0.0,0.028848648071289,0.0,0.496,1.36,0.0,0.0,8.016,7.936,112.0,0.0,0.0,0
38,0.0,0.0,0.0,0.0,0.0,0.0,0,0,0.0,0.0,0.0,0.0,0.0,0.0,0.0,0.0061666965484619,0.0086069107055664,0.0071525573730468,0.0071525573730468,0.0062942504882812,0.0119209289550781,0.0119209289550781,0.0088214874267578,0.0109513600667317,0.0,0.0,0.0,0.0,0.0,0.0278949737548828,0.0,0.496,1.36,0.0,0.0,12.008,11.968,112.0,0.0,0.0,0
39,0.0,0.0,0.0,0.0,0.0,0.0,0,0,0.0,0.0,0.0,0.0,0.0,0.0,0.0,0.0060280757163887,0.0081062316894531,0.0064373016357421,0.0064373016357421,0.0061750411987304,0.0095367431640625,0.0095367431640625,0.0081300735473632,0.0105142593383789,0.0,0.0,0.0,0.0057220458984375,0.0,0.0272750854492187,0.0057220458984375,0.496,1.36,0.0,0.0,8.264,7.736,113.256,0.0,1.192,0
40,0.0,0.0,0.0,0.0,0.0,0.0,0,0,0.0,0.0,0.0,0.0,0.0,0.0,0.0,0.0062012553808107,0.0083446502685546,0.005960464477539,0.005960464477539,0.0,0.00762939453125,0.00762939453125,0.0,0.0,0.0,0.0,0.0,0.0050067901611328,0.0,0.0,0.0050067901611328,0.496,1.36,0.0,0.0,0.0,0.0,113.256,0.0,1.192,0
41,0.0,0.0,0.0,0.0,0.0,0.0,0,0,0.0,0.0,0.0,0.0,0.0,0.0,0.0,0.0060364819955134,0.0081062316894531,0.0073909759521484,0.0073909759521484,0.0,0.0069141387939453,0.0069141387939453,0.0,0.0,0.0,0.0,0.0,0.0039550165335337,0.0,0.0,0.0045299530029296,0.496,1.36,0.0,0.0,0.0,0.0,144.408,0.0,2126.016,0
42,0.0,0.0,0.0,0.0,0.0,0.0,0,0,0.0,0.0,0.0,0.0,0.0,0.0,0.0,0.006291403699277,0.0083446502685546,0.0112056732177734,0.0112056732177734,0.0058174133300781,0.0133514404296875,0.0133514404296875,0.0072479248046875,0.0114917755126953,0.0,0.0,0.0,0.004014272368356,0.0,0.022125244140625,0.0048398971557617,0.496,1.424,0.0,0.0,3.744,4.232,117.192,0.0,1923.536,0
43,0.0,0.0,0.0,0.0,0.0,0.0,0,0,0.0,0.0,0.0,0.0,0.0,0.0,0.0,0.0060260295867919,0.0081062316894531,0.0069141387939453,0.0069141387939453,0.0058174133300781,0.0133514404296875,0.0133514404296875,0.0078678131103515,0.0108957290649414,0.0,0.0,0.0,0.0,0.0,0.0287055969238281,0.0,0.496,1.424,0.0,0.0,7.488,8.464,112.0,0.0,0.0,0
44,0.0,0.0,0.0,0.0,0.0,0.0,0,0,0.0,0.0,0.0,0.0,0.0,0.0,0.0,0.0062626187164004,0.0083208084106445,0.0069141387939453,0.0069141387939453,0.006096703665597,0.0078678131103515,0.0078678131103515,0.0079631805419921,0.0106245279312133,0.0,0.0,0.0,0.0041631551889272,0.0,0.0269412994384765,0.0049114227294921,0.496,1.36,0.0,0.0,12.536,11.44,122.384,0.0,674.344,0
45,0.0,0.0,0.0,0.0,0.0,0.0,0,0,0.0,0.0,0.0,0.0,0.0,0.0,0.0,0.0061655044555664,0.0083684921264648,0.00762939453125,0.00762939453125,0.0061459011501736,0.0083446502685546,0.0083446502685546,0.0086307525634765,0.0103603709827769,0.0,0.0,0.0,0.0,0.0,0.025033950805664,0.0,0.496,1.424,0.0,0.0,8.792,7.208,112.0,0.0,0.0,0
46,0.0,0.0,0.0,0.0,0.0,0.0,0,0,0.0,0.0,0.0,0.0,0.0,0.0,0.0,0.0059580921533688,0.0081062316894531,0.0078678131103515,0.0078678131103515,0.0,0.0109672546386718,0.0109672546386718,0.0,0.0,0.0,0.0,0.0,0.0052452087402343,0.0,0.0,0.0052452087402343,0.496,1.36,0.0,0.0,0.0,0.0,113.256,0.0,1.192,0
47,0.0,0.0,0.0,0.0,0.0,0.0,0,0,0.0,0.0,0.0,0.0,0.0,0.0,0.0,0.0063332856870165,0.0087499618530273,0.0078678131103515,0.0078678131103515,0.0,0.0112056732177734,0.0112056732177734,0.0,0.0,0.0,0.0,0.0,0.0039995933065609,0.0,0.0,0.0047683715820312,0.496,1.36,0.0,0.0,0.0,0.0,128.832,0.0,1630.568,0
48,0.0,0.0,0.0,0.0,0.0,0.0,0,0,0.0,0.0,0.0,0.0,0.0,0.0,0.0,0.0059047148595401,0.0081062316894531,0.0066757202148437,0.0066757202148437,0.0061511993408203,0.0143051147460937,0.0143051147460937,0.0080585479736328,0.010538101196289,0.0,0.0,0.0,0.0066757202148437,0.0,0.0197410583496093,0.0066757202148437,0.496,1.424,0.0,0.0,3.744,4.232,113.256,0.0,1.192,0
49,0.0,0.0,0.0,0.0,0.0,0.0,0,0,0.0,0.0,0.0,0.0,0.0,0.0,0.0,0.0062215328216552,0.0085830688476562,0.0069141387939453,0.0069141387939453,0.0071287155151367,0.0157356262207031,0.0157356262207031,0.0104427337646484,0.0110626220703125,0.0,0.0,0.0,0.0,0.0,0.0297069549560546,0.0,0.496,1.36,0.0,0.0,7.488,8.464,112.0,0.0,0.0,0
50,0.0,0.0,0.0,0.0,0.0,0.0,0,0,0.0,0.0,0.0,0.0,0.0,0.0,0.0,0.0061571598052978,0.0083446502685546,0.0071525573730468,0.0071525573730468,0.0065167744954427,0.0147819519042968,0.0147819519042968,0.008392333984375,0.0108083089192708,0.0,0.0,0.0,0.0,0.0,0.0281333923339843,0.0,0.496,1.36,0.0,0.0,12.008,11.968,112.0,0.0,0.0,0
51,0.0,0.0,0.0,0.0,0.0,0.0,0,0,0.0,0.0,0.0,0.0,0.0,0.0,0.0,0.00618577003479,0.0083446502685546,0.0073909759521484,0.0073909759521484,0.0061511993408203,0.0066757202148437,0.0066757202148437,0.0081300735473632,0.0112056732177734,0.0,0.0,0.0,0.0,0.0,0.0259876251220703,0.0,0.496,1.36,0.0,0.0,8.264,7.736,112.0,0.0,0.0,0
52,0.0,0.0,0.0,0.0,0.0,0.0,0,0,0.0,0.0,0.0,0.0,0.0,0.0,0.0,0.0060462951660156,0.0081062316894531,0.0066757202148437,0.0066757202148437,0.0,0.013589859008789,0.013589859008789,0.0,0.0,0.0,0.0,0.0,0.0,0.0,0.0,0.0,0.496,1.36,0.0,0.0,0.0,0.0,112.0,0.0,0.0,0
53,0.0,0.0,0.0,0.0,0.0,0.0,0,0,0.0,0.0,0.0,0.0,0.0,0.0,0.0,0.0063121908962136,0.0083446502685546,0.0073909759521484,0.0073909759521484,0.0,0.0107288360595703,0.0107288360595703,0.0,0.0,0.0,0.0,0.0,0.007033348083496,0.0,0.0,0.0082731246948242,0.496,1.36,0.0,0.0,0.0,0.0,116.752,0.0,4.4,0
54,0.0,0.0,0.0,0.0,0.0,0.0,0,0,0.0,0.0,0.0,0.0,0.0,0.0,0.0,0.0061122932244296,0.0083446502685546,0.0073909759521484,0.0073909759521484,0.006723403930664,0.0140666961669921,0.0140666961669921,0.0087738037109375,0.0115394592285156,0.0,0.0,0.0,0.0045299530029296,0.0,0.0207424163818359,0.0045299530029296,0.496,1.424,0.0,0.0,3.744,4.232,113.256,0.0,1.192,0
55,0.0,0.0,0.0,0.0,0.0,0.0,0,0,0.0,0.0,0.0,0.0,0.0,0.0,0.0,0.0059924908538362,0.0078678131103515,0.0069141387939453,0.0069141387939453,0.0066995620727539,0.009775161743164,0.009775161743164,0.0094175338745117,0.0113964080810546,0.0,0.0,0.0,0.0083446502685546,0.0,0.0299930572509765,0.0083446502685546,0.496,1.36,0.0,0.0,7.488,8.464,113.256,0.0,1.192,0
56,0.0,0.0,0.0,0.0,0.0,0.0,0,0,0.0,0.0,0.0,0.0,0.0,0.0,0.0,0.0059330463409423,0.0081062316894531,0.0061988830566406,0.0061988830566406,0.0068630490984235,0.0109672546386718,0.0109672546386718,0.0091075897216796,0.0108182430267333,0.0104904174804687,0.0045299530029296,0.0104904174804687,0.0,0.0045299530029296,0.0274181365966796,0.0,0.496,1.36,0.848,0.848,12.536,11.44,112.0,0.0,0.0,0
57,0.0,0.0,0.0,0.0,0.0,0.0,0,0,0.0,0.0,0.0,0.0,0.0,0.0,0.0,0.0061202049255371,0.0083684921264648,0.0090599060058593,0.0090599060058593,0.0064849853515625,0.0073909759521484,0.0073909759521484,0.009012222290039,0.0102758407592773,0.0073909759521484,0.0231266021728515,0.0073909759521484,0.0044858014142071,0.0231266021728515,0.0260353088378906,0.0064373016357421,0.496,1.36,0.848,0.848,8.264,7.736,112.0,0.0,261.896,0
58,0.0,0.0,0.0,0.0,0.0,0.0,0,0,0.0,0.0,0.0,0.0,0.0,0.0,0.0,0.0069650631506466,0.0094175338745117,0.0107288360595703,0.0107288360595703,0.0,0.009775161743164,0.009775161743164,0.0,0.0,0.0,0.0,0.0,0.0038687408988641,0.0,0.0,0.0045299530029296,0.496,1.424,0.0,0.0,0.0,0.0,143.152,0.0,17046.368,0
59,0.0,0.0,0.0,0.0,0.0,0.0,0,0,0.0,0.0,0.0,0.0,0.0,0.0,0.0,0.0063459671551908,0.0085830688476562,0.0088214874267578,0.0088214874267578,0.0,0.0126361846923828,0.0126361846923828,0.0,0.0,0.0,0.0,0.0,0.0038540623269719,0.0,0.0,0.0042915344238281,0.496,1.424,0.0,0.0,0.0,0.0,117.192,0.0,3585.528,0
60,0.0,0.0,0.0,0.0,0.0,0.0,0,0,0.0,0.0,0.0,0.0,0.0,0.0,0.0,0.0061217825211102,0.0081062316894531,0.0074625015258789,0.0067949295043945,0.0064969062805175,0.0109672546386718,0.0119209289550781,0.0077009201049804,0.0114043553670247,0.0,0.0,0.0,0.0073909759521484,0.0,0.0205039978027343,0.0073909759521484,1.344,2.24,0.0,0.0,4.272,3.704,113.256,0.0,1.192,0
61,0.0,0.0,0.0,0.0,0.0,0.0,0,0,0.0,0.0,0.0,0.0,0.0,0.0,0.0,0.0061561812215776,0.0083446502685546,0.0061988830566406,0.0061988830566406,0.0060558319091796,0.0078678131103515,0.0078678131103515,0.0078201293945312,0.0109672546386718,0.0,0.0,0.0,0.0045299530029296,0.0,0.0214099884033203,0.0045299530029296,0.496,1.36,0.0,0.0,3.744,4.232,113.256,0.0,1.192,0
62,0.0,0.0,0.0,0.0,0.0,0.0,0,0,0.0,0.0,0.0,0.0,0.0,0.0,0.0,0.0066488396887685,0.0090599060058593,0.0085830688476562,0.0085830688476562,0.0065485636393229,0.0085830688476562,0.0085830688476562,0.0087261199951171,0.010840098063151,0.0,0.0,0.0,0.0039178933670271,0.0,0.0277042388916015,0.0045299530029296,0.496,1.424,0.0,0.0,12.008,11.968,128.832,0.0,6434.168,0
63,0.0,0.0,0.0,0.0,0.0,0.0,0,0,0.0,0.0,0.0,0.0,0.0,0.0,0.0,0.0060319900512695,0.0078678131103515,0.0085830688476562,0.0085830688476562,0.0058174133300781,0.0071525573730468,0.0071525573730468,0.0073909759521484,0.0115394592285156,0.0,0.0,0.0,0.0041007995605468,0.0,0.0222206115722656,0.0049591064453125,0.496,1.424,0.0,0.0,3.744,4.232,112.0,0.0,49.304,0
64,0.0,0.0,0.0,0.0,0.0,0.0,0,0,0.0,0.0,0.0,0.0,0.0,0.0,0.0,0.0064868738155553,0.0087976455688476,0.0092983245849609,0.0092983245849609,0.0059843063354492,0.0104904174804687,0.0104904174804687,0.0078916549682617,0.0110387802124023,0.0,0.0,0.0,0.0041170818049733,0.0,0.0254392623901367,0.0052452087402343,0.496,1.424,0.0,0.0,8.264,7.736,122.384,0.0,1305.208,0
65,0.0,0.0,0.0,0.0,0.0,0.0,0,0,0.0,0.0,0.0,0.0,0.0,0.0,0.0,0.0062692165374755,0.0083923339843749,0.0090599060058593,0.0090599060058593,0.0,0.0107288360595703,0.0107288360595703,0.0,0.0,0.0,0.0,0.0,0.0,0.0,0.0,0.0,0.496,1.392,0.0,0.0,0.0,0.0,112.0,0.0,0.0,0
66,0.0,0.0,0.0,0.0,0.0,0.0,0,0,0.0,0.0,0.0,0.0,0.0,0.0,0.0,0.0061464309692382,0.0083446502685546,0.00762939453125,0.00762939453125,0.0058650970458984,0.0083446502685546,0.0083446502685546,0.0073432922363281,0.0111579895019531,0.0,0.0,0.0,0.0,0.0,0.0211715698242187,0.0,0.496,1.36,0.0,0.0,3.744,4.232,112.0,0.0,0.0,0
67,0.0,0.0,0.0,0.0,0.0,0.0,0,0,0.0,0.0,0.0,0.0,0.0,0.0,0.0,0.0061668566803434,0.0081062316894531,0.00762939453125,0.00762939453125,0.0058174133300781,0.0104904174804687,0.0104904174804687,0.0072479248046875,0.0107765197753906,0.0,0.0,0.0,0.0069141387939453,0.0,0.0201702117919921,0.0069141387939453,0.496,1.36,0.0,0.0,3.744,4.232,113.256,0.0,1.192,0
68,0.0,0.0,0.0,0.0,0.0,0.0,0,0,0.0,0.0,0.0,0.0,0.0,0.0,0.0,0.0059225072908164,0.0078678131103515,0.0095367431640625,0.0095367431640625,0.0060558319091796,0.0109672546386718,0.0109672546386718,0.008249282836914,0.010999043782552,0.0,0.0,0.0,0.0061988830566406,0.0,0.0291347503662109,0.0061988830566406,0.496,1.36,0.0,0.0,12.008,11.968,113.256,0.0,1.192,0
69,0.0,0.0,0.0,0.0,0.0,0.0,0,0,0.0,0.0,0.0,0.0,0.0,0.0,0.0,0.0061028039277489,0.0078678131103515,0.0081062316894531,0.0081062316894531,0.0071525573730468,0.0154972076416015,0.0154972076416015,0.0092983245849609,0.0118255615234375,0.0,0.0,0.0,0.0057220458984375,0.0,0.0226020812988281,0.0057220458984375,0.496,1.36,0.0,0.0,3.744,4.232,113.256,0.0,1.192,0
70,0.0,0.0,0.0,0.0,0.0,0.0,0,0,0.0,0.0,0.0,0.0,0.0,0.0,0.0,0.0058901309967041,0.0081062316894531,0.0078678131103515,0.0078678131103515,0.0062942504882812,0.0104904174804687,0.0104904174804687,0.0083684921264648,0.0109672546386718,0.0,0.0,0.0,0.0,0.0,0.0265836715698242,0.0,0.496,1.36,0.0,0.0,8.264,7.736,112.0,0.0,0.0,0
71,0.0,0.0,0.0,0.0,0.0,0.0,0,0,0.0,0.0,0.0,0.0,0.0,0.0,0.0,0.0063690167028927,0.0085830688476562,0.00762939453125,0.00762939453125,0.0,0.0143051147460937,0.0143051147460937,0.0,0.0,0.0,0.0,0.0,0.0039556491299995,0.0,0.0,0.0045299530029296,0.496,1.36,0.0,0.0,0.0,0.0,143.152,0.0,1735.816,0
72,0.0,0.0,0.0,0.0,0.0,0.0,0,0,0.0,0.0,0.0,0.0,0.0,0.0,0.0,0.0059211254119873,0.0078916549682617,0.0069141387939453,0.0069141387939453,0.0058174133300781,0.0088214874267578,0.0088214874267578,0.0072002410888671,0.010538101196289,0.0,0.0,0.0,0.0,0.0,0.0205516815185546,0.0,0.496,1.424,0.0,0.0,3.744,4.232,112.0,0.0,0.0,0
73,0.0,0.0,0.0,0.0,0.0,0.0,0,0,0.0,0.0,0.0,0.0,0.0,0.0,0.0,0.0060570240020751,0.0083446502685546,0.0083446502685546,0.0083446502685546,0.0073909759521484,0.0083446502685546,0.0083446502685546,0.0112533569335937,0.0123977661132812,0.0,0.0,0.0,0.0,0.0,0.0239849090576171,0.0,0.496,1.36,0.0,0.0,3.744,4.232,112.0,0.0,0.0,0
74,0.0,0.0,0.0,0.0,0.0,0.0,0,0,0.0,0.0,0.0,0.0,0.0,0.0,0.0,0.0060067247988572,0.0078678131103515,0.0083446502685546,0.0083446502685546,0.0059922536214192,0.0066757202148437,0.0066757202148437,0.0078678131103515,0.0110626220703125,0.0,0.0,0.0,0.0081062316894531,0.0,0.0266075134277343,0.0081062316894531,0.496,1.36,0.0,0.0,12.008,11.968,113.256,0.0,1.192,0
75,0.0,0.0,0.0,0.0,0.0,0.0,0,0,0.0,0.0,0.0,0.0,0.0,0.0,0.0,0.0062878452130218,0.0085830688476562,0.0064373016357421,0.0064373016357421,0.0061511993408203,0.0116825103759765,0.0116825103759765,0.0079154968261718,0.0115871429443359,0.0,0.0,0.0,0.0083446502685546,0.0,0.022125244140625,0.0083446502685546,0.496,1.36,0.0,0.0,3.744,4.232,113.256,0.0,1.192,0
76,0.0,0.0,0.0,0.0,0.0,0.0,0,0,0.0,0.0,0.0,0.0,0.0,0.0,0.0,0.0059984216642616,0.0078678131103515,0.0095367431640625,0.0095367431640625,0.0058650970458984,0.0147819519042968,0.0147819519042968,0.0081300735473632,0.0114679336547851,0.0,0.0,0.0,0.0083446502685546,0.0,0.0288724899291992,0.0083446502685546,0.496,1.36,0.0,0.0,8.264,7.736,113.256,0.0,1.192,0
77,0.0,0.0,0.0,0.0,0.0,0.0,0,0,0.0,0.0,0.0,0.0,0.0,0.0,0.0,0.0067162282258561,0.0090599060058593,0.0073909759521484,0.0073909759521484,0.0,0.0150203704833984,0.0150203704833984,0.0,0.0,0.0,0.0,0.0,0.0038553781946567,0.0,0.0,0.0042915344238281,0.496,1.36,0.0,0.0,0.0,0.0,143.152,0.0,12736.0,0
78,0.0,0.0,0.0,0.0,0.0,0.0,0,0,0.0,0.0,0.0,0.0,0.0,0.0,0.0,0.0060415267944335,0.0083446502685546,0.0090599060058593,0.0090599060058593,0.0060558319091796,0.0102519989013671,0.0102519989013671,0.0077247619628906,0.0108718872070312,0.0,0.0,0.0,0.0039914558673727,0.0,0.0207424163818359,0.0048398971557617,0.496,1.424,0.0,0.0,3.744,4.232,112.0,0.0,632.864,0
79,0.0,0.0,0.0,0.0,0.0,0.0,0,0,0.0,0.0,0.0,0.0,0.0,0.0,0.0,0.0062925898613621,0.0085830688476562,0.0078678131103515,0.0078678131103515,0.0062942504882812,0.013589859008789,0.013589859008789,0.0073909759521484,0.0106334686279296,0.0,0.0,0.0,0.0057220458984375,0.0,0.0203132629394531,0.0057220458984375,0.496,1.392,0.0,0.0,3.744,4.232,115.032,0.0,2.744,0
80,0.0,0.0,0.0,0.0,0.0,0.0,0,0,0.0,0.0,0.0,0.0,0.0,0.0,0.0,0.0059866905212402,0.0078916549682617,0.00762939453125,0.00762939453125,0.0061194101969401,0.0126361846923828,0.0126361846923828,0.0081062316894531,0.0106970469156901,0.0,0.0,0.0,0.0,0.0,0.0268459320068359,0.0,0.496,1.424,0.0,0.0,12.008,11.968,112.0,0.0,0.0,0
81,0.0,0.0,0.0,0.0,0.0,0.0,0,0,0.0,0.0,0.0,0.0,0.0,0.0,0.0,0.0060672190651964,0.0081062316894531,0.0078678131103515,0.0078678131103515,0.0056743621826171,0.0119209289550781,0.0119209289550781,0.0072956085205078,0.0110149383544921,0.0,0.0,0.0,0.0066757202148437,0.0,0.0212669372558593,0.0066757202148437,0.496,1.36,0.0,0.0,3.744,4.232,113.256,0.0,1.192,0
82,0.0,0.0,0.0,0.0,0.0,0.0,0,0,0.0,0.0,0.0,0.0,0.0,0.0,0.0,0.0062795420784262,0.0083446502685546,0.0066757202148437,0.0066757202148437,0.0058650970458984,0.0126361846923828,0.0126361846923828,0.0086307525634765,0.0104904174804687,0.0,0.0,0.0,0.0052452087402343,0.0,0.0255584716796875,0.0052452087402343,0.496,1.36,0.0,0.0,8.264,7.736,113.256,0.0,1.192,0
83,0.0,0.0,0.0,0.0,0.0,0.0,0,0,0.0,0.0,0.0,0.0,0.0,0.0,0.0,0.0060672190651964,0.0081062316894531,0.0078678131103515,0.0078678131103515,0.0064531962076822,0.0078678131103515,0.0078678131103515,0.0085830688476562,0.009775161743164,0.0,0.0,0.0,0.0085830688476562,0.0,0.0206947326660156,0.0085830688476562,0.496,1.36,0.0,0.0,10.776,11.312,113.256,0.0,1.192,0
84,0.0,0.0,0.0,0.0,0.0,0.0,0,0,0.0,0.0,0.0,0.0,0.0,0.0,0.0,0.0061023235321044,0.0081300735473632,0.0057220458984375,0.0057220458984375,0.0062465667724609,0.0069141387939453,0.0069141387939453,0.008249282836914,0.0106334686279296,0.0,0.0,0.0,0.0041921933492024,0.0,0.0203132629394531,0.0051498413085937,0.496,1.36,0.0,0.0,3.744,4.232,112.0,0.0,517.04,0
85,0.0,0.0,0.0,0.0,0.0,0.0,0,0,0.0,0.0,0.0,0.0,0.0,0.0,0.0,0.0064108106825086,0.0084400177001953,0.0095367431640625,0.0095367431640625,0.0079154968261718,0.0119209289550781,0.0119209289550781,0.0108718872070312,0.0108242034912109,0.0,0.0,0.0,0.0039868056774139,0.0,0.0199317932128906,0.0047683715820312,0.496,1.424,0.0,0.0,3.744,4.232,148.344,0.0,3455.552,0
86,0.0,0.0,0.0,0.0,0.0,0.0,0,0,0.0,0.0,0.0,0.0,0.0,0.0,0.0,0.0062012672424316,0.0083446502685546,0.0064373016357421,0.0064373016357421,0.006421407063802,0.0112056732177734,0.0112056732177734,0.0085830688476562,0.0108877817789713,0.0,0.0,0.0,0.0056028366088867,0.0,0.0277519226074218,0.0056982040405273,0.496,1.424,0.0,0.0,12.008,11.968,112.0,0.0,6.128,0
87,0.0,0.0,0.0,0.0,0.0,0.0,0,0,0.0,0.0,0.0,0.0,0.0,0.0,0.0,0.0060164928436279,0.0078916549682617,0.0073909759521484,0.0073909759521484,0.005960464477539,0.009775161743164,0.009775161743164,0.0073909759521484,0.0112533569335937,0.0,0.0,0.0,0.0,0.0,0.0210762023925781,0.0,0.496,1.392,0.0,0.0,3.744,4.232,112.0,0.0,0.0,0
88,0.0,0.0,0.0,0.0,0.0,0.0,0,0,0.0,0.0,0.0,0.0,0.0,0.0,0.0,0.0063357966961246,0.0090360641479492,0.0100135803222656,0.0100135803222656,0.0060558319091796,0.0100135803222656,0.0100135803222656,0.008392333984375,0.0106573104858398,0.017404556274414,0.018477439880371,0.021219253540039,0.0039887254255531,0.0231504440307617,0.0261306762695312,0.0045299530029296,0.496,1.36,1.696,1.696,8.264,7.736,122.384,0.0,1527.08,0
89,0.0,0.0,0.0,0.0,0.0,0.0,0,0,0.0,0.0,0.0,0.0,0.0,0.0,0.0,0.0060079109609423,0.0078678131103515,0.0083446502685546,0.0083446502685546,0.0,0.0102519989013671,0.0102519989013671,0.0,0.0,0.0,0.0,0.0,0.0078678131103515,0.0,0.0,0.0078678131103515,0.496,1.424,0.0,0.0,0.0,0.0,113.256,0.0,1.192,0
90,0.0,0.0,0.0,0.0,0.0,0.0,0,0,0.0,0.0,0.0,0.0,0.0,0.0,0.0,0.0060423096614097,0.0081062316894531,0.0066757202148437,0.0066757202148437,0.005960464477539,0.0090599060058593,0.0090599060058593,0.00762939453125,0.0104904174804687,0.0,0.0,0.0,0.0045299530029296,0.0,0.0201225280761718,0.0045299530029296,0.496,1.36,0.0,0.0,3.744,4.232,113.256,0.0,1.192,0
91,0.0,0.0,0.0,0.0,0.0,0.0,0,0,0.0,0.0,0.0,0.0,0.0,0.0,0.0,0.006420939576392,0.0089883804321289,0.0074386596679687,0.0066757202148437,0.0057697296142578,0.0116825103759765,0.0122547149658203,0.0074386596679687,0.01068115234375,0.0,0.0,0.0,0.0038792934323766,0.0,0.0201702117919921,0.0045299530029296,1.344,2.208,0.0,0.0,3.744,4.232,128.832,0.0,4509.504,0
92,0.0,0.0,0.0,0.0,0.0,0.0,0,0,0.0,0.0,0.0,0.0,0.0,0.0,0.0,0.0059235095977783,0.0078678131103515,0.0078678131103515,0.0078678131103515,0.0062942504882812,0.0095367431640625,0.0095367431640625,0.0084877014160156,0.0113964080810546,0.0,0.0,0.0,0.0,0.0,0.0289440155029296,0.0,0.496,1.424,0.0,0.0,12.008,11.968,112.0,0.0,0.0,0
93,0.0,0.0,0.0,0.0,0.0,0.0,0,0,0.0,0.0,0.0,0.0,0.0,0.0,0.0,0.006784946460442,0.0092983245849609,0.0090599060058593,0.0090599060058593,0.005960464477539,0.0088214874267578,0.0088214874267578,0.0076770782470703,0.0111103057861328,0.0,0.0,0.0,0.0038310139610282,0.0,0.0215053558349609,0.0042915344238281,0.496,1.36,0.0,0.0,3.744,4.232,127.576,0.0,10917.48,0
94,0.0,0.0,0.0,0.0,0.0,0.0,0,0,0.0,0.0,0.0,0.0,0.0,0.0,0.0,0.0064551830291748,0.0085830688476562,0.0078678131103515,0.0078678131103515,0.0061750411987304,0.0073909759521484,0.0073909759521484,0.008392333984375,0.010991096496582,0.0,0.0,0.0,0.0,0.0,0.0274181365966796,0.0,0.496,1.424,0.0,0.0,8.264,7.736,112.0,0.0,0.0,1
95,0.0,0.0,0.0,0.0,0.0,0.0,0,0,0.0,0.0,0.0,0.0,0.0,0.0,0.0,0.0061202049255371,0.0086069107055664,0.00762939453125,0.00762939453125,0.0,0.0112056732177734,0.0112056732177734,0.0,0.0,0.0,0.0,0.0,0.0,0.0,0.0,0.0,0.496,1.36,0.0,0.0,0.0,0.0,112.0,0.0,0.0,1
96,0.0,0.0,0.0,0.0,0.0,0.0,0,0,0.0,0.0,0.0,0.0,0.0,0.0,0.0,0.0061858352737047,0.0090599060058593,0.0071525573730468,0.0071525573730468,0.0061988830566406,0.0107288360595703,0.0107288360595703,0.0078678131103515,0.01068115234375,0.0,0.0,0.0,0.0,0.0,0.0201225280761718,0.0,0.496,1.36,0.0,0.0,3.744,4.232,113.256,100.0,0.0,1
97,0.0,0.0,0.0,0.0,0.0,0.0,0,0,0.0,0.0,0.0,0.0,0.0,0.0,0.0,0.0062249786225124,0.0081062316894531,0.0102519989013671,0.0102519989013671,0.0064373016357421,0.0066757202148437,0.0066757202148437,0.0085830688476562,0.0106334686279296,0.0,0.0,0.0,0.0,0.0,0.0198841094970703,0.0,0.496,1.36,0.0,0.0,3.744,4.232,113.256,100.0,0.0,1
98,0.0,0.0,0.0,0.0,0.0,0.0,0,0,0.0,0.0,0.0,0.0,0.0,0.0,0.0,0.0062297232708527,0.0083446502685546,0.005960464477539,0.005960464477539,0.0059093747820172,0.0083446502685546,0.0083446502685546,0.0079631805419921,0.0109374523162841,0.0,0.0,0.0,0.0,0.0,0.0272989273071289,0.0,0.496,1.36,0.0,0.0,12.536,11.44,113.256,100.0,0.0,1
99,0.0,0.0,0.0,0.0,0.0,0.0,0,0,0.0,0.0,0.0,0.0,0.0,0.0,0.0,0.0062549114227294,0.0088214874267578,0.0069141387939453,0.0069141387939453,0.0062465667724609,0.0064373016357421,0.0064373016357421,0.008392333984375,0.0111103057861328,0.0,0.0,0.0,0.0,0.0,0.0216484069824218,0.0,0.496,1.36,0.0,0.0,3.744,4.232,112.0,100.0,0.0,1
100,0.0,0.0,0.0,0.0,0.0,0.0,0,0,0.0,0.0,0.0,0.0,0.0,0.0,0.0,0.0061655044555664,0.0083446502685546,0.0083446502685546,0.0083446502685546,0.0063896179199218,0.0069141387939453,0.0069141387939453,0.0086069107055664,0.0106334686279296,0.0,0.0,0.0,0.0,0.0,0.0252246856689453,0.0,0.496,1.36,0.0,0.0,8.264,7.736,112.0,100.0,0.0,1
101,0.0,0.0,0.0,0.0,0.0,0.0,0,0,0.0,0.0,0.0,0.0,0.0,0.0,0.0,0.0059807300567626,0.0081300735473632,0.0092983245849609,0.0092983245849609,0.0,0.0104904174804687,0.0104904174804687,0.0,0.0,0.0,0.0,0.0,0.0,0.0,0.0,0.0,0.496,1.36,0.0,0.0,0.0,0.0,112.0,100.0,0.0,1
102,0.0,0.0,0.0,0.0,0.0,0.0,0,0,0.0,0.0,0.0,0.0,0.0,0.0,0.0,0.0060045719146728,0.0078916549682617,0.0066757202148437,0.0066757202148437,0.0063419342041015,0.0116825103759765,0.0116825103759765,0.0086784362792968,0.0127315521240234,0.0,0.0,0.0,0.0,0.0,0.0258445739746093,0.0,0.496,1.36,0.0,0.0,3.744,4.232,112.0,100.0,0.0,1
103,0.0,0.0,0.0,0.0,0.0,0.0,0,0,0.0,0.0,0.0,0.0,0.0,0.0,0.0,0.0062036514282226,0.0085830688476562,0.0073909759521484,0.0073909759521484,0.0058174133300781,0.0104904174804687,0.0104904174804687,0.0073432922363281,0.0103950500488281,0.0,0.0,0.0,0.0,0.0,0.0196456909179687,0.0,0.496,1.36,0.0,0.0,3.744,4.232,112.0,100.0,0.0,1
104,0.0,0.0,0.0,0.0,0.0,0.0,0,0,0.0,0.0,0.0,0.0,0.0,0.0,0.0,0.0060892105102539,0.0083446502685546,0.0069141387939453,0.0069141387939453,0.0061511993408203,0.0095367431640625,0.0095367431640625,0.0083446502685546,0.0111738840738932,0.0,0.0,0.0,0.0,0.0,0.0277996063232421,0.0,0.496,1.36,0.0,0.0,12.008,11.968,112.0,100.0,0.0,1
105,0.0,0.0,0.0,0.0,0.0,0.0,0,0,0.0,0.0,0.0,0.0,0.0,0.0,0.0,0.0061500072479248,0.0083446502685546,0.0112056732177734,0.0112056732177734,0.005960464477539,0.009775161743164,0.009775161743164,0.0075340270996093,0.0114917755126953,0.0,0.0,0.0,0.0,0.0,0.0219345092773437,0.0,0.496,1.36,0.0,0.0,3.744,4.232,112.0,100.0,0.0,1
106,0.0,0.0,0.0,0.0,0.0,0.0,0,0,0.0,0.0,0.0,0.0,0.0,0.0,0.0,0.00597469842256,0.0081062316894531,0.0066757202148437,0.0066757202148437,0.0066518783569335,0.0081062316894531,0.0081062316894531,0.0086545944213867,0.0120878219604492,0.0,0.0,0.0,0.009775161743164,0.0,0.0298500061035156,0.009775161743164,0.496,1.36,0.0,0.0,8.264,7.736,113.256,0.0,1.192,1
107,0.0,0.0,0.0,0.0,0.0,0.0,0,0,0.0,0.0,0.0,0.0,0.0,0.0,0.0,0.0064088337457002,0.0088214874267578,0.0104904174804687,0.0104904174804687,0.0,0.0128746032714843,0.0128746032714843,0.0,0.0,0.0,0.0,0.0,0.0227197142671947,0.0,0.0,0.0882148742675781,0.496,1.36,0.0,0.0,0.0,0.0,113.256,70.5237515225335,2699.008,1
108,0.0,0.0,0.0,0.0,0.0,0.0,0,0,0.0,0.0,0.0,0.0,0.0,0.0,0.0,0.0060265607172899,0.0083208084106445,0.0081062316894531,0.0081062316894531,0.005960464477539,0.0133514404296875,0.0133514404296875,0.0075340270996093,0.0107288360595703,0.0,0.0,0.0,0.0057220458984375,0.0,0.0206470489501953,0.0057220458984375,0.496,1.424,0.0,0.0,3.744,4.232,118.448,0.0,1.192,1
109,0.0,0.0,0.0,0.0,0.0,0.0,0,0,0.0,0.0,0.0,0.0,0.0,0.0,0.0,0.0062501430511474,0.0081300735473632,0.0061988830566406,0.0061988830566406,0.0069141387939453,0.0121593475341796,0.0121593475341796,0.0097274780273437,0.0109672546386718,0.0,0.0,0.0,0.0210583209991455,0.0,0.0211238861083984,0.0906229019165039,0.496,1.36,0.0,0.0,3.744,4.232,112.0,71.01449275362319,458.64,1
110,0.0,0.0,0.0,0.0,0.0,0.0,0,0,0.0,0.0,0.0,0.0,0.0,0.0,0.0,0.0063467025756835,0.0086069107055664,0.0069141387939453,0.0069141387939453,0.0057856241861979,0.0138282775878906,0.0138282775878906,0.0081539154052734,0.0113169352213541,0.0,0.0,0.0,0.0,0.0,0.0274181365966796,0.0,0.496,1.392,0.0,0.0,12.008,11.968,112.0,71.01449275362319,0.0,1
111,0.0,0.0,0.0,0.0,0.0,0.0,0,0,0.0,0.0,0.0,0.0,0.0,0.0,0.0,0.0061285495758056,0.0081062316894531,0.0073909759521484,0.0073909759521484,0.0062465667724609,0.013589859008789,0.013589859008789,0.0082015991210937,0.0108242034912109,0.0,0.0,0.0,0.0,0.0,0.0205516815185546,0.0,0.496,1.36,0.0,0.0,3.744,4.232,112.0,71.01449275362319,0.0,1
112,0.0,0.0,0.0,0.0,0.0,0.0,0,0,0.0,0.0,0.0,0.0,0.0,0.0,0.0,0.0062370300292968,0.0088214874267578,0.0071525573730468,0.0071525573730468,0.0066280364990234,0.0088214874267578,0.0088214874267578,0.0083208084106445,0.0110626220703125,0.0,0.0,0.0,0.0,0.0,0.026106834411621,0.0,0.496,1.36,0.0,0.0,8.264,7.736,112.0,71.01449275362319,0.0,1
113,0.0,0.0,0.0,0.0,0.0,0.0,0,0,0.0,0.0,0.0,0.0,0.0,0.0,0.0,0.0060731498756218,0.0081062316894531,0.0073909759521484,0.0073909759521484,0.0,0.0073909759521484,0.0073909759521484,0.0,0.0,0.0,0.0,0.0,0.0,0.0,0.0,0.0,0.496,1.36,0.0,0.0,0.0,0.0,113.256,100.0,0.0,1
114,0.0,0.0,0.0,0.0,0.0,0.0,0,0,0.0,0.0,0.0,0.0,0.0,0.0,0.0,0.0061158517106848,0.0081062316894531,0.0081062316894531,0.0081062316894531,0.0061988830566406,0.0061988830566406,0.0061988830566406,0.0075340270996093,0.0110149383544921,0.0,0.0,0.0,0.0069141387939453,0.0,0.0211238861083984,0.0069141387939453,0.496,1.36,0.0,0.0,3.744,4.232,113.256,0.0,1.192,1
115,0.0,0.0,0.0,0.0,0.0,0.0,0,0,0.0,0.0,0.0,0.0,0.0,0.0,0.0,0.0061158517106848,0.0081062316894531,0.0069141387939453,0.0069141387939453,0.0058650970458984,0.013589859008789,0.013589859008789,0.0074386596679687,0.0106334686279296,0.0,0.0,0.0,0.0069141387939453,0.0,0.0203609466552734,0.0069141387939453,0.496,1.36,0.0,0.0,3.744,4.232,113.256,0.0,1.192,1
116,0.0,0.0,0.0,0.0,0.0,0.0,0,0,0.0,0.0,0.0,0.0,0.0,0.0,0.0,0.0061158517106848,0.0081062316894531,0.0069141387939453,0.0069141387939453,0.0064531962076822,0.0064373016357421,0.0064373016357421,0.0098705291748046,0.0112215677897135,0.0,0.0,0.0,0.0069141387939453,0.0,0.0278949737548828,0.0069141387939453,0.496,1.36,0.0,0.0,12.008,11.968,113.256,0.0,1.192,1
117,0.0,0.0,0.0,0.0,0.0,0.0,0,0,0.0,0.0,0.0,0.0,0.0,0.0,0.0,0.0061158517106848,0.0081062316894531,0.0073909759521484,0.0073909759521484,0.0060081481933593,0.0150203704833984,0.0150203704833984,0.00762939453125,0.0108242034912109,0.0,0.0,0.0,0.0069141387939453,0.0,0.0201225280761718,0.0069141387939453,0.496,1.36,0.0,0.0,3.744,4.232,113.256,0.0,1.192,1
118,0.0,0.0,0.0,0.0,0.0,0.0,0,0,0.0,0.0,0.0,0.0,0.0,0.0,0.0,0.0061158517106848,0.0081062316894531,0.0066757202148437,0.0066757202148437,0.0061988830566406,0.0154972076416015,0.0154972076416015,0.0083684921264648,0.0111579895019531,0.0,0.0,0.0,0.0069141387939453,0.0,0.0270366668701171,0.0069141387939453,0.496,1.36,0.0,0.0,8.264,7.736,113.256,0.0,1.192,1
119,0.0,0.0,0.0,0.0,0.0,0.0,0,0,0.0,0.0,0.0,0.0,0.0,0.0,0.0,0.0061158517106848,0.0081062316894531,0.0069141387939453,0.0069141387939453,0.0,0.0181198120117187,0.0181198120117187,0.0,0.0,0.0141859054565429,0.012516975402832,0.0163793563842773,0.0069141387939453,0.0154733657836914,0.0,0.0069141387939453,0.496,1.36,1.696,1.696,0.0,0.0,113.256,0.0,1.192,1
120,0.0,0.0,0.0,0.0,0.0,0.0,0,0,0.0,0.0,0.0,0.0,0.0,0.0,0.0,0.0061690807342529,0.0081300735473632,0.0064373016357421,0.0064373016357421,0.0066757202148437,0.0083446502685546,0.0083446502685546,0.0089168548583984,0.0106334686279296,0.0,0.0,0.0,0.0338951746622721,0.0,0.020456314086914,0.0871419906616211,0.496,1.36,0.0,0.0,3.744,4.232,112.0,64.70588235294117,72.432,1
121,0.0,0.0,0.0,0.0,0.0,0.0,0,0,0.0,0.0,0.0,0.0,0.0,0.0,0.0,0.006032820364729,0.0081062316894531,0.0085830688476562,0.0085830688476562,0.0066757202148437,0.0121593475341796,0.0121593475341796,0.0079154968261718,0.0111579895019531,0.0,0.0,0.0,0.0,0.0,0.0216484069824218,0.0,0.496,1.392,0.0,0.0,3.744,4.232,113.256,100.0,0.0,1
122,0.0,0.0,0.0,0.0,0.0,0.0,0,0,0.0,0.0,0.0,0.0,0.0,0.0,0.0,0.0062783559163411,0.0081062316894531,0.0109672546386718,0.0109672546386718,0.0057697296142578,0.0102519989013671,0.0102519989013671,0.0073432922363281,0.0117778778076171,0.0,0.0,0.0,0.014662742614746,0.0,0.0214576721191406,0.0096559524536132,0.496,1.392,0.0,0.0,3.744,4.232,129.496,73.01587301587301,306.464,1
123,0.0,0.0,0.0,0.0,0.0,0.0,0,0,0.0,0.0,0.0,0.0,0.0,0.0,0.0,0.0060589159306009,0.0083446502685546,0.0061511993408203,0.005960464477539,0.0060717264811197,0.0083446502685546,0.0087261199951171,0.008392333984375,0.0112056732177734,0.0,0.0,0.0,0.0053246815999348,0.0,0.0295639038085937,0.0056266784667968,1.344,2.272,0.0,0.0,12.008,11.968,113.256,82.35294117647058,12.024,1
124,0.0,0.0,0.0,0.0,0.0,0.0,0,0,0.0,0.0,0.0,0.0,0.0,0.0,0.0,0.0063151269409787,0.0085830688476562,0.0064373016357421,0.0064373016357421,0.0068902969360351,0.0138282775878906,0.0138282775878906,0.0085830688476562,0.0110864639282226,0.0,0.0,0.0,0.0103649340177837,0.0,0.0287055969238281,0.0086307525634765,0.496,1.392,0.0,0.0,8.264,7.736,114.84,67.79661016949152,158.072,1
125,0.0,0.0,0.0,0.0,0.0,0.0,0,0,0.0,0.0,0.0,0.0,0.0,0.0,0.0,0.0061360164661312,0.0083446502685546,0.0152587890625,0.0152587890625,0.0,0.013589859008789,0.013589859008789,0.0,0.0,0.0,0.0,0.0,0.0342744769472064,0.0,0.0,0.0947713851928711,0.496,1.424,0.0,0.0,0.0,0.0,114.712,67.48768472906403,663.152,1
126,0.0,0.0,0.0,0.0,0.0,0.0,0,0,0.0,0.0,0.0,0.0,0.0,0.0,0.0,0.0063841885859423,0.0085830688476562,0.0071525573730468,0.0071525573730468,0.0,0.0131130218505859,0.0131130218505859,0.0,0.0,0.0,0.0,0.0,0.0270276048064771,0.0,0.0,0.0951290130615234,0.496,1.424,0.0,0.0,0.0,0.0,122.384,72.23618090452261,2417.992,1
127,0.0,0.0,0.0,0.0,0.0,0.0,0,0,0.0,0.0,0.0,0.0,0.0,0.0,0.0,0.0061774253845214,0.0083446502685546,0.0073909759521484,0.0073909759521484,0.0057697296142578,0.0128746032714843,0.0128746032714843,0.0072479248046875,0.0142574310302734,0.0,0.0,0.0,0.0233607632773263,0.0,0.0276565551757812,0.0899553298950195,0.496,1.424,0.0,0.0,3.744,4.232,112.0,72.13930348258707,1937.264,1
128,0.0,0.0,0.0,0.0,0.0,0.0,0,0,0.0,0.0,0.0,0.0,0.0,0.0,0.0,0.0064432030857199,0.0092744827270507,0.0088214874267578,0.0088214874267578,0.0062465667724609,0.0126361846923828,0.0126361846923828,0.0085830688476562,0.0111103057861328,0.0,0.0,0.0,0.0245580413462123,0.0,0.0301122665405273,0.0881671905517578,0.496,1.392,0.0,0.0,7.488,8.464,119.344,71.09111361079866,2783.656,1
129,0.0,0.0,0.0,0.0,0.0,0.0,0,0,0.0,0.0,0.0,0.0,0.0,0.0,0.0,0.0065286361162935,0.0088214874267578,0.0069141387939453,0.0069141387939453,0.0059286753336588,0.011444091796875,0.011444091796875,0.0083446502685546,0.010379155476888,0.0,0.0,0.0,0.0310287201147285,0.0,0.026559829711914,0.0925540924072265,0.496,1.424,0.0,0.0,12.008,11.968,115.304,63.51706036745407,1368.648,1
130,0.0,0.0,0.0,0.0,0.0,0.0,0,0,0.0,0.0,0.0,0.0,0.0,0.0,0.0,0.0062823295593261,0.0088214874267578,0.0083446502685546,0.0083446502685546,0.0061750411987304,0.0162124633789062,0.0162124633789062,0.0081300735473632,0.0102996826171875,0.0,0.0,0.0,0.0207679612295968,0.0,0.0246524810791015,0.0855445861816406,0.496,1.424,0.0,0.0,8.264,7.736,112.0,65.85365853658537,305.808,1
131,0.0,0.0,0.0,0.0,0.0,0.0,0,0,0.0,0.0,0.0,0.0,0.0,0.0,0.0,0.0061253410073655,0.0081062316894531,0.0085830688476562,0.0085830688476562,0.0,0.00762939453125,0.00762939453125,0.0,0.0,0.0,0.0,0.0,0.0056028366088867,0.0,0.0,0.0056982040405273,0.496,1.392,0.0,0.0,0.0,0.0,113.256,77.77777777777779,4.8,1
132,0.0,0.0,0.0,0.0,0.0,0.0,0,0,0.0,0.0,0.0,0.0,0.0,0.0,0.0,0.0064010713614669,0.0085115432739257,0.0069141387939453,0.0069141387939453,0.0,0.0133514404296875,0.0133514404296875,0.0,0.0,0.0,0.0,0.0,0.0299747173602764,0.0,0.0,0.0928878784179687,0.496,1.424,0.0,0.0,0.0,0.0,120.048,70.85201793721974,705.112,1
133,0.0,0.0,0.0,0.0,0.0,0.0,0,0,0.0,0.0,0.0,0.0,0.0,0.0,0.0,0.0062555369764271,0.0085830688476562,0.0083446502685546,0.0083446502685546,0.0066757202148437,0.0083446502685546,0.0083446502685546,0.0093936920166015,0.0107288360595703,0.0,0.0,0.0,0.0190205044216579,0.0,0.020456314086914,0.0701427459716797,0.496,1.424,0.0,0.0,3.744,4.232,115.984,67.85714285714286,246.936,1
134,0.0,0.0,0.0,0.0,0.0,0.0,0,0,0.0,0.0,0.0,0.0,0.0,0.0,0.0,0.0064063072204589,0.0086069107055664,0.0081062316894531,0.0081062316894531,0.0059843063354492,0.011444091796875,0.011444091796875,0.0081062316894531,0.0108718872070312,0.0,0.0,0.0,0.0387460757524539,0.0,0.0285148620605468,0.1015663146972656,0.496,1.424,0.0,0.0,7.488,8.464,112.0,66.1849710982659,1311.208,1
135,0.0,0.0,0.0,0.0,0.0,0.0,0,0,0.0,0.0,0.0,0.0,0.0,0.0,0.0,0.0063464193060846,0.008559226989746,0.0088214874267578,0.0088214874267578,0.0060240427652994,0.0085830688476562,0.0085830688476562,0.0083446502685546,0.0107924143473307,0.0,0.0,0.0,0.0088919292796741,0.0,0.0276565551757812,0.0063657760620117,0.496,1.392,0.0,0.0,12.008,11.968,119.776,69.44444444444444,447.024,1
136,0.0,0.0,0.0,0.0,0.0,0.0,0,0,0.0,0.0,0.0,0.0,0.0,0.0,0.0,0.0061357021331787,0.0083446502685546,0.0081062316894531,0.0081062316894531,0.0066280364990234,0.0095367431640625,0.0095367431640625,0.0091791152954101,0.0110149383544921,0.0,0.0,0.0,0.0,0.0,0.0276088714599609,0.0,0.496,1.424,0.0,0.0,8.264,7.736,112.0,69.44444444444444,0.0,1
137,0.0,0.0,0.0,0.0,0.0,0.0,0,0,0.0,0.0,0.0,0.0,0.0,0.0,0.0,0.0061575729067962,0.0083208084106445,0.0095367431640625,0.0095367431640625,0.0,0.0121593475341796,0.0121593475341796,0.0,0.0,0.0,0.0,0.0,0.0051657358805338,0.0,0.0,0.0067949295043945,0.496,1.36,0.0,0.0,0.0,0.0,119.776,71.42857142857143,69.424,1
138,0.0,0.0,0.0,0.0,0.0,0.0,0,0,0.0,0.0,0.0,0.0,0.0,0.0,0.0,0.0061428546905517,0.0081062316894531,0.0073909759521484,0.0073909759521484,0.0,0.00762939453125,0.00762939453125,0.0,0.0,0.0,0.0,0.0,0.0,0.0,0.0,0.0,0.496,1.424,0.0,0.0,0.0,0.0,112.0,71.42857142857143,0.0,1
139,0.0,0.0,0.0,0.0,0.0,0.0,0,0,0.0,0.0,0.0,0.0,0.0,0.0,0.0,0.0059545040130615,0.00762939453125,0.0064373016357421,0.0064373016357421,0.0060558319091796,0.0090599060058593,0.0090599060058593,0.0077247619628906,0.0110149383544921,0.0,0.0,0.0,0.0,0.0,0.0214576721191406,0.0,0.496,1.36,0.0,0.0,3.744,4.232,112.0,71.42857142857143,0.0,1
140,0.0,0.0,0.0,0.0,0.0,0.0,0,0,0.0,0.0,0.0,0.0,0.0,0.0,0.0,0.0061241548452804,0.0081062316894531,0.0064373016357421,0.0064373016357421,0.005960464477539,0.0138282775878906,0.0138282775878906,0.0081300735473632,0.0108957290649414,0.0,0.0,0.0,0.0,0.0,0.0289440155029296,0.0,0.496,1.36,0.0,0.0,7.488,8.464,117.192,71.42857142857143,0.0,1
141,0.0,0.0,0.0,0.0,0.0,0.0,0,0,0.0,0.0,0.0,0.0,0.0,0.0,0.0,0.0060945007931533,0.0083446502685546,0.005960464477539,0.005960464477539,0.0068982442220052,0.0078678131103515,0.0078678131103515,0.0093460083007812,0.0111103057861328,0.0075101852416992,0.00762939453125,0.0086307525634765,0.0,0.0087738037109375,0.0272274017333984,0.0,0.496,1.392,10.352,6.72,12.008,11.968,113.256,100.0,0.0,1
142,0.0,0.0,0.0,0.0,0.0,0.0,0,0,0.0,0.0,0.0,0.0,0.0,0.0,0.0,0.0061893937599599,0.0078678131103515,0.0090599060058593,0.0090599060058593,0.0064373016357421,0.013589859008789,0.013589859008789,0.0086545944213867,0.0108718872070312,0.0068545341491699,0.0066757202148437,0.0074148178100585,0.0,0.0086784362792968,0.0249862670898437,0.0,0.496,1.36,14.24,4.032,8.264,7.736,113.256,100.0,0.0,1
143,0.0,0.0,0.0,0.0,0.0,0.0,0,0,0.0,0.0,0.0,0.0,0.0,0.0,0.0,0.0062736112680008,0.0085830688476562,0.009775161743164,0.009775161743164,0.0064202717372349,0.0102519989013671,0.0102519989013671,0.0083446502685546,0.0098943710327148,0.0,0.0,0.0,0.0,0.0,0.0219345092773437,0.0,0.496,1.36,0.0,0.0,11.304,10.784,113.256,100.0,0.0,1
144,0.0,0.0,0.0,0.0,0.0,0.0,0,0,0.0,0.0,0.0,0.0,0.0,0.0,0.0,0.0062024593353271,0.0085830688476562,0.00762939453125,0.00762939453125,0.0,0.0126361846923828,0.0126361846923828,0.0,0.0,0.0057220458984375,0.0057220458984375,0.0057220458984375,0.0,0.0057220458984375,0.0,0.0,0.496,1.36,0.784,0.848,0.0,0.0,112.0,100.0,0.0,1
145,0.0,0.0,0.0,0.0,0.0,0.0,0,0,0.0,0.0,0.0,0.0,0.0,0.0,0.0,0.0064864230515369,0.0085830688476562,0.0109672546386718,0.0109672546386718,0.0063419342041015,0.0154972076416015,0.0154972076416015,0.0081539154052734,0.0110626220703125,0.0083148479461669,0.0061988830566406,0.010538101196289,0.0,0.0070571899414062,0.0211715698242187,0.0,0.496,1.36,12.864,21.504,3.744,4.232,111.376,100.0,0.0,1
146,0.0,0.0,0.0,0.0,0.0,0.0,0,0,0.0,0.0,0.0,0.0,0.0,0.0,0.0,0.0061357021331787,0.0083684921264648,0.0083446502685546,0.0083446502685546,0.0060081481933593,0.0159740447998046,0.0159740447998046,0.0081539154052734,0.0110387802124023,0.0,0.0,0.0,0.0,0.0,0.0292062759399414,0.0,0.496,1.776,0.0,0.0,7.488,8.464,112.0,100.0,0.0,1
147,0.0,0.0,0.0,0.0,0.0,0.0,0,0,0.0,0.0,0.0,0.0,0.0,0.0,0.0,0.0063669681549072,0.0085830688476562,0.0095367431640625,0.0095367431640625,0.0066439310709635,0.0126361846923828,0.0126361846923828,0.0092983245849609,0.010999043782552,0.0,0.0,0.0,0.0,0.0,0.0281333923339843,0.0,0.496,1.776,0.0,0.0,12.008,11.968,112.0,100.0,0.0,1
148,0.0,0.0,0.0,0.0,0.0,0.0,0,0,0.0,0.0,0.0,0.0,0.0,0.0,0.0,0.0061404705047607,0.0081062316894531,0.0085830688476562,0.0085830688476562,0.006413459777832,0.0100135803222656,0.0100135803222656,0.008392333984375,0.011610984802246,0.0,0.0,0.0,0.0,0.0,0.028085708618164,0.0,0.496,1.776,0.0,0.0,8.264,7.736,112.0,100.0,0.0,1
149,0.0,0.0,0.0,0.0,0.0,0.0,0,0,0.0,0.0,0.0,0.0,0.0,0.0,0.0,0.0064764449845499,0.0088214874267578,0.011444091796875,0.011444091796875,0.0,0.0123977661132812,0.0123977661132812,0.0,0.0,0.0,0.0,0.0,0.0179807345072428,0.0,0.0,0.0522851943969726,0.496,1.776,0.0,0.0,0.0,0.0,114.424,75.75757575757575,258.576,1
150,0.0,0.0,0.0,0.0,0.0,0.0,0,0,0.0,0.0,0.0,0.0,0.0,0.0,0.0,0.0064764449845499,0.0088214874267578,0.0071525573730468,0.0071525573730468,0.0,0.0107288360595703,0.0107288360595703,0.0,0.0,0.0,0.0,0.0,0.0179807345072428,0.0,0.0,0.0522851943969726,0.496,1.84,0.0,0.0,0.0,0.0,114.424,75.75757575757575,258.576,1
151,0.0,0.0,0.0,0.0,0.0,0.0,0,0,0.0,0.0,0.0,0.0,0.0,0.0,0.0,0.0068114535643322,0.0083446502685546,0.011444091796875,0.011444091796875,0.0064849853515625,0.009775161743164,0.009775161743164,0.008249282836914,0.0116348266601562,0.0,0.0,0.0,0.005801518758138,0.0,0.022125244140625,0.0062942504882812,0.496,1.808,0.0,0.0,3.744,4.232,118.448,66.66666666666666,22.088,1
152,0.0,0.0,0.0,0.0,0.0,0.0,0,0,0.0,0.0,0.0,0.0,0.0,0.0,0.0,0.0067252923946569,0.0081062316894531,0.0069141387939453,0.0069141387939453,0.0063180923461914,0.0150203704833984,0.0150203704833984,0.0089168548583984,0.0113964080810546,0.0,0.0,0.0,0.0081062316894531,0.0,0.0291109085083007,0.0081062316894531,0.496,1.84,0.0,0.0,7.488,8.464,118.448,50.0,2.168,1
153,0.0,0.0,0.0,0.0,0.0,0.0,0,0,0.0,0.0,0.0,0.0,0.0,0.0,0.0,0.0070569538834071,0.0088214874267578,0.0066757202148437,0.0066757202148437,0.0060717264811197,0.009775161743164,0.009775161743164,0.0079154968261718,0.0110944112141927,0.0,0.0,0.0,0.0057220458984375,0.0,0.0272274017333984,0.0057220458984375,0.496,1.84,0.0,0.0,12.008,11.968,115.712,50.0,1.192,1
154,0.0,0.0,0.0,0.0,0.0,0.0,0,0,0.0,0.0,0.0,0.0,0.0,0.0,0.0,0.0071120262145996,0.0090599060058593,0.0071048736572265,0.0069141387939453,0.0062465667724609,0.0101327896118164,0.010228157043457,0.0081777572631835,0.0110387802124023,0.0,0.0,0.0,0.0084638595581054,0.0,0.025796890258789,0.0061988830566406,1.344,2.624,0.0,0.0,8.264,7.736,112.0,71.1340206185567,248.016,1
155,0.0,0.0,0.0,0.0,0.0,0.0,0,0,0.0,0.0,0.0,0.0,0.0,0.0,0.0,0.0069558041767009,0.0088214874267578,0.0085830688476562,0.0085830688476562,0.0,0.009775161743164,0.009775161743164,0.0,0.0,0.0,0.0,0.0,0.0183549192216661,0.0,0.0,0.0902652740478515,0.496,1.84,0.0,0.0,0.0,0.0,143.152,71.48514851485149,1491.488,1
156,0.0,0.0,0.0,0.0,0.0,0.0,0,0,0.0,0.0,0.0,0.0,0.0,0.0,0.0,0.0067219805361619,0.0083446502685546,0.0069141387939453,0.0069141387939453,0.0,0.0073909759521484,0.0073909759521484,0.0,0.0,0.0,0.0,0.0,0.0090599060058593,0.0,0.0,0.0090599060058593,0.496,1.84,0.0,0.0,0.0,0.0,117.192,0.0,4.92,1
157,0.0,0.0,0.0,0.0,0.0,0.0,0,0,0.0,0.0,0.0,0.0,0.0,0.0,0.0,0.007030963897705,0.0090837478637695,0.0066757202148437,0.0066757202148437,0.0071048736572265,0.0112056732177734,0.0112056732177734,0.0084877014160156,0.0116348266601562,0.0,0.0,0.0,0.0185966491699218,0.0,0.0209808349609375,0.0694751739501956,0.496,1.84,0.0,0.0,3.744,4.232,112.0,71.35135135135135,588.52,1
158,0.0,0.0,0.0,0.0,0.0,0.0,0,0,0.0,0.0,0.0,0.0,0.0,0.0,0.0,0.006565407140931,0.00762939453125,0.0071525573730468,0.0071525573730468,0.0064373016357421,0.0095367431640625,0.0095367431640625,0.0088453292846679,0.011444091796875,0.0,0.0,0.0,0.0067949295043945,0.0,0.0293493270874023,0.008249282836914,0.496,1.808,0.0,0.0,7.488,8.464,117.192,66.66666666666666,26.848,1
159,0.0,0.0,0.0,0.0,0.0,0.0,0,0,0.0,0.0,0.0,0.0,0.0,0.0,0.0,0.0067210778957459,0.0085830688476562,0.0071525573730468,0.0071525573730468,0.0063691820417131,0.0109672546386718,0.0109672546386718,0.0083684921264648,0.0116974115371704,0.0,0.0,0.0,0.0060081481933593,0.0,0.0301599502563476,0.0075340270996093,0.496,1.84,0.0,0.0,12.536,11.44,140.136,70.58823529411765,41.336,1
160,0.0,0.0,0.0,0.0,0.0,0.0,0,0,0.0,0.0,0.0,0.0,0.0,0.0,0.0,0.0066945427342465,0.0092029571533203,0.011444091796875,0.011444091796875,0.0063048468695746,0.0100135803222656,0.0100135803222656,0.0092983245849609,0.0106854872270063,0.0121593475341796,0.005960464477539,0.0146389007568359,0.0088214874267578,0.007486343383789,0.0271797180175781,0.0088214874267578,0.496,1.36,1.792,1.472,8.792,7.208,22.48,75.0,7.08,1
161,0.0,0.0,0.0,0.0,0.0,0.0,0,0,0.0,0.0,0.0,0.0,0.0,0.0,0.0,0.0,0.0,0.0131130218505859,0.0131130218505859,0.0,0.0207424163818359,0.0207424163818359,0.0,0.0,0.0,0.0,0.0,0.0,0.0,0.0,0.0,0.496,1.36,0.0,0.0,0.0,0.0,0.0,75.0,0.0,1
162,0.0,0.0,0.0,0.0,0.0,0.0,0,0,0.0,0.0,0.0,0.0,0.0,0.0,0.0,0.0,0.0,0.0092983245849609,0.0092983245849609,0.0,0.0119209289550781,0.0119209289550781,0.0,0.0,0.0,0.0,0.0,0.0,0.0,0.0,0.0,0.496,1.36,0.0,0.0,0.0,0.0,0.0,75.0,0.0,1
163,0.0,0.0,0.0,0.0,0.0,0.0,0,0,0.0,0.0,0.0,0.0,0.0,0.0,0.0,0.0,0.0,0.0119209289550781,0.0119209289550781,0.0061511993408203,0.0083446502685546,0.0083446502685546,0.0078201293945312,0.0113487243652343,0.0,0.0,0.0,0.0,0.0,0.0217437744140625,0.0,0.496,1.36,0.0,0.0,3.744,4.232,0.0,75.0,0.0,1
164,0.0,0.0,0.0,0.0,0.0,0.0,0,0,0.0,0.0,0.0,0.0,0.0,0.0,0.0,0.0,0.0,0.0085830688476562,0.0085830688476562,0.0063419342041015,0.0088214874267578,0.0088214874267578,0.0084877014160156,0.0121116638183593,0.0,0.0,0.0,0.0,0.0,0.021982192993164,0.0,0.496,1.36,0.0,0.0,3.744,4.232,0.0,75.0,0.0,1
165,0.0,0.0,0.0,0.0,0.0,0.0,0,0,0.0,0.0,0.0,0.0,0.0,0.0,0.0,0.0,0.0,0.0085830688476562,0.0085830688476562,0.0063180923461914,0.0131130218505859,0.0131130218505859,0.0083446502685546,0.0111818313598632,0.0095963478088378,0.0081062316894531,0.011754035949707,0.0,0.0093936920166015,0.0259160995483398,0.0,0.496,1.36,9.024,5.824,8.264,7.736,0.0,75.0,0.0,1
166,0.0,0.0,0.0,0.0,0.0,0.0,0,0,0.0,0.0,0.0,0.0,0.0,0.0,0.0,0.0108083089192708,0.0126361846923828,0.0138282775878906,0.0138282775878906,0.0,0.0181198120117187,0.0181198120117187,0.0,0.0,0.0086426734924316,0.007788340250651,0.01068115234375,0.0064373016357421,0.0094890594482421,0.0,0.0064373016357421,0.496,1.84,20.752,32.512,0.0,0.0,1.832,50.0,0.528,1
167,0.0,0.0,0.0,0.0,0.0,0.0,0,0,0.0,0.0,0.0,0.0,0.0,0.0,0.0,0.0074005126953125,0.0092029571533203,0.0083446502685546,0.0083446502685546,0.0,0.0085830688476562,0.0085830688476562,0.0,0.0,0.0,0.0,0.0,0.0073115030924479,0.0,0.0,0.0090599060058593,0.496,1.776,0.0,0.0,0.0,0.0,57.176,57.14285714285714,5.376,1
168,0.0,0.0,0.0,0.0,0.0,0.0,0,0,0.0,0.0,0.0,0.0,0.0,0.0,0.0,0.0073456764221191,0.0090837478637695,0.0085830688476562,0.0085830688476562,0.0,0.0064373016357421,0.0064373016357421,0.0,0.0,0.0,0.0,0.0,0.0060796737670898,0.0,0.0,0.0065565109252929,0.496,1.776,0.0,0.0,0.0,0.0,56.0,50.0,1.056,1
169,0.0,0.0,0.0,0.0,0.0,0.0,0,0,0.0,0.0,0.0,0.0,0.0,0.0,0.0,0.007486810871199,0.0092983245849609,0.00762939453125,0.00762939453125,0.0063896179199218,0.0088214874267578,0.0088214874267578,0.0083446502685546,0.0115394592285156,0.0,0.0,0.0,0.0063180923461914,0.0,0.0218391418457031,0.0067949295043945,0.496,1.776,0.0,0.0,3.744,4.232,57.624,0.0,1.72,1
170,0.0,0.0,0.0,0.0,0.0,0.0,0,0,0.0,0.0,0.0,0.0,0.0,0.0,0.0,0.0060391426086425,0.0083684921264648,0.00762939453125,0.00762939453125,0.0072956085205078,0.0071525573730468,0.0071525573730468,0.0092983245849609,0.012826919555664,0.0,0.0,0.0,0.0,0.0,0.0237464904785156,0.0,0.496,1.776,0.0,0.0,3.744,4.232,112.664,100.0,0.0,1
171,0.0,0.0,0.0,0.0,0.0,0.0,0,0,0.0,0.0,0.0,0.0,0.0,0.0,0.0,0.0066900253295898,0.0085830688476562,0.0066757202148437,0.0066757202148437,0.0064849853515625,0.0073909759521484,0.0073909759521484,0.0092744827270507,0.0108957290649414,0.0,0.0,0.0,0.0,0.0,0.026702880859375,0.0,0.496,1.776,0.0,0.0,8.264,7.736,112.0,100.0,0.0,1
172,0.0,0.0,0.0,0.0,0.0,0.0,0,0,0.0,0.0,0.0,0.0,0.0,0.0,0.0,0.006728172302246,0.0088453292846679,0.0071525573730468,0.0071525573730468,0.0,0.0112056732177734,0.0112056732177734,0.0,0.0,0.0,0.0,0.0,0.0083446502685546,0.0,0.0,0.0083446502685546,0.496,1.776,0.0,0.0,0.0,0.0,112.696,50.0,7.16,1
173,0.0,0.0,0.0,0.0,0.0,0.0,0,0,0.0,0.0,0.0,0.0,0.0,0.0,0.0,0.005956958321964,0.0078678131103515,0.0069141387939453,0.0069141387939453,0.0,0.0090599060058593,0.0090599060058593,0.0,0.0,0.0,0.0,0.0,0.0052452087402343,0.0,0.0,0.0052452087402343,0.496,1.776,0.0,0.0,0.0,0.0,116.0,50.0,0.528,1
174,0.0,0.0,0.0,0.0,0.0,0.0,0,0,0.0,0.0,0.0,0.0,0.0,0.0,0.0,0.0063481840115149,0.0083446502685546,0.0064373016357421,0.0064373016357421,0.0,0.009775161743164,0.009775161743164,0.0,0.0,0.0,0.0,0.0,0.0058650970458984,0.0,0.0,0.0069618225097656,0.496,1.776,0.0,0.0,0.0,0.0,135.728,61.53846153846154,12.912,1
175,0.0,0.0,0.0,0.0,0.0,0.0,0,0,0.0,0.0,0.0,0.0,0.0,0.0,0.0,0.0060510635375976,0.0081062316894531,0.0083446502685546,0.0083446502685546,0.0062942504882812,0.0123977661132812,0.0123977661132812,0.0081539154052734,0.0116825103759765,0.0,0.0,0.0,0.0054836273193359,0.0,0.0223636627197265,0.0054836273193359,0.496,1.776,0.0,0.0,3.744,4.232,112.0,66.66666666666666,0.528,1
176,0.0,0.0,0.0,0.0,0.0,0.0,0,0,0.0,0.0,0.0,0.0,0.0,0.0,0.0,0.0060069561004638,0.0081300735473632,0.0081062316894531,0.0081062316894531,0.0066757202148437,0.0116825103759765,0.0116825103759765,0.0084638595581054,0.0106096267700195,0.0,0.0,0.0,0.0,0.0,0.0193119049072265,0.0,0.496,1.776,0.0,0.0,4.272,3.704,112.0,66.66666666666666,0.0,1
177,0.0,0.0,0.0,0.0,0.0,0.0,0,0,0.0,0.0,0.0,0.0,0.0,0.0,0.0,0.0062918663024902,0.0083446502685546,0.0071525573730468,0.0071525573730468,0.006270408630371,0.0071525573730468,0.0071525573730468,0.0080108642578125,0.0107765197753906,0.0,0.0,0.0,0.0,0.0,0.0262260437011718,0.0,0.496,1.776,0.0,0.0,8.264,7.736,112.0,100.0,0.0,1
178,0.0,0.0,0.0,0.0,0.0,0.0,0,0,0.0,0.0,0.0,0.0,0.0,0.0,0.0,0.0063945998006792,0.0083446502685546,0.00762939453125,0.00762939453125,0.0,0.0090599060058593,0.0090599060058593,0.0,0.0,0.0,0.0,0.0,0.0085830688476562,0.0,0.0,0.0085830688476562,0.496,1.776,0.0,0.0,0.0,0.0,113.256,0.0,1.192,1
179,0.0,0.0,0.0,0.0,0.0,0.0,0,0,0.0,0.0,0.0,0.0,0.0,0.0,0.0,0.0063945998006792,0.0083446502685546,0.0069141387939453,0.0069141387939453,0.0,0.0085830688476562,0.0085830688476562,0.0,0.0,0.0,0.0,0.0,0.0085830688476562,0.0,0.0,0.0085830688476562,0.496,1.776,0.0,0.0,0.0,0.0,113.256,0.0,1.192,1
180,0.0,0.0,0.0,0.0,0.0,0.0,0,0,0.0,0.0,0.0,0.0,0.0,0.0,0.0,0.0063945998006792,0.0083446502685546,0.0069141387939453,0.0069141387939453,0.0,0.013589859008789,0.013589859008789,0.0,0.0,0.0,0.0,0.0,0.0085830688476562,0.0,0.0,0.0085830688476562,0.496,1.776,0.0,0.0,0.0,0.0,113.256,0.0,1.192,1
181,0.0,0.0,0.0,0.0,0.0,0.0,0,0,0.0,0.0,0.0,0.0,0.0,0.0,0.0,0.0063945998006792,0.0083446502685546,0.0078678131103515,0.0078678131103515,0.0063896179199218,0.0066757202148437,0.0066757202148437,0.0081539154052734,0.0124931335449218,0.0,0.0,0.0,0.0085830688476562,0.0,0.0245571136474609,0.0085830688476562,0.496,1.776,0.0,0.0,3.744,4.232,113.256,0.0,1.192,1
182,0.0,0.0,0.0,0.0,0.0,0.0,0,0,0.0,0.0,0.0,0.0,0.0,0.0,0.0,0.0063945998006792,0.0083446502685546,0.0071525573730468,0.0071525573730468,0.0058650970458984,0.0100135803222656,0.0100135803222656,0.0075817108154296,0.011444091796875,0.0,0.0,0.0,0.0085830688476562,0.0,0.0224113464355468,0.0085830688476562,0.496,1.776,0.0,0.0,3.744,4.232,113.256,0.0,1.192,1
183,0.0,0.0,0.0,0.0,0.0,0.0,0,0,0.0,0.0,0.0,0.0,0.0,0.0,0.0,0.0063945998006792,0.0083446502685546,0.00762939453125,0.00762939453125,0.0061511993408203,0.0128746032714843,0.0128746032714843,0.0083684921264648,0.0106573104858398,0.0,0.0,0.0,0.0085830688476562,0.0,0.0249147415161132,0.0085830688476562,0.496,1.776,0.0,0.0,8.264,7.736,113.256,0.0,1.192,1
184,0.0,0.0,0.0,0.0,0.0,0.0,0,0,0.0,0.0,0.0,0.0,0.0,0.0,0.0,0.0063945998006792,0.0083446502685546,0.0085830688476562,0.0085830688476562,0.0,0.0183582305908203,0.0183582305908203,0.0,0.0,0.0,0.0,0.0,0.0085830688476562,0.0,0.0,0.0085830688476562,0.496,1.776,0.0,0.0,0.0,0.0,113.256,0.0,1.192,1
185,0.0,0.0,0.0,0.0,0.0,0.0,0,0,0.0,0.0,0.0,0.0,0.0,0.0,0.0,0.0063945998006792,0.0083446502685546,0.0073909759521484,0.0073909759521484,0.0,0.00762939453125,0.00762939453125,0.0,0.0,0.0,0.0,0.0,0.0085830688476562,0.0,0.0,0.0085830688476562,0.496,1.776,0.0,0.0,0.0,0.0,113.256,0.0,1.192,1
186,0.0,0.0,0.0,0.0,0.0,0.0,0,0,0.0,0.0,0.0,0.0,0.0,0.0,0.0,0.0062581911608947,0.0088214874267578,0.0071525573730468,0.0071525573730468,0.0,0.0106096267700195,0.0118494033813476,0.0,0.0,0.0,0.0,0.0,0.0090599060058593,0.0,0.0,0.0090599060058593,1.344,2.624,0.0,0.0,0.0,0.0,113.256,0.0,1.192,1
187,0.0,0.0,0.0,0.0,0.0,0.0,0,0,0.0,0.0,0.0,0.0,0.0,0.0,0.0,0.0066294598935255,0.0085830688476562,0.0066757202148437,0.0066757202148437,0.0057697296142578,0.0085830688476562,0.0085830688476562,0.0074386596679687,0.0107765197753906,0.0,0.0,0.0,0.0,0.0,0.0207901000976562,0.0,0.496,1.776,0.0,0.0,3.744,4.232,113.256,100.0,0.0,1
188,0.0,0.0,0.0,0.0,0.0,0.0,0,0,0.0,0.0,0.0,0.0,0.0,0.0,0.0,0.0067860332887564,0.0088214874267578,0.0069141387939453,0.0069141387939453,0.0063419342041015,0.0095367431640625,0.0095367431640625,0.00762939453125,0.0107288360595703,0.0,0.0,0.0,0.0,0.0,0.0205039978027343,0.0,0.496,1.776,0.0,0.0,3.744,4.232,113.256,100.0,0.0,1
189,0.0,0.0,0.0,0.0,0.0,0.0,0,0,0.0,0.0,0.0,0.0,0.0,0.0,0.0,0.0067044742143333,0.0085830688476562,0.0066757202148437,0.0066757202148437,0.0063419342041015,0.0081062316894531,0.0081062316894531,0.0083923339843749,0.0104665756225585,0.0,0.0,0.0,0.0,0.0,0.0256299972534179,0.0,0.496,1.776,0.0,0.0,8.264,7.736,111.44,100.0,0.0,1
190,0.0,0.0,0.0,0.0,0.0,0.0,0,0,0.0,0.0,0.0,0.0,0.0,0.0,0.0,0.0066614151000976,0.0083446502685546,0.0078678131103515,0.0078678131103515,0.0,0.0057220458984375,0.0057220458984375,0.0,0.0,0.0,0.0,0.0,0.0,0.0,0.0,0.0,0.496,1.776,0.0,0.0,0.0,0.0,112.0,100.0,0.0,1
191,0.0,0.0,0.0,0.0,0.0,0.0,0,0,0.0,0.0,0.0,0.0,0.0,0.0,0.0,0.0066959857940673,0.0083446502685546,0.0083446502685546,0.0083446502685546,0.0,0.013589859008789,0.013589859008789,0.0,0.0,0.0,0.0,0.0,0.0,0.0,0.0,0.0,0.496,1.776,0.0,0.0,0.0,0.0,112.0,100.0,0.0,1
192,0.0,0.0,0.0,0.0,0.0,0.0,0,0,0.0,0.0,0.0,0.0,0.0,0.0,0.0,0.0065815448760986,0.0083446502685546,0.0085830688476562,0.0085830688476562,0.0,0.009775161743164,0.009775161743164,0.0,0.0,0.0,0.0,0.0,0.0,0.0,0.0,0.0,0.496,1.776,0.0,0.0,0.0,0.0,112.0,100.0,0.0,1
193,0.0,0.0,0.0,0.0,0.0,0.0,0,0,0.0,0.0,0.0,0.0,0.0,0.0,0.0,0.006793737411499,0.0088214874267578,0.0121593475341796,0.0121593475341796,0.0054836273193359,0.009775161743164,0.009775161743164,0.0065326690673828,0.010538101196289,0.0,0.0,0.0,0.0,0.0,0.020599365234375,0.0,0.496,1.776,0.0,0.0,3.744,4.232,112.0,100.0,0.0,1
194,0.0,0.0,0.0,0.0,0.0,0.0,0,0,0.0,0.0,0.0,0.0,0.0,0.0,0.0,0.0064100199077852,0.0085830688476562,0.0085830688476562,0.0085830688476562,0.0061988830566406,0.0193119049072265,0.0193119049072265,0.0082969665527343,0.0112056732177734,0.0,0.0,0.0,0.0,0.0,0.0214099884033203,0.0,0.496,1.776,0.0,0.0,3.744,4.232,113.256,100.0,0.0,1
195,0.0,0.0,0.0,0.0,0.0,0.0,0,0,0.0,0.0,0.0,0.0,0.0,0.0,0.0,0.0064622110395289,0.0090599060058593,0.0061988830566406,0.0061988830566406,0.006413459777832,0.0066757202148437,0.0066757202148437,0.0091075897216796,0.0107526779174804,0.0,0.0,0.0,0.0071525573730468,0.0,0.0257492065429687,0.0071525573730468,0.496,1.776,0.0,0.0,8.264,7.736,113.256,0.0,1.192,1
196,0.0,0.0,0.0,0.0,0.0,0.0,0,0,0.0,0.0,0.0,0.0,0.0,0.0,0.0,0.0064622110395289,0.0090599060058593,0.0073909759521484,0.0073909759521484,0.0,0.00762939453125,0.00762939453125,0.0,0.0,0.0,0.0,0.0,0.0071525573730468,0.0,0.0,0.0071525573730468,0.496,1.776,0.0,0.0,0.0,0.0,113.256,0.0,1.192,1
197,0.0,0.0,0.0,0.0,0.0,0.0,0,0,0.0,0.0,0.0,0.0,0.0,0.0,0.0,0.0064622110395289,0.0090599060058593,0.0069141387939453,0.0069141387939453,0.0,0.009775161743164,0.009775161743164,0.0,0.0,0.0123977661132812,0.0121593475341796,0.0165939331054687,0.0071525573730468,0.0152111053466796,0.0,0.0071525573730468,0.496,1.776,1.696,1.696,0.0,0.0,113.256,0.0,1.192,1
198,0.0,0.0,0.0,0.0,0.0,0.0,0,0,0.0,0.0,0.0,0.0,0.0,0.0,0.0,0.0064622110395289,0.0090599060058593,0.009775161743164,0.009775161743164,0.0,0.0069141387939453,0.0069141387939453,0.0,0.0,0.0,0.0,0.0,0.0071525573730468,0.0,0.0,0.0071525573730468,0.496,1.776,0.0,0.0,0.0,0.0,113.256,0.0,1.192,1
199,0.0,0.0,0.0,0.0,0.0,0.0,0,0,0.0,0.0,0.0,0.0,0.0,0.0,0.0,0.0064622110395289,0.0090599060058593,0.0092983245849609,0.0092983245849609,0.0065803527832031,0.0047683715820312,0.0047683715820312,0.008249282836914,0.0111579895019531,0.0,0.0,0.0,0.0071525573730468,0.0,0.0208854675292968,0.0071525573730468,0.496,1.776,0.0,0.0,3.744,4.232,113.256,0.0,1.192,1
200,0.0,0.0,0.0,0.0,0.0,0.0,0,0,0.0,0.0,0.0,0.0,0.0,0.0,0.0,0.0064622110395289,0.0090599060058593,0.0069141387939453,0.0069141387939453,0.0060081481933593,0.005960464477539,0.005960464477539,0.0077724456787109,0.011301040649414,0.0,0.0,0.0,0.0071525573730468,0.0,0.0216484069824218,0.0071525573730468,0.496,1.776,0.0,0.0,3.744,4.232,113.256,0.0,1.192,1
201,0.0,0.0,0.0,0.0,0.0,0.0,0,0,0.0,0.0,0.0,0.0,0.0,0.0,0.0,0.0064622110395289,0.0090599060058593,0.0071525573730468,0.0071525573730468,0.006270408630371,0.0092983245849609,0.0092983245849609,0.0084161758422851,0.0112056732177734,0.0,0.0,0.0,0.0071525573730468,0.0,0.025796890258789,0.0071525573730468,0.496,1.776,0.0,0.0,8.264,7.736,113.256,0.0,1.192,1
202,0.0,0.0,0.0,0.0,0.0,0.0,0,0,0.0,0.0,0.0,0.0,0.0,0.0,0.0,0.0064622110395289,0.0090599060058593,0.0071525573730468,0.0071525573730468,0.0,0.00762939453125,0.00762939453125,0.0,0.0,0.0,0.0,0.0,0.0071525573730468,0.0,0.0,0.0071525573730468,0.496,1.776,0.0,0.0,0.0,0.0,113.256,0.0,1.192,1
203,0.0,0.0,0.0,0.0,0.0,0.0,0,0,0.0,0.0,0.0,0.0,0.0,0.0,0.0,0.0064622110395289,0.0090599060058593,0.0095367431640625,0.0095367431640625,0.0068119594029017,0.0104904174804687,0.0104904174804687,0.0095844268798828,0.011146068572998,0.0,0.0,0.0,0.0071525573730468,0.0,0.0263452529907226,0.0071525573730468,0.496,1.776,0.0,0.0,11.304,10.784,113.256,0.0,1.192,1
204,0.0,0.0,0.0,0.0,0.0,0.0,0,0,0.0,0.0,0.0,0.0,0.0,0.0,0.0,0.0064622110395289,0.0090599060058593,0.0073909759521484,0.0073909759521484,0.0,0.0095367431640625,0.0095367431640625,0.0,0.0,0.0,0.0,0.0,0.0071525573730468,0.0,0.0,0.0071525573730468,0.496,1.776,0.0,0.0,0.0,0.0,113.256,0.0,1.192,1
205,0.0,0.0,0.0,0.0,0.0,0.0,0,0,0.0,0.0,0.0,0.0,0.0,0.0,0.0,0.0064622110395289,0.0090599060058593,0.0092983245849609,0.0092983245849609,0.005960464477539,0.0107288360595703,0.0107288360595703,0.007486343383789,0.0112056732177734,0.0,0.0,0.0,0.0071525573730468,0.0,0.0211238861083984,0.0071525573730468,0.496,1.776,0.0,0.0,3.744,4.232,113.256,0.0,1.192,1
206,0.0,0.0,0.0,0.0,0.0,0.0,0,0,0.0,0.0,0.0,0.0,0.0,0.0,0.0,0.0064622110395289,0.0090599060058593,0.0069141387939453,0.0069141387939453,0.0057697296142578,0.0085830688476562,0.0085830688476562,0.007486343383789,0.0116348266601562,0.0,0.0,0.0,0.0071525573730468,0.0,0.0220775604248046,0.0071525573730468,0.496,1.776,0.0,0.0,3.744,4.232,113.256,0.0,1.192,1
207,0.0,0.0,0.0,0.0,0.0,0.0,0,0,0.0,0.0,0.0,0.0,0.0,0.0,0.0,0.0064622110395289,0.0090599060058593,0.0078678131103515,0.0078678131103515,0.0061750411987304,0.009775161743164,0.009775161743164,0.0081777572631835,0.0112295150756835,0.0,0.0,0.0,0.0071525573730468,0.0,0.0277280807495117,0.0071525573730468,0.496,1.776,0.0,0.0,8.264,7.736,113.256,0.0,1.192,1
208,0.0,0.0,0.0,0.0,0.0,0.0,0,0,0.0,0.0,0.0,0.0,0.0,0.0,0.0,0.0064622110395289,0.0090599060058593,0.0100135803222656,0.0100135803222656,0.0,0.0073909759521484,0.0073909759521484,0.0,0.0,0.0,0.0,0.0,0.0071525573730468,0.0,0.0,0.0071525573730468,0.496,1.776,0.0,0.0,0.0,0.0,113.256,0.0,1.192,1
209,0.0,0.0,0.0,0.0,0.0,0.0,0,0,0.0,0.0,0.0,0.0,0.0,0.0,0.0,0.0064622110395289,0.0090599060058593,0.0071525573730468,0.0071525573730468,0.0,0.0143051147460937,0.0143051147460937,0.0,0.0,0.0,0.0,0.0,0.0071525573730468,0.0,0.0,0.0071525573730468,0.496,1.776,0.0,0.0,0.0,0.0,113.256,0.0,1.192,1
210,0.0,0.0,0.0,0.0,0.0,0.0,0,0,0.0,0.0,0.0,0.0,0.0,0.0,0.0,0.0064622110395289,0.0090599060058593,0.0078678131103515,0.0078678131103515,0.0,0.0085830688476562,0.0085830688476562,0.0,0.0,0.0,0.0,0.0,0.0071525573730468,0.0,0.0,0.0071525573730468,0.496,1.776,0.0,0.0,0.0,0.0,113.256,0.0,1.192,1
211,0.0,0.0,0.0,0.0,0.0,0.0,0,0,0.0,0.0,0.0,0.0,0.0,0.0,0.0,0.0064622110395289,0.0090599060058593,0.0078678131103515,0.0078678131103515,0.0061988830566406,0.0078678131103515,0.0078678131103515,0.0080585479736328,0.0115394592285156,0.0,0.0,0.0,0.0071525573730468,0.0,0.0218391418457031,0.0071525573730468,0.496,1.776,0.0,0.0,3.744,4.232,113.256,0.0,1.192,1
212,0.0,0.0,0.0,0.0,0.0,0.0,0,0,0.0,0.0,0.0,0.0,0.0,0.0,0.0,0.0064622110395289,0.0090599060058593,0.00762939453125,0.00762939453125,0.0064849853515625,0.0057220458984375,0.0057220458984375,0.0084877014160156,0.0111579895019531,0.0,0.0,0.0,0.0071525573730468,0.0,0.0209331512451171,0.0071525573730468,0.496,1.776,0.0,0.0,3.744,4.232,113.256,0.0,1.192,1
213,0.0,0.0,0.0,0.0,0.0,0.0,0,0,0.0,0.0,0.0,0.0,0.0,0.0,0.0,0.0064622110395289,0.0090599060058593,0.0069141387939453,0.0069141387939453,0.006103515625,0.0057220458984375,0.0057220458984375,0.0082015991210937,0.0110864639282226,0.0,0.0,0.0,0.0071525573730468,0.0,0.0262975692749023,0.0071525573730468,0.496,1.776,0.0,0.0,8.264,7.736,113.256,0.0,1.192,1
214,0.0,0.0,0.0,0.0,0.0,0.0,0,0,0.0,0.0,0.0,0.0,0.0,0.0,0.0,0.0064622110395289,0.0090599060058593,0.0073909759521484,0.0073909759521484,0.0,0.0069141387939453,0.0069141387939453,0.0,0.0,0.0,0.0,0.0,0.0071525573730468,0.0,0.0,0.0071525573730468,0.496,1.776,0.0,0.0,0.0,0.0,113.256,0.0,1.192,1
215,0.0,0.0,0.0,0.0,0.0,0.0,0,0,0.0,0.0,0.0,0.0,0.0,0.0,0.0,0.0064622110395289,0.0090599060058593,0.0073909759521484,0.0073909759521484,0.0,0.013589859008789,0.013589859008789,0.0,0.0,0.0,0.0,0.0,0.0071525573730468,0.0,0.0,0.0071525573730468,0.496,1.776,0.0,0.0,0.0,0.0,113.256,0.0,1.192,1
216,0.0,0.0,0.0,0.0,0.0,0.0,0,0,0.0,0.0,0.0,0.0,0.0,0.0,0.0,0.0064622110395289,0.0090599060058593,0.0069141387939453,0.0069141387939453,0.0,0.0107288360595703,0.0107288360595703,0.0,0.0,0.0,0.0,0.0,0.0071525573730468,0.0,0.0,0.0071525573730468,0.496,1.776,0.0,0.0,0.0,0.0,113.256,0.0,1.192,1
217,0.0,0.0,0.0,0.0,0.0,0.0,0,0,0.0,0.0,0.0,0.0,0.0,0.0,0.0,0.0064622110395289,0.0090599060058593,0.0066757202148437,0.0057220458984375,0.0061988830566406,0.010848045349121,0.0113248825073242,0.0080585479736328,0.0115394592285156,0.0,0.0,0.0,0.0071525573730468,0.0,0.022125244140625,0.0071525573730468,1.344,2.624,0.0,0.0,3.744,4.232,113.256,0.0,1.192,1
218,0.0,0.0,0.0,0.0,0.0,0.0,0,0,0.0,0.0,0.0,0.0,0.0,0.0,0.0,0.0064622110395289,0.0090599060058593,0.0061988830566406,0.0061988830566406,0.0061988830566406,0.0083446502685546,0.0083446502685546,0.0081062316894531,0.0113964080810546,0.0,0.0,0.0,0.0071525573730468,0.0,0.0219345092773437,0.0071525573730468,0.496,1.776,0.0,0.0,3.744,4.232,113.256,0.0,1.192,1
219,0.0,0.0,0.0,0.0,0.0,0.0,0,0,0.0,0.0,0.0,0.0,0.0,0.0,0.0,0.0064622110395289,0.0090599060058593,0.0064373016357421,0.0064373016357421,0.0061511993408203,0.009775161743164,0.009775161743164,0.008392333984375,0.0108718872070312,0.0,0.0,0.0,0.0071525573730468,0.0,0.0269651412963867,0.0071525573730468,0.496,1.776,0.0,0.0,8.264,7.736,113.256,0.0,1.192,1
220,0.0,0.0,0.0,0.0,0.0,0.0,0,0,0.0,0.0,0.0,0.0,0.0,0.0,0.0,0.0064622110395289,0.0090599060058593,0.00762939453125,0.00762939453125,0.0,0.0085830688476562,0.0085830688476562,0.0,0.0,0.0,0.0,0.0,0.0071525573730468,0.0,0.0,0.0071525573730468,0.496,1.776,0.0,0.0,0.0,0.0,113.256,0.0,1.192,1
