time_seconds,a1_retransmissions_ul_count,a1_retransmissions_dl_count,a1_packet_loss_ul_percentage,a1_packet_loss_dl_percentage,e2_du_packet_loss_ul_percentage,e2_du_packet_loss_dl_percentage,e2_du_retransmissions_ul_count,e2_du_retransmissions_dl_count,f1_c_packet_loss_dl_percentage,f1_c_packet_loss_ul_percentage,f1_c_retransmissions_dl_count,f1_c_retransmissions_ul_count,f1_u_retransmissions_dl_count,f1_u_retransmissions_ul_count,f1_u_packet_loss_ul_percentage,f1_u_latency_mean_ul_ms,f1_u_latency_p90_ul_ms,e2_du_latency_p90_ul_ms,e2_du_latency_mean_ul_ms,e2_du_latency_mean_dl_ms,e2_du_latency_p90_dl_ms,f1_c_latency_mean_dl_ms,a1_latency_mean_ul_ms,f1_c_latency_mean_ul_ms,f1_c_latency_p90_ul_ms,f1_c_latency_p90_dl_ms,a1_latency_p90_ul_ms,a1_latency_mean_dl_ms,a1_latency_p90_dl_ms,f1_u_latency_mean_dl_ms,f1_u_latency_p90_dl_ms,e2_du_throughput_dl_kbps,e2_du_throughput_ul_kbps,f1_c_throughput_dl_kbps,f1_c_throughput_ul_kbps,a1_throughput_ul_kbps,a1_throughput_dl_kbps,f1_u_throughput_ul_kbps,f1_u_packet_loss_dl_percentage,f1_u_throughput_dl_kbps,F-node
0,0.0,0.0,0.0,0.0,0.0,0.0,0,0,0.0,0.0,0.0,0.0,0.0,0.0,0.0,0.0062949449113271,0.0088214874267578,0.013589859008789,0.013589859008789,0.0164508819580078,0.0164508819580078,0.0083446502685546,0.0062056950160435,0.0088214874267578,0.0088214874267578,0.0083446502685546,0.0087261199951171,0.0097138541085379,0.0195503234863281,0.0040562529312936,0.0045299530029296,0.496,1.36,0.848,0.848,27.344,25.152,143.152,0.0,1587.904,0
1,0.0,0.0,0.0,0.0,0.0,0.0,0,0,0.0,0.0,0.0,0.0,0.0,0.0,0.0,0.0064575672149658,0.0090599060058593,0.0078678131103515,0.0078678131103515,0.0085830688476562,0.0085830688476562,0.0083446502685546,0.0062056950160435,0.0088214874267578,0.0088214874267578,0.0083446502685546,0.0087261199951171,0.0097138541085379,0.0195503234863281,0.004045298842133,0.0047683715820312,0.496,1.424,0.848,0.848,27.344,25.152,112.0,0.0,1940.248,0
2,0.0,0.0,0.0,0.0,0.0,0.0,0,0,0.0,0.0,0.0,0.0,0.0,0.0,0.0,0.0063443183898925,0.0086069107055664,0.0071525573730468,0.0071525573730468,0.0069141387939453,0.0069141387939453,0.0083446502685546,0.0,0.0088214874267578,0.0088214874267578,0.0083446502685546,0.0,0.0,0.0,0.0,0.0,0.496,1.392,0.848,0.848,0.0,0.0,112.0,0.0,0.0,0
3,0.0,0.0,0.0,0.0,0.0,0.0,0,0,0.0,0.0,0.0,0.0,0.0,0.0,0.0,0.0060838253343876,0.0081062316894531,0.0071525573730468,0.0071525573730468,0.0081062316894531,0.0081062316894531,0.0083446502685546,0.0069618225097656,0.0088214874267578,0.0088214874267578,0.0083446502685546,0.0107526779174804,0.0120162963867187,0.0306367874145507,0.0050067901611328,0.0050067901611328,0.496,1.36,0.848,0.848,7.736,8.264,113.256,0.0,1.192,0
4,0.0,0.0,0.0,0.0,0.0,0.0,0,0,0.0,0.0,0.0,0.0,0.0,0.0,0.0,0.0060814530102174,0.0081062316894531,0.0073909759521484,0.0073909759521484,0.0107288360595703,0.0107288360595703,0.0083446502685546,0.0060558319091796,0.0088214874267578,0.0088214874267578,0.0083446502685546,0.007939338684082,0.0108003616333007,0.0251054763793945,0.00762939453125,0.00762939453125,0.496,1.36,0.848,0.848,7.736,8.264,113.256,0.0,1.192,0
5,0.0,0.0,0.0,0.0,0.0,0.0,0,0,0.0,0.0,0.0,0.0,0.0,0.0,0.0,0.0060209587438782,0.0081062316894531,0.0069141387939453,0.0069141387939453,0.0083446502685546,0.0083446502685546,0.0083446502685546,0.0,0.0088214874267578,0.0088214874267578,0.0083446502685546,0.0,0.0,0.0,0.0050067901611328,0.0050067901611328,0.496,1.36,0.848,0.848,0.0,0.0,113.256,0.0,1.192,0
6,0.0,0.0,0.0,0.0,0.0,0.0,0,0,0.0,0.0,0.0,0.0,0.0,0.0,0.0,0.0060975551605224,0.0081062316894531,0.0069141387939453,0.0069141387939453,0.0133514404296875,0.0133514404296875,0.0083446502685546,0.0,0.0088214874267578,0.0088214874267578,0.0083446502685546,0.0,0.0,0.0,0.0,0.0,0.496,1.36,0.848,0.848,0.0,0.0,112.0,0.0,0.0,0
7,0.0,0.0,0.0,0.0,0.0,0.0,0,0,0.0,0.0,0.0,0.0,0.0,0.0,0.0,0.0060760974884033,0.0078678131103515,0.0107288360595703,0.0107288360595703,0.00762939453125,0.00762939453125,0.0083446502685546,0.0058650970458984,0.0088214874267578,0.0088214874267578,0.0083446502685546,0.007486343383789,0.0110626220703125,0.0206947326660156,0.0,0.0,0.496,1.36,0.848,0.848,4.232,3.744,112.0,0.0,0.0,0
8,0.0,0.0,0.0,0.0,0.0,0.0,0,0,0.0,0.0,0.0,0.0,0.0,0.0,0.0,0.0060808658599853,0.0085830688476562,0.0073909759521484,0.0073909759521484,0.0083446502685546,0.0083446502685546,0.0083446502685546,0.0062465667724609,0.0088214874267578,0.0088214874267578,0.0083446502685546,0.0081062316894531,0.0104665756225585,0.0277042388916015,0.0,0.0,0.496,1.36,0.848,0.848,8.464,7.488,112.0,0.0,0.0,0
9,0.0,0.0,0.0,0.0,0.0,0.0,0,0,0.0,0.0,0.0,0.0,0.0,0.0,0.0,0.0060951709747314,0.0078678131103515,0.0066757202148437,0.0066757202148437,0.0107288360595703,0.0107288360595703,0.0083446502685546,0.0063419342041015,0.0088214874267578,0.0088214874267578,0.0083446502685546,0.0085353851318359,0.0110785166422526,0.0283241271972656,0.0,0.0,0.496,1.36,0.848,0.848,11.968,12.008,112.0,0.0,0.0,0
10,0.0,0.0,0.0,0.0,0.0,0.0,0,0,0.0,0.0,0.0,0.0,0.0,0.0,0.0,0.0060553574443456,0.0081062316894531,0.0078678131103515,0.0078678131103515,0.0116825103759765,0.0116825103759765,0.0047683715820312,0.0061988830566406,0.0128746032714843,0.0128746032714843,0.0047683715820312,0.0081300735473632,0.0103712081909179,0.025796890258789,0.0083446502685546,0.0083446502685546,0.496,1.36,0.848,0.848,7.736,8.264,113.256,0.0,1.192,0
11,0.0,0.0,0.0,0.0,0.0,0.0,0,0,0.0,0.0,0.0,0.0,0.0,0.0,0.0,0.0061644843561732,0.0085830688476562,0.0073909759521484,0.0073909759521484,0.0078678131103515,0.0078678131103515,0.0,0.0,0.0,0.0,0.0,0.0,0.0,0.0,0.0081062316894531,0.0081062316894531,0.496,1.36,0.0,0.0,0.0,0.0,113.256,0.0,1.192,0
12,0.0,0.0,0.0,0.0,0.0,0.0,0,0,0.0,0.0,0.0,0.0,0.0,0.0,0.0,0.0060150279334528,0.0081062316894531,0.0073909759521484,0.0073909759521484,0.00762939453125,0.00762939453125,0.0,0.0,0.0,0.0,0.0,0.0,0.0,0.0,0.005960464477539,0.005960464477539,0.496,1.36,0.0,0.0,0.0,0.0,113.256,0.0,1.192,0
13,0.0,0.0,0.0,0.0,0.0,0.0,0,0,0.0,0.0,0.0,0.0,0.0,0.0,0.0,0.0059890747070312,0.0078678131103515,0.0073909759521484,0.0073909759521484,0.0119209289550781,0.0119209289550781,0.0,0.0059127807617187,0.0,0.0,0.0,0.0076770782470703,0.009918212890625,0.0185489654541015,0.0,0.0,0.496,1.36,0.0,0.0,4.232,3.744,112.0,0.0,0.0,0
14,0.0,0.0,0.0,0.0,0.0,0.0,0,0,0.0,0.0,0.0,0.0,0.0,0.0,0.0,0.0061488151550292,0.0078916549682617,0.0073909759521484,0.0073909759521484,0.0081062316894531,0.0081062316894531,0.0,0.0057935714721679,0.0,0.0,0.0,0.0077247619628906,0.01068115234375,0.0277280807495117,0.0,0.0,0.496,1.36,0.0,0.0,8.464,7.488,112.0,0.0,0.0,0
15,0.0,0.0,0.0,0.0,0.0,0.0,0,0,0.0,0.0,0.0,0.0,0.0,0.0,0.0,0.0060641765594482,0.0078678131103515,0.0092983245849609,0.0092983245849609,0.0064373016357421,0.0064373016357421,0.0,0.005756105695452,0.0,0.0,0.0,0.0074386596679687,0.0107288360595703,0.0270605087280273,0.0,0.0,0.496,1.36,0.0,0.0,11.44,12.536,112.0,0.0,0.0,0
16,0.0,0.0,0.0,0.0,0.0,0.0,0,0,0.0,0.0,0.0,0.0,0.0,0.0,0.0,0.0060582160949707,0.0083446502685546,0.0085830688476562,0.0085830688476562,0.009775161743164,0.009775161743164,0.0,0.0061511993408203,0.0,0.0,0.0,0.0081062316894531,0.0102996826171875,0.025486946105957,0.0,0.0,0.496,1.36,0.0,0.0,7.736,8.264,112.0,0.0,0.0,0
17,0.0,0.0,0.0,0.0,0.0,0.0,0,0,0.0,0.0,0.0,0.0,0.0,0.0,0.0,0.0063091961305532,0.0083446502685546,0.0071525573730468,0.0071525573730468,0.0085830688476562,0.0085830688476562,0.0,0.0,0.0,0.0,0.0,0.0,0.0,0.0,0.0066757202148437,0.0066757202148437,0.496,1.36,0.0,0.0,0.0,0.0,113.256,0.0,1.192,0
18,0.0,0.0,0.0,0.0,0.0,0.0,0,0,0.0,0.0,0.0,0.0,0.0,0.0,0.0,0.0060123972373433,0.0078439712524414,0.00762939453125,0.00762939453125,0.011444091796875,0.011444091796875,0.0,0.0,0.0,0.0,0.0,0.0,0.0,0.0,0.0077088673909505,0.0098228454589843,0.496,1.36,0.0,0.0,0.0,0.0,118.448,0.0,16.088,0
19,0.0,0.0,0.0,0.0,0.0,0.0,0,0,0.0,0.0,0.0,0.0,0.0,0.0,0.0,0.0061419472765566,0.0083446502685546,0.0100135803222656,0.0100135803222656,0.0123977661132812,0.0123977661132812,0.0,0.0058174133300781,0.0,0.0,0.0,0.0072956085205078,0.0108242034912109,0.0209808349609375,0.0061988830566406,0.0061988830566406,0.496,1.424,0.0,0.0,4.232,3.744,113.256,0.0,1.192,0
20,0.0,0.0,0.0,0.0,0.0,0.0,0,0,0.0,0.0,0.0,0.0,0.0,0.0,0.0,0.0063933215095001,0.0085830688476562,0.0069141387939453,0.0069141387939453,0.0088214874267578,0.0088214874267578,0.0,0.0063180923461914,0.0,0.0,0.0,0.0086545944213867,0.0107765197753906,0.0272750854492187,0.0039925942054161,0.0047683715820312,0.496,1.424,0.0,0.0,8.464,7.488,134.416,0.0,4081.824,0
21,0.0,0.0,0.0,0.0,0.0,0.0,0,0,0.0,0.0,0.0,0.0,0.0,0.0,0.0,0.0064467909324228,0.0083446502685546,0.0107288360595703,0.0107288360595703,0.0083446502685546,0.0083446502685546,0.0,0.0063180923461914,0.0,0.0,0.0,0.0086784362792968,0.0108182430267333,0.026106834411621,0.0043291794626336,0.0050067901611328,0.496,1.424,0.0,0.0,11.44,12.536,114.84,0.0,460.56,0
22,0.0,0.0,0.0,0.0,0.0,0.0,0,0,0.0,0.0,0.0,0.0,0.0,0.0,0.0,0.0064811896328902,0.0083446502685546,0.0081062316894531,0.0081062316894531,0.009775161743164,0.009775161743164,0.0,0.0066757202148437,0.0,0.0,0.0,0.0092029571533203,0.0110149383544921,0.0214576721191406,0.004051935554731,0.0050067901611328,0.496,1.424,0.0,0.0,4.232,3.744,117.192,0.0,2028.992,0
23,0.0,0.0,0.0,0.0,0.0,0.0,0,0,0.0,0.0,0.0,0.0,0.0,0.0,0.0,0.0060090971230274,0.0081062316894531,0.0069141387939453,0.0069141387939453,0.0107288360595703,0.0107288360595703,0.0,0.0061511993408203,0.0,0.0,0.0,0.0080108642578125,0.0108718872070312,0.0201702117919921,0.0051950153551603,0.0062942504882812,0.496,1.424,0.0,0.0,3.504,4.52,114.76,0.0,52.296,0
24,0.0,0.0,0.0,0.0,0.0,0.0,0,0,0.0,0.0,0.0,0.0,0.0,0.0,0.0,0.0062201282765605,0.0083446502685546,0.0066757202148437,0.0066757202148437,0.019073486328125,0.019073486328125,0.0,0.0,0.0,0.0,0.0,0.0,0.0,0.0,0.0053942203521728,0.0064849853515625,0.496,1.424,0.0,0.0,0.0,0.0,118.448,0.0,31.28,0
25,0.0,0.0,0.0,0.0,0.0,0.0,0,0,0.0,0.0,0.0,0.0,0.0,0.0,0.0,0.0063475995960802,0.008559226989746,0.0064373016357421,0.0064373016357421,0.0095367431640625,0.0095367431640625,0.0,0.0057220458984375,0.0,0.0,0.0,0.0071525573730468,0.0104427337646484,0.0201225280761718,0.0041058430304894,0.0050067901611328,0.496,1.424,0.0,0.0,4.232,3.744,116.368,0.0,1075.36,0
26,0.0,0.0,0.0,0.0,0.0,0.0,0,0,0.0,0.0,0.0,0.0,0.0,0.0,0.0,0.0063889097459245,0.0088214874267578,0.0073909759521484,0.0073909759521484,0.0116825103759765,0.0116825103759765,0.0,0.0064849853515625,0.0,0.0,0.0,0.0079631805419921,0.0118255615234375,0.0221729278564453,0.0040207879017975,0.0050067901611328,0.496,1.424,0.0,0.0,4.232,3.744,118.448,0.0,3105.72,0
27,0.0,0.0,0.0,0.0,0.0,0.0,0,0,0.0,0.0,0.0,0.0,0.0,0.0,0.0,0.006256103515625,0.0085830688476562,0.00762939453125,0.00762939453125,0.0088214874267578,0.0088214874267578,0.0,0.0061137335641043,0.0,0.0,0.0,0.0086069107055664,0.0103116035461425,0.0262260437011718,0.0,0.0,0.496,1.424,0.0,0.0,11.44,12.536,112.0,0.0,0.0,0
28,0.0,0.0,0.0,0.0,0.0,0.0,0,0,0.0,0.0,0.0,0.0,0.0,0.0,0.0,0.0061729166767384,0.0087976455688476,0.006270408630371,0.0056028366088867,0.0092983245849609,0.0112056732177734,0.0,0.0064849853515625,0.0,0.0,0.0,0.0080585479736328,0.0112533569335937,0.022125244140625,0.0043012657944036,0.0057220458984375,1.344,2.272,0.0,0.0,4.232,3.744,118.32,0.0,479.624,0
29,0.0,0.0,0.0,0.0,0.0,0.0,0,0,0.0,0.0,0.0,0.0,0.0,0.0,0.0,0.0064918650916559,0.0088214874267578,0.0092983245849609,0.0092983245849609,0.0100135803222656,0.0100135803222656,0.0,0.0060796737670898,0.0,0.0,0.0,0.0081777572631835,0.0104665756225585,0.0257253646850585,0.0038786119464423,0.0045299530029296,0.496,1.424,0.0,0.0,7.736,8.264,117.192,0.0,12592.928,0
30,0.0,0.0,0.0,0.0,0.0,0.0,0,0,0.0,0.0,0.0,0.0,0.0,0.0,0.0,0.0065428700613145,0.0090599060058593,0.0083446502685546,0.0083446502685546,0.0078678131103515,0.0078678131103515,0.0,0.0,0.0,0.0,0.0,0.0,0.0,0.0,0.0042883973372609,0.0056028366088867,0.496,1.424,0.0,0.0,0.0,0.0,117.192,0.0,680.32,0
31,0.0,0.0,0.0,0.0,0.0,0.0,0,0,0.0,0.0,0.0,0.0,0.0,0.0,0.0,0.006035566329956,0.0078678131103515,0.00762939453125,0.00762939453125,0.0119209289550781,0.0119209289550781,0.0,0.0059127807617187,0.0,0.0,0.0,0.0072956085205078,0.0115871429443359,0.0220775604248046,0.0,0.0,0.496,1.392,0.0,0.0,4.232,3.744,112.0,0.0,0.0,0
32,0.0,0.0,0.0,0.0,0.0,0.0,0,0,0.0,0.0,0.0,0.0,0.0,0.0,0.0,0.0062951900688885,0.0085830688476562,0.0069141387939453,0.0069141387939453,0.00762939453125,0.00762939453125,0.0,0.0071525573730468,0.0,0.0,0.0,0.0097274780273437,0.010538101196289,0.01983642578125,0.003894855236185,0.0045299530029296,0.496,1.392,0.0,0.0,4.232,3.744,123.64,0.0,1299.424,0
33,0.0,0.0,0.0,0.0,0.0,0.0,0,0,0.0,0.0,0.0,0.0,0.0,0.0,0.0,0.0063511404660668,0.0085830688476562,0.0066757202148437,0.0066757202148437,0.0126361846923828,0.0126361846923828,0.0,0.005960464477539,0.0,0.0,0.0,0.008249282836914,0.01068115234375,0.0262737274169921,0.0040402283539643,0.0050067901611328,0.496,1.424,0.0,0.0,11.968,12.008,117.12,0.0,1913.144,0
34,0.0,0.0,0.0,0.0,0.0,0.0,0,0,0.0,0.0,0.0,0.0,0.0,0.0,0.0,0.0068232564642877,0.0090599060058593,0.0090599060058593,0.0090599060058593,0.0193119049072265,0.0193119049072265,0.0,0.0067710876464843,0.0,0.0,0.0,0.0092029571533203,0.0113487243652343,0.0208854675292968,0.0039199103227993,0.0045299530029296,0.496,1.424,0.0,0.0,4.232,3.744,117.12,0.0,10573.856,0
35,0.0,0.0,0.0,0.0,0.0,0.0,0,0,0.0,0.0,0.0,0.0,0.0,0.0,0.0,0.0066472523248017,0.0088214874267578,0.0083446502685546,0.0083446502685546,0.0081062316894531,0.0081062316894531,0.0,0.0066280364990234,0.0,0.0,0.0,0.0091791152954101,0.0105857849121093,0.0265836715698242,0.0043769677480061,0.0050306320190429,0.496,1.424,0.0,0.0,7.736,8.264,117.192,0.0,895.584,0
36,0.0,0.0,0.0,0.0,0.0,0.0,0,0,0.0,0.0,0.0,0.0,0.0,0.0,0.0,0.0066578388214111,0.0081300735473632,0.0088214874267578,0.0088214874267578,0.0126361846923828,0.0126361846923828,0.0,0.0,0.0,0.0,0.0,0.0,0.0,0.0,0.004479225645674,0.0058174133300781,0.496,1.424,0.0,0.0,0.0,0.0,116.632,0.0,363.384,0
37,0.0,0.0,0.0,0.0,0.0,0.0,0,0,0.0,0.0,0.0,0.0,0.0,0.0,0.0,0.0071086693758988,0.0100135803222656,0.0107288360595703,0.0107288360595703,0.0104904174804687,0.0104904174804687,0.0,0.0058174133300781,0.0,0.0,0.0,0.0074386596679687,0.0107765197753906,0.0209331512451171,0.0038983377798125,0.0045299530029296,0.496,1.424,0.0,0.0,4.232,3.744,115.16,0.0,17721.544,0
38,0.0,0.0,0.0,0.0,0.0,0.0,0,0,0.0,0.0,0.0,0.0,0.0,0.0,0.0,0.0060933146310682,0.0081062316894531,0.0078678131103515,0.0078678131103515,0.0126361846923828,0.0126361846923828,0.0,0.0058174133300781,0.0,0.0,0.0,0.0072479248046875,0.010538101196289,0.0199794769287109,0.0046766721285306,0.0059127807617187,0.496,1.424,0.0,0.0,4.232,3.744,115.16,0.0,96.936,0
39,0.0,0.0,0.0,0.0,0.0,0.0,0,0,0.0,0.0,0.0,0.0,0.0,0.0,0.0,0.0060206592673122,0.0080823898315429,0.0078678131103515,0.0078678131103515,0.0088214874267578,0.0088214874267578,0.0,0.0063101450602213,0.0,0.0,0.0,0.0083446502685546,0.010840098063151,0.026559829711914,0.0041806420614553,0.0050067901611328,0.496,1.392,0.0,0.0,11.968,12.008,118.448,0.0,1192.44,0
40,0.0,0.0,0.0,0.0,0.0,0.0,0,0,0.0,0.0,0.0,0.0,0.0,0.0,0.0,0.0061882604466806,0.008559226989746,0.0081062316894531,0.0081062316894531,0.0061988830566406,0.0061988830566406,0.0,0.0058650970458984,0.0,0.0,0.0,0.0073432922363281,0.0102996826171875,0.0194072723388671,0.0047683715820312,0.0054836273193359,0.496,1.424,0.0,0.0,4.232,3.744,116.736,0.0,21.872,0
41,0.0,0.0,0.0,0.0,0.0,0.0,0,0,0.0,0.0,0.0,0.0,0.0,0.0,0.0,0.0061811787067073,0.0083446502685546,0.0081062316894531,0.0081062316894531,0.0116825103759765,0.0116825103759765,0.0066757202148437,0.006103515625,0.0079870223999023,0.0105619430541992,0.0074386596679687,0.0081300735473632,0.0103712081909179,0.0241518020629882,0.0041649404880219,0.0052452087402343,0.496,1.424,1.696,1.696,7.736,8.264,115.552,0.0,1245.976,0
42,0.0,0.0,0.0,0.0,0.0,0.0,0,0,0.0,0.0,0.0,0.0,0.0,0.0,0.0,0.0060494266339202,0.0083446502685546,0.0073909759521484,0.0073909759521484,0.00762939453125,0.00762939453125,0.0,0.0,0.0,0.0,0.0,0.0,0.0,0.0,0.0047286351521809,0.0072240829467773,0.496,1.392,0.0,0.0,0.0,0.0,114.584,0.0,169.104,0
43,0.0,0.0,0.0,0.0,0.0,0.0,0,0,0.0,0.0,0.0,0.0,0.0,0.0,0.0,0.0066982572944603,0.0088214874267578,0.0078678131103515,0.0078678131103515,0.011444091796875,0.011444091796875,0.0,0.0063419342041015,0.0,0.0,0.0,0.008392333984375,0.010538101196289,0.019693374633789,0.0039357405442457,0.0047683715820312,0.496,1.424,0.0,0.0,4.232,3.744,115.352,0.0,7118.208,0
44,0.0,0.0,0.0,0.0,0.0,0.0,0,0,0.0,0.0,0.0,0.0,0.0,0.0,0.0,0.0064242538528062,0.0081062316894531,0.0064373016357421,0.0064373016357421,0.0112056732177734,0.0112056732177734,0.0,0.006866455078125,0.0,0.0,0.0,0.008392333984375,0.0114917755126953,0.0224113464355468,0.0042915344238281,0.005507469177246,0.496,1.424,0.0,0.0,4.232,3.744,117.192,0.0,281.824,0
45,0.0,0.0,0.0,0.0,0.0,0.0,0,0,0.0,0.0,0.0,0.0,0.0,0.0,0.0,0.0069570541381835,0.009322166442871,0.0066757202148437,0.0066757202148437,0.0078678131103515,0.0078678131103515,0.0,0.006028584071568,0.0,0.0,0.0,0.0084400177001953,0.0104308128356933,0.0251531600952148,0.0039964108853726,0.0047683715820312,0.496,1.392,0.0,0.0,11.44,12.536,114.28,0.0,7190.528,0
46,0.0,0.0,0.0,0.0,0.0,0.0,0,0,0.0,0.0,0.0,0.0,0.0,0.0,0.0,0.0070144634435672,0.0095367431640625,0.0081062316894531,0.0081062316894531,0.0169277191162109,0.0169277191162109,0.0,0.0063896179199218,0.0,0.0,0.0,0.0084877014160156,0.0119209289550781,0.0224113464355468,0.0040406113737946,0.0047683715820312,0.496,1.424,0.0,0.0,4.232,3.744,117.12,0.0,5750.672,0
47,0.0,0.0,0.0,0.0,0.0,0.0,0,0,0.0,0.0,0.0,0.0,0.0,0.0,0.0,0.006095017537032,0.0081062316894531,0.0092983245849609,0.0092983245849609,0.009775161743164,0.009775161743164,0.0,0.0061273574829101,0.0,0.0,0.0,0.0083684921264648,0.0116825103759765,0.0301837921142578,0.0042170286178588,0.0052452087402343,0.496,1.424,0.0,0.0,7.736,8.264,118.448,0.0,327.6,0
48,0.0,0.0,0.0,0.0,0.0,0.0,0,0,0.0,0.0,0.0,0.0,0.0,0.0,0.0,0.0060411234993246,0.0078678131103515,0.0081062316894531,0.0081062316894531,0.0092983245849609,0.0092983245849609,0.0,0.0,0.0,0.0,0.0,0.0,0.0,0.0,0.0045299530029296,0.0045299530029296,0.496,1.36,0.0,0.0,0.0,0.0,113.256,0.0,1.192,0
49,0.0,0.0,0.0,0.0,0.0,0.0,0,0,0.0,0.0,0.0,0.0,0.0,0.0,0.0,0.0064597271456576,0.009012222290039,0.0109672546386718,0.0109672546386718,0.0083446502685546,0.0083446502685546,0.0,0.0060081481933593,0.0,0.0,0.0,0.0076770782470703,0.0101566314697265,0.0191211700439453,0.0038806015883034,0.0045299530029296,0.496,1.424,0.0,0.0,4.232,3.744,120.032,0.0,16768.224,0
50,0.0,0.0,0.0,0.0,0.0,0.0,0,0,0.0,0.0,0.0,0.0,0.0,0.0,0.0,0.006363759586467,0.0085830688476562,0.0078678131103515,0.0078678131103515,0.0116825103759765,0.0116825103759765,0.0,0.006866455078125,0.0,0.0,0.0,0.0084877014160156,0.0108242034912109,0.0207424163818359,0.004955700465611,0.0059843063354492,0.496,1.424,0.0,0.0,4.232,3.744,117.192,0.0,50.896,0
51,0.0,0.0,0.0,0.0,0.0,0.0,0,0,0.0,0.0,0.0,0.0,0.0,0.0,0.0,0.0058746337890625,0.0078916549682617,0.0095367431640625,0.0095367431640625,0.0147819519042968,0.0147819519042968,0.0,0.0061353047688802,0.0,0.0,0.0,0.0087261199951171,0.0107606252034505,0.0268459320068359,0.0,0.0,0.496,1.392,0.0,0.0,11.968,12.008,112.0,0.0,0.0,0
52,0.0,0.0,0.0,0.0,0.0,0.0,0,0,0.0,0.0,0.0,0.0,0.0,0.0,0.0,0.0060069561004638,0.0083446502685546,0.00762939453125,0.00762939453125,0.0071525573730468,0.0071525573730468,0.0,0.0068187713623046,0.0,0.0,0.0,0.0082969665527343,0.0109195709228515,0.0208377838134765,0.0,0.0,0.496,1.36,0.0,0.0,4.232,3.744,112.0,0.0,0.0,0
53,0.0,0.0,0.0,0.0,0.0,0.0,0,0,0.0,0.0,0.0,0.0,0.0,0.0,0.0,0.0060142255296894,0.0081062316894531,0.0066757202148437,0.0066757202148437,0.009775161743164,0.009775161743164,0.0,0.0061273574829101,0.0,0.0,0.0,0.0081539154052734,0.0109434127807617,0.0251531600952148,0.0042855739593505,0.0054836273193359,0.496,1.424,0.0,0.0,7.736,8.264,122.352,0.0,389.552,0
54,0.0,0.0,0.0,0.0,0.0,0.0,0,0,0.0,0.0,0.0,0.0,0.0,0.0,0.0,0.0061799984167117,0.0081062316894531,0.0071525573730468,0.0071525573730468,0.011444091796875,0.011444091796875,0.0,0.0,0.0,0.0,0.0,0.0,0.0,0.0,0.005275011062622,0.0060558319091796,0.496,1.424,0.0,0.0,0.0,0.0,118.448,0.0,38.896,0
55,0.0,0.0,0.0,0.0,0.0,0.0,0,0,0.0,0.0,0.0,0.0,0.0,0.0,0.0,0.0063865491659334,0.0090599060058593,0.0069141387939453,0.0069141387939453,0.0138282775878906,0.0138282775878906,0.0,0.0065803527832031,0.0,0.0,0.0,0.0088214874267578,0.0109672546386718,0.020599365234375,0.0043332576751708,0.0048637390136718,0.496,1.424,0.0,0.0,4.232,3.744,115.52,0.0,387.792,0
56,0.0,0.0,0.0,0.0,0.0,0.0,0,0,0.0,0.0,0.0,0.0,0.0,0.0,0.0,0.0060114694471976,0.0078678131103515,0.0066757202148437,0.0066757202148437,0.0085830688476562,0.0085830688476562,0.0,0.0056743621826171,0.0,0.0,0.0,0.0071048736572265,0.0111579895019531,0.0218391418457031,0.0043392181396484,0.0049591064453125,0.496,1.424,0.0,0.0,4.232,3.744,115.16,0.0,31.336,0
57,0.0,0.0,0.0,0.0,0.0,0.0,0,0,0.0,0.0,0.0,0.0,0.0,0.0,0.0,0.0067030019428006,0.0090599060058593,0.0081062316894531,0.0081062316894531,0.0112056732177734,0.0112056732177734,0.0,0.0061670939127604,0.0,0.0,0.0,0.0088691711425781,0.0112851460774739,0.0284194946289062,0.0038864630595863,0.0045299530029296,0.496,1.36,0.0,0.0,11.968,12.008,117.192,0.0,9011.632,0
58,0.0,0.0,0.0,0.0,0.0,0.0,0,0,0.0,0.0,0.0,0.0,0.0,0.0,0.0,0.0061047077178955,0.0083446502685546,0.00762939453125,0.00762939453125,0.0090599060058593,0.0090599060058593,0.0,0.0057697296142578,0.0,0.0,0.0,0.0070095062255859,0.0119209289550781,0.0217914581298828,0.0,0.0,0.496,1.424,0.0,0.0,4.232,3.744,112.0,0.0,0.0,0
59,0.0,0.0,0.0,0.0,0.0,0.0,0,0,0.0,0.0,0.0,0.0,0.0,0.0,0.0,0.0062000692187257,0.0083446502685546,0.0067710876464843,0.0061988830566406,0.0094175338745117,0.010085105895996,0.0,0.0058412551879882,0.0,0.0,0.0,0.0083684921264648,0.0103712081909179,0.0257015228271484,0.005960464477539,0.005960464477539,1.344,2.208,0.0,0.0,7.736,8.264,115.288,0.0,3.0,0
60,0.0,0.0,0.0,0.0,0.0,0.0,0,0,0.0,0.0,0.0,0.0,0.0,0.0,0.0,0.0059996078263467,0.0078678131103515,0.0071525573730468,0.0071525573730468,0.0071525573730468,0.0071525573730468,0.0,0.0,0.0,0.0,0.0,0.0,0.0,0.0,0.0061988830566406,0.0061988830566406,0.496,1.424,0.0,0.0,0.0,0.0,113.256,0.0,1.192,0
61,0.0,0.0,0.0,0.0,0.0,0.0,0,0,0.0,0.0,0.0,0.0,0.0,0.0,0.0,0.0061526227353224,0.0083446502685546,0.0078678131103515,0.0078678131103515,0.0116825103759765,0.0116825103759765,0.0,0.0060439109802246,0.0,0.0,0.0,0.0081300735473632,0.0102043151855468,0.0222921371459961,0.0047683715820312,0.0047683715820312,0.496,1.36,0.0,0.0,15.544,14.52,113.256,0.0,1.192,0
62,0.0,0.0,0.0,0.0,0.0,0.0,0,0,0.0,0.0,0.0,0.0,0.0,0.0,0.0,0.0060233310680484,0.0078678131103515,0.00762939453125,0.00762939453125,0.0078678131103515,0.0078678131103515,0.0,0.0057697296142578,0.0,0.0,0.0,0.0072479248046875,0.0103950500488281,0.0198841094970703,0.0083446502685546,0.0083446502685546,0.496,1.36,0.0,0.0,4.232,3.744,113.256,0.0,1.192,0
63,0.0,0.0,0.0,0.0,0.0,0.0,0,0,0.0,0.0,0.0,0.0,0.0,0.0,0.0,0.0058197975158691,0.00762939453125,0.0061988830566406,0.0061988830566406,0.009775161743164,0.009775161743164,0.0,0.0060558319091796,0.0,0.0,0.0,0.0082254409790039,0.0113248825073242,0.0286579132080078,0.0,0.0,0.496,1.36,0.0,0.0,8.464,7.488,112.0,0.0,0.0,0
64,0.0,0.0,0.0,0.0,0.0,0.0,0,0,0.0,0.0,0.0,0.0,0.0,0.0,0.0,0.0060999393463134,0.0081300735473632,0.0071525573730468,0.0071525573730468,0.0078678131103515,0.0078678131103515,0.0,0.0062465667724609,0.0,0.0,0.0,0.0085353851318359,0.0111341476440429,0.0292539596557617,0.0,0.0,0.496,1.36,0.0,0.0,7.736,8.264,112.0,0.0,0.0,0
65,0.0,0.0,0.0,0.0,0.0,0.0,0,0,0.0,0.0,0.0,0.0,0.0,0.0,0.0,0.0066710907278709,0.0092983245849609,0.009775161743164,0.009775161743164,0.0085830688476562,0.0085830688476562,0.0,0.0060796737670898,0.0,0.0,0.0,0.007486343383789,0.0105619430541992,0.0261306762695312,0.0038857256407297,0.0045299530029296,0.496,1.424,0.0,0.0,7.736,8.264,143.152,0.0,11510.872,0
66,0.0,0.0,0.0,0.0,0.0,0.0,0,0,0.0,0.0,0.0,0.0,0.0,0.0,0.0,0.0061111070623445,0.0083446502685546,0.0071525573730468,0.0071525573730468,0.0112056732177734,0.0112056732177734,0.0,0.0,0.0,0.0,0.0,0.0,0.0,0.0,0.00404542492282,0.0049829483032226,0.496,1.424,0.0,0.0,0.0,0.0,117.192,0.0,673.056,0
67,0.0,0.0,0.0,0.0,0.0,0.0,0,0,0.0,0.0,0.0,0.0,0.0,0.0,0.0,0.0060850114964727,0.0081062316894531,0.0071525573730468,0.0071525573730468,0.0104904174804687,0.0104904174804687,0.0,0.0,0.0,0.0,0.0,0.0,0.0,0.0,0.0045299530029296,0.0045299530029296,0.496,1.392,0.0,0.0,0.0,0.0,113.256,0.0,1.192,0
68,0.0,0.0,0.0,0.0,0.0,0.0,0,0,0.0,0.0,0.0,0.0,0.0,0.0,0.0,0.0058916670766042,0.00762939453125,0.0064373016357421,0.0064373016357421,0.0147819519042968,0.0147819519042968,0.0,0.0057697296142578,0.0,0.0,0.0,0.0072956085205078,0.0116825103759765,0.0229358673095703,0.0064373016357421,0.0064373016357421,0.496,1.36,0.0,0.0,4.232,3.744,113.256,0.0,1.192,0
69,0.0,0.0,0.0,0.0,0.0,0.0,0,0,0.0,0.0,0.0,0.0,0.0,0.0,0.0,0.0060007939884318,0.0081062316894531,0.0085830688476562,0.0085830688476562,0.0090599060058593,0.0090599060058593,0.0,0.0063180923461914,0.0,0.0,0.0,0.0084161758422851,0.0110626220703125,0.0296592712402343,0.0047683715820312,0.0047683715820312,0.496,1.36,0.0,0.0,8.464,7.488,113.256,0.0,1.192,0
70,0.0,0.0,0.0,0.0,0.0,0.0,0,0,0.0,0.0,0.0,0.0,0.0,0.0,0.0,0.0060927867889404,0.0083446502685546,0.0069141387939453,0.0069141387939453,0.0064373016357421,0.0064373016357421,0.0,0.0072717666625976,0.0,0.0,0.0,0.0124692916870117,0.0109076499938964,0.0278949737548828,0.0,0.0,0.496,1.36,0.0,0.0,11.44,12.536,112.0,0.0,0.0,0
71,0.0,0.0,0.0,0.0,0.0,0.0,0,0,0.0,0.0,0.0,0.0,0.0,0.0,0.0,0.0060606002807617,0.0083446502685546,0.0069141387939453,0.0069141387939453,0.0069141387939453,0.0069141387939453,0.0,0.0063657760620117,0.0,0.0,0.0,0.0091075897216796,0.0108003616333007,0.026249885559082,0.0,0.0,0.496,1.36,0.0,0.0,7.736,8.264,112.0,0.0,0.0,0
72,0.0,0.0,0.0,0.0,0.0,0.0,0,0,0.0,0.0,0.0,0.0,0.0,0.0,0.0,0.0061167096628726,0.0081062316894531,0.0085830688476562,0.0085830688476562,0.0066757202148437,0.0066757202148437,0.0,0.0,0.0,0.0,0.0,0.0,0.0,0.0,0.003970586336576,0.0046968460083007,0.496,1.36,0.0,0.0,0.0,0.0,143.152,0.0,2551.264,0
73,0.0,0.0,0.0,0.0,0.0,0.0,0,0,0.0,0.0,0.0,0.0,0.0,0.0,0.0,0.0059163570404052,0.0083446502685546,0.0073909759521484,0.0073909759521484,0.0083446502685546,0.0083446502685546,0.0169277191162109,0.0,0.0157356262207031,0.0197410583496093,0.0224590301513671,0.0,0.0,0.0,0.0,0.0,0.496,1.424,1.696,1.696,0.0,0.0,112.0,0.0,0.0,0
74,0.0,0.0,0.0,0.0,0.0,0.0,0,0,0.0,0.0,0.0,0.0,0.0,0.0,0.0,0.0060506127960053,0.0081062316894531,0.0071525573730468,0.0071525573730468,0.0064373016357421,0.0064373016357421,0.0,0.0058650970458984,0.0,0.0,0.0,0.0076770782470703,0.0108242034912109,0.0207424163818359,0.0050067901611328,0.0050067901611328,0.496,1.36,0.0,0.0,4.232,3.744,113.256,0.0,1.192,0
75,0.0,0.0,0.0,0.0,0.0,0.0,0,0,0.0,0.0,0.0,0.0,0.0,0.0,0.0,0.0061778461231904,0.0081062316894531,0.0066757202148437,0.0066757202148437,0.0081062316894531,0.0081062316894531,0.0,0.006413459777832,0.0,0.0,0.0,0.0086069107055664,0.0111579895019531,0.0290155410766601,0.0063578287760416,0.00762939453125,0.496,1.36,0.0,0.0,8.464,7.488,124.384,0.0,19.392,0
76,0.0,0.0,0.0,0.0,0.0,0.0,0,0,0.0,0.0,0.0,0.0,0.0,0.0,0.0,0.006061288254771,0.0078678131103515,0.0071525573730468,0.0071525573730468,0.0073909759521484,0.0073909759521484,0.0,0.0060876210530598,0.0,0.0,0.0,0.0084877014160156,0.0104745229085286,0.0262737274169921,0.0054836273193359,0.0054836273193359,0.496,1.424,0.0,0.0,11.968,12.008,113.256,0.0,1.192,0
77,0.0,0.0,0.0,0.0,0.0,0.0,0,0,0.0,0.0,0.0,0.0,0.0,0.0,0.0,0.0062942504882812,0.0088214874267578,0.0071525573730468,0.0071525573730468,0.00762939453125,0.00762939453125,0.0,0.006066428290473,0.0,0.0,0.0,0.0072002410888671,0.0113573941317471,0.0295639038085937,0.0,0.0,0.496,1.36,0.0,0.0,7.208,8.792,112.0,0.0,0.0,0
78,0.0,0.0,0.0,0.0,0.0,0.0,0,0,0.0,0.0,0.0,0.0,0.0,0.0,0.0,0.0059723854064941,0.0083446502685546,0.0085830688476562,0.0085830688476562,0.0092983245849609,0.0092983245849609,0.0,0.0,0.0,0.0,0.0,0.0,0.0,0.0,0.0,0.0,0.496,1.36,0.0,0.0,0.0,0.0,112.0,0.0,0.0,0
79,0.0,0.0,0.0,0.0,0.0,0.0,0,0,0.0,0.0,0.0,0.0,0.0,0.0,0.0,0.0061321258544921,0.0083446502685546,0.009775161743164,0.009775161743164,0.009775161743164,0.009775161743164,0.0,0.0,0.0,0.0,0.0,0.0,0.0,0.0,0.0,0.0,0.496,1.36,0.0,0.0,0.0,0.0,112.0,0.0,0.0,0
80,0.0,0.0,0.0,0.0,0.0,0.0,0,0,0.0,0.0,0.0,0.0,0.0,0.0,0.0,0.0062012320081588,0.0085830688476562,0.0088214874267578,0.0088214874267578,0.0133514404296875,0.0133514404296875,0.0,0.0058650970458984,0.0,0.0,0.0,0.0075340270996093,0.0109195709228515,0.0209331512451171,0.0039744034908604,0.00457763671875,0.496,1.36,0.0,0.0,4.232,3.744,132.208,0.0,2221.544,0
81,0.0,0.0,0.0,0.0,0.0,0.0,0,0,0.0,0.0,0.0,0.0,0.0,0.0,0.0,0.0060517989580904,0.0081062316894531,0.0102519989013671,0.0102519989013671,0.0071525573730468,0.0071525573730468,0.0,0.0060319900512695,0.0,0.0,0.0,0.0081777572631835,0.010991096496582,0.0281572341918945,0.0045299530029296,0.0045299530029296,0.496,1.424,0.0,0.0,8.464,7.488,113.256,0.0,1.192,0
82,0.0,0.0,0.0,0.0,0.0,0.0,0,0,0.0,0.0,0.0,0.0,0.0,0.0,0.0,0.0059201349666462,0.0078678131103515,0.0092983245849609,0.0092983245849609,0.0083446502685546,0.0083446502685546,0.0,0.0065485636393229,0.0,0.0,0.0,0.0089645385742187,0.0113805135091145,0.0283241271972656,0.005960464477539,0.005960464477539,0.496,1.36,0.0,0.0,11.968,12.008,113.256,0.0,1.192,0
83,0.0,0.0,0.0,0.0,0.0,0.0,0,0,0.0,0.0,0.0,0.0,0.0,0.0,0.0,0.0061198036269386,0.0083208084106445,0.0064373016357421,0.0064373016357421,0.0081062316894531,0.0081062316894531,0.0,0.0061511993408203,0.0,0.0,0.0,0.0085830688476562,0.0111103057861328,0.0274419784545898,0.0061988830566406,0.0075340270996093,0.496,1.424,0.0,0.0,7.736,8.264,116.88,0.0,4.528,0
84,0.0,0.0,0.0,0.0,0.0,0.0,0,0,0.0,0.0,0.0,0.0,0.0,0.0,0.0,0.0067867484747194,0.009465217590332,0.0083446502685546,0.0083446502685546,0.0154972076416015,0.0154972076416015,0.0,0.0,0.0,0.0,0.0,0.0,0.0,0.0,0.003896232442352,0.0045299530029296,0.496,1.424,0.0,0.0,0.0,0.0,132.768,0.0,11451.08,0
85,0.0,0.0,0.0,0.0,0.0,0.0,0,0,0.0,0.0,0.0,0.0,0.0,0.0,0.0,0.0065060990366769,0.0088214874267578,0.0112056732177734,0.0112056732177734,0.0121593475341796,0.0121593475341796,0.0,0.0,0.0,0.0,0.0,0.0,0.0,0.0,0.0040657423738378,0.0047683715820312,0.496,1.424,0.0,0.0,0.0,0.0,117.192,0.0,3223.864,0
86,0.0,0.0,0.0,0.0,0.0,0.0,0,0,0.0,0.0,0.0,0.0,0.0,0.0,0.0,0.0065433979034423,0.0092983245849609,0.0123977661132812,0.0123977661132812,0.0104904174804687,0.0104904174804687,0.0,0.005960464477539,0.0,0.0,0.0,0.0075340270996093,0.0113964080810546,0.0220298767089843,0.0057220458984375,0.0057220458984375,0.496,1.424,0.0,0.0,4.232,3.744,112.0,0.0,4.488,0
87,0.0,0.0,0.0,0.0,0.0,0.0,0,0,0.0,0.0,0.0,0.0,0.0,0.0,0.0,0.0061500072479248,0.0085830688476562,0.0081062316894531,0.0081062316894531,0.0085830688476562,0.0085830688476562,0.0,0.0056982040405273,0.0,0.0,0.0,0.0081300735473632,0.0108003616333007,0.0277280807495117,0.0,0.0,0.496,1.392,0.0,0.0,8.464,7.488,112.0,0.0,0.0,0
88,0.0,0.0,0.0,0.0,0.0,0.0,0,0,0.0,0.0,0.0,0.0,0.0,0.0,0.0,0.0062202339741721,0.0083446502685546,0.0069141387939453,0.0069141387939453,0.0095367431640625,0.0095367431640625,0.0,0.0058968861897786,0.0,0.0,0.0,0.008392333984375,0.0115553538004557,0.028085708618164,0.0050067901611328,0.0050067901611328,0.496,1.36,0.0,0.0,11.968,12.008,113.256,0.0,1.192,0
89,0.0,0.0,0.0,0.0,0.0,0.0,0,0,0.0,0.0,0.0,0.0,0.0,0.0,0.0,0.0063744350452328,0.0085830688476562,0.0066757202148437,0.0066757202148437,0.0066757202148437,0.0066757202148437,0.0,0.0063657760620117,0.0,0.0,0.0,0.0081539154052734,0.010991096496582,0.0255823135375976,0.0045299530029296,0.0045299530029296,0.496,1.36,0.0,0.0,7.736,8.264,113.256,0.0,1.192,0
90,0.0,0.0,0.0,0.0,0.0,0.0,0,0,0.0,0.0,0.0,0.0,0.0,0.0,0.0,0.0064974849663891,0.0090599060058593,0.0072240829467773,0.0065565109252929,0.0104904174804687,0.0104904174804687,0.0,0.0,0.0,0.0,0.0,0.0,0.0,0.0,0.0040619826513873,0.0047683715820312,1.344,2.272,0.0,0.0,0.0,0.0,139.216,0.0,2429.168,0
91,0.0,0.0,0.0,0.0,0.0,0.0,0,0,0.0,0.0,0.0,0.0,0.0,0.0,0.0,0.0063979625701904,0.0088453292846679,0.0061988830566406,0.0061988830566406,0.0107288360595703,0.0107288360595703,0.0,0.0,0.0,0.0,0.0,0.0,0.0,0.0,0.0043926816998106,0.0054359436035156,0.496,1.424,0.0,0.0,0.0,0.0,112.0,0.0,327.0,0
92,0.0,0.0,0.0,0.0,0.0,0.0,0,0,0.0,0.0,0.0,0.0,0.0,0.0,0.0,0.0063794674259601,0.0087976455688476,0.0071525573730468,0.0071525573730468,0.0126361846923828,0.0126361846923828,0.0,0.0062465667724609,0.0,0.0,0.0,0.0079631805419921,0.0114917755126953,0.0222206115722656,0.0039692278261537,0.0047683715820312,0.496,1.424,0.0,0.0,4.232,3.744,122.16,0.0,5076.48,0
93,0.0,0.0,0.0,0.0,0.0,0.0,0,0,0.0,0.0,0.0,0.0,0.0,0.0,0.0,0.007126461807175,0.0095367431640625,0.0123977661132812,0.0123977661132812,0.0116825103759765,0.0116825103759765,0.0,0.0066041946411132,0.0,0.0,0.0,0.0084161758422851,0.0112771987915039,0.0274658203125,0.0039504790946393,0.0045299530029296,0.496,1.424,0.0,0.0,8.464,7.488,117.192,0.0,13023.6,0
94,0.0,0.0,0.0,0.0,0.0,0.0,0,0,0.0,0.0,0.0,0.0,0.0,0.0,0.0,0.0064706802368164,0.0088214874267578,0.0078678131103515,0.0078678131103515,0.0104904174804687,0.0104904174804687,0.0,0.0059264046805245,0.0,0.0,0.0,0.0081300735473632,0.0108331441879272,0.026106834411621,0.0040302885339615,0.0047683715820312,0.496,1.424,0.0,0.0,11.44,12.536,112.0,0.0,948.496,1
95,0.0,0.0,0.0,0.0,0.0,0.0,0,0,0.0,0.0,0.0,0.0,0.0,0.0,0.0,0.0060933146310682,0.0081062316894531,0.0066757202148437,0.0066757202148437,0.0119209289550781,0.0119209289550781,0.0,0.0061511993408203,0.0,0.0,0.0,0.0081300735473632,0.0110626220703125,0.0252723693847656,0.011444091796875,0.011444091796875,0.496,1.36,0.0,0.0,7.736,8.264,113.256,0.0,1.192,1
96,0.0,0.0,0.0,0.0,0.0,0.0,0,0,0.0,0.0,0.0,0.0,0.0,0.0,0.0,0.006050166517201,0.0081062316894531,0.0073909759521484,0.0073909759521484,0.0088214874267578,0.0088214874267578,0.0,0.0,0.0,0.0,0.0,0.0,0.0,0.0,0.0073909759521484,0.0083446502685546,0.496,1.36,0.0,0.0,0.0,0.0,118.448,33.33333333333333,6.448,1
97,0.0,0.0,0.0,0.0,0.0,0.0,0,0,0.0,0.0,0.0,0.0,0.0,0.0,0.0,0.0061304262368985,0.0081062316894531,0.0069141387939453,0.0069141387939453,0.0085830688476562,0.0085830688476562,0.0,0.0,0.0,0.0,0.0,0.0,0.0,0.0,0.0077486038208007,0.0089883804321289,0.496,1.424,0.0,0.0,0.0,0.0,118.448,0.0,6.448,1
98,0.0,0.0,0.0,0.0,0.0,0.0,0,0,0.0,0.0,0.0,0.0,0.0,0.0,0.0,0.0062263011932373,0.0086069107055664,0.0061988830566406,0.0061988830566406,0.0104904174804687,0.0104904174804687,0.0,0.0058650970458984,0.0,0.0,0.0,0.0074386596679687,0.0104904174804687,0.0195980072021484,0.0,0.0,0.496,1.424,0.0,0.0,4.232,3.744,112.0,0.0,0.0,1
99,0.0,0.0,0.0,0.0,0.0,0.0,0,0,0.0,0.0,0.0,0.0,0.0,0.0,0.0,0.0064795827630705,0.0088214874267578,0.0107288360595703,0.0107288360595703,0.0107288360595703,0.0107288360595703,0.0,0.0062783559163411,0.0,0.0,0.0,0.0086307525634765,0.0107288360595703,0.0276565551757812,0.0489036495265434,0.2028942108154297,0.496,1.424,0.0,0.0,7.936,8.016,127.576,23.53896103896104,4711.08,1
100,0.0,0.0,0.0,0.0,0.0,0.0,0,0,0.0,0.0,0.0,0.0,0.0,0.0,0.0,0.006564220978846,0.0088214874267578,0.0071525573730468,0.0071525573730468,0.0140666961669921,0.0140666961669921,0.0,0.0060796737670898,0.0,0.0,0.0,0.0081539154052734,0.0104010105133056,0.026702880859375,0.0430452880136209,0.1015663146972656,0.496,1.424,0.0,0.0,11.44,12.536,117.192,26.223776223776223,2196.136,1
101,0.0,0.0,0.0,0.0,0.0,0.0,0,0,0.0,0.0,0.0,0.0,0.0,0.0,0.0,0.0063109397888183,0.0088214874267578,0.00762939453125,0.00762939453125,0.0083446502685546,0.0083446502685546,0.0,0.0058174133300781,0.0,0.0,0.0,0.0083684921264648,0.0103712081909179,0.0251293182373046,0.0454849667019314,0.1153469085693359,0.496,1.392,0.0,0.0,7.736,8.264,112.0,10.0,96.44,1
102,0.0,0.0,0.0,0.0,0.0,0.0,0,0,0.0,0.0,0.0,0.0,0.0,0.0,0.0,0.0063566600575166,0.0085830688476562,0.0102519989013671,0.0102519989013671,0.0112056732177734,0.0112056732177734,0.0,0.0,0.0,0.0,0.0,0.0,0.0,0.0,0.0613906927276075,0.2099752426147461,0.496,1.424,0.0,0.0,0.0,0.0,122.288,25.97402597402597,913.232,1
103,0.0,0.0,0.0,0.0,0.0,0.0,0,0,0.0,0.0,0.0,0.0,0.0,0.0,0.0,0.006377993531488,0.0085830688476562,0.0081062316894531,0.0081062316894531,0.0073909759521484,0.0073909759521484,0.0,0.0,0.0,0.0,0.0,0.0,0.0,0.0,0.076455281193095,0.21514892578125,0.496,1.424,0.0,0.0,0.0,0.0,113.256,25.69832402234637,1340.024,1
104,0.0,0.0,0.0,0.0,0.0,0.0,0,0,0.0,0.0,0.0,0.0,0.0,0.0,0.0,0.0062968471262714,0.0083446502685546,0.0102519989013671,0.0102519989013671,0.0071525573730468,0.0071525573730468,0.0141859054565429,0.0064373016357421,0.0139474868774414,0.016331672668457,0.015425682067871,0.0084877014160156,0.0108242034912109,0.0205039978027343,0.0236034393310546,0.0604152679443359,0.496,1.424,1.696,1.696,4.232,3.744,118.448,37.5,40.984,1
105,0.0,0.0,0.0,0.0,0.0,0.0,0,0,0.0,0.0,0.0,0.0,0.0,0.0,0.0,0.0061750411987304,0.0081300735473632,0.0083446502685546,0.0083446502685546,0.0092983245849609,0.0092983245849609,0.0,0.0057220458984375,0.0,0.0,0.0,0.0066280364990234,0.0104253942316228,0.0274181365966796,0.0,0.0,0.496,1.36,0.0,0.0,7.936,8.016,112.0,37.5,0.0,1
106,0.0,0.0,0.0,0.0,0.0,0.0,0,0,0.0,0.0,0.0,0.0,0.0,0.0,0.0,0.0058650970458984,0.00762939453125,0.0126361846923828,0.0126361846923828,0.0088214874267578,0.0088214874267578,0.0,0.0062942504882812,0.0,0.0,0.0,0.0089168548583984,0.0105063120524088,0.0257492065429687,0.0,0.0,0.496,1.36,0.0,0.0,11.968,12.008,112.0,37.5,0.0,1
107,0.0,0.0,0.0,0.0,0.0,0.0,0,0,0.0,0.0,0.0,0.0,0.0,0.0,0.0,0.0061762332916259,0.0085830688476562,0.0095367431640625,0.0095367431640625,0.0064373016357421,0.0064373016357421,0.0,0.0065565109252929,0.0,0.0,0.0,0.0084400177001953,0.0102996826171875,0.0247716903686523,0.0,0.0,0.496,1.36,0.0,0.0,7.736,8.264,112.0,37.5,0.0,1
108,0.0,0.0,0.0,0.0,0.0,0.0,0,0,0.0,0.0,0.0,0.0,0.0,0.0,0.0,0.0060427188873291,0.0078678131103515,0.005960464477539,0.005960464477539,0.0073909759521484,0.0073909759521484,0.0,0.0,0.0,0.0,0.0,0.0,0.0,0.0,0.0,0.0,0.496,1.36,0.0,0.0,0.0,0.0,112.0,37.5,0.0,1
109,0.0,0.0,0.0,0.0,0.0,0.0,0,0,0.0,0.0,0.0,0.0,0.0,0.0,0.0,0.0059890747070312,0.0078916549682617,0.0069141387939453,0.0069141387939453,0.0064373016357421,0.0064373016357421,0.0,0.0,0.0,0.0,0.0,0.0,0.0,0.0,0.0,0.0,0.496,1.36,0.0,0.0,0.0,0.0,112.0,37.5,0.0,1
110,0.0,0.0,0.0,0.0,0.0,0.0,0,0,0.0,0.0,0.0,0.0,0.0,0.0,0.0,0.0060019801505169,0.0083446502685546,0.0069141387939453,0.0069141387939453,0.00762939453125,0.00762939453125,0.0,0.0056743621826171,0.0,0.0,0.0,0.0071048736572265,0.0102043151855468,0.019693374633789,0.0,0.0,0.496,1.36,0.0,0.0,4.232,3.744,113.256,100.0,0.0,1
111,0.0,0.0,0.0,0.0,0.0,0.0,0,0,0.0,0.0,0.0,0.0,0.0,0.0,0.0,0.0059830015571556,0.0081062316894531,0.0064373016357421,0.0064373016357421,0.0133514404296875,0.0133514404296875,0.0,0.0059127807617187,0.0,0.0,0.0,0.0078916549682617,0.0108242034912109,0.0258684158325195,0.0050067901611328,0.0055789947509765,0.496,1.392,0.0,0.0,8.464,7.488,113.256,50.0,18.256,1
112,0.0,0.0,0.0,0.0,0.0,0.0,0,0,0.0,0.0,0.0,0.0,0.0,0.0,0.0,0.0060885699827279,0.0081062316894531,0.00762939453125,0.00762939453125,0.0085830688476562,0.0085830688476562,0.0,0.0063896179199218,0.0,0.0,0.0,0.008392333984375,0.0108559926350911,0.0272750854492187,0.0,0.0,0.496,1.36,0.0,0.0,11.968,12.008,113.256,100.0,0.0,1
113,0.0,0.0,0.0,0.0,0.0,0.0,0,0,0.0,0.0,0.0,0.0,0.0,0.0,0.0,0.0061345100402832,0.0081062316894531,0.0064373016357421,0.0064373016357421,0.0081062316894531,0.0081062316894531,0.0,0.0066757202148437,0.0,0.0,0.0,0.0084161758422851,0.0105857849121093,0.0245571136474609,0.0064373016357421,0.0077724456787109,0.496,1.392,0.0,0.0,7.736,8.264,112.0,0.0,17.456,1
114,0.0,0.0,0.0,0.0,0.0,0.0,0,0,0.0,0.0,0.0,0.0,0.0,0.0,0.0,0.00596284866333,0.0081062316894531,0.00762939453125,0.00762939453125,0.0100135803222656,0.0100135803222656,0.0,0.0,0.0,0.0,0.0,0.0,0.0,0.0,0.0360012054443359,0.080108642578125,0.496,1.392,0.0,0.0,0.0,0.0,112.0,40.0,28.568,1
115,0.0,0.0,0.0,0.0,0.0,0.0,0,0,0.0,0.0,0.0,0.0,0.0,0.0,0.0,0.0064960254236982,0.009012222290039,0.0081062316894531,0.0081062316894531,0.0100135803222656,0.0100135803222656,0.0,0.0,0.0,0.0,0.0,0.0,0.0,0.0,0.0222756806447449,0.0951290130615234,0.496,1.36,0.0,0.0,0.0,0.0,132.208,24.427480916030532,5634.56,1
116,0.0,0.0,0.0,0.0,0.0,0.0,0,0,0.0,0.0,0.0,0.0,0.0,0.0,0.0,0.0071208465275506,0.0092983245849609,0.0078678131103515,0.0078678131103515,0.0109672546386718,0.0109672546386718,0.0,0.0059008598327636,0.0,0.0,0.0,0.0066041946411132,0.0096559524536132,0.0168085098266601,0.0148194502568016,0.0061988830566406,0.496,1.424,0.0,0.0,3.704,4.272,127.576,23.805668016194332,7751.416,1
117,0.0,0.0,0.0,0.0,0.0,0.0,0,0,0.0,0.0,0.0,0.0,0.0,0.0,0.0,0.0071632862091064,0.0095605850219726,0.0085830688476562,0.0085830688476562,0.0088214874267578,0.0088214874267578,0.0,0.0072055392795138,0.0,0.0,0.0,0.0097274780273437,0.0107071616432883,0.0274181365966796,0.0050321761130239,0.0054836273193359,0.496,1.424,0.0,0.0,7.936,8.016,116.632,24.335548172757477,7605.544,1
118,0.0,0.0,0.0,0.0,0.0,0.0,0,0,0.0,0.0,0.0,0.0,0.0,0.0,0.0,0.0075914373445273,0.0100135803222656,0.0095367431640625,0.0095367431640625,0.0119209289550781,0.0119209289550781,0.0,0.006564458211263,0.0,0.0,0.0,0.0084877014160156,0.0105698903401692,0.0263690948486328,0.0069526087240393,0.0054836273193359,0.496,1.424,0.0,0.0,11.968,12.008,117.192,23.996971990915974,8444.048,1
119,0.0,0.0,0.0,0.0,0.0,0.0,0,0,0.0,0.0,0.0,0.0,0.0,0.0,0.0,0.0074206300042754,0.0102519989013671,0.0092983245849609,0.0092983245849609,0.009775161743164,0.009775161743164,0.0,0.006723403930664,0.0,0.0,0.0,0.0086545944213867,0.0105619430541992,0.0242948532104492,0.0082740610819928,0.0057220458984375,0.496,1.424,0.0,0.0,7.736,8.264,117.192,24.429223744292237,5750.8,1
120,0.0,0.0,0.0,0.0,0.0,0.0,0,0,0.0,0.0,0.0,0.0,0.0,0.0,0.0,0.006896434444012,0.0092983245849609,0.0112056732177734,0.0112056732177734,0.0138282775878906,0.0138282775878906,0.0,0.0,0.0,0.0,0.0,0.0,0.0,0.0,0.0108311971028645,0.0057220458984375,0.496,1.424,0.0,0.0,0.0,0.0,118.448,24.77432296890672,6651.248,1
121,0.0,0.0,0.0,0.0,0.0,0.0,0,0,0.0,0.0,0.0,0.0,0.0,0.0,0.0,0.0066887034047948,0.0092744827270507,0.0085830688476562,0.0085830688476562,0.013589859008789,0.013589859008789,0.0,0.0062147776285807,0.0,0.0,0.0,0.0083446502685546,0.0097274780273437,0.0206947326660156,0.0083382754402364,0.0054836273193359,0.496,1.424,0.0,0.0,11.312,10.776,118.448,21.75732217573222,1317.224,1
122,0.0,0.0,0.0,0.0,0.0,0.0,0,0,0.0,0.0,0.0,0.0,0.0,0.0,0.0,0.0070286269235138,0.0095367431640625,0.0085830688476562,0.00762939453125,0.010848045349121,0.0111341476440429,0.0,0.0057697296142578,0.0,0.0,0.0,0.0071525573730468,0.0107288360595703,0.020456314086914,0.0170965862881605,0.0066757202148437,1.344,2.272,0.0,0.0,4.232,3.744,118.448,19.816138917262514,6197.32,1
123,0.0,0.0,0.0,0.0,0.0,0.0,0,0,0.0,0.0,0.0,0.0,0.0,0.0,0.0,0.0072581257986192,0.009775161743164,0.0154972076416015,0.0154972076416015,0.0112056732177734,0.0112056732177734,0.0,0.0062942504882812,0.0,0.0,0.0,0.0081062316894531,0.0108242034912109,0.0277519226074218,0.0065469800472846,0.0054836273193359,0.496,1.424,0.0,0.0,8.464,7.488,117.192,24.30167597765363,6682.12,1
124,0.0,0.0,0.0,0.0,0.0,0.0,0,0,0.0,0.0,0.0,0.0,0.0,0.0,0.0,0.0072830352024059,0.0100135803222656,0.0078678131103515,0.0078678131103515,0.0121593475341796,0.0121593475341796,0.0,0.0067551930745442,0.0,0.0,0.0,0.0100612640380859,0.0105539957682291,0.0262737274169921,0.0057877661805788,0.0054836273193359,0.496,1.424,0.0,0.0,11.968,12.008,117.192,22.72189349112426,4842.424,1
125,0.0,0.0,0.0,0.0,0.0,0.0,0,0,0.0,0.0,0.0,0.0,0.0,0.0,0.0,0.0072240829467773,0.0092983245849609,0.0090599060058593,0.0090599060058593,0.0112056732177734,0.0112056732177734,0.0,0.0062942504882812,0.0,0.0,0.0,0.0079154968261718,0.0104665756225585,0.025343894958496,0.0055026661895364,0.0054836273193359,0.496,1.424,0.0,0.0,7.736,8.264,116.632,24.313186813186814,9771.12,1
126,0.0,0.0,0.0,0.0,0.0,0.0,0,0,0.0,0.0,0.0,0.0,0.0,0.0,0.0,0.0068904155522436,0.0090599060058593,0.009775161743164,0.009775161743164,0.0071525573730468,0.0071525573730468,0.0,0.0,0.0,0.0,0.0,0.0,0.0,0.0,0.004740250416291,0.0054836273193359,0.496,1.424,0.0,0.0,0.0,0.0,117.192,22.31075697211155,1261.048,1
127,0.0,0.0,0.0,0.0,0.0,0.0,0,0,0.0,0.0,0.0,0.0,0.0,0.0,0.0,0.005965232849121,0.0078916549682617,0.0064373016357421,0.0064373016357421,0.0069141387939453,0.0069141387939453,0.0,0.0,0.0,0.0,0.0,0.0,0.0,0.0,0.0,0.0,0.496,1.424,0.0,0.0,0.0,0.0,112.0,100.0,0.0,1
128,0.0,0.0,0.0,0.0,0.0,0.0,0,0,0.0,0.0,0.0,0.0,0.0,0.0,0.0,0.0060197725817931,0.0083446502685546,0.0069141387939453,0.0069141387939453,0.0121593475341796,0.0121593475341796,0.0,0.006103515625,0.0,0.0,0.0,0.0077247619628906,0.011444091796875,0.022125244140625,0.0083446502685546,0.0083446502685546,0.496,1.36,0.0,0.0,4.232,3.744,113.256,0.0,1.192,1
129,0.0,0.0,0.0,0.0,0.0,0.0,0,0,0.0,0.0,0.0,0.0,0.0,0.0,0.0,0.0059674767886891,0.0080347061157226,0.0092983245849609,0.0092983245849609,0.0112056732177734,0.0112056732177734,0.0,0.0063843197292751,0.0,0.0,0.0,0.0082969665527343,0.0107505104758522,0.028848648071289,0.0057220458984375,0.0057220458984375,0.496,1.36,0.0,0.0,7.936,8.016,128.832,0.0,1.192,1
130,0.0,0.0,0.0,0.0,0.0,0.0,0,0,0.0,0.0,0.0,0.0,0.0,0.0,0.0,0.0061455057628119,0.0083446502685546,0.0109672546386718,0.0109672546386718,0.0090599060058593,0.0090599060058593,0.0,0.0064373016357421,0.0,0.0,0.0,0.0086307525634765,0.0109354654947916,0.0280380249023437,0.0,0.0,0.496,1.392,0.0,0.0,11.968,12.008,113.256,100.0,0.0,1
131,0.0,0.0,0.0,0.0,0.0,0.0,0,0,0.0,0.0,0.0,0.0,0.0,0.0,0.0,0.005958080291748,0.0085830688476562,0.0088214874267578,0.0088214874267578,0.0112056732177734,0.0112056732177734,0.0,0.0064902835422092,0.0,0.0,0.0,0.0091552734375,0.0106421383944424,0.0257492065429687,0.0,0.0,0.496,1.36,0.0,0.0,7.208,8.792,112.0,100.0,0.0,1
132,0.0,0.0,0.0,0.0,0.0,0.0,0,0,0.0,0.0,0.0,0.0,0.0,0.0,0.0,0.006037950515747,0.0081300735473632,0.0069141387939453,0.0069141387939453,0.0090599060058593,0.0090599060058593,0.0,0.0,0.0,0.0,0.0,0.0,0.0,0.0,0.0,0.0,0.496,1.36,0.0,0.0,0.0,0.0,112.0,100.0,0.0,1
133,0.0,0.0,0.0,0.0,0.0,0.0,0,0,0.0,0.0,0.0,0.0,0.0,0.0,0.0,0.0061345100402832,0.0081300735473632,0.0073909759521484,0.0073909759521484,0.0073909759521484,0.0073909759521484,0.0,0.0,0.0,0.0,0.0,0.0,0.0,0.0,0.0,0.0,0.496,1.36,0.0,0.0,0.0,0.0,112.0,100.0,0.0,1
134,0.0,0.0,0.0,0.0,0.0,0.0,0,0,0.0,0.0,0.0,0.0,0.0,0.0,0.0,0.0060474872589111,0.0083446502685546,0.0090599060058593,0.0090599060058593,0.0119209289550781,0.0119209289550781,0.0,0.0057220458984375,0.0,0.0,0.0,0.0070095062255859,0.0106334686279296,0.0204086303710937,0.0,0.0,0.496,1.36,0.0,0.0,4.232,3.744,112.0,100.0,0.0,1
135,0.0,0.0,0.0,0.0,0.0,0.0,0,0,0.0,0.0,0.0,0.0,0.0,0.0,0.0,0.0060975551605224,0.0083446502685546,0.0073909759521484,0.0073909759521484,0.0069141387939453,0.0069141387939453,0.0089406967163085,0.0059127807617187,0.0078678131103515,0.009775161743164,0.0118970870971679,0.0088214874267578,0.0116348266601562,0.0295400619506835,0.0,0.0,0.496,1.36,1.696,1.696,8.464,7.488,112.0,100.0,0.0,1
136,0.0,0.0,0.0,0.0,0.0,0.0,0,0,0.0,0.0,0.0,0.0,0.0,0.0,0.0,0.00633410553434,0.0085830688476562,0.0073909759521484,0.0073909759521484,0.0069141387939453,0.0069141387939453,0.0,0.0061988830566406,0.0,0.0,0.0,0.0087261199951171,0.0112533569335937,0.0287055969238281,0.0,0.0,0.496,1.36,0.0,0.0,11.968,12.008,113.256,100.0,0.0,1
137,0.0,0.0,0.0,0.0,0.0,0.0,0,0,0.0,0.0,0.0,0.0,0.0,0.0,0.0,0.0061692290045135,0.0083446502685546,0.0071525573730468,0.0071525573730468,0.0150203704833984,0.0150203704833984,0.0,0.0060558319091796,0.0,0.0,0.0,0.0079154968261718,0.010538101196289,0.0260591506958007,0.0109672546386718,0.0109672546386718,0.496,1.36,0.0,0.0,7.736,8.264,113.256,0.0,1.192,1
138,0.0,0.0,0.0,0.0,0.0,0.0,0,0,0.0,0.0,0.0,0.0,0.0,0.0,0.0,0.0062807282405113,0.0085830688476562,0.0116825103759765,0.0116825103759765,0.0081062316894531,0.0081062316894531,0.0,0.0,0.0,0.0,0.0,0.0,0.0,0.0,0.0104904174804687,0.0104904174804687,0.496,1.36,0.0,0.0,0.0,0.0,113.256,0.0,1.192,1
139,0.0,0.0,0.0,0.0,0.0,0.0,0,0,0.0,0.0,0.0,0.0,0.0,0.0,0.0,0.0058495998382568,0.00762939453125,0.0069141387939453,0.0069141387939453,0.0069141387939453,0.0069141387939453,0.0,0.0,0.0,0.0,0.0,0.0,0.0,0.0,0.0,0.0,0.496,1.36,0.0,0.0,0.0,0.0,112.0,0.0,0.0,1
140,0.0,0.0,0.0,0.0,0.0,0.0,0,0,0.0,0.0,0.0,0.0,0.0,0.0,0.0,0.0061249732971191,0.0085830688476562,0.0064373016357421,0.0064373016357421,0.019073486328125,0.019073486328125,0.0,0.0058174133300781,0.0,0.0,0.0,0.0074386596679687,0.0131130218505859,0.0250816345214843,0.0,0.0,0.496,1.36,0.0,0.0,4.232,3.744,112.0,0.0,0.0,1
141,0.0,0.0,0.0,0.0,0.0,0.0,0,0,0.0,0.0,0.0,0.0,0.0,0.0,0.0,0.0061488151550292,0.0081300735473632,0.00762939453125,0.00762939453125,0.0071525573730468,0.0071525573730468,0.007718801498413,0.0066280364990234,0.0076889991760253,0.0103712081909179,0.0094413757324218,0.0089168548583984,0.0114917755126953,0.0293493270874023,0.0,0.0,0.496,1.36,10.752,24.096,8.464,7.488,112.0,0.0,0.0,1
142,0.0,0.0,0.0,0.0,0.0,0.0,0,0,0.0,0.0,0.0,0.0,0.0,0.0,0.0,0.0063507118035311,0.0083446502685546,0.00762939453125,0.00762939453125,0.0071525573730468,0.0071525573730468,0.0,0.0064690907796223,0.0092983245849609,0.0092983245849609,0.0,0.0088691711425781,0.0121434529622395,0.0303268432617187,0.0069936116536458,0.009918212890625,0.496,1.36,0.0,0.496,11.968,12.008,117.192,25.0,27.32,1
143,0.0,0.0,0.0,0.0,0.0,0.0,0,0,0.0,0.0,0.0,0.0,0.0,0.0,0.0,0.0065206324012534,0.0088214874267578,0.0081062316894531,0.0081062316894531,0.0088214874267578,0.0088214874267578,0.0,0.0058889389038085,0.0,0.0,0.0,0.008392333984375,0.0105619430541992,0.0249385833740234,0.0667243168271821,0.2138137817382812,0.496,1.424,0.0,0.0,7.736,8.264,138.672,28.688524590163933,811.4,1
144,0.0,0.0,0.0,0.0,0.0,0.0,0,0,0.0,0.0,0.0,0.0,0.0,0.0,0.0,0.00640646142153,0.0092983245849609,0.0078678131103515,0.0078678131103515,0.0100135803222656,0.0100135803222656,0.0082254409790039,0.0,0.0065565109252929,0.0070810317993164,0.0113248825073242,0.0,0.0,0.0,0.0065962473551432,0.0072002410888671,0.496,1.424,5.696,8.608,0.0,0.0,113.256,25.0,15.48,1
145,0.0,0.0,0.0,0.0,0.0,0.0,0,0,0.0,0.0,0.0,0.0,0.0,0.0,0.0,0.0063629433660223,0.0088214874267578,0.0116825103759765,0.0116825103759765,0.0078678131103515,0.0078678131103515,0.0089168548583984,0.0,0.0065326690673828,0.0081062316894531,0.0130176544189453,0.0,0.0,0.0,0.0064373016357421,0.0064373016357421,0.496,1.36,16.656,5.04,0.0,0.0,113.752,0.0,1.192,1
146,0.0,0.0,0.0,0.0,0.0,0.0,0,0,0.0,0.0,0.0,0.0,0.0,0.0,0.0,0.0062226062983422,0.0083446502685546,0.0069141387939453,0.0069141387939453,0.0109672546386718,0.0109672546386718,0.0,0.0062942504882812,0.0,0.0,0.0,0.0075817108154296,0.0110626220703125,0.0212669372558593,0.0092983245849609,0.0092983245849609,0.496,1.776,0.0,0.0,4.232,3.744,113.256,0.0,1.192,1
147,0.0,0.0,0.0,0.0,0.0,0.0,0,0,0.0,0.0,0.0,0.0,0.0,0.0,0.0,0.006075522199792,0.00762939453125,0.00762939453125,0.00762939453125,0.0104904174804687,0.0104904174804687,0.0,0.0060558319091796,0.0,0.0,0.0,0.0083684921264648,0.0108718872070312,0.0279188156127929,0.0083446502685546,0.0083446502685546,0.496,1.776,0.0,0.0,8.464,7.488,117.192,50.0,6.2,1
148,0.0,0.0,0.0,0.0,0.0,0.0,0,0,0.0,0.0,0.0,0.0,0.0,0.0,0.0,0.0063995323558845,0.008559226989746,0.0066757202148437,0.0066757202148437,0.0128746032714843,0.0128746032714843,0.0,0.0063896179199218,0.0,0.0,0.0,0.008249282836914,0.0116984049479166,0.0282764434814453,0.0085830688476562,0.0093460083007812,0.496,1.84,0.0,0.0,11.968,12.008,122.384,33.33333333333333,12.912,1
149,0.0,0.0,0.0,0.0,0.0,0.0,0,0,0.0,0.0,0.0,0.0,0.0,0.0,0.0,0.0060773131870987,0.0080823898315429,0.00762939453125,0.00762939453125,0.0104904174804687,0.0104904174804687,0.0,0.0058889389038085,0.0,0.0,0.0,0.0079631805419921,0.0108957290649414,0.0279188156127929,0.005960464477539,0.0064373016357421,0.496,1.84,0.0,0.0,7.736,8.264,117.552,25.0,7.464,1
150,0.0,0.0,0.0,0.0,0.0,0.0,0,0,0.0,0.0,0.0,0.0,0.0,0.0,0.0,0.0066178860050616,0.0088214874267578,0.0069141387939453,0.0069141387939453,0.013589859008789,0.013589859008789,0.0,0.0,0.0,0.0,0.0,0.0,0.0,0.0,0.0081113044251786,0.0064373016357421,0.496,1.808,0.0,0.0,0.0,0.0,119.488,18.96551724137931,730.048,1
151,0.0,0.0,0.0,0.0,0.0,0.0,0,0,0.0,0.0,0.0,0.0,0.0,0.0,0.0,0.006641149520874,0.0088453292846679,0.0078678131103515,0.0078678131103515,0.011444091796875,0.011444091796875,0.0,0.0,0.0,0.0,0.0,0.0,0.0,0.0,0.0141518456595284,0.0066757202148437,0.496,1.84,0.0,0.0,0.0,0.0,112.0,28.8135593220339,748.448,1
152,0.0,0.0,0.0,0.0,0.0,0.0,0,0,0.0,0.0,0.0,0.0,0.0,0.0,0.0,0.0064408250630195,0.0085830688476562,0.0073909759521484,0.0073909759521484,0.0143051147460937,0.0143051147460937,0.0,0.0056743621826171,0.0,0.0,0.0,0.0071525573730468,0.0113964080810546,0.0226974487304687,0.0117745088494342,0.0072479248046875,0.496,1.84,0.0,0.0,4.232,3.744,123.64,24.897959183673468,1561.824,1
153,0.0,0.0,0.0,0.0,0.0,0.0,0,0,0.0,0.0,0.0,0.0,0.0,0.0,0.0,0.0065376262853641,0.0090599060058593,0.0104188919067382,0.0082254409790039,0.0089406967163085,0.0097990036010742,0.0,0.0065565109252929,0.0,0.0,0.0,0.0091314315795898,0.0118970870971679,0.0288963317871093,0.0070155935084566,0.0061988830566406,1.344,2.688,0.0,0.0,8.464,7.488,118.448,24.193548387096776,824.272,1
154,0.0,0.0,0.0,0.0,0.0,0.0,0,0,0.0,0.0,0.0,0.0,0.0,0.0,0.0,0.0067335544246258,0.0087976455688476,0.0083446502685546,0.0083446502685546,0.0159740447998046,0.0159740447998046,0.0,0.0058809916178385,0.0,0.0,0.0,0.0082015991210937,0.0107765197753906,0.0264167785644531,0.0184780389220271,0.091409683227539,0.496,1.84,0.0,0.0,11.968,12.008,118.448,23.46153846153846,1814.152,1
155,0.0,0.0,0.0,0.0,0.0,0.0,0,0,0.0,0.0,0.0,0.0,0.0,0.0,0.0,0.0068975325247541,0.0092983245849609,0.009775161743164,0.009775161743164,0.0104904174804687,0.0104904174804687,0.0,0.0064373016357421,0.0,0.0,0.0,0.008392333984375,0.0109434127807617,0.0256776809692382,0.0090295342123432,0.0064373016357421,0.496,1.84,0.0,0.0,7.736,8.264,117.192,23.414634146341466,1385.032,1
156,0.0,0.0,0.0,0.0,0.0,0.0,0,0,0.0,0.0,0.0,0.0,0.0,0.0,0.0,0.006781288640416,0.0095367431640625,0.00762939453125,0.00762939453125,0.0176429748535156,0.0176429748535156,0.0,0.0,0.0,0.0,0.0,0.0,0.0,0.0,0.0127866533067491,0.0066757202148437,0.496,1.84,0.0,0.0,0.0,0.0,115.288,22.145328719723185,1862.312,1
157,0.0,0.0,0.0,0.0,0.0,0.0,0,0,0.0,0.0,0.0,0.0,0.0,0.0,0.0,0.0067148635636514,0.0088214874267578,0.009775161743164,0.009775161743164,0.0121593475341796,0.0121593475341796,0.0,0.0,0.0,0.0,0.0,0.0,0.0,0.0,0.0163374493300652,0.086212158203125,0.496,1.84,0.0,0.0,0.0,0.0,114.968,22.26027397260274,2025.576,1
158,0.0,0.0,0.0,0.0,0.0,0.0,0,0,0.0,0.0,0.0,0.0,0.0,0.0,0.0,0.0063400363447654,0.0088214874267578,0.0088214874267578,0.0088214874267578,0.0143051147460937,0.0143051147460937,0.0,0.0060558319091796,0.0,0.0,0.0,0.0077724456787109,0.0109672546386718,0.0203609466552734,0.0109557182558121,0.006413459777832,0.496,1.84,0.0,0.0,4.232,3.744,117.192,31.11111111111111,493.248,1
159,0.0,0.0,0.0,0.0,0.0,0.0,0,0,0.0,0.0,0.0,0.0,0.0,0.0,0.0,0.0067984703743811,0.0092744827270507,0.0078678131103515,0.0078678131103515,0.0081062316894531,0.0081062316894531,0.0,0.0058412551879882,0.0,0.0,0.0,0.0083446502685546,0.0110626220703125,0.0269651412963867,0.0115582163299994,0.0064373016357421,0.496,1.84,0.0,0.0,8.464,7.488,118.336,22.99270072992701,1809.768,1
160,0.0,0.0,0.0,0.0,0.0,0.0,0,0,0.0,0.0,0.0,0.0,0.0,0.0,0.0,0.006507285198762,0.0088214874267578,0.0081062316894531,0.0081062316894531,0.0131130218505859,0.0131130218505859,0.0,0.0058809916178385,0.0,0.0,0.0,0.0086784362792968,0.0106493631998697,0.0255107879638671,0.0124802266744742,0.0061988830566406,0.496,1.84,0.0,0.0,11.968,12.008,113.256,19.879518072289155,1151.56,1
161,0.0,0.0,0.0,0.0,0.0,0.0,0,0,0.0,0.0,0.0,0.0,0.0,0.0,0.0,0.0064525698206107,0.0088214874267578,0.0071525573730468,0.0071525573730468,0.0078678131103515,0.0078678131103515,0.0,0.006103515625,0.0,0.0,0.0,0.008392333984375,0.0115394592285156,0.0301122665405273,0.0132825639512803,0.006723403930664,0.496,1.84,0.0,0.0,7.736,8.264,123.64,26.229508196721312,788.912,1
162,0.0,0.0,0.0,0.0,0.0,0.0,0,0,0.0,0.0,0.0,0.0,0.0,0.0,0.0,0.0068714369588823,0.0095367431640625,0.0140666961669921,0.0140666961669921,0.0145435333251953,0.0145435333251953,0.0,0.0,0.0,0.0,0.0,0.0,0.0,0.0,0.0269579631026073,0.0996589660644531,0.496,1.84,0.0,0.0,0.0,0.0,114.296,20.171673819742487,1636.384,1
163,0.0,0.0,0.0,0.0,0.0,0.0,0,0,0.0,0.0,0.0,0.0,0.0,0.0,0.0,0.0064289569854736,0.0085830688476562,0.0078678131103515,0.0078678131103515,0.0128746032714843,0.0128746032714843,0.0,0.0,0.0,0.0,0.0,0.0,0.0,0.0,0.0153321486253004,0.0092267990112304,0.496,1.84,0.0,0.0,0.0,0.0,116.632,26.76056338028169,838.144,1
164,0.0,0.0,0.0,0.0,0.0,0.0,0,0,0.0,0.0,0.0,0.0,0.0,0.0,0.0,0.0067496299743652,0.0081300735473632,0.0073909759521484,0.0073909759521484,0.0069141387939453,0.0069141387939453,0.0,0.0071525573730468,0.0,0.0,0.0,0.0092506408691406,0.0116348266601562,0.022125244140625,0.00840425491333,0.0067472457885742,0.496,1.84,0.0,0.0,4.232,3.744,112.0,26.31578947368421,211.856,1
165,0.0,0.0,0.0,0.0,0.0,0.0,0,0,0.0,0.0,0.0,0.0,0.0,0.0,0.0,0.0067484378814697,0.0083446502685546,0.0066757202148437,0.0066757202148437,0.0085830688476562,0.0085830688476562,0.0,0.0068187713623046,0.0,0.0,0.0,0.0095367431640625,0.0110626220703125,0.0209808349609375,0.0131811414446149,0.0290393829345703,0.496,1.808,0.0,0.0,4.232,3.744,112.0,0.0,54.536,1
166,0.0,0.0,0.0,0.0,0.0,0.0,0,0,0.0,0.0,0.0,0.0,0.0,0.0,0.0,0.0064622110395289,0.0083446502685546,0.0092983245849609,0.0092983245849609,0.0066757202148437,0.0066757202148437,0.0,0.0061137335641043,0.0,0.0,0.0,0.0082731246948242,0.0114142894744873,0.028848648071289,0.0078678131103515,0.0078678131103515,0.496,1.808,0.0,0.0,11.44,12.536,113.256,0.0,1.192,1
167,0.0,0.0,0.0,0.0,0.0,0.0,0,0,0.0,0.0,0.0,0.0,0.0,0.0,0.0,0.0062411641839689,0.0085830688476562,0.0083446502685546,0.0083446502685546,0.0066757202148437,0.0066757202148437,0.0,0.0060558319091796,0.0,0.0,0.0,0.0074386596679687,0.0125408172607421,0.0250816345214843,0.0069141387939453,0.0082969665527343,0.496,1.776,0.0,0.0,4.232,3.744,119.576,40.0,6.936,1
168,0.0,0.0,0.0,0.0,0.0,0.0,0,0,0.0,0.0,0.0,0.0,0.0,0.0,0.0,0.0061312718177909,0.0081062316894531,0.0081062316894531,0.0081062316894531,0.0071525573730468,0.0071525573730468,0.0,0.0058174133300781,0.0,0.0,0.0,0.0081539154052734,0.0106573104858398,0.0257730484008789,0.0052452087402343,0.0052452087402343,0.496,1.84,0.0,0.0,7.736,8.264,113.256,0.0,1.192,1
169,0.0,0.0,0.0,0.0,0.0,0.0,0,0,0.0,0.0,0.0,0.0,0.0,0.0,0.0,0.0061583518981933,0.0083446502685546,0.0102519989013671,0.0102519989013671,0.0081062316894531,0.0081062316894531,0.0,0.0,0.0,0.0,0.0,0.0,0.0,0.0,0.0,0.0,0.496,1.776,0.0,0.0,0.0,0.0,112.0,0.0,0.0,1
170,0.0,0.0,0.0,0.0,0.0,0.0,0,0,0.0,0.0,0.0,0.0,0.0,0.0,0.0,0.0062751770019531,0.0083446502685546,0.0071525573730468,0.0071525573730468,0.0073909759521484,0.0073909759521484,0.0,0.0057697296142578,0.0,0.0,0.0,0.0071048736572265,0.0118255615234375,0.0222682952880859,0.0,0.0,0.496,1.776,0.0,0.0,4.232,3.744,112.0,0.0,0.0,1
171,0.0,0.0,0.0,0.0,0.0,0.0,0,0,0.0,0.0,0.0,0.0,0.0,0.0,0.0,0.0061668566803434,0.0085830688476562,0.0064373016357421,0.0064373016357421,0.0071525573730468,0.0071525573730468,0.0,0.0060081481933593,0.0,0.0,0.0,0.0074386596679687,0.0131607055664062,0.025177001953125,0.0500977039337158,0.1242399215698242,0.496,1.776,0.0,0.0,4.232,3.744,117.192,27.27272727272727,90.224,1
172,0.0,0.0,0.0,0.0,0.0,0.0,0,0,0.0,0.0,0.0,0.0,0.0,0.0,0.0,0.0061194101969401,0.0081062316894531,0.0081062316894531,0.0081062316894531,0.0102519989013671,0.0102519989013671,0.0,0.0058889389038085,0.0,0.0,0.0,0.0083446502685546,0.0112533569335937,0.0300168991088867,0.0074505805969238,0.0095844268798828,0.496,1.84,0.0,0.0,8.464,7.488,132.768,20.0,22.752,1
173,0.0,0.0,0.0,0.0,0.0,0.0,0,0,0.0,0.0,0.0,0.0,0.0,0.0,0.0,0.0064337782084648,0.0085830688476562,0.0090599060058593,0.0090599060058593,0.00762939453125,0.00762939453125,0.0,0.0058650970458984,0.0,0.0,0.0,0.0073909759521484,0.011301040649414,0.0206947326660156,0.0050973892211914,0.0064373016357421,0.496,1.84,0.0,0.0,4.232,3.744,123.64,23.076923076923077,380.288,1
174,0.0,0.0,0.0,0.0,0.0,0.0,0,0,0.0,0.0,0.0,0.0,0.0,0.0,0.0,0.0062897653862981,0.0085830688476562,0.0071525573730468,0.0071525573730468,0.0088214874267578,0.0088214874267578,0.0,0.0061750411987304,0.0,0.0,0.0,0.0081539154052734,0.0113725662231445,0.0290155410766601,0.0138449114422465,0.0076770782470703,0.496,1.84,0.0,0.0,7.736,8.264,118.448,30.64516129032258,354.008,1
175,0.0,0.0,0.0,0.0,0.0,0.0,0,0,0.0,0.0,0.0,0.0,0.0,0.0,0.0,0.0064502848256932,0.0090360641479492,0.0090599060058593,0.0090599060058593,0.0100135803222656,0.0100135803222656,0.0165700912475585,0.0,0.0151395797729492,0.0182867050170898,0.0191450119018554,0.0,0.0,0.0,0.1143661772933398,0.3278255462646484,0.496,1.808,1.696,1.696,0.0,0.0,118.448,25.359477124183005,6385.112,1
176,0.0,0.0,0.0,0.0,0.0,0.0,0,0,0.0,0.0,0.0,0.0,0.0,0.0,0.0,0.0072581257986192,0.009775161743164,0.0085830688476562,0.0085830688476562,0.0147819519042968,0.0147819519042968,0.0,0.0,0.0,0.0,0.0,0.0,0.0,0.0,0.1239498506428164,0.3285408020019531,0.496,1.84,0.0,0.0,0.0,0.0,117.192,23.566265060240966,17813.136,1
177,0.0,0.0,0.0,0.0,0.0,0.0,0,0,0.0,0.0,0.0,0.0,0.0,0.0,0.0,0.0072581257986192,0.009775161743164,0.0088214874267578,0.0088214874267578,0.00762939453125,0.00762939453125,0.0,0.0,0.0,0.0,0.0,0.0,0.0,0.0,0.1239498506428164,0.3285408020019531,0.496,1.808,0.0,0.0,0.0,0.0,117.192,23.566265060240966,17813.136,1
178,0.0,0.0,0.0,0.0,0.0,0.0,0,0,0.0,0.0,0.0,0.0,0.0,0.0,0.0,0.0072581257986192,0.009775161743164,0.0073909759521484,0.0073909759521484,0.0095367431640625,0.0095367431640625,0.0,0.0058174133300781,0.0,0.0,0.0,0.0073909759521484,0.0121593475341796,0.0240802764892578,0.1239498506428164,0.3285408020019531,0.496,1.776,0.0,0.0,4.232,3.744,117.192,23.566265060240966,17813.136,1
179,0.0,0.0,0.0,0.0,0.0,0.0,0,0,0.0,0.0,0.0,0.0,0.0,0.0,0.0,0.0072581257986192,0.009775161743164,0.0073909759521484,0.0073909759521484,0.0081062316894531,0.0081062316894531,0.0,0.0058650970458984,0.0,0.0,0.0,0.0073432922363281,0.0106334686279296,0.0203132629394531,0.1239498506428164,0.3285408020019531,0.496,1.776,0.0,0.0,4.232,3.744,117.192,23.566265060240966,17813.136,1
180,0.0,0.0,0.0,0.0,0.0,0.0,0,0,0.0,0.0,0.0,0.0,0.0,0.0,0.0,0.006242553786476,0.0085830688476562,0.0071525573730468,0.0071525573730468,0.0112056732177734,0.0112056732177734,0.0,0.0063657760620117,0.0,0.0,0.0,0.0081300735473632,0.0106573104858398,0.0273704528808593,0.0069936116536458,0.0086307525634765,0.496,1.808,0.0,0.0,7.736,8.264,118.448,0.0,16.552,1
181,0.0,0.0,0.0,0.0,0.0,0.0,0,0,0.0,0.0,0.0,0.0,0.0,0.0,0.0,0.0062942504882812,0.0085830688476562,0.0088214874267578,0.0088214874267578,0.0069141387939453,0.0069141387939453,0.0,0.006262461344401,0.0,0.0,0.0,0.0093460083007812,0.0099817911783854,0.019693374633789,0.0066757202148437,0.0066757202148437,0.496,1.84,0.0,0.0,11.312,10.776,134.024,0.0,1.192,1
182,0.0,0.0,0.0,0.0,0.0,0.0,0,0,0.0,0.0,0.0,0.0,0.0,0.0,0.0,0.0061566019293122,0.0083446502685546,0.0069141387939453,0.0069141387939453,0.0064373016357421,0.0064373016357421,0.0,0.0,0.0,0.0,0.0,0.0,0.0,0.0,0.0071525573730468,0.0071525573730468,0.496,1.808,0.0,0.0,0.0,0.0,123.64,0.0,1.192,1
183,0.0,0.0,0.0,0.0,0.0,0.0,0,0,0.0,0.0,0.0,0.0,0.0,0.0,0.0,0.0072729587554931,0.0095367431640625,0.0090599060058593,0.0090599060058593,0.0095367431640625,0.0095367431640625,0.0,0.0,0.0,0.0,0.0,0.0,0.0,0.0,0.1069850724032037,0.3190279006958008,0.496,1.84,0.0,0.0,0.0,0.0,112.0,25.386493083807977,20605.472,1
184,0.0,0.0,0.0,0.0,0.0,0.0,0,0,0.0,0.0,0.0,0.0,0.0,0.0,0.0,0.0065523593579951,0.0088214874267578,0.0078678131103515,0.0078678131103515,0.0104904174804687,0.0104904174804687,0.0,0.0061511993408203,0.0,0.0,0.0,0.0079631805419921,0.0116348266601562,0.0225067138671875,0.0,0.0,0.496,1.84,0.0,0.0,4.232,3.744,117.192,25.386493083807977,0.0,1
185,0.0,0.0,0.0,0.0,0.0,0.0,0,0,0.0,0.0,0.0,0.0,0.0,0.0,0.0,0.0060832500457763,0.0083446502685546,0.0091314315795898,0.0075101852416992,0.0127553939819335,0.0147581100463867,0.0,0.0062942504882812,0.0,0.0,0.0,0.0081539154052734,0.0115394592285156,0.0218391418457031,0.0,0.0,1.344,2.624,0.0,0.0,4.232,3.744,112.0,25.386493083807977,0.0,1
186,0.0,0.0,0.0,0.0,0.0,0.0,0,0,0.0,0.0,0.0,0.0,0.0,0.0,0.0,0.0061368942260742,0.0083446502685546,0.0083446502685546,0.0083446502685546,0.0083446502685546,0.0083446502685546,0.0,0.0063657760620117,0.0,0.0,0.0,0.0081300735473632,0.0112771987915039,0.0262737274169921,0.0,0.0,0.496,1.776,0.0,0.0,7.736,8.264,112.0,25.386493083807977,0.0,1
187,0.0,0.0,0.0,0.0,0.0,0.0,0,0,0.0,0.0,0.0,0.0,0.0,0.0,0.0,0.0062558188367245,0.0083446502685546,0.00762939453125,0.00762939453125,0.0081062316894531,0.0081062316894531,0.0,0.0,0.0,0.0,0.0,0.0,0.0,0.0,0.0073909759521484,0.0073909759521484,0.496,1.776,0.0,0.0,0.0,0.0,113.256,0.0,1.192,1
188,0.0,0.0,0.0,0.0,0.0,0.0,0,0,0.0,0.0,0.0,0.0,0.0,0.0,0.0,0.0063210577514041,0.0088214874267578,0.0078678131103515,0.0078678131103515,0.0140666961669921,0.0140666961669921,0.0,0.0,0.0,0.0,0.0,0.0,0.0,0.0,0.0078678131103515,0.0078678131103515,0.496,1.776,0.0,0.0,0.0,0.0,113.256,0.0,1.192,1
189,0.0,0.0,0.0,0.0,0.0,0.0,0,0,0.0,0.0,0.0,0.0,0.0,0.0,0.0,0.0061063624140041,0.0078678131103515,0.0066757202148437,0.0066757202148437,0.0078678131103515,0.0078678131103515,0.0,0.0,0.0,0.0,0.0,0.0,0.0,0.0,0.0064373016357421,0.0064373016357421,0.496,1.776,0.0,0.0,0.0,0.0,113.256,0.0,1.192,1
190,0.0,0.0,0.0,0.0,0.0,0.0,0,0,0.0,0.0,0.0,0.0,0.0,0.0,0.0,0.0063705444335937,0.0088214874267578,0.0078678131103515,0.0078678131103515,0.0078678131103515,0.0078678131103515,0.0,0.0059127807617187,0.0,0.0,0.0,0.0073909759521484,0.0113964080810546,0.0222206115722656,0.0,0.0,0.496,1.776,0.0,0.0,4.232,3.744,112.0,0.0,0.0,1
191,0.0,0.0,0.0,0.0,0.0,0.0,0,0,0.0,0.0,0.0,0.0,0.0,0.0,0.0,0.0070464611053466,0.009775161743164,0.0107288360595703,0.0107288360595703,0.0085830688476562,0.0085830688476562,0.0,0.0061988830566406,0.0,0.0,0.0,0.0078678131103515,0.0109195709228515,0.0207424163818359,0.1104014934879718,0.3224849700927735,0.496,1.808,0.0,0.0,4.232,3.744,112.0,23.252279635258358,17164.2,1
192,0.0,0.0,0.0,0.0,0.0,0.0,0,0,0.0,0.0,0.0,0.0,0.0,0.0,0.0,0.0060832500457763,0.0081062316894531,0.0083446502685546,0.0083446502685546,0.0119209289550781,0.0119209289550781,0.0,0.0063896179199218,0.0,0.0,0.0,0.0086784362792968,0.0109434127807617,0.0262260437011718,0.0,0.0,0.496,1.808,0.0,0.0,7.736,8.264,112.0,23.252279635258358,0.0,1
193,0.0,0.0,0.0,0.0,0.0,0.0,0,0,0.0,0.0,0.0,0.0,0.0,0.0,0.0,0.006260871887207,0.0081062316894531,0.0073909759521484,0.0073909759521484,0.0131130218505859,0.0131130218505859,0.0,0.0,0.0,0.0,0.0,0.0,0.0,0.0,0.0,0.0,0.496,1.776,0.0,0.0,0.0,0.0,112.0,23.252279635258358,0.0,1
194,0.0,0.0,0.0,0.0,0.0,0.0,0,0,0.0,0.0,0.0,0.0,0.0,0.0,0.0,0.0061443196007268,0.0083446502685546,0.0073909759521484,0.0073909759521484,0.0066757202148437,0.0066757202148437,0.0,0.0,0.0,0.0,0.0,0.0,0.0,0.0,0.0109672546386718,0.0109672546386718,0.496,1.776,0.0,0.0,0.0,0.0,113.256,0.0,1.192,1
195,0.0,0.0,0.0,0.0,0.0,0.0,0,0,0.0,0.0,0.0,0.0,0.0,0.0,0.0,0.0061099209002594,0.0081062316894531,0.0069141387939453,0.0069141387939453,0.0073909759521484,0.0073909759521484,0.0,0.0,0.0,0.0,0.0,0.0,0.0,0.0,0.0,0.0,0.496,1.776,0.0,0.0,0.0,0.0,113.256,100.0,0.0,1
196,0.0,0.0,0.0,0.0,0.0,0.0,0,0,0.0,0.0,0.0,0.0,0.0,0.0,0.0,0.0061288994936207,0.0083446502685546,0.0102519989013671,0.0102519989013671,0.0104904174804687,0.0104904174804687,0.0,0.005960464477539,0.0,0.0,0.0,0.0072002410888671,0.0111103057861328,0.0216960906982421,0.0100135803222656,0.0100135803222656,0.496,1.776,0.0,0.0,4.232,3.744,113.256,0.0,1.192,1
197,0.0,0.0,0.0,0.0,0.0,0.0,0,0,0.0,0.0,0.0,0.0,0.0,0.0,0.0,0.006333589553833,0.0085830688476562,0.00762939453125,0.00762939453125,0.0088214874267578,0.0088214874267578,0.0,0.0057220458984375,0.0,0.0,0.0,0.0072956085205078,0.01068115234375,0.0205516815185546,0.0,0.0,0.496,1.776,0.0,0.0,4.232,3.744,112.0,0.0,0.0,1
198,0.0,0.0,0.0,0.0,0.0,0.0,0,0,0.0,0.0,0.0,0.0,0.0,0.0,0.0,0.0063419342041015,0.0088214874267578,0.0095367431640625,0.0095367431640625,0.0090599060058593,0.0090599060058593,0.0,0.0056028366088867,0.0,0.0,0.0,0.0076532363891601,0.0102996826171875,0.0248432159423828,0.1127278551142266,0.3211736679077148,0.496,1.776,0.0,0.0,7.736,8.264,112.0,23.390383048084757,10689.136,1
199,0.0,0.0,0.0,0.0,0.0,0.0,0,0,0.0,0.0,0.0,0.0,0.0,0.0,0.0,0.0075402769070227,0.0102519989013671,0.0090599060058593,0.0090599060058593,0.0095367431640625,0.0095367431640625,0.0,0.0,0.0,0.0,0.0,0.0,0.0,0.0,0.1128097999089572,0.324249267578125,0.496,1.84,0.0,0.0,0.0,0.0,139.344,25.406907502977372,21381.88,1
200,0.0,0.0,0.0,0.0,0.0,0.0,0,0,0.0,0.0,0.0,0.0,0.0,0.0,0.0,0.0060892105102539,0.0081062316894531,0.013589859008789,0.013589859008789,0.0145435333251953,0.0145435333251953,0.0,0.0,0.0,0.0,0.0,0.0,0.0,0.0,0.0,0.0,0.496,1.84,0.0,0.0,0.0,0.0,112.0,25.406907502977372,0.0,1
201,0.0,0.0,0.0,0.0,0.0,0.0,0,0,0.0,0.0,0.0,0.0,0.0,0.0,0.0,0.0063896179199218,0.0085830688476562,0.0081062316894531,0.0081062316894531,0.011444091796875,0.011444091796875,0.0,0.0,0.0,0.0,0.0,0.0,0.0,0.0,0.0,0.0,0.496,1.776,0.0,0.0,0.0,0.0,112.0,25.406907502977372,0.0,1
202,0.0,0.0,0.0,0.0,0.0,0.0,0,0,0.0,0.0,0.0,0.0,0.0,0.0,0.0,0.0063395500183105,0.0085830688476562,0.0083446502685546,0.0083446502685546,0.0078678131103515,0.0078678131103515,0.0,0.0061511993408203,0.0,0.0,0.0,0.0072956085205078,0.0111579895019531,0.0216960906982421,0.0,0.0,0.496,1.776,0.0,0.0,4.232,3.744,112.0,25.406907502977372,0.0,1
203,0.0,0.0,0.0,0.0,0.0,0.0,0,0,0.0,0.0,0.0,0.0,0.0,0.0,0.0,0.0062106859565961,0.008559226989746,0.0078678131103515,0.0078678131103515,0.0152587890625,0.0152587890625,0.0,0.0068187713623046,0.0,0.0,0.0,0.0094413757324218,0.0111103057861328,0.0211238861083984,0.0092983245849609,0.0106334686279296,0.496,1.776,0.0,0.0,4.232,3.744,118.448,0.0,10.976,1
204,0.0,0.0,0.0,0.0,0.0,0.0,0,0,0.0,0.0,0.0,0.0,0.0,0.0,0.0,0.0061837638296732,0.0085830688476562,0.0073909759521484,0.0073909759521484,0.0073909759521484,0.0073909759521484,0.0,0.0057220458984375,0.0,0.0,0.0,0.0078916549682617,0.0105142593383789,0.0258684158325195,0.0,0.0,0.496,1.84,0.0,0.0,7.736,8.264,134.024,100.0,0.0,1
205,0.0,0.0,0.0,0.0,0.0,0.0,0,0,0.0,0.0,0.0,0.0,0.0,0.0,0.0,0.0062024415428958,0.0083446502685546,0.0066757202148437,0.0066757202148437,0.0121593475341796,0.0121593475341796,0.0,0.0,0.0,0.0,0.0,0.0,0.0,0.0,0.0066757202148437,0.0066757202148437,0.496,1.808,0.0,0.0,0.0,0.0,113.256,0.0,1.192,1
206,0.0,0.0,0.0,0.0,0.0,0.0,0,0,0.0,0.0,0.0,0.0,0.0,0.0,0.0,0.00721275216282,0.0100135803222656,0.0119209289550781,0.0119209289550781,0.0090599060058593,0.0090599060058593,0.0088214874267578,0.0,0.0045299530029296,0.0045299530029296,0.0088214874267578,0.0,0.0,0.0,0.1149657037523057,0.3266334533691406,0.496,1.776,0.848,0.848,0.0,0.0,122.384,22.945205479452056,20353.488,1
207,0.0,0.0,0.0,0.0,0.0,0.0,0,0,0.0,0.0,0.0,0.0,0.0,0.0,0.0,0.00721275216282,0.0100135803222656,0.0081062316894531,0.0081062316894531,0.0133514404296875,0.0133514404296875,0.0081062316894531,0.0,0.0083446502685546,0.0083446502685546,0.0081062316894531,0.0,0.0,0.0,0.1149657037523057,0.3266334533691406,0.496,1.84,0.848,0.848,0.0,0.0,122.384,22.945205479452056,20353.488,1
208,0.0,0.0,0.0,0.0,0.0,0.0,0,0,0.0,0.0,0.0,0.0,0.0,0.0,0.0,0.00721275216282,0.0100135803222656,0.0061988830566406,0.0061988830566406,0.0078678131103515,0.0078678131103515,0.0,0.0067710876464843,0.0,0.0,0.0,0.0078201293945312,0.012826919555664,0.0243186950683593,0.1149657037523057,0.3266334533691406,0.496,1.776,0.0,0.0,4.232,3.744,122.384,22.945205479452056,20353.488,1
209,0.0,0.0,0.0,0.0,0.0,0.0,0,0,0.0,0.0,0.0,0.0,0.0,0.0,0.0,0.00721275216282,0.0100135803222656,0.0078678131103515,0.0078678131103515,0.00762939453125,0.00762939453125,0.0,0.0058650970458984,0.0,0.0,0.0,0.0074386596679687,0.011444091796875,0.0217437744140625,0.1149657037523057,0.3266334533691406,0.496,1.776,0.0,0.0,4.232,3.744,122.384,22.945205479452056,20353.488,1
210,0.0,0.0,0.0,0.0,0.0,0.0,0,0,0.0,0.0,0.0,0.0,0.0,0.0,0.0,0.00721275216282,0.0100135803222656,0.0092983245849609,0.0092983245849609,0.0088214874267578,0.0088214874267578,0.0,0.0055551528930664,0.0,0.0,0.0,0.0074386596679687,0.0105619430541992,0.0270843505859375,0.1149657037523057,0.3266334533691406,0.496,1.776,0.0,0.0,7.736,8.264,122.384,22.945205479452056,20353.488,1
211,0.0,0.0,0.0,0.0,0.0,0.0,0,0,0.0,0.0,0.0,0.0,0.0,0.0,0.0,0.006242553786476,0.0087976455688476,0.0066757202148437,0.0066757202148437,0.0066757202148437,0.0066757202148437,0.0,0.0,0.0,0.0,0.0,0.0,0.0,0.0,0.1328706741333007,0.3151416778564453,0.496,1.808,0.0,0.0,0.0,0.0,118.448,20.0,224.8,1
212,0.0,0.0,0.0,0.0,0.0,0.0,0,0,0.0,0.0,0.0,0.0,0.0,0.0,0.0,0.0061632981940881,0.0085830688476562,0.0073909759521484,0.0073909759521484,0.0095367431640625,0.0095367431640625,0.0,0.0,0.0,0.0,0.0,0.0,0.0,0.0,0.0,0.0,0.496,1.808,0.0,0.0,0.0,0.0,113.256,100.0,0.0,1
213,0.0,0.0,0.0,0.0,0.0,0.0,0,0,0.0,0.0,0.0,0.0,0.0,0.0,0.0,0.0062826836463248,0.0087976455688476,0.0069141387939453,0.0069141387939453,0.0109672546386718,0.0109672546386718,0.0,0.0,0.0,0.0,0.0,0.0,0.0,0.0,0.0092983245849609,0.0092983245849609,0.496,1.776,0.0,0.0,0.0,0.0,118.448,0.0,1.192,1
214,0.0,0.0,0.0,0.0,0.0,0.0,0,0,0.0,0.0,0.0,0.0,0.0,0.0,0.0,0.0070437644291849,0.0090599060058593,0.0088214874267578,0.0088214874267578,0.0131130218505859,0.0131130218505859,0.0,0.0058650970458984,0.0,0.0,0.0,0.0077247619628906,0.0101566314697265,0.0192165374755859,0.0973159105631042,0.308084487915039,0.496,1.84,0.0,0.0,4.232,3.744,143.152,21.56066756878665,18982.248,1
215,0.0,0.0,0.0,0.0,0.0,0.0,0,0,0.0,0.0,0.0,0.0,0.0,0.0,0.0,0.0063109397888183,0.0088214874267578,0.0092983245849609,0.0092983245849609,0.0140666961669921,0.0140666961669921,0.0,0.0069141387939453,0.0,0.0,0.0,0.0089645385742187,0.0124454498291015,0.0240325927734375,0.0,0.0,0.496,1.84,0.0,0.0,4.232,3.744,112.0,21.56066756878665,0.0,1
216,0.0,0.0,0.0,0.0,0.0,0.0,0,0,0.0,0.0,0.0,0.0,0.0,0.0,0.0,0.0062334537506103,0.0083446502685546,0.0066995620727539,0.0058412551879882,0.0121593475341796,0.0131130218505859,0.0,0.0064611434936523,0.0,0.0,0.0,0.0083684921264648,0.0110864639282226,0.0257492065429687,0.0,0.0,1.344,2.624,0.0,0.0,7.736,8.264,112.0,21.56066756878665,0.0,1
217,0.0,0.0,0.0,0.0,0.0,0.0,0,0,0.0,0.0,0.0,0.0,0.0,0.0,0.0,0.0063133239746093,0.0086069107055664,0.0069141387939453,0.0069141387939453,0.009775161743164,0.009775161743164,0.0,0.0,0.0,0.0,0.0,0.0,0.0,0.0,0.0,0.0,0.496,1.776,0.0,0.0,0.0,0.0,112.0,21.56066756878665,0.0,1
218,0.0,0.0,0.0,0.0,0.0,0.0,0,0,0.0,0.0,0.0,0.0,0.0,0.0,0.0,0.006183385848999,0.0085830688476562,0.0078678131103515,0.0078678131103515,0.0088214874267578,0.0088214874267578,0.0,0.0,0.0,0.0,0.0,0.0,0.0,0.0,0.0,0.0,0.496,1.776,0.0,0.0,0.0,0.0,112.0,21.56066756878665,0.0,1
219,0.0,0.0,0.0,0.0,0.0,0.0,0,0,0.0,0.0,0.0,0.0,0.0,0.0,0.0,0.0060689449310302,0.0081062316894531,0.0083446502685546,0.0083446502685546,0.0102519989013671,0.0102519989013671,0.0,0.0,0.0,0.0,0.0,0.0,0.0,0.0,0.0,0.0,0.496,1.776,0.0,0.0,0.0,0.0,112.0,21.56066756878665,0.0,1
220,0.0,0.0,0.0,0.0,0.0,0.0,0,0,0.0,0.0,0.0,0.0,0.0,0.0,0.0,0.0061714649200439,0.0085830688476562,0.0071525573730468,0.0071525573730468,0.0073909759521484,0.0073909759521484,0.0,0.0057220458984375,0.0,0.0,0.0,0.0069618225097656,0.0109672546386718,0.0210762023925781,0.0,0.0,0.496,1.776,0.0,0.0,4.232,3.744,112.0,21.56066756878665,0.0,1
