time_seconds,a1_retransmissions_ul_count,a1_retransmissions_dl_count,a1_packet_loss_ul_percentage,a1_packet_loss_dl_percentage,e2_du_packet_loss_ul_percentage,e2_du_packet_loss_dl_percentage,e2_du_retransmissions_ul_count,e2_du_retransmissions_dl_count,f1_c_packet_loss_dl_percentage,f1_c_packet_loss_ul_percentage,f1_c_retransmissions_dl_count,f1_c_retransmissions_ul_count,f1_u_retransmissions_dl_count,f1_u_retransmissions_ul_count,f1_u_packet_loss_ul_percentage,f1_u_latency_mean_ul_ms,f1_u_latency_p90_ul_ms,e2_du_latency_p90_ul_ms,e2_du_latency_mean_ul_ms,f1_c_latency_mean_dl_ms,a1_latency_mean_ul_ms,e2_du_latency_mean_dl_ms,e2_du_latency_p90_dl_ms,f1_c_latency_p90_dl_ms,f1_c_latency_mean_ul_ms,f1_c_latency_p90_ul_ms,a1_latency_p90_ul_ms,a1_latency_mean_dl_ms,a1_latency_p90_dl_ms,e2_du_throughput_dl_kbps,e2_du_throughput_ul_kbps,f1_c_throughput_ul_kbps,f1_c_throughput_dl_kbps,a1_throughput_dl_kbps,a1_throughput_ul_kbps,f1_u_packet_loss_dl_percentage,f1_u_throughput_ul_kbps,f1_u_latency_mean_dl_ms,f1_u_latency_p90_dl_ms,f1_u_throughput_dl_kbps,F-node
0,0.0,0.0,0.0,0.0,0.0,0.0,0,0,0.0,0.0,0.0,0.0,0.0,0.0,0.0,0.0067150708541129,0.0083446502685546,0.0107288360595703,0.0107288360595703,0.0042915344238281,0.0061852591378348,0.0131130218505859,0.0131130218505859,0.0042915344238281,0.0081062316894531,0.0081062316894531,0.008249282836914,0.0095094953264508,0.020456314086914,0.496,1.36,0.848,0.848,25.152,27.344,0.0,140.352,0.0044639293964092,0.006723403930664,650.984,0
1,0.0,0.0,0.0,0.0,0.0,0.0,0,0,0.0,0.0,0.0,0.0,0.0,0.0,0.0,0.0067150708541129,0.0083446502685546,0.0073909759521484,0.0073909759521484,0.0042915344238281,0.0061852591378348,0.0081062316894531,0.0081062316894531,0.0042915344238281,0.0081062316894531,0.0081062316894531,0.008249282836914,0.0095094953264508,0.020456314086914,0.496,1.36,0.848,0.848,25.152,27.344,0.0,140.352,0.0044639293964092,0.006723403930664,650.984,0
2,0.0,0.0,0.0,0.0,0.0,0.0,0,0,0.0,0.0,0.0,0.0,0.0,0.0,0.0,0.0067508220672607,0.0085830688476562,0.0073909759521484,0.0073909759521484,0.0042915344238281,0.0061852591378348,0.0061988830566406,0.0061988830566406,0.0042915344238281,0.0081062316894531,0.0081062316894531,0.008249282836914,0.0095094953264508,0.020456314086914,0.496,1.424,0.848,0.848,25.152,27.344,0.0,112.0,0.0040531158447265,0.0048160552978515,39.872,0
3,0.0,0.0,0.0,0.0,0.0,0.0,0,0,0.0,0.0,0.0,0.0,0.0,0.0,0.0,0.0066057366518238,0.0083446502685546,0.0073909759521484,0.0073909759521484,0.0042915344238281,0.0061852591378348,0.0069141387939453,0.0069141387939453,0.0042915344238281,0.0081062316894531,0.0081062316894531,0.008249282836914,0.0095094953264508,0.020456314086914,0.496,1.392,0.848,0.848,25.152,27.344,0.0,113.256,0.0047683715820312,0.0047683715820312,1.192,0
4,0.0,0.0,0.0,0.0,0.0,0.0,0,0,0.0,0.0,0.0,0.0,0.0,0.0,0.0,0.0067717993437354,0.0088214874267578,0.0061988830566406,0.0061988830566406,0.0042915344238281,0.0061852591378348,0.0107288360595703,0.0107288360595703,0.0042915344238281,0.0081062316894531,0.0081062316894531,0.008249282836914,0.0095094953264508,0.020456314086914,0.496,1.36,0.848,0.848,25.152,27.344,0.0,113.256,0.0057220458984375,0.0057220458984375,1.192,0
5,0.0,0.0,0.0,0.0,0.0,0.0,0,0,0.0,0.0,0.0,0.0,0.0,0.0,0.0,0.0065096575229322,0.0083446502685546,0.0081062316894531,0.0081062316894531,0.0042915344238281,0.0061852591378348,0.0066757202148437,0.0066757202148437,0.0042915344238281,0.0081062316894531,0.0081062316894531,0.008249282836914,0.0095094953264508,0.020456314086914,0.496,1.36,0.848,0.848,25.152,27.344,0.0,113.256,0.0047683715820312,0.0047683715820312,1.192,0
6,0.0,0.0,0.0,0.0,0.0,0.0,0,0,0.0,0.0,0.0,0.0,0.0,0.0,0.0,0.006568431854248,0.0083446502685546,0.0088214874267578,0.0088214874267578,0.0042915344238281,0.0061852591378348,0.0083446502685546,0.0083446502685546,0.0042915344238281,0.0081062316894531,0.0081062316894531,0.008249282836914,0.0095094953264508,0.020456314086914,0.496,1.36,0.848,0.848,25.152,27.344,0.0,112.0,0.0,0.0,0.0,0
7,0.0,0.0,0.0,0.0,0.0,0.0,0,0,0.0,0.0,0.0,0.0,0.0,0.0,0.0,0.0066161155700683,0.0085830688476562,0.0095367431640625,0.0095367431640625,0.0042915344238281,0.0061852591378348,0.0085830688476562,0.0085830688476562,0.0042915344238281,0.0081062316894531,0.0081062316894531,0.008249282836914,0.0095094953264508,0.020456314086914,0.496,1.36,0.848,0.848,25.152,27.344,0.0,112.0,0.0,0.0,0.0,0
8,0.0,0.0,0.0,0.0,0.0,0.0,0,0,0.0,0.0,0.0,0.0,0.0,0.0,0.0,0.0066456285495202,0.0083446502685546,0.0071525573730468,0.0071525573730468,0.0042915344238281,0.0061852591378348,0.0078678131103515,0.0078678131103515,0.0042915344238281,0.0081062316894531,0.0081062316894531,0.008249282836914,0.0095094953264508,0.020456314086914,0.496,1.36,0.848,0.848,25.152,27.344,0.0,143.152,0.0040205262547774,0.0047683715820312,1530.632,0
9,0.0,0.0,0.0,0.0,0.0,0.0,0,0,0.0,0.0,0.0,0.0,0.0,0.0,0.0,0.0069793777086248,0.0090599060058593,0.0071525573730468,0.0071525573730468,0.0042915344238281,0.0061852591378348,0.0083446502685546,0.0083446502685546,0.0042915344238281,0.0081062316894531,0.0081062316894531,0.008249282836914,0.0095094953264508,0.020456314086914,0.496,1.424,0.848,0.848,25.152,27.344,0.0,117.192,0.0038397182745295,0.0045299530029296,9613.72,0
10,0.0,0.0,0.0,0.0,0.0,0.0,0,0,0.0,0.0,0.0,0.0,0.0,0.0,0.0,0.0066626724319078,0.0085830688476562,0.0085830688476562,0.0085830688476562,0.0042915344238281,0.0061852591378348,0.013589859008789,0.013589859008789,0.0042915344238281,0.0081062316894531,0.0081062316894531,0.008249282836914,0.0095094953264508,0.020456314086914,0.496,1.424,0.848,0.848,25.152,27.344,0.0,113.256,0.0071525573730468,0.0071525573730468,1.192,0
11,0.0,0.0,0.0,0.0,0.0,0.0,0,0,0.0,0.0,0.0,0.0,0.0,0.0,0.0,0.0066460661627166,0.0085830688476562,0.0078678131103515,0.0078678131103515,0.0042915344238281,0.0061852591378348,0.0145435333251953,0.0145435333251953,0.0042915344238281,0.0081062316894531,0.0081062316894531,0.008249282836914,0.0095094953264508,0.020456314086914,0.496,1.36,0.848,0.848,25.152,27.344,0.0,113.256,0.0092983245849609,0.0092983245849609,1.192,0
12,0.0,0.0,0.0,0.0,0.0,0.0,0,0,0.0,0.0,0.0,0.0,0.0,0.0,0.0,0.0066436938385465,0.0085830688476562,0.0073909759521484,0.0073909759521484,0.0042915344238281,0.0061852591378348,0.0085830688476562,0.0085830688476562,0.0042915344238281,0.0081062316894531,0.0081062316894531,0.008249282836914,0.0095094953264508,0.020456314086914,0.496,1.36,0.848,0.848,25.152,27.344,0.0,113.256,0.0090599060058593,0.0090599060058593,1.192,0
13,0.0,0.0,0.0,0.0,0.0,0.0,0,0,0.0,0.0,0.0,0.0,0.0,0.0,0.0,0.0065183639526367,0.0083446502685546,0.0081062316894531,0.0081062316894531,0.0042915344238281,0.0061852591378348,0.0216960906982421,0.0216960906982421,0.0042915344238281,0.0081062316894531,0.0081062316894531,0.008249282836914,0.0095094953264508,0.020456314086914,0.496,1.36,0.848,0.848,25.152,27.344,0.0,112.0,0.0,0.0,0.0,0
14,0.0,0.0,0.0,0.0,0.0,0.0,0,0,0.0,0.0,0.0,0.0,0.0,0.0,0.0,0.0066006183624267,0.0085830688476562,0.0078678131103515,0.0078678131103515,0.0042915344238281,0.0061852591378348,0.0102519989013671,0.0102519989013671,0.0042915344238281,0.0081062316894531,0.0081062316894531,0.008249282836914,0.0095094953264508,0.020456314086914,0.496,1.36,0.848,0.848,25.152,27.344,0.0,112.0,0.0,0.0,0.0,0
15,0.0,0.0,0.0,0.0,0.0,0.0,0,0,0.0,0.0,0.0,0.0,0.0,0.0,0.0,0.0066089630126953,0.0083446502685546,0.0085830688476562,0.0085830688476562,0.0042915344238281,0.0061852591378348,0.0102519989013671,0.0102519989013671,0.0042915344238281,0.0081062316894531,0.0081062316894531,0.008249282836914,0.0095094953264508,0.020456314086914,0.496,1.36,0.848,0.848,25.152,27.344,0.0,112.0,0.0,0.0,0.0,0
16,0.0,0.0,0.0,0.0,0.0,0.0,0,0,0.0,0.0,0.0,0.0,0.0,0.0,0.0,0.0066721439361572,0.0083446502685546,0.0095367431640625,0.0095367431640625,0.0042915344238281,0.0061852591378348,0.0090599060058593,0.0090599060058593,0.0042915344238281,0.0081062316894531,0.0081062316894531,0.008249282836914,0.0095094953264508,0.020456314086914,0.496,1.36,0.848,0.848,25.152,27.344,0.0,112.0,0.0,0.0,0.0,0
17,0.0,0.0,0.0,0.0,0.0,0.0,0,0,0.0,0.0,0.0,0.0,0.0,0.0,0.0,0.0065179606575277,0.0081062316894531,0.0081062316894531,0.0081062316894531,0.0042915344238281,0.0061852591378348,0.0119209289550781,0.0119209289550781,0.0042915344238281,0.0081062316894531,0.0081062316894531,0.008249282836914,0.0095094953264508,0.020456314086914,0.496,1.36,0.848,0.848,25.152,27.344,0.0,113.256,0.0090599060058593,0.0090599060058593,1.192,0
18,0.0,0.0,0.0,0.0,0.0,0.0,0,0,0.0,0.0,0.0,0.0,0.0,0.0,0.0,0.0064776311466349,0.0083446502685546,0.0071525573730468,0.0071525573730468,0.0042915344238281,0.0061852591378348,0.0121593475341796,0.0121593475341796,0.0042915344238281,0.0081062316894531,0.0081062316894531,0.008249282836914,0.0095094953264508,0.020456314086914,0.496,1.36,0.848,0.848,25.152,27.344,0.0,113.256,0.0078678131103515,0.0078678131103515,1.192,0
19,0.0,0.0,0.0,0.0,0.0,0.0,0,0,0.0,0.0,0.0,0.0,0.0,0.0,0.0,0.0066175693418921,0.0083446502685546,0.0069141387939453,0.0069141387939453,0.0042915344238281,0.0,0.0109672546386718,0.0109672546386718,0.0042915344238281,0.0081062316894531,0.0081062316894531,0.0,0.0,0.0,0.496,1.36,0.848,0.848,0.0,0.0,0.0,134.024,0.0039554656820094,0.0045299530029296,2101.12,0
20,0.0,0.0,0.0,0.0,0.0,0.0,0,0,0.0,0.0,0.0,0.0,0.0,0.0,0.0,0.0067931677907558,0.0088214874267578,0.0069141387939453,0.0069141387939453,0.0042915344238281,0.0,0.00762939453125,0.00762939453125,0.0042915344238281,0.0081062316894531,0.0081062316894531,0.0,0.0,0.0,0.496,1.424,0.848,0.848,0.0,0.0,0.0,127.576,0.0039627263834188,0.0047683715820312,1948.432,0
21,0.0,0.0,0.0,0.0,0.0,0.0,0,0,0.0,0.0,0.0,0.0,0.0,0.0,0.0,0.0066685676574707,0.0083684921264648,0.0073909759521484,0.0073909759521484,0.0042915344238281,0.0064849853515625,0.0066757202148437,0.0066757202148437,0.0042915344238281,0.0081062316894531,0.0081062316894531,0.0081539154052734,0.0121116638183593,0.0223636627197265,0.496,1.424,0.848,0.848,4.52,3.504,0.0,112.0,0.0,0.0,0.0,0
22,0.0,0.0,0.0,0.0,0.0,0.0,0,0,0.0,0.0,0.0,0.0,0.0,0.0,0.0,0.0066155254250705,0.0085830688476562,0.0081062316894531,0.0081062316894531,0.0042915344238281,0.006270408630371,0.0066757202148437,0.0066757202148437,0.0042915344238281,0.0081062316894531,0.0081062316894531,0.0088453292846679,0.0115156173706054,0.0263452529907226,0.496,1.36,0.848,0.848,8.264,7.736,0.0,122.384,0.0042401827298677,0.0054836273193359,674.344,0
23,0.0,0.0,0.0,0.0,0.0,0.0,0,0,0.0,0.0,0.0,0.0,0.0,0.0,0.0,0.0065433979034423,0.0078678131103515,0.0104904174804687,0.0104904174804687,0.0042915344238281,0.0,0.0119209289550781,0.0119209289550781,0.0042915344238281,0.0081062316894531,0.0081062316894531,0.0,0.0,0.0,0.496,1.36,0.848,0.848,0.0,0.0,0.0,112.0,0.0,0.0,0.0,0
24,0.0,0.0,0.0,0.0,0.0,0.0,0,0,0.0,0.0,0.0,0.0,0.0,0.0,0.0,0.0063945998006792,0.0081062316894531,0.0088214874267578,0.0088214874267578,0.0042915344238281,0.0,0.0128746032714843,0.0128746032714843,0.0042915344238281,0.0081062316894531,0.0081062316894531,0.0,0.0,0.0,0.496,1.424,0.848,0.848,0.0,0.0,0.0,113.256,0.0054836273193359,0.0054836273193359,1.192,0
25,0.0,0.0,0.0,0.0,0.0,0.0,0,0,0.0,0.0,0.0,0.0,0.0,0.0,0.0,0.0065892350439931,0.0083446502685546,0.0150203704833984,0.0150203704833984,0.0042915344238281,0.006103515625,0.0095367431640625,0.0095367431640625,0.0042915344238281,0.0081062316894531,0.0081062316894531,0.0076770782470703,0.0121593475341796,0.0236034393310546,0.496,1.36,0.848,0.848,3.744,4.232,0.0,128.832,0.0039184985517644,0.0042915344238281,1630.568,0
26,0.0,0.0,0.0,0.0,0.0,0.0,0,0,0.0,0.0,0.0,0.0,0.0,0.0,0.0,0.0064776311466349,0.0081062316894531,0.0073909759521484,0.0073909759521484,0.0042915344238281,0.0069856643676757,0.0085830688476562,0.0085830688476562,0.0042915344238281,0.0081062316894531,0.0081062316894531,0.0088691711425781,0.0114917755126953,0.0301837921142578,0.496,1.424,0.848,0.848,7.488,8.464,0.0,113.256,0.0088214874267578,0.0088214874267578,1.192,0
27,0.0,0.0,0.0,0.0,0.0,0.0,0,0,0.0,0.0,0.0,0.0,0.0,0.0,0.0,0.0064776311466349,0.0081062316894531,0.0095367431640625,0.0095367431640625,0.0152587890625,0.0067551930745442,0.0081062316894531,0.0081062316894531,0.0152587890625,0.0064373016357421,0.0064373016357421,0.0092983245849609,0.0110467274983723,0.0261783599853515,0.496,1.36,0.848,0.848,12.008,11.968,0.0,113.256,0.0088214874267578,0.0088214874267578,1.192,0
28,0.0,0.0,0.0,0.0,0.0,0.0,0,0,0.0,0.0,0.0,0.0,0.0,0.0,0.0,0.0064776311466349,0.0081062316894531,0.0070810317993164,0.0067949295043945,0.0,0.0062465667724609,0.014662742614746,0.0187635421752929,0.0,0.0,0.0,0.008392333984375,0.0111818313598632,0.0248193740844726,1.344,2.208,0.0,0.0,8.264,7.736,0.0,113.256,0.0088214874267578,0.0088214874267578,1.192,0
29,0.0,0.0,0.0,0.0,0.0,0.0,0,0,0.0,0.0,0.0,0.0,0.0,0.0,0.0,0.0064776311466349,0.0081062316894531,0.0064373016357421,0.0064373016357421,0.0,0.0,0.009775161743164,0.009775161743164,0.0,0.0,0.0,0.0,0.0,0.0,0.496,1.36,0.0,0.0,0.0,0.0,0.0,113.256,0.0088214874267578,0.0088214874267578,1.192,0
30,0.0,0.0,0.0,0.0,0.0,0.0,0,0,0.0,0.0,0.0,0.0,0.0,0.0,0.0,0.0064776311466349,0.0081062316894531,0.005960464477539,0.005960464477539,0.0,0.0,0.0109672546386718,0.0109672546386718,0.0,0.0,0.0,0.0,0.0,0.0,0.496,1.36,0.0,0.0,0.0,0.0,0.0,113.256,0.0088214874267578,0.0088214874267578,1.192,0
31,0.0,0.0,0.0,0.0,0.0,0.0,0,0,0.0,0.0,0.0,0.0,0.0,0.0,0.0,0.006524643095413,0.0081062316894531,0.0066757202148437,0.0066757202148437,0.0,0.006723403930664,0.0119209289550781,0.0119209289550781,0.0,0.0,0.0,0.0091075897216796,0.0108242034912109,0.0204086303710937,0.496,1.36,0.0,0.0,3.744,4.232,0.0,116.752,0.009775161743164,0.0103473663330078,4.4,0
32,0.0,0.0,0.0,0.0,0.0,0.0,0,0,0.0,0.0,0.0,0.0,0.0,0.0,0.0,0.0066294598935255,0.0081062316894531,0.0069141387939453,0.0069141387939453,0.0,0.005960464477539,0.0095367431640625,0.0095367431640625,0.0,0.0,0.0,0.0088214874267578,0.0110149383544921,0.0283241271972656,0.496,1.36,0.0,0.0,7.488,8.464,0.0,113.256,0.0073909759521484,0.0073909759521484,1.192,0
33,0.0,0.0,0.0,0.0,0.0,0.0,0,0,0.0,0.0,0.0,0.0,0.0,0.0,0.0,0.0064859342812305,0.0081062316894531,0.0071525573730468,0.0071525573730468,0.0,0.0063101450602213,0.0119209289550781,0.0119209289550781,0.0,0.0,0.0,0.0086307525634765,0.0110626220703125,0.0284671783447265,0.496,1.424,0.0,0.0,12.008,11.968,0.0,113.256,0.0066757202148437,0.0066757202148437,1.192,0
34,0.0,0.0,0.0,0.0,0.0,0.0,0,0,0.0,0.0,0.0,0.0,0.0,0.0,0.0,0.0066184997558593,0.0085830688476562,0.0071525573730468,0.0071525573730468,0.0,0.0065803527832031,0.0145435333251953,0.0145435333251953,0.0,0.0,0.0,0.008392333984375,0.0110864639282226,0.0269651412963867,0.496,1.36,0.0,0.0,8.264,7.736,0.0,112.0,0.0,0.0,0.0,0
35,0.0,0.0,0.0,0.0,0.0,0.0,0,0,0.0,0.0,0.0,0.0,0.0,0.0,0.0,0.0065076351165771,0.0085830688476562,0.009775161743164,0.009775161743164,0.0,0.0,0.0071525573730468,0.0071525573730468,0.0,0.0,0.0,0.0,0.0,0.0,0.496,1.36,0.0,0.0,0.0,0.0,0.0,112.0,0.0,0.0,0.0,0
36,0.0,0.0,0.0,0.0,0.0,0.0,0,0,0.0,0.0,0.0,0.0,0.0,0.0,0.0,0.0073550974281088,0.009775161743164,0.0078678131103515,0.0078678131103515,0.0,0.0,0.0092983245849609,0.0092983245849609,0.0,0.0,0.0,0.0,0.0,0.0,0.496,1.36,0.0,0.0,0.0,0.0,0.0,143.152,0.0039041820456402,0.0045299530029296,17116.416,0
37,0.0,0.0,0.0,0.0,0.0,0.0,0,0,0.0,0.0,0.0,0.0,0.0,0.0,0.0,0.0069426066839872,0.0088214874267578,0.0085830688476562,0.0085830688476562,0.0,0.0088691711425781,0.00762939453125,0.00762939453125,0.0,0.0,0.0,0.0138282775878906,0.0112056732177734,0.0209808349609375,0.496,1.424,0.0,0.0,3.744,4.232,0.0,117.192,0.0039127451428294,0.0047683715820312,3777.376,0
38,0.0,0.0,0.0,0.0,0.0,0.0,0,0,0.0,0.0,0.0,0.0,0.0,0.0,0.0,0.006608108975994,0.0085830688476562,0.0100135803222656,0.0100135803222656,0.0,0.0069141387939453,0.0064373016357421,0.0064373016357421,0.0,0.0,0.0,0.0088214874267578,0.0116825103759765,0.0295400619506835,0.496,1.424,0.0,0.0,7.488,8.464,0.0,113.256,0.005960464477539,0.005960464477539,1.192,0
39,0.0,0.0,0.0,0.0,0.0,0.0,0,0,0.0,0.0,0.0,0.0,0.0,0.0,0.0,0.0065286361162935,0.0081062316894531,0.0073909759521484,0.0073909759521484,0.0,0.0065485636393229,0.0064373016357421,0.0064373016357421,0.0,0.0,0.0,0.0090599060058593,0.011142094930013,0.0270366668701171,0.496,1.36,0.0,0.0,12.008,11.968,0.0,113.256,0.0061988830566406,0.0061988830566406,1.192,0
40,0.0,0.0,0.0,0.0,0.0,0.0,0,0,0.0,0.0,0.0,0.0,0.0,0.0,0.0,0.007178269180597,0.0090599060058593,0.0107288360595703,0.0107288360595703,0.0,0.006723403930664,0.009775161743164,0.009775161743164,0.0,0.0,0.0,0.0091791152954101,0.0106334686279296,0.024580955505371,0.496,1.36,0.0,0.0,8.264,7.736,0.0,128.832,0.0039870861553236,0.0047683715820312,6434.168,0
41,0.0,0.0,0.0,0.0,0.0,0.0,0,0,0.0,0.0,0.0,0.0,0.0,0.0,0.0,0.006493330001831,0.0083446502685546,0.0085830688476562,0.0085830688476562,0.0,0.0,0.0083446502685546,0.0083446502685546,0.0,0.0,0.0,0.0,0.0,0.0,0.496,1.424,0.0,0.0,0.0,0.0,0.0,112.0,0.0,0.0,0.0,0
42,0.0,0.0,0.0,0.0,0.0,0.0,0,0,0.0,0.0,0.0,0.0,0.0,0.0,0.0,0.0068267973342744,0.0088214874267578,0.0069141387939453,0.0069141387939453,0.0,0.0,0.0069141387939453,0.0069141387939453,0.0,0.0,0.0,0.0,0.0,0.0,0.496,1.392,0.0,0.0,0.0,0.0,0.0,122.384,0.004105269908905,0.0050067901611328,1354.512,0
43,0.0,0.0,0.0,0.0,0.0,0.0,0,0,0.0,0.0,0.0,0.0,0.0,0.0,0.0,0.0065457820892333,0.0083446502685546,0.0071525573730468,0.0071525573730468,0.0,0.0059127807617187,0.0133514404296875,0.0133514404296875,0.0,0.0,0.0,0.0075340270996093,0.0110149383544921,0.0208377838134765,0.496,1.424,0.0,0.0,3.744,4.232,0.0,112.0,0.0,0.0,0.0,0
44,0.0,0.0,0.0,0.0,0.0,0.0,0,0,0.0,0.0,0.0,0.0,0.0,0.0,0.0,0.0065934658050537,0.0083684921264648,0.0073909759521484,0.0073909759521484,0.0,0.0061511993408203,0.0081062316894531,0.0081062316894531,0.0,0.0,0.0,0.0090837478637695,0.0108957290649414,0.0277042388916015,0.496,1.392,0.0,0.0,7.488,8.464,0.0,112.0,0.0,0.0,0.0,0
45,0.0,0.0,0.0,0.0,0.0,0.0,0,0,0.0,0.0,0.0,0.0,0.0,0.0,0.0,0.0066152259485045,0.0085830688476562,0.0071525573730468,0.0071525573730468,0.0,0.0063578287760416,0.0071525573730468,0.0071525573730468,0.0,0.0,0.0,0.0094413757324218,0.0109513600667317,0.0259876251220703,0.496,1.36,0.0,0.0,12.008,11.968,0.0,113.256,0.0057220458984375,0.0057220458984375,1.192,0
46,0.0,0.0,0.0,0.0,0.0,0.0,0,0,0.0,0.0,0.0,0.0,0.0,0.0,0.0,0.0066140397864194,0.0085830688476562,0.0078678131103515,0.0078678131103515,0.0,0.0069379806518554,0.0064373016357421,0.0064373016357421,0.0,0.0,0.0,0.0092267990112304,0.0108718872070312,0.0270605087280273,0.496,1.36,0.0,0.0,8.264,7.736,0.0,113.256,0.0071525573730468,0.0071525573730468,1.192,0
47,0.0,0.0,0.0,0.0,0.0,0.0,0,0,0.0,0.0,0.0,0.0,0.0,0.0,0.0,0.0066935126461199,0.0088214874267578,0.0085830688476562,0.0085830688476562,0.0,0.0,0.0083446502685546,0.0083446502685546,0.0,0.0,0.0,0.0,0.0,0.0,0.496,1.36,0.0,0.0,0.0,0.0,0.0,113.256,0.0061988830566406,0.0061988830566406,1.192,0
48,0.0,0.0,0.0,0.0,0.0,0.0,0,0,0.0,0.0,0.0,0.0,0.0,0.0,0.0,0.0065851211547851,0.0083446502685546,0.0073909759521484,0.0073909759521484,0.0,0.0,0.0162124633789062,0.0162124633789062,0.0,0.0,0.0,0.0,0.0,0.0,0.496,1.36,0.0,0.0,0.0,0.0,0.0,112.0,0.0,0.0,0.0,0
49,0.0,0.0,0.0,0.0,0.0,0.0,0,0,0.0,0.0,0.0,0.0,0.0,0.0,0.0,0.0066919234192487,0.0083446502685546,0.0071525573730468,0.0071525573730468,0.0,0.006723403930664,0.0100135803222656,0.0100135803222656,0.0,0.0,0.0,0.0098228454589843,0.0119209289550781,0.0221729278564453,0.496,1.36,0.0,0.0,3.744,4.232,0.0,143.152,0.0039103684152007,0.0045299530029296,1722.92,0
50,0.0,0.0,0.0,0.0,0.0,0.0,0,0,0.0,0.0,0.0,0.0,0.0,0.0,0.0,0.006728172302246,0.0085830688476562,0.0107288360595703,0.0107288360595703,0.0,0.0060081481933593,0.0133514404296875,0.0133514404296875,0.0,0.0,0.0,0.0086307525634765,0.0113964080810546,0.029158592224121,0.496,1.424,0.0,0.0,7.488,8.464,0.0,112.0,0.0,0.0,0.0,0
51,0.0,0.0,0.0,0.0,0.0,0.0,0,0,0.0,0.0,0.0,0.0,0.0,0.0,0.0,0.0065577030181884,0.0081062316894531,0.0107288360595703,0.0107288360595703,0.0,0.0064032418387276,0.0073909759521484,0.0073909759521484,0.0,0.0,0.0,0.0085115432739257,0.0108033418655395,0.0281333923339843,0.496,1.36,0.0,0.0,12.536,11.44,0.0,112.0,0.0,0.0,0.0,0
52,0.0,0.0,0.0,0.0,0.0,0.0,0,0,0.0,0.0,0.0,0.0,0.0,0.0,0.0,0.0064574663911885,0.00762939453125,0.00762939453125,0.00762939453125,0.0,0.0063843197292751,0.0119209289550781,0.0119209289550781,0.0,0.0,0.0,0.0073432922363281,0.0110539523037997,0.0252723693847656,0.496,1.36,0.0,0.0,8.792,7.208,0.0,113.256,0.0073909759521484,0.0073909759521484,1.192,0
53,0.0,0.0,0.0,0.0,0.0,0.0,0,0,0.0,0.0,0.0,0.0,0.0,0.0,0.0,0.00647881730872,0.0081062316894531,0.0064373016357421,0.0064373016357421,0.0,0.0,0.0078678131103515,0.0078678131103515,0.0,0.0,0.0,0.0,0.0,0.0,0.496,1.36,0.0,0.0,0.0,0.0,0.0,113.256,0.0081062316894531,0.0081062316894531,1.192,0
54,0.0,0.0,0.0,0.0,0.0,0.0,0,0,0.0,0.0,0.0,0.0,0.0,0.0,0.0,0.0063862966660836,0.0078678131103515,0.0064373016357421,0.0064373016357421,0.0,0.0,0.0057220458984375,0.0057220458984375,0.0,0.0,0.0,0.0,0.0,0.0,0.496,1.36,0.0,0.0,0.0,0.0,0.0,113.256,0.00762939453125,0.00762939453125,1.192,0
55,0.0,0.0,0.0,0.0,0.0,0.0,0,0,0.0,0.0,0.0,0.0,0.0,0.0,0.0,0.007033348083496,0.0092983245849609,0.0078678131103515,0.0078678131103515,0.0,0.0065565109252929,0.0064373016357421,0.0064373016357421,0.0,0.0,0.0,0.00762939453125,0.0112056732177734,0.019073486328125,0.496,1.36,0.0,0.0,4.272,3.704,0.0,143.152,0.0039070596067412,0.0045299530029296,11626.776,0
56,0.0,0.0,0.0,0.0,0.0,0.0,0,0,0.0,0.0,0.0,0.0,0.0,0.0,0.0,0.0070130825042724,0.0090599060058593,0.0095367431640625,0.0095367431640625,0.0,0.0072717666625976,0.0126361846923828,0.0126361846923828,0.0,0.0,0.0,0.0091552734374999,0.0114202499389648,0.0283241271972656,0.496,1.424,0.0,0.0,7.488,8.464,0.0,112.0,0.0039771863609362,0.0047683715820312,1742.088,0
57,0.0,0.0,0.0,0.0,0.0,0.0,0,0,0.0,0.0,0.0,0.0,0.0,0.0,0.0,0.0065998058413984,0.0083446502685546,0.0085830688476562,0.0085830688476562,0.0052452087402343,0.006028584071568,0.013589859008789,0.013589859008789,0.0052452087402343,0.0119209289550781,0.0119209289550781,0.0080585479736328,0.0114291906356811,0.0271797180175781,0.496,1.392,0.848,0.848,12.536,11.44,0.0,115.032,0.0078678131103515,0.0078678131103515,2.744,0
58,0.0,0.0,0.0,0.0,0.0,0.0,0,0,0.0,0.0,0.0,0.0,0.0,0.0,0.0,0.0065588951110839,0.0081300735473632,0.0078678131103515,0.0078678131103515,0.009775161743164,0.0064373016357421,0.0109672546386718,0.0109672546386718,0.009775161743164,0.0042915344238281,0.0042915344238281,0.0091791152954101,0.0112533569335937,0.0267267227172851,0.496,1.424,0.848,0.848,8.264,7.736,0.0,112.0,0.0,0.0,0.0,0
59,0.0,0.0,0.0,0.0,0.0,0.0,0,0,0.0,0.0,0.0,0.0,0.0,0.0,0.0,0.0064230676907211,0.0078678131103515,0.0071525573730468,0.0071525573730468,0.0,0.0,0.0073909759521484,0.0073909759521484,0.0,0.0,0.0,0.0,0.0,0.0,0.496,1.36,0.0,0.0,0.0,0.0,0.0,113.256,0.0083446502685546,0.0083446502685546,1.192,0
60,0.0,0.0,0.0,0.0,0.0,0.0,0,0,0.0,0.0,0.0,0.0,0.0,0.0,0.0,0.0066092951380791,0.0081062316894531,0.0063419342041015,0.005960464477539,0.0,0.0,0.0088214874267578,0.0092029571533203,0.0,0.0,0.0,0.0,0.0,0.0,1.344,2.208,0.0,0.0,0.0,0.0,0.0,113.256,0.0088214874267578,0.0088214874267578,1.192,0
61,0.0,0.0,0.0,0.0,0.0,0.0,0,0,0.0,0.0,0.0,0.0,0.0,0.0,0.0,0.0066935126461199,0.0088214874267578,0.0078678131103515,0.0078678131103515,0.0,0.0060081481933593,0.0085830688476562,0.0085830688476562,0.0,0.0,0.0,0.0075340270996093,0.0121116638183593,0.0233173370361328,0.496,1.36,0.0,0.0,3.744,4.232,0.0,113.256,0.0047683715820312,0.0047683715820312,1.192,0
62,0.0,0.0,0.0,0.0,0.0,0.0,0,0,0.0,0.0,0.0,0.0,0.0,0.0,0.0,0.0065827369689941,0.0081062316894531,0.0064373016357421,0.0064373016357421,0.0,0.0064373016357421,0.0133514404296875,0.0133514404296875,0.0,0.0,0.0,0.0086784362792968,0.0110864639282226,0.0278234481811523,0.496,1.36,0.0,0.0,7.488,8.464,0.0,112.0,0.0,0.0,0.0,0
63,0.0,0.0,0.0,0.0,0.0,0.0,0,0,0.0,0.0,0.0,0.0,0.0,0.0,0.0,0.006929184626607,0.0090599060058593,0.0121593475341796,0.0121593475341796,0.0,0.0065962473551432,0.0123977661132812,0.0123977661132812,0.0,0.0,0.0,0.0089645385742187,0.0111262003580729,0.0277519226074218,0.496,1.36,0.0,0.0,12.008,11.968,0.0,143.152,0.0039679172746729,0.0047683715820312,3752.6,0
64,0.0,0.0,0.0,0.0,0.0,0.0,0,0,0.0,0.0,0.0,0.0,0.0,0.0,0.0,0.0067053742669708,0.0083446502685546,0.0071525573730468,0.0071525573730468,0.0,0.0065088272094726,0.0119209289550781,0.0119209289550781,0.0,0.0,0.0,0.0087976455688476,0.0110626220703125,0.0256538391113281,0.496,1.424,0.0,0.0,8.264,7.736,0.0,117.192,0.0041567760965098,0.0050067901611328,226.12,0
65,0.0,0.0,0.0,0.0,0.0,0.0,0,0,0.0,0.0,0.0,0.0,0.0,0.0,0.0,0.0066530704498291,0.0083446502685546,0.0073909759521484,0.0073909759521484,0.0,0.0,0.011444091796875,0.011444091796875,0.0,0.0,0.0,0.0,0.0,0.0,0.496,1.424,0.0,0.0,0.0,0.0,0.0,112.0,0.0,0.0,0.0,0
66,0.0,0.0,0.0,0.0,0.0,0.0,0,0,0.0,0.0,0.0,0.0,0.0,0.0,0.0,0.006580116725204,0.0085830688476562,0.0078678131103515,0.0078678131103515,0.0,0.0,0.011444091796875,0.011444091796875,0.0,0.0,0.0,0.0,0.0,0.0,0.496,1.36,0.0,0.0,0.0,0.0,0.0,123.08,0.0039667323015738,0.0047683715820312,1528.272,0
67,0.0,0.0,0.0,0.0,0.0,0.0,0,0,0.0,0.0,0.0,0.0,0.0,0.0,0.0,0.0066460661627166,0.0083446502685546,0.0085830688476562,0.0085830688476562,0.0,0.0,0.0069141387939453,0.0069141387939453,0.0,0.0,0.0,0.0,0.0,0.0,0.496,1.424,0.0,0.0,0.0,0.0,0.0,113.256,0.0066757202148437,0.0066757202148437,1.192,0
68,0.0,0.0,0.0,0.0,0.0,0.0,0,0,0.0,0.0,0.0,0.0,0.0,0.0,0.0,0.0067018157807155,0.0085830688476562,0.0066757202148437,0.0066757202148437,0.0,0.0063896179199218,0.0078678131103515,0.0078678131103515,0.0,0.0,0.0,0.0088691711425781,0.0119209289550781,0.0291109085083007,0.496,1.36,0.0,0.0,7.488,8.464,0.0,113.256,0.0054836273193359,0.0054836273193359,1.192,0
69,0.0,0.0,0.0,0.0,0.0,0.0,0,0,0.0,0.0,0.0,0.0,0.0,0.0,0.0,0.0068836024242081,0.0090599060058593,0.0069141387939453,0.0069141387939453,0.0,0.0069379806518554,0.0104904174804687,0.0104904174804687,0.0,0.0,0.0,0.0089168548583984,0.0123500823974609,0.03204345703125,0.496,1.36,0.0,0.0,7.488,8.464,0.0,127.576,0.0038782755533854,0.0045299530029296,4508.312,0
70,0.0,0.0,0.0,0.0,0.0,0.0,0,0,0.0,0.0,0.0,0.0,0.0,0.0,0.0,0.0066673755645751,0.0083446502685546,0.0092983245849609,0.0092983245849609,0.0,0.0065326690673828,0.0064373016357421,0.0064373016357421,0.0,0.0,0.0,0.0092267990112304,0.0108122825622558,0.0268459320068359,0.496,1.424,0.0,0.0,16.528,15.472,0.0,112.0,0.0,0.0,0.0,0
71,0.0,0.0,0.0,0.0,0.0,0.0,0,0,0.0,0.0,0.0,0.0,0.0,0.0,0.0,0.0070463312734471,0.0092983245849609,0.0073909759521484,0.0073909759521484,0.0,0.0,0.0081062316894531,0.0081062316894531,0.0,0.0,0.0,0.0,0.0,0.0,0.496,1.392,0.0,0.0,0.0,0.0,0.0,122.384,0.0039011530962615,0.0045299530029296,8001.592,0
72,0.0,0.0,0.0,0.0,0.0,0.0,0,0,0.0,0.0,0.0,0.0,0.0,0.0,0.0,0.0067777301541608,0.0088214874267578,0.0090599060058593,0.0090599060058593,0.0,0.0,0.0069141387939453,0.0069141387939453,0.0,0.0,0.0,0.0,0.0,0.0,0.496,1.424,0.0,0.0,0.0,0.0,0.0,117.192,0.0038765768968421,0.0045299530029296,2915.888,0
73,0.0,0.0,0.0,0.0,0.0,0.0,0,0,0.0,0.0,0.0,0.0,0.0,0.0,0.0,0.0063884258270263,0.0081062316894531,0.0092983245849609,0.0092983245849609,0.0,0.0,0.0078678131103515,0.0078678131103515,0.0,0.0,0.0,0.0,0.0,0.0,0.496,1.424,0.0,0.0,0.0,0.0,0.0,112.0,0.0,0.0,0.0,0
74,0.0,0.0,0.0,0.0,0.0,0.0,0,0,0.0,0.0,0.0,0.0,0.0,0.0,0.0,0.0067267251845022,0.0085830688476562,0.0085830688476562,0.0085830688476562,0.0,0.006723403930664,0.009775161743164,0.009775161743164,0.0,0.0,0.0,0.0090599060058593,0.0121116638183593,0.0295162200927734,0.496,1.36,0.0,0.0,7.488,8.464,0.0,113.256,0.0050067901611328,0.0050067901611328,1.192,0
75,0.0,0.0,0.0,0.0,0.0,0.0,0,0,0.0,0.0,0.0,0.0,0.0,0.0,0.0,0.0064562802291035,0.0081062316894531,0.0069141387939453,0.0069141387939453,0.0,0.0062942504882812,0.0100135803222656,0.0100135803222656,0.0,0.0,0.0,0.0090599060058593,0.0116825103759765,0.0293731689453125,0.496,1.36,0.0,0.0,7.488,8.464,0.0,113.256,0.0088214874267578,0.0088214874267578,1.192,0
76,0.0,0.0,0.0,0.0,0.0,0.0,0,0,0.0,0.0,0.0,0.0,0.0,0.0,0.0,0.0066187844347597,0.0085830688476562,0.0104904174804687,0.0104904174804687,0.0,0.0064874950208162,0.0071525573730468,0.0071525573730468,0.0,0.0,0.0,0.0095367431640625,0.0110580807640438,0.026702880859375,0.496,1.36,0.0,0.0,17.056,14.944,0.0,113.256,0.0066757202148437,0.0066757202148437,1.192,0
77,0.0,0.0,0.0,0.0,0.0,0.0,0,0,0.0,0.0,0.0,0.0,0.0,0.0,0.0,0.0065433979034423,0.0085830688476562,0.0123977661132812,0.0123977661132812,0.0,0.0,0.0131130218505859,0.0131130218505859,0.0,0.0,0.0,0.0,0.0,0.0,0.496,1.36,0.0,0.0,0.0,0.0,0.0,112.0,0.0,0.0,0.0,0
78,0.0,0.0,0.0,0.0,0.0,0.0,0,0,0.0,0.0,0.0,0.0,0.0,0.0,0.0,0.0067090988159179,0.0086069107055664,0.0066757202148437,0.0066757202148437,0.0,0.0063419342041015,0.0116825103759765,0.0116825103759765,0.0,0.0,0.0,0.0084877014160156,0.0098069508870442,0.0203609466552734,0.496,1.36,0.0,0.0,10.776,11.312,0.0,112.0,0.0,0.0,0.0,0
79,0.0,0.0,0.0,0.0,0.0,0.0,0,0,0.0,0.0,0.0,0.0,0.0,0.0,0.0,0.0065767765045166,0.0085830688476562,0.0069141387939453,0.0069141387939453,0.0,0.0,0.0104904174804687,0.0104904174804687,0.0,0.0,0.0,0.0,0.0,0.0,0.496,1.36,0.0,0.0,0.0,0.0,0.0,112.0,0.0,0.0,0.0,0
80,0.0,0.0,0.0,0.0,0.0,0.0,0,0,0.0,0.0,0.0,0.0,0.0,0.0,0.0,0.006486177444458,0.0078678131103515,0.0064373016357421,0.0064373016357421,0.0,0.0065326690673828,0.0066757202148437,0.0066757202148437,0.0,0.0,0.0,0.0091075897216796,0.0121116638183593,0.031590461730957,0.496,1.36,0.0,0.0,7.488,8.464,0.0,112.0,0.0,0.0,0.0,0
81,0.0,0.0,0.0,0.0,0.0,0.0,0,0,0.0,0.0,0.0,0.0,0.0,0.0,0.0,0.006723166698247,0.0085830688476562,0.00762939453125,0.00762939453125,0.0,0.0061750411987304,0.0071525573730468,0.0071525573730468,0.0,0.0,0.0,0.0086069107055664,0.011301040649414,0.0296592712402343,0.496,1.36,0.0,0.0,7.488,8.464,0.0,113.256,0.0088214874267578,0.0088214874267578,1.192,0
82,0.0,0.0,0.0,0.0,0.0,0.0,0,0,0.0,0.0,0.0,0.0,0.0,0.0,0.0,0.0067895917750116,0.0088214874267578,0.0078678131103515,0.0078678131103515,0.0,0.0061631202697753,0.009775161743164,0.009775161743164,0.0,0.0,0.0,0.0088214874267578,0.0108122825622558,0.0272989273071289,0.496,1.36,0.0,0.0,16.528,15.472,0.0,113.256,0.0090599060058593,0.0090599060058593,1.192,0
83,0.0,0.0,0.0,0.0,0.0,0.0,0,0,0.0,0.0,0.0,0.0,0.0,0.0,0.0,0.0066187844347597,0.0081062316894531,0.0088214874267578,0.0088214874267578,0.0,0.0,0.0143051147460937,0.0143051147460937,0.0,0.0,0.0,0.0,0.0,0.0,0.496,1.36,0.0,0.0,0.0,0.0,0.0,113.256,0.0085830688476562,0.0085830688476562,1.192,0
84,0.0,0.0,0.0,0.0,0.0,0.0,0,0,0.0,0.0,0.0,0.0,0.0,0.0,0.0,0.0065243244171142,0.0083446502685546,0.0071525573730468,0.0071525573730468,0.0,0.0,0.0064373016357421,0.0064373016357421,0.0,0.0,0.0,0.0,0.0,0.0,0.496,1.36,0.0,0.0,0.0,0.0,0.0,112.0,0.0,0.0,0.0,0
85,0.0,0.0,0.0,0.0,0.0,0.0,0,0,0.0,0.0,0.0,0.0,0.0,0.0,0.0,0.0069870532137676,0.0088214874267578,0.00762939453125,0.00762939453125,0.0,0.0,0.0066757202148437,0.0066757202148437,0.0,0.0,0.0,0.0,0.0,0.0,0.496,1.36,0.0,0.0,0.0,0.0,0.0,143.152,0.003925183924233,0.0045299530029296,9081.392,0
86,0.0,0.0,0.0,0.0,0.0,0.0,0,0,0.0,0.0,0.0,0.0,0.0,0.0,0.0,0.0064599514007568,0.0078916549682617,0.0109672546386718,0.0109672546386718,0.0,0.0064849853515625,0.0109672546386718,0.0109672546386718,0.0,0.0,0.0,0.008702278137207,0.0114679336547851,0.0294208526611328,0.496,1.424,0.0,0.0,7.488,8.464,0.0,112.0,0.0,0.0,0.0,0
87,0.0,0.0,0.0,0.0,0.0,0.0,0,0,0.0,0.0,0.0,0.0,0.0,0.0,0.0,0.0067055225372314,0.0085830688476562,0.0073909759521484,0.0073909759521484,0.0,0.006270408630371,0.0066757202148437,0.0066757202148437,0.0,0.0,0.0,0.0088453292846679,0.0106573104858398,0.026106834411621,0.496,1.36,0.0,0.0,7.488,8.464,0.0,112.0,0.0045879467113597,0.006723403930664,387.24,0
88,0.0,0.0,0.0,0.0,0.0,0.0,0,0,0.0,0.0,0.0,0.0,0.0,0.0,0.0,0.0066099495723329,0.0085830688476562,0.0090599060058593,0.0090599060058593,0.00762939453125,0.0065326690673828,0.0095367431640625,0.0095367431640625,0.00762939453125,0.0112056732177734,0.0112056732177734,0.0088453292846679,0.0107407569885253,0.0260114669799804,0.496,1.36,0.848,0.848,16.528,15.472,0.0,121.48,0.0038731331918753,0.0045299530029296,1106.912,0
89,0.0,0.0,0.0,0.0,0.0,0.0,0,0,0.0,0.0,0.0,0.0,0.0,0.0,0.0,0.0066484384868868,0.0085830688476562,0.0081062316894531,0.0081062316894531,0.0071525573730468,0.0,0.0064373016357421,0.0064373016357421,0.0071525573730468,0.00762939453125,0.00762939453125,0.0,0.0,0.0,0.496,1.424,0.848,0.848,0.0,0.0,0.0,113.256,0.0078678131103515,0.0078678131103515,1.192,0
90,0.0,0.0,0.0,0.0,0.0,0.0,0,0,0.0,0.0,0.0,0.0,0.0,0.0,0.0,0.0063874828281687,0.0078678131103515,0.0064373016357421,0.0064373016357421,0.0,0.0,0.0107288360595703,0.0107288360595703,0.0,0.0,0.0,0.0,0.0,0.0,0.496,1.36,0.0,0.0,0.0,0.0,0.0,113.256,0.0045299530029296,0.0045299530029296,1.192,0
91,0.0,0.0,0.0,0.0,0.0,0.0,0,0,0.0,0.0,0.0,0.0,0.0,0.0,0.0,0.0064551830291748,0.0078678131103515,0.0065565109252929,0.0060796737670898,0.0,0.0,0.0129938125610351,0.0142335891723632,0.0,0.0,0.0,0.0,0.0,0.0,1.344,2.208,0.0,0.0,0.0,0.0,0.0,112.0,0.0,0.0,0.0,0
92,0.0,0.0,0.0,0.0,0.0,0.0,0,0,0.0,0.0,0.0,0.0,0.0,0.0,0.0,0.0066244602203369,0.0081062316894531,0.0073909759521484,0.0073909759521484,0.0,0.0066518783569335,0.0069141387939453,0.0069141387939453,0.0,0.0,0.0,0.0088453292846679,0.0118970870971679,0.0300407409667968,0.496,1.36,0.0,0.0,7.488,8.464,0.0,112.0,0.0,0.0,0.0,0
93,0.0,0.0,0.0,0.0,0.0,0.0,0,0,0.0,0.0,0.0,0.0,0.0,0.0,0.0,0.0066959857940673,0.0088453292846679,0.0069141387939453,0.0069141387939453,0.0,0.0065326690673828,0.0073909759521484,0.0073909759521484,0.0,0.0,0.0,0.009012222290039,0.0110864639282226,0.0280141830444335,0.496,1.36,0.0,0.0,7.488,8.464,0.0,112.0,0.0,0.0,0.0,0
94,0.0,0.0,0.0,0.0,0.0,0.0,0,0,0.0,0.0,0.0,0.0,0.0,0.0,0.0,0.0065362453460693,0.0083446502685546,0.0090599060058593,0.0090599060058593,0.0,0.0063776969909667,0.00762939453125,0.00762939453125,0.0,0.0,0.0,0.0090599060058593,0.0108003616333007,0.0272035598754882,0.496,1.36,0.0,0.0,16.528,15.472,0.0,112.0,0.0,0.0,0.0,1
95,0.0,0.0,0.0,0.0,0.0,0.0,0,0,0.0,0.0,0.0,0.0,0.0,0.0,0.0,0.0066164121105896,0.0085830688476562,0.009775161743164,0.009775161743164,0.0,0.0,0.0071525573730468,0.0071525573730468,0.0,0.0,0.0,0.0,0.0,0.0,0.496,1.36,0.0,0.0,0.0,0.0,0.0,113.256,3940.008799235026,3940.01202583313,0.0,1
96,0.0,0.0,0.0,0.0,0.0,0.0,0,0,0.0,0.0,0.0,0.0,0.0,0.0,0.0,0.0066448800006316,0.0085830688476562,0.0095367431640625,0.0095367431640625,0.0,0.0,0.0102519989013671,0.0102519989013671,0.0,0.0,0.0,0.0,0.0,0.0,0.496,1.36,0.0,0.0,0.0,0.0,0.0,113.256,3940.008401870728,3940.008401870728,0.0,1
97,0.0,0.0,0.0,0.0,0.0,0.0,0,0,0.0,0.0,0.0,0.0,0.0,0.0,0.0,0.0064456047703377,0.0081062316894531,0.0081062316894531,0.0081062316894531,0.0,0.0,0.0109672546386718,0.0109672546386718,0.0,0.0,0.0,0.0,0.0,0.0,0.496,1.36,0.0,0.0,0.0,0.0,0.0,113.256,3940.0076866149902,3940.0076866149902,0.0,1
98,0.0,0.0,0.0,0.0,0.0,0.0,0,0,0.0,0.0,0.0,0.0,0.0,0.0,0.0,0.0066161155700683,0.0083684921264648,0.0071525573730468,0.0071525573730468,0.0,0.0065088272094726,0.0078678131103515,0.0078678131103515,0.0,0.0,0.0,0.0087738037109375,0.0109195709228515,0.0279188156127929,0.496,1.36,0.0,0.0,7.488,8.464,0.0,112.0,0.0,0.0,0.0,1
99,0.0,0.0,0.0,0.0,0.0,0.0,0,0,0.0,0.0,0.0,0.0,0.0,0.0,0.0,0.0065831995722073,0.0083446502685546,0.0066757202148437,0.0066757202148437,0.0,0.0065326690673828,0.0112056732177734,0.0112056732177734,0.0,0.0,0.0,0.0083684921264648,0.0109434127807617,0.0269889831542968,0.496,1.36,0.0,0.0,7.488,8.464,0.0,117.192,3940.1711295632754,3940.378713607788,16.6,1
100,0.0,0.0,0.0,0.0,0.0,0.0,0,0,0.0,0.0,0.0,0.0,0.0,0.0,0.0,0.0066149234771728,0.0081062316894531,0.0061988830566406,0.0061988830566406,0.0,0.006413459777832,0.0083446502685546,0.0083446502685546,0.0,0.0,0.0,0.0088214874267578,0.0107884407043457,0.0261545181274414,0.496,1.424,0.0,0.0,16.528,15.472,0.0,112.0,3940.093479325286,3940.3263568878174,1.192,1
101,0.0,0.0,0.0,0.0,0.0,0.0,0,0,0.0,0.0,0.0,0.0,0.0,0.0,0.0,0.0064015388488769,0.0078678131103515,0.009775161743164,0.009775161743164,0.0,0.0,0.0081062316894531,0.0081062316894531,0.0,0.0,0.0,0.0,0.0,0.0,0.496,1.36,0.0,0.0,0.0,0.0,0.0,112.0,3940.0134256907872,3940.0150060653687,1.192,1
102,0.0,0.0,0.0,0.0,0.0,0.0,0,0,0.0,0.0,0.0,0.0,0.0,0.0,0.0,0.006498098373413,0.0083684921264648,0.00762939453125,0.00762939453125,0.0,0.0,0.0069141387939453,0.0069141387939453,0.0,0.0,0.0,0.0,0.0,0.0,0.496,1.36,0.0,0.0,0.0,0.0,0.0,112.0,3940.085863580509,3940.23232460022,194.824,1
103,0.0,0.0,0.0,0.0,0.0,0.0,0,0,0.0,0.0,0.0,0.0,0.0,0.0,0.0,0.0065347831237492,0.0081062316894531,0.0104904174804687,0.0104904174804687,0.0,0.0,0.0085830688476562,0.0085830688476562,0.0,0.0,0.0,0.0,0.0,0.0,0.496,1.36,0.0,0.0,0.0,0.0,0.0,127.576,3940.141779716026,3940.335607528687,0.0,1
104,0.0,0.0,0.0,0.0,0.0,0.0,0,0,0.0,0.0,0.0,0.0,0.0,0.0,0.0,0.0068346659342447,0.0083446502685546,0.0081062316894531,0.0081062316894531,0.0,0.0063657760620117,0.0081062316894531,0.0081062316894531,0.0,0.0,0.0,0.0088930130004882,0.0109672546386718,0.0281572341918945,0.496,1.424,0.0,0.0,7.488,8.464,11.180904522613066,131.376,3940.165019271397,3940.42763710022,1153.88,1
105,0.0,0.0,0.0,0.0,0.0,0.0,0,0,0.0,0.0,0.0,0.0,0.0,0.0,0.0,0.0067890280544167,0.0088214874267578,0.0095367431640625,0.0095367431640625,0.0,0.0061988830566406,0.0133514404296875,0.0133514404296875,0.0,0.0,0.0,0.0090599060058593,0.0108718872070312,0.0263690948486328,0.496,1.424,0.0,0.0,7.488,8.464,94.85903814262024,115.984,3940.153175784696,3940.4335021972656,85.04,1
106,0.0,0.0,0.0,0.0,0.0,0.0,0,0,0.0,0.0,0.0,0.0,0.0,0.0,0.0,0.0068055521143545,0.0090360641479492,0.0083446502685546,0.0083446502685546,0.0,0.0066161155700683,0.0138282775878906,0.0138282775878906,0.0,0.0,0.0,0.0092983245849609,0.0109314918518066,0.0274419784545898,0.496,1.424,0.0,0.0,16.528,15.472,96.10538373424971,116.096,3940.105683663312,3940.338349342346,589.472,1
107,0.0,0.0,0.0,0.0,0.0,0.0,0,0,0.0,0.0,0.0,0.0,0.0,0.0,0.0,0.0068244367542833,0.0090599060058593,0.00762939453125,0.00762939453125,0.0,0.0,0.0116825103759765,0.0116825103759765,0.0,0.0,0.0,0.0,0.0,0.0,0.496,1.424,0.0,0.0,0.0,0.0,68.42105263157895,118.448,3940.123953516521,3940.337538719177,2075.712,1
108,0.0,0.0,0.0,0.0,0.0,0.0,0,0,0.0,0.0,0.0,0.0,0.0,0.0,0.0,0.0070434304612192,0.0088214874267578,0.0071525573730468,0.0071525573730468,0.0,0.0,0.0061988830566406,0.0061988830566406,0.0,0.0,0.0,0.0,0.0,0.0,0.496,1.424,0.0,0.0,0.0,0.0,0.0,117.192,3940.1326955082905,3940.330600738525,7800.056,1
109,0.0,0.0,0.0,0.0,0.0,0.0,0,0,0.0,0.0,0.0,0.0,0.0,0.0,0.0,0.0066033643276537,0.0085830688476562,0.009775161743164,0.009775161743164,0.0,0.0,0.0085830688476562,0.0085830688476562,0.0,0.0,0.0,0.0,0.0,0.0,0.496,1.424,0.0,0.0,0.0,0.0,0.0,114.888,3940.008640289306,3940.01145362854,342.544,1
110,0.0,0.0,0.0,0.0,0.0,0.0,0,0,0.0,0.0,0.0,0.0,0.0,0.0,0.0,0.0068026395579475,0.0085830688476562,0.0071525573730468,0.0071525573730468,0.0,0.0061988830566406,0.0109672546386718,0.0109672546386718,0.0,0.0,0.0,0.0086545944213867,0.0108957290649414,0.0265121459960937,0.496,1.424,0.0,0.0,7.488,8.464,0.0,114.296,3940.1578892458665,3940.428495407105,477.856,1
111,0.0,0.0,0.0,0.0,0.0,0.0,0,0,0.0,0.0,0.0,0.0,0.0,0.0,0.0,0.0067895917750116,0.0083446502685546,0.0090599060058593,0.0090599060058593,0.0,0.0069618225097656,0.0138282775878906,0.0138282775878906,0.0,0.0,0.0,0.0091075897216796,0.0110864639282226,0.0271081924438476,0.496,1.424,0.0,0.0,7.488,8.464,0.0,114.264,3940.143889691457,3940.407371520996,978.832,1
112,0.0,0.0,0.0,0.0,0.0,0.0,0,0,0.0,0.0,0.0,0.0,0.0,0.0,0.0,0.0068453413930105,0.0090599060058593,0.0073909759521484,0.0073909759521484,0.0,0.0061988830566406,0.0081062316894531,0.0081062316894531,0.0,0.0,0.0,0.0086307525634765,0.0104790642147972,0.025033950805664,0.496,1.424,0.0,0.0,17.056,14.944,0.0,115.4,3940.161042833981,3940.427780151367,873.928,1
113,0.0,0.0,0.0,0.0,0.0,0.0,0,0,0.0,0.0,0.0,0.0,0.0,0.0,0.0,0.0067943364233519,0.0088214874267578,0.0081062316894531,0.0081062316894531,0.0,0.0,0.0083446502685546,0.0083446502685546,0.0,0.0,0.0,0.0,0.0,0.0,0.496,1.424,0.0,0.0,0.0,0.0,0.0,115.112,3940.149405493808,3940.427350997925,25.448,1
114,0.0,0.0,0.0,0.0,0.0,0.0,0,0,0.0,0.0,0.0,0.0,0.0,0.0,0.0,0.0068156873408834,0.0088214874267578,0.0069141387939453,0.0069141387939453,0.0,0.0,0.0102519989013671,0.0102519989013671,0.0,0.0,0.0,0.0,0.0,0.0,0.496,1.424,0.0,0.0,0.0,0.0,0.0,114.264,0.0,0.0,2166.496,1
115,0.0,0.0,0.0,0.0,0.0,0.0,0,0,0.0,0.0,0.0,0.0,0.0,0.0,0.0,0.00679610979439,0.0085830688476562,0.0123977661132812,0.0123977661132812,0.0,0.0,0.0112056732177734,0.0112056732177734,0.0,0.0,0.0,0.0,0.0,0.0,0.496,1.424,0.0,0.0,0.0,0.0,0.0,115.616,3940.0566178698873,3940.198421478272,822.568,1
116,0.0,0.0,0.0,0.0,0.0,0.0,0,0,0.0,0.0,0.0,0.0,0.0,0.0,0.0,0.00679610979439,0.0085830688476562,0.0107288360595703,0.0107288360595703,0.0,0.0062253740098741,0.009775161743164,0.009775161743164,0.0,0.0,0.0,0.0072479248046875,0.0109889290549538,0.0271797180175781,0.496,1.424,0.0,0.0,8.016,7.936,0.0,115.616,3940.0566178698873,3940.198421478272,822.568,1
117,0.0,0.0,0.0,0.0,0.0,0.0,0,0,0.0,0.0,0.0,0.0,0.0,0.0,0.0,0.00679610979439,0.0085830688476562,0.0078678131103515,0.0078678131103515,0.0,0.0063419342041015,0.0092983245849609,0.0092983245849609,0.0,0.0,0.0,0.0086069107055664,0.0118494033813476,0.0299930572509765,0.496,1.424,0.0,0.0,7.488,8.464,0.0,115.616,3940.0566178698873,3940.198421478272,822.568,1
118,0.0,0.0,0.0,0.0,0.0,0.0,0,0,0.0,0.0,0.0,0.0,0.0,0.0,0.0,0.00679610979439,0.0085830688476562,0.0095367431640625,0.0095367431640625,0.0,0.0061869621276855,0.0131130218505859,0.0131130218505859,0.0,0.0,0.0,0.0086069107055664,0.0110745429992675,0.0263929367065429,0.496,1.424,0.0,0.0,16.528,15.472,0.0,115.616,3940.0566178698873,3940.198421478272,822.568,1
119,0.0,0.0,0.0,0.0,0.0,0.0,0,0,0.0,0.0,0.0,0.0,0.0,0.0,0.0,0.00679610979439,0.0085830688476562,0.0121593475341796,0.0121593475341796,0.0,0.0,0.0131130218505859,0.0131130218505859,0.0,0.0,0.0,0.0,0.0,0.0,0.496,1.392,0.0,0.0,0.0,0.0,0.0,115.616,3940.0566178698873,3940.198421478272,822.568,1
120,0.0,0.0,0.0,0.0,0.0,0.0,0,0,0.0,0.0,0.0,0.0,0.0,0.0,0.0,0.00679610979439,0.0085830688476562,0.0083446502685546,0.0083446502685546,0.0069141387939453,0.0,0.005960464477539,0.005960464477539,0.0076770782470703,0.0103712081909179,0.0144720077514648,0.0,0.0,0.0,0.496,1.424,1.696,1.696,0.0,0.0,0.0,115.616,3940.0566178698873,3940.198421478272,822.568,1
121,0.0,0.0,0.0,0.0,0.0,0.0,0,0,0.0,0.0,0.0,0.0,0.0,0.0,0.0,0.00679610979439,0.0085830688476562,0.0064373016357421,0.0064373016357421,0.0,0.0,0.0078678131103515,0.0078678131103515,0.0,0.0,0.0,0.0,0.0,0.0,0.496,1.392,0.0,0.0,0.0,0.0,0.0,115.616,3940.0566178698873,3940.198421478272,822.568,1
122,0.0,0.0,0.0,0.0,0.0,0.0,0,0,0.0,0.0,0.0,0.0,0.0,0.0,0.0,0.0066876411437988,0.0085830688476562,0.007939338684082,0.0063180923461914,0.0,0.0061988830566406,0.0106096267700195,0.0126123428344726,0.0,0.0,0.0,0.0084877014160156,0.0118494033813476,0.0290155410766601,1.344,2.208,0.0,0.0,7.488,8.464,0.0,112.0,3940.011501312256,3940.011501312256,0.0,1
123,0.0,0.0,0.0,0.0,0.0,0.0,0,0,0.0,0.0,0.0,0.0,0.0,0.0,0.0,0.0065541267395019,0.0081062316894531,0.0069141387939453,0.0069141387939453,0.0,0.0065326690673828,0.0145435333251953,0.0145435333251953,0.0,0.0,0.0,0.0086307525634765,0.0115394592285156,0.0291347503662109,0.496,1.36,0.0,0.0,7.488,8.464,0.0,112.0,0.0,0.0,0.0,1
124,0.0,0.0,0.0,0.0,0.0,0.0,0,0,0.0,0.0,0.0,0.0,0.0,0.0,0.0,0.0064992904663085,0.0083446502685546,0.0069141387939453,0.0069141387939453,0.0,0.0066041946411132,0.0092983245849609,0.0092983245849609,0.0,0.0,0.0,0.0088214874267578,0.010991096496582,0.0257492065429687,0.496,1.36,0.0,0.0,16.528,15.472,0.0,112.0,0.0,0.0,0.0,1
125,0.0,0.0,0.0,0.0,0.0,0.0,0,0,0.0,0.0,0.0,0.0,0.0,0.0,0.0,0.0065883787551728,0.0081062316894531,0.0069141387939453,0.0069141387939453,0.0,0.0,0.0109672546386718,0.0109672546386718,0.0,0.0,0.0,0.0,0.0,0.0,0.496,1.36,0.0,0.0,0.0,0.0,0.0,115.712,3940.010666847229,3940.011143684387,2.168,1
126,0.0,0.0,0.0,0.0,0.0,0.0,0,0,0.0,0.0,0.0,0.0,0.0,0.0,0.0,0.0066009920034835,0.0085830688476562,0.0071525573730468,0.0071525573730468,0.0,0.0,0.0085830688476562,0.0085830688476562,0.0,0.0,0.0,0.0,0.0,0.0,0.496,1.36,0.0,0.0,0.0,0.0,0.0,113.256,3940.007925033569,3940.007925033569,0.0,1
127,0.0,0.0,0.0,0.0,0.0,0.0,0,0,0.0,0.0,0.0,0.0,0.0,0.0,0.0,0.0065748964376117,0.0083446502685546,0.0092983245849609,0.0092983245849609,0.0,0.0,0.00762939453125,0.00762939453125,0.0,0.0,0.0,0.0,0.0,0.0,0.496,1.424,0.0,0.0,0.0,0.0,0.0,113.256,3940.1398162649134,3940.334177017212,0.0,1
128,0.0,0.0,0.0,0.0,0.0,0.0,0,0,0.0,0.0,0.0,0.0,0.0,0.0,0.0,0.0066101551055908,0.0083446502685546,0.0095367431640625,0.0095367431640625,0.0,0.0069936116536458,0.0071525573730468,0.0071525573730468,0.0,0.0,0.0,0.0109672546386718,0.0113357197154651,0.0293254852294921,0.496,1.36,0.0,0.0,8.016,7.936,0.0,112.0,3940.006613731384,3940.007662773132,0.0,1
129,0.0,0.0,0.0,0.0,0.0,0.0,0,0,0.0,0.0,0.0,0.0,0.0,0.0,0.0,0.0065250776300382,0.0081062316894531,0.0069141387939453,0.0069141387939453,0.0,0.0062227249145507,0.0078678131103515,0.0078678131103515,0.0,0.0,0.0,0.0088214874267578,0.0122308731079101,0.0311851501464843,0.496,1.36,0.0,0.0,7.488,8.464,0.0,114.728,3940.008074045181,3940.010380744934,3.632,1
130,0.0,0.0,0.0,0.0,0.0,0.0,0,0,0.0,0.0,0.0,0.0,0.0,0.0,0.0,0.0068283081054687,0.0088214874267578,0.0071525573730468,0.0071525573730468,0.0,0.006103515625,0.0088214874267578,0.0088214874267578,0.0,0.0,0.0,0.0084400177001953,0.0115275382995605,0.0302791595458984,0.496,1.424,0.0,0.0,16.528,15.472,0.0,112.0,3940.008163452149,3940.008163452149,1.192,1
131,0.0,0.0,0.0,0.0,0.0,0.0,0,0,0.0,0.0,0.0,0.0,0.0,0.0,0.0,0.0068782602699057,0.0089406967163085,0.0092983245849609,0.0092983245849609,0.0,0.0,0.0090599060058593,0.0090599060058593,0.0,0.0,0.0,0.0,0.0,0.0,0.496,1.36,0.0,0.0,0.0,0.0,0.0,126.16,3940.01054763794,3940.01054763794,1036.064,1
132,0.0,0.0,0.0,0.0,0.0,0.0,0,0,0.0,0.0,0.0,0.0,0.0,0.0,0.0,0.0067532062530517,0.0083446502685546,0.0078678131103515,0.0078678131103515,0.0,0.0,0.0102519989013671,0.0102519989013671,0.0,0.0,0.0,0.0,0.0,0.0,0.496,1.424,0.0,0.0,0.0,0.0,0.0,112.0,3940.0161176919937,3940.014743804932,2.44,1
133,0.0,0.0,0.0,0.0,0.0,0.0,0,0,0.0,0.0,0.0,0.0,0.0,0.0,0.0,0.006693424564777,0.0087976455688476,0.0088214874267578,0.0088214874267578,0.0,0.0,0.0100135803222656,0.0100135803222656,0.0,0.0,0.0,0.0,0.0,0.0,0.496,1.392,0.0,0.0,0.0,0.0,0.0,120.032,3940.083177610376,3940.221786499024,52.88,1
134,0.0,0.0,0.0,0.0,0.0,0.0,0,0,0.0,0.0,0.0,0.0,0.0,0.0,0.0,0.0065700173965228,0.0082969665527343,0.0069141387939453,0.0069141387939453,0.0,0.0066995620727539,0.0090599060058593,0.0090599060058593,0.0,0.0,0.0,0.0092983245849609,0.0123500823974609,0.0329494476318359,0.496,1.424,0.0,0.0,7.488,8.464,0.0,134.016,3940.00843167305,3940.009903907776,2.168,1
135,0.0,0.0,0.0,0.0,0.0,0.0,0,0,0.0,0.0,0.0,0.0,0.0,0.0,0.0,0.0061883127748085,0.0081062316894531,0.0090599060058593,0.0090599060058593,0.0,0.007033348083496,0.013589859008789,0.013589859008789,0.0,0.0,0.0,0.0098466873168945,0.0127077102661132,0.032973289489746,0.496,1.36,0.0,0.0,7.488,8.464,0.0,131.96,3940.155183497946,3940.4122829437256,4.216,1
136,0.0,0.0,0.0,0.0,0.0,0.0,0,0,0.0,0.0,0.0,0.0,0.0,0.0,0.0,0.0065307991177428,0.0088214874267578,0.0066757202148437,0.0066757202148437,0.0,0.0065962473551432,0.0073909759521484,0.0073909759521484,0.0,0.0,0.0,0.0093460083007812,0.0110626220703125,0.0275611877441406,0.496,1.424,0.0,0.0,12.008,11.968,0.0,132.992,3940.007009004292,3940.008974075317,870.264,1
137,0.0,0.0,0.0,0.0,0.0,0.0,0,0,0.0,0.0,0.0,0.0,0.0,0.0,0.0,0.0065112936085668,0.0092506408691406,0.0100135803222656,0.0100135803222656,0.0,0.0061511993408203,0.0154972076416015,0.0154972076416015,0.0,0.0,0.0,0.0079154968261718,0.0112533569335937,0.0197887420654296,0.496,1.424,0.0,0.0,4.52,3.504,0.0,127.8,3940.070819854736,3940.221691131592,5211.32,1
138,0.0,0.0,0.0,0.0,0.0,0.0,0,0,0.0,0.0,0.0,0.0,0.0,0.0,0.0,0.0063502599322606,0.0086307525634765,0.0128746032714843,0.0128746032714843,0.0102519989013671,0.007025400797526,0.0150203704833984,0.0150203704833984,0.0102519989013671,0.00762939453125,0.00762939453125,0.0101089477539062,0.0122865041097005,0.0252246856689453,0.496,1.424,1.008,0.976,10.776,11.312,0.0,116.232,3940.0080839792886,3940.010452270508,48.464,1
139,0.0,0.0,0.0,0.0,0.0,0.0,0,0,0.0,0.0,0.0,0.0,0.0,0.0,0.0,0.0,0.0,0.0,0.0,0.0152587890625,0.0,0.0,0.0,0.0152587890625,0.0088214874267578,0.0088214874267578,0.0,0.0,0.0,0.0,0.0,0.784,0.496,0.0,0.0,0.0,0.0,0.0,0.0,2138.288,1
140,0.0,0.0,0.0,0.0,0.0,0.0,0,0,0.0,0.0,0.0,0.0,0.0,0.0,0.0,0.0,0.0,0.0,0.0,0.0085234642028808,0.0066280364990234,0.0,0.0,0.0104904174804687,0.0091791152954101,0.0116348266601562,0.0078201293945312,0.0111579895019531,0.0211238861083984,0.0,0.0,9.024,5.824,3.744,4.232,0.0,0.0,0.0,0.0,80.096,1
141,0.0,0.0,0.0,0.0,0.0,0.0,0,0,0.0,0.0,0.0,0.0,0.0,0.0,0.0,0.0082651774088541,0.0107765197753906,0.0126361846923828,0.0126361846923828,0.0097453594207763,0.0068426132202148,0.0154972076416015,0.0154972076416015,0.0132560729980468,0.0089804331461588,0.0122547149658203,0.0090837478637695,0.0121116638183593,0.031590461730957,0.496,1.392,20.752,32.512,7.488,8.464,0.0,1.832,3940.007209777832,3940.008163452149,123.568,1
142,0.0,0.0,0.0,0.0,0.0,0.0,0,0,0.0,0.0,0.0,0.0,0.0,0.0,0.0,0.0,0.0,0.0100135803222656,0.0100135803222656,0.0081062316894531,0.006564458211263,0.009775161743164,0.009775161743164,0.0107765197753906,0.0085565778944227,0.0098705291748046,0.0088214874267578,0.0112215677897135,0.0293254852294921,0.496,1.392,24.592,10.752,12.008,11.968,0.0,0.0,3940.008282661438,3940.009522438049,30.944,1
143,0.0,0.0,0.0,0.0,0.0,0.0,0,0,0.0,0.0,0.0,0.0,0.0,0.0,0.0,0.0,0.0,0.0107288360595703,0.0107288360595703,0.0,0.006103515625,0.0200271606445312,0.0200271606445312,0.0,0.0,0.0,0.0088214874267578,0.0110626220703125,0.0271081924438476,0.496,1.36,0.0,0.0,8.264,7.736,0.0,0.0,0.0,0.0,0.0,1
144,0.0,0.0,0.0,0.0,0.0,0.0,0,0,0.0,0.0,0.0,0.0,0.0,0.0,0.0,0.0094175338745117,0.0098943710327148,0.0107288360595703,0.0107288360595703,0.0,0.0,0.0264644622802734,0.0264644622802734,0.0,0.0,0.0,0.0,0.0,0.0,0.496,1.36,0.0,0.0,0.0,0.0,0.0,1.936,3940.0080839792886,3940.008401870728,0.0,1
145,0.0,0.0,0.0,0.0,0.0,0.0,0,0,0.0,0.0,0.0,0.0,0.0,0.0,0.0,0.0075340270996093,0.009775161743164,0.0083446502685546,0.0083446502685546,0.0079870223999023,0.0,0.0107288360595703,0.0107288360595703,0.0101089477539062,0.0071525573730468,0.0097274780273437,0.0,0.0,0.0,0.496,1.36,13.648,21.856,0.0,0.0,0.0,57.184,3940.008211135864,3940.0097370147705,1.464,1
146,0.0,0.0,0.0,0.0,0.0,0.0,0,0,0.0,0.0,0.0,0.0,0.0,0.0,0.0,0.0075340270996093,0.009775161743164,0.0090599060058593,0.0090599060058593,0.0159740447998046,0.0060558319091796,0.0081062316894531,0.0081062316894531,0.0159740447998046,0.0,0.0,0.0075340270996093,0.012063980102539,0.0235557556152343,0.496,1.36,0.0,0.496,3.744,4.232,0.0,57.184,3940.008211135864,3940.0097370147705,1.464,1
147,0.0,0.0,0.0,0.0,0.0,0.0,0,0,0.0,0.0,0.0,0.0,0.0,0.0,0.0,0.0075340270996093,0.009775161743164,0.0112056732177734,0.0112056732177734,0.0,0.0067472457885742,0.0107288360595703,0.0107288360595703,0.0,0.0,0.0,0.0094890594482421,0.0112533569335937,0.0292062759399414,0.496,1.776,0.0,0.0,7.488,8.464,0.0,57.184,3940.008211135864,3940.0097370147705,1.464,1
148,0.0,0.0,0.0,0.0,0.0,0.0,0,0,0.0,0.0,0.0,0.0,0.0,0.0,0.0,0.0075340270996093,0.009775161743164,0.0088214874267578,0.0088214874267578,0.0,0.0066121419270833,0.0092983245849609,0.0092983245849609,0.0,0.0,0.0,0.0088214874267578,0.0119368235270182,0.0286579132080078,0.496,1.776,0.0,0.0,12.008,11.968,0.0,57.184,3940.008211135864,3940.0097370147705,1.464,1
149,0.0,0.0,0.0,0.0,0.0,0.0,0,0,0.0,0.0,0.0,0.0,0.0,0.0,0.0,0.0075340270996093,0.009775161743164,0.00762939453125,0.00762939453125,0.0,0.0070571899414062,0.0100135803222656,0.0100135803222656,0.0,0.0,0.0,0.0097274780273437,0.0111103057861328,0.026249885559082,0.496,1.776,0.0,0.0,8.264,7.736,0.0,57.184,3940.008211135864,3940.0097370147705,1.464,1
150,0.0,0.0,0.0,0.0,0.0,0.0,0,0,0.0,0.0,0.0,0.0,0.0,0.0,0.0,0.0066091032589183,0.0085830688476562,0.0073909759521484,0.0073909759521484,0.0,0.0,0.0123977661132812,0.0123977661132812,0.0,0.0,0.0,0.0,0.0,0.0,0.496,1.776,0.0,0.0,0.0,0.0,0.0,116.0,3940.0075674057007,3940.008044242859,8.872,1
151,0.0,0.0,0.0,0.0,0.0,0.0,0,0,0.0,0.0,0.0,0.0,0.0,0.0,0.0,0.0065791606903076,0.0085830688476562,0.0078678131103515,0.0078678131103515,0.0,0.0,0.0071525573730468,0.0071525573730468,0.0,0.0,0.0,0.0,0.0,0.0,0.496,1.776,0.0,0.0,0.0,0.0,0.0,112.0,3940.006375312805,3940.0068521499634,0.0,1
152,0.0,0.0,0.0,0.0,0.0,0.0,0,0,0.0,0.0,0.0,0.0,0.0,0.0,0.0,0.0067219805361619,0.0083446502685546,0.0066757202148437,0.0066757202148437,0.0,0.0058412551879882,0.0090599060058593,0.0090599060058593,0.0,0.0,0.0,0.0064373016357421,0.0113646189371744,0.0207424163818359,0.496,1.776,0.0,0.0,4.272,3.704,0.0,112.904,0.0,0.0,1.464,1
153,0.0,0.0,0.0,0.0,0.0,0.0,0,0,0.0,0.0,0.0,0.0,0.0,0.0,0.0,0.0063051091562403,0.0083446502685546,0.0078439712524414,0.0077486038208007,0.0,0.006013446384006,0.0096559524536132,0.0108957290649414,0.0,0.0,0.0,0.0070095062255859,0.0122893940318714,0.0319480895996093,1.344,2.624,0.0,0.0,8.016,7.936,0.0,114.192,3940.007209777832,3940.007591247559,1.464,1
154,0.0,0.0,0.0,0.0,0.0,0.0,0,0,0.0,0.0,0.0,0.0,0.0,0.0,0.0,0.006738275584608,0.0090599060058593,0.0066757202148437,0.0066757202148437,0.0,0.0063101450602213,0.0078678131103515,0.0078678131103515,0.0,0.0,0.0,0.0084877014160156,0.0122229258219401,0.0296592712402343,0.496,1.776,0.0,0.0,12.008,11.968,0.0,132.0,3940.006732940674,3940.007305145264,1.656,1
155,0.0,0.0,0.0,0.0,0.0,0.0,0,0,0.0,0.0,0.0,0.0,0.0,0.0,0.0,0.0064963161355198,0.0083208084106445,0.0092983245849609,0.0092983245849609,0.0,0.0059366226196289,0.0123977661132812,0.0123977661132812,0.0,0.0,0.0,0.0080108642578125,0.010538101196289,0.0246286392211914,0.496,1.776,0.0,0.0,8.264,7.736,0.0,114.416,3940.006256103516,3940.006256103516,1.656,1
156,0.0,0.0,0.0,0.0,0.0,0.0,0,0,0.0,0.0,0.0,0.0,0.0,0.0,0.0,0.0061511993408203,0.0083446502685546,0.0069141387939453,0.0069141387939453,0.0,0.0,0.0126361846923828,0.0126361846923828,0.0,0.0,0.0,0.0,0.0,0.0,0.496,1.776,0.0,0.0,0.0,0.0,0.0,112.696,3940.007448196411,3940.007448196411,0.0,1
157,0.0,0.0,0.0,0.0,0.0,0.0,0,0,0.0,0.0,0.0,0.0,0.0,0.0,0.0,0.0066863428248037,0.0085830688476562,0.0078678131103515,0.0078678131103515,0.0,0.0,0.0071525573730468,0.0071525573730468,0.0,0.0,0.0,0.0,0.0,0.0,0.496,1.776,0.0,0.0,0.0,0.0,0.0,122.512,3940.0068521499634,3940.006947517395,1.656,1
158,0.0,0.0,0.0,0.0,0.0,0.0,0,0,0.0,0.0,0.0,0.0,0.0,0.0,0.0,0.0063756212073179,0.0083446502685546,0.0066757202148437,0.0066757202148437,0.0,0.006866455078125,0.0071525573730468,0.0071525573730468,0.0,0.0,0.0,0.0096797943115234,0.0119686126708984,0.0230789184570312,0.496,1.776,0.0,0.0,3.744,4.232,0.0,122.208,3940.0089383125305,3940.011954307556,3.784,1
159,0.0,0.0,0.0,0.0,0.0,0.0,0,0,0.0,0.0,0.0,0.0,0.0,0.0,0.0,0.0061500072479248,0.0081062316894531,0.00762939453125,0.00762939453125,0.0,0.0061750411987304,0.0078678131103515,0.0078678131103515,0.0,0.0,0.0,0.0086069107055664,0.0113964080810546,0.0267982482910156,0.496,1.776,0.0,0.0,7.488,8.464,0.0,112.0,3940.009355545044,3940.0097370147705,1.192,1
160,0.0,0.0,0.0,0.0,0.0,0.0,0,0,0.0,0.0,0.0,0.0,0.0,0.0,0.0,0.0061094760894775,0.0085830688476562,0.0081062316894531,0.0081062316894531,0.0,0.0060876210530598,0.0092983245849609,0.0092983245849609,0.0,0.0,0.0,0.0083446502685546,0.0116348266601562,0.0275611877441406,0.496,1.776,0.0,0.0,12.008,11.968,0.0,112.0,0.0,0.0,1.192,1
161,0.0,0.0,0.0,0.0,0.0,0.0,0,0,0.0,0.0,0.0,0.0,0.0,0.0,0.0,0.0062274932861328,0.0083446502685546,0.0081062316894531,0.0081062316894531,0.0,0.0061988830566406,0.0150203704833984,0.0150203704833984,0.0,0.0,0.0,0.0083446502685546,0.0103235244750976,0.0259876251220703,0.496,1.776,0.0,0.0,8.264,7.736,0.0,112.0,0.0,0.0,1.656,1
162,0.0,0.0,0.0,0.0,0.0,0.0,0,0,0.0,0.0,0.0,0.0,0.0,0.0,0.0,0.0063708765589775,0.0083446502685546,0.0112056732177734,0.0112056732177734,0.0,0.0,0.0126361846923828,0.0126361846923828,0.0,0.0,0.0,0.0,0.0,0.0,0.496,1.776,0.0,0.0,0.0,0.0,0.0,113.16,3940.009593963623,3940.01054763794,6.472,1
163,0.0,0.0,0.0,0.0,0.0,0.0,0,0,0.0,0.0,0.0,0.0,0.0,0.0,0.0,0.0063400363447654,0.0083446502685546,0.0083446502685546,0.0083446502685546,0.0,0.0,0.009775161743164,0.009775161743164,0.0,0.0,0.0,0.0,0.0,0.0,0.496,1.776,0.0,0.0,0.0,0.0,0.0,113.16,0.0,0.0,9.72,1
164,0.0,0.0,0.0,0.0,0.0,0.0,0,0,0.0,0.0,0.0,0.0,0.0,0.0,0.0,0.0066733478906735,0.0085830688476562,0.0078678131103515,0.0078678131103515,0.0,0.0066757202148437,0.0073909759521484,0.0073909759521484,0.0,0.0,0.0,0.008392333984375,0.0116348266601562,0.0210285186767578,0.496,1.776,0.0,0.0,3.744,4.232,0.0,113.256,3940.008640289306,3940.008640289306,0.0,1
165,0.0,0.0,0.0,0.0,0.0,0.0,0,0,0.0,0.0,0.0,0.0,0.0,0.0,0.0,0.0066542625427246,0.0081062316894531,0.00762939453125,0.00762939453125,0.0,0.006066428290473,0.0071525573730468,0.0071525573730468,0.0,0.0,0.0,0.0071525573730468,0.010880556973544,0.0286102294921875,0.496,1.776,0.0,0.0,8.016,7.936,0.0,112.0,0.0,0.0,0.0,1
166,0.0,0.0,0.0,0.0,0.0,0.0,0,0,0.0,0.0,0.0,0.0,0.0,0.0,0.0,0.0067468899399486,0.0088214874267578,0.0088214874267578,0.0088214874267578,0.0,0.006413459777832,0.0088214874267578,0.0088214874267578,0.0,0.0,0.0,0.0086069107055664,0.0134706497192382,0.0296831130981445,0.496,1.776,0.0,0.0,8.264,7.736,0.0,122.008,3940.009593963623,3940.0115251541138,1.752,1
167,0.0,0.0,0.0,0.0,0.0,0.0,0,0,0.0,0.0,0.0,0.0,0.0,0.0,0.0,0.0067884056129265,0.0085830688476562,0.00762939453125,0.00762939453125,0.0,0.0,0.0061988830566406,0.0061988830566406,0.0,0.0,0.0,0.0,0.0,0.0,0.496,1.776,0.0,0.0,0.0,0.0,0.0,113.256,3940.006732940674,3940.007781982422,0.0,1
168,0.0,0.0,0.0,0.0,0.0,0.0,0,0,0.0,0.0,0.0,0.0,0.0,0.0,0.0,0.0069485374944127,0.0092983245849609,0.0069141387939453,0.0069141387939453,0.0,0.0,0.0100135803222656,0.0100135803222656,0.0,0.0,0.0,0.0,0.0,0.0,0.496,1.776,0.0,0.0,0.0,0.0,0.0,120.712,3940.0116205215454,3940.013813972473,1.192,1
169,0.0,0.0,0.0,0.0,0.0,0.0,0,0,0.0,0.0,0.0,0.0,0.0,0.0,0.0,0.0067710876464843,0.0088214874267578,0.0083446502685546,0.0083446502685546,0.0,0.0,0.0083446502685546,0.0083446502685546,0.0,0.0,0.0,0.0,0.0,0.0,0.496,1.776,0.0,0.0,0.0,0.0,0.0,112.0,3940.011143684387,3940.012955665589,1.192,1
170,0.0,0.0,0.0,0.0,0.0,0.0,0,0,0.0,0.0,0.0,0.0,0.0,0.0,0.0,0.006694698808205,0.0083446502685546,0.0073909759521484,0.0073909759521484,0.0,0.0067710876464843,0.0100135803222656,0.0100135803222656,0.0,0.0,0.0,0.009918212890625,0.0109195709228515,0.020599365234375,0.496,1.776,0.0,0.0,3.744,4.232,0.0,113.288,3940.008521080017,3940.009379386902,8.2,1
171,0.0,0.0,0.0,0.0,0.0,0.0,0,0,0.0,0.0,0.0,0.0,0.0,0.0,0.0,0.0065974335172283,0.0083446502685546,0.0078678131103515,0.0078678131103515,0.0,0.006103515625,0.0143051147460937,0.0143051147460937,0.0,0.0,0.0,0.007486343383789,0.0129222869873046,0.0233650207519531,0.496,1.776,0.0,0.0,3.744,4.232,0.0,113.16,3940.0070905685434,3940.007758140564,1.72,1
172,0.0,0.0,0.0,0.0,0.0,0.0,0,0,0.0,0.0,0.0,0.0,0.0,0.0,0.0,0.006488561630249,0.0088214874267578,0.0071525573730468,0.0071525573730468,0.0,0.0068426132202148,0.0083446502685546,0.0083446502685546,0.0,0.0,0.0,0.0090599060058593,0.0113248825073242,0.0281572341918945,0.496,1.776,0.0,0.0,8.264,7.736,0.0,112.6,0.0,0.0,1.72,1
173,0.0,0.0,0.0,0.0,0.0,0.0,0,0,0.0,0.0,0.0,0.0,0.0,0.0,0.0,0.006558871505284,0.0085830688476562,0.00762939453125,0.00762939453125,0.0,0.0,0.011444091796875,0.011444091796875,0.0,0.0,0.0,0.0,0.0,0.0,0.496,1.776,0.0,0.0,0.0,0.0,0.0,114.448,3940.007925033569,3940.009641647339,1.72,1
174,0.0,0.0,0.0,0.0,0.0,0.0,0,0,0.0,0.0,0.0,0.0,0.0,0.0,0.0,0.0063874828281687,0.0085830688476562,0.00762939453125,0.00762939453125,0.0,0.0,0.0126361846923828,0.0126361846923828,0.0,0.0,0.0,0.0,0.0,0.0,0.496,1.776,0.0,0.0,0.0,0.0,0.0,113.856,3940.008242925008,3940.010643005371,9.72,1
175,0.0,0.0,0.0,0.0,0.0,0.0,0,0,0.0,0.0,0.0,0.0,0.0,0.0,0.0,0.0059924908538362,0.0078678131103515,0.0071525573730468,0.0071525573730468,0.0,0.0,0.0107288360595703,0.0107288360595703,0.0,0.0,0.0,0.0,0.0,0.0,0.496,1.776,0.0,0.0,0.0,0.0,0.0,113.16,0.0,0.0,9.72,1
176,0.0,0.0,0.0,0.0,0.0,0.0,0,0,0.0,0.0,0.0,0.0,0.0,0.0,0.0,0.0061075485760892,0.0083446502685546,0.0073909759521484,0.0073909759521484,0.0113248825073242,0.005960464477539,0.0064373016357421,0.0064373016357421,0.0148534774780273,0.0094175338745117,0.0135183334350585,0.0076770782470703,0.0114917755126953,0.0210285186767578,0.496,1.776,1.696,1.696,3.744,4.232,0.0,113.256,3940.009117126465,3940.009117126465,0.0,1
177,0.0,0.0,0.0,0.0,0.0,0.0,0,0,0.0,0.0,0.0,0.0,0.0,0.0,0.0,0.0061075485760892,0.0083446502685546,0.005960464477539,0.005960464477539,0.0,0.0065803527832031,0.0109672546386718,0.0109672546386718,0.0,0.0,0.0,0.0086307525634765,0.0115871429443359,0.0217914581298828,0.496,1.776,0.0,0.0,3.744,4.232,0.0,113.256,3940.009117126465,3940.009117126465,0.0,1
178,0.0,0.0,0.0,0.0,0.0,0.0,0,0,0.0,0.0,0.0,0.0,0.0,0.0,0.0,0.0061075485760892,0.0083446502685546,0.0081062316894531,0.0081062316894531,0.0,0.0065326690673828,0.009775161743164,0.009775161743164,0.0,0.0,0.0,0.009322166442871,0.010991096496582,0.0267505645751953,0.496,1.776,0.0,0.0,8.264,7.736,0.0,113.256,3940.009117126465,3940.009117126465,0.0,1
179,0.0,0.0,0.0,0.0,0.0,0.0,0,0,0.0,0.0,0.0,0.0,0.0,0.0,0.0,0.0061075485760892,0.0083446502685546,0.0071525573730468,0.0071525573730468,0.0,0.0,0.0092983245849609,0.0092983245849609,0.0,0.0,0.0,0.0,0.0,0.0,0.496,1.776,0.0,0.0,0.0,0.0,0.0,113.256,3940.009117126465,3940.009117126465,0.0,1
180,0.0,0.0,0.0,0.0,0.0,0.0,0,0,0.0,0.0,0.0,0.0,0.0,0.0,0.0,0.0062850442263159,0.0080823898315429,0.009775161743164,0.009775161743164,0.0,0.0,0.0104904174804687,0.0104904174804687,0.0,0.0,0.0,0.0,0.0,0.0,0.496,1.776,0.0,0.0,0.0,0.0,0.0,131.56,3940.0076389312735,3940.009021759033,1.192,1
181,0.0,0.0,0.0,0.0,0.0,0.0,0,0,0.0,0.0,0.0,0.0,0.0,0.0,0.0,0.0065250776300382,0.0083446502685546,0.0078678131103515,0.0078678131103515,0.0,0.0,0.0095367431640625,0.0095367431640625,0.0,0.0,0.0,0.0,0.0,0.0,0.496,1.776,0.0,0.0,0.0,0.0,0.0,117.896,3940.010666847229,3940.011143684387,0.0,1
182,0.0,0.0,0.0,0.0,0.0,0.0,0,0,0.0,0.0,0.0,0.0,0.0,0.0,0.0,0.0067269802093505,0.0088214874267578,0.0071525573730468,0.0071525573730468,0.0,0.005960464477539,0.0112056732177734,0.0112056732177734,0.0,0.0,0.0,0.0075340270996093,0.0117778778076171,0.0226974487304687,0.496,1.776,0.0,0.0,3.744,4.232,0.0,112.0,0.0,0.0,1.56,1
183,0.0,0.0,0.0,0.0,0.0,0.0,0,0,0.0,0.0,0.0,0.0,0.0,0.0,0.0,0.0066030025482177,0.0083446502685546,0.0075578689575195,0.0063180923461914,0.0,0.0061988830566406,0.0132322311401367,0.0137090682983398,0.0,0.0,0.0,0.0079154968261718,0.0112056732177734,0.0208854675292968,1.344,2.624,0.0,0.0,3.744,4.232,0.0,112.0,0.0,0.0,0.0,1
184,0.0,0.0,0.0,0.0,0.0,0.0,0,0,0.0,0.0,0.0,0.0,0.0,0.0,0.0,0.0065060349198075,0.0085830688476562,0.0071525573730468,0.0071525573730468,0.0123977661132812,0.0060558319091796,0.0133514404296875,0.0133514404296875,0.0125885009765625,0.0101327896118164,0.0127077102661132,0.0088453292846679,0.01068115234375,0.026559829711914,0.496,1.776,1.792,1.472,8.264,7.736,0.0,65.76,0.0,0.0,13.016,1
185,0.0,0.0,0.0,0.0,0.0,0.0,0,0,0.0,0.0,0.0,0.0,0.0,0.0,0.0,0.0,0.0,0.0133514404296875,0.0133514404296875,0.0,0.0,0.0088214874267578,0.0088214874267578,0.0,0.0,0.0,0.0,0.0,0.0,0.496,1.36,0.0,0.0,0.0,0.0,0.0,0.0,0.0,0.0,1.656,1
186,0.0,0.0,0.0,0.0,0.0,0.0,0,0,0.0,0.0,0.0,0.0,0.0,0.0,0.0,0.0116825103759765,0.0133991241455078,0.0090599060058593,0.0090599060058593,0.0089009602864583,0.0,0.0107288360595703,0.0107288360595703,0.0132083892822265,0.0079545107754794,0.0109672546386718,0.0,0.0,0.0,0.496,1.36,27.696,23.504,0.0,0.0,0.0,1.336,3940.009355545044,3940.009355545044,0.0,1
187,0.0,0.0,0.0,0.0,0.0,0.0,0,0,0.0,0.0,0.0,0.0,0.0,0.0,0.0,0.0133514404296875,0.0133514404296875,0.0102519989013671,0.0102519989013671,0.0102519989013671,0.0,0.017404556274414,0.017404556274414,0.0127315521240234,0.0128746032714843,0.0128746032714843,0.0,0.0,0.0,0.496,1.776,2.08,14.832,0.0,0.0,0.0,0.496,3940.009355545044,3940.0102138519287,0.0,1
188,0.0,0.0,0.0,0.0,0.0,0.0,0,0,0.0,0.0,0.0,0.0,0.0,0.0,0.0,0.0,0.0,0.0109672546386718,0.0109672546386718,0.0,0.006103515625,0.0123977661132812,0.0123977661132812,0.0,0.0,0.0,0.0079631805419921,0.0110626220703125,0.0209808349609375,0.496,1.776,0.0,0.0,3.744,4.232,0.0,0.0,0.0,0.0,0.0,1
189,0.0,0.0,0.0,0.0,0.0,0.0,0,0,0.0,0.0,0.0,0.0,0.0,0.0,0.0,0.0107288360595703,0.0107288360595703,0.0104904174804687,0.0104904174804687,0.0,0.0064373016357421,0.0123977661132812,0.0123977661132812,0.0,0.0,0.0,0.0080347061157226,0.01068909962972,0.019073486328125,0.496,1.776,0.0,0.0,4.272,3.704,0.0,0.84,3940.00780582428,3940.008473396301,0.0,1
190,0.0,0.0,0.0,0.0,0.0,0.0,0,0,0.0,0.0,0.0,0.0,0.0,0.0,0.0,0.0086228052775065,0.0109195709228515,0.0083446502685546,0.0083446502685546,0.0,0.0065803527832031,0.0121593475341796,0.0121593475341796,0.0,0.0,0.0,0.0088453292846679,0.0110626220703125,0.0273704528808593,0.496,1.776,0.0,0.0,8.264,7.736,0.0,21.968,3940.007865428925,3940.010094642639,0.936,1
191,0.0,0.0,0.0,0.0,0.0,0.0,0,0,0.0,0.0,0.0,0.0,0.0,0.0,0.0,0.0075195349898992,0.0100135803222656,0.00762939453125,0.00762939453125,0.0,0.0,0.0104904174804687,0.0104904174804687,0.0,0.0,0.0,0.0,0.0,0.0,0.496,1.776,0.0,0.0,0.0,0.0,0.0,58.0,3940.0088787078857,3940.00940322876,1.992,1
192,0.0,0.0,0.0,0.0,0.0,0.0,0,0,0.0,0.0,0.0,0.0,0.0,0.0,0.0,0.0074783174118193,0.0092983245849609,0.0085830688476562,0.0085830688476562,0.0,0.0,0.0104904174804687,0.0104904174804687,0.0,0.0,0.0,0.0,0.0,0.0,0.496,1.808,0.0,0.0,0.0,0.0,0.0,57.096,3940.007448196411,3940.008020401001,0.0,1
193,0.0,0.0,0.0,0.0,0.0,0.0,0,0,0.0,0.0,0.0,0.0,0.0,0.0,0.0,0.0072044901328511,0.0085830688476562,0.0083446502685546,0.0083446502685546,0.0,0.0,0.0121593475341796,0.0121593475341796,0.0,0.0,0.0,0.0,0.0,0.0,0.496,1.776,0.0,0.0,0.0,0.0,0.0,65.408,3940.007925033569,3940.007925033569,1.464,1
194,0.0,0.0,0.0,0.0,0.0,0.0,0,0,0.0,0.0,0.0,0.0,0.0,0.0,0.0,0.0069295206377583,0.0088214874267578,0.0083446502685546,0.0083446502685546,0.0,0.0064373016357421,0.0057220458984375,0.0057220458984375,0.0,0.0,0.0,0.0086307525634765,0.0110149383544921,0.020599365234375,0.496,1.776,0.0,0.0,3.744,4.232,0.0,93.04,3940.0073289871216,3940.0081872940063,6.464,1
195,0.0,0.0,0.0,0.0,0.0,0.0,0,0,0.0,0.0,0.0,0.0,0.0,0.0,0.0,0.0062036277049809,0.0085830688476562,0.0073909759521484,0.0073909759521484,0.0,0.0061511993408203,0.0081062316894531,0.0081062316894531,0.0,0.0,0.0,0.0077247619628906,0.011444091796875,0.0206947326660156,0.496,1.808,0.0,0.0,3.744,4.232,0.0,112.904,3940.006732940674,3940.006732940674,8.872,1
196,0.0,0.0,0.0,0.0,0.0,0.0,0,0,0.0,0.0,0.0,0.0,0.0,0.0,0.0,0.0066099495723329,0.0082969665527343,0.0078678131103515,0.0078678131103515,0.0,0.0061988830566406,0.0088214874267578,0.0088214874267578,0.0,0.0,0.0,0.0086069107055664,0.0116825103759765,0.027632713317871,0.496,1.84,0.0,0.0,8.264,7.736,0.0,115.096,3940.0075674057007,3940.008234977722,1.72,1
197,0.0,0.0,0.0,0.0,0.0,0.0,0,0,0.0,0.0,0.0,0.0,0.0,0.0,0.0,0.006680464863184,0.0085830688476562,0.0071525573730468,0.0071525573730468,0.0,0.0,0.00762939453125,0.00762939453125,0.0,0.0,0.0,0.0,0.0,0.0,0.496,1.84,0.0,0.0,0.0,0.0,0.0,112.904,3940.0068521499634,3940.007710456848,0.936,1
198,0.0,0.0,0.0,0.0,0.0,0.0,0,0,0.0,0.0,0.0,0.0,0.0,0.0,0.0,0.0067409591295232,0.0085830688476562,0.00762939453125,0.00762939453125,0.0,0.006103515625,0.0057220458984375,0.0057220458984375,0.0,0.0,0.0,0.0081539154052734,0.0097910563151041,0.0200271606445312,0.496,1.776,0.0,0.0,10.776,11.312,0.0,113.632,3940.0088787078857,3940.0088787078857,1.992,1
199,0.0,0.0,0.0,0.0,0.0,0.0,0,0,0.0,0.0,0.0,0.0,0.0,0.0,0.0,0.0061609258699179,0.0088214874267578,0.0069141387939453,0.0069141387939453,0.0,0.0,0.0159740447998046,0.0159740447998046,0.0,0.0,0.0,0.0,0.0,0.0,0.496,1.776,0.0,0.0,0.0,0.0,0.0,113.16,3940.010786056519,3940.010786056519,1.128,1
200,0.0,0.0,0.0,0.0,0.0,0.0,0,0,0.0,0.0,0.0,0.0,0.0,0.0,0.0,0.0065841111056323,0.0085830688476562,0.00762939453125,0.00762939453125,0.0,0.005960464477539,0.0119209289550781,0.0119209289550781,0.0,0.0,0.0,0.0075340270996093,0.0114917755126953,0.0215530395507812,0.496,1.808,0.0,0.0,3.744,4.232,0.0,131.96,3940.009891986847,3940.0141954422,1.656,1
201,0.0,0.0,0.0,0.0,0.0,0.0,0,0,0.0,0.0,0.0,0.0,0.0,0.0,0.0,0.0065962473551432,0.0083446502685546,0.0073909759521484,0.0073909759521484,0.0,0.0062465667724609,0.0121593475341796,0.0121593475341796,0.0,0.0,0.0,0.0081062316894531,0.01068115234375,0.0201225280761718,0.496,1.808,0.0,0.0,3.744,4.232,100.0,113.856,0.0,0.0,0.528,1
202,0.0,0.0,0.0,0.0,0.0,0.0,0,0,0.0,0.0,0.0,0.0,0.0,0.0,0.0,0.0067571602245368,0.0085830688476562,0.00762939453125,0.00762939453125,0.0,0.0066041946411132,0.00762939453125,0.00762939453125,0.0,0.0,0.0,0.0086069107055664,0.0111818313598632,0.0288724899291992,0.496,1.776,0.0,0.0,8.264,7.736,100.0,114.416,0.0,0.0,1.128,1
203,0.0,0.0,0.0,0.0,0.0,0.0,0,0,0.0,0.0,0.0,0.0,0.0,0.0,0.0,0.0067226992452085,0.0088214874267578,0.0147819519042968,0.0147819519042968,0.0,0.0,0.0128746032714843,0.0128746032714843,0.0,0.0,0.0,0.0,0.0,0.0,0.496,1.776,0.0,0.0,0.0,0.0,100.0,132.12,0.0,0.0,2.592,1
