time_seconds,a1_retransmissions_ul_count,a1_retransmissions_dl_count,a1_packet_loss_ul_percentage,a1_packet_loss_dl_percentage,e2_du_packet_loss_ul_percentage,e2_du_packet_loss_dl_percentage,e2_du_retransmissions_ul_count,e2_du_retransmissions_dl_count,f1_c_packet_loss_dl_percentage,f1_c_packet_loss_ul_percentage,f1_c_retransmissions_dl_count,f1_c_retransmissions_ul_count,f1_u_retransmissions_dl_count,f1_u_retransmissions_ul_count,f1_u_packet_loss_dl_percentage,f1_u_packet_loss_ul_percentage,f1_u_latency_mean_ul_ms,f1_u_latency_p90_ul_ms,f1_c_latency_mean_ul_ms,f1_c_latency_mean_dl_ms,f1_c_latency_p90_ul_ms,f1_c_latency_p90_dl_ms,a1_latency_mean_ul_ms,e2_du_latency_mean_dl_ms,f1_u_latency_mean_dl_ms,e2_du_latency_p90_dl_ms,f1_u_latency_p90_dl_ms,a1_latency_p90_ul_ms,a1_latency_mean_dl_ms,a1_latency_p90_dl_ms,e2_du_throughput_dl_kbps,e2_du_throughput_ul_kbps,f1_c_throughput_dl_kbps,f1_c_throughput_ul_kbps,f1_u_throughput_ul_kbps,a1_throughput_dl_kbps,a1_throughput_ul_kbps,e2_du_latency_mean_ul_ms,e2_du_latency_p90_ul_ms,f1_u_throughput_dl_kbps,F-node
0,0.0,0.0,0.0,0.0,0.0,0.0,0,0,0.0,0.0,0.0,0.0,0.0,0.0,0.0,0.0,0.0068076605935698,0.0095367431640625,0.0063776969909667,0.0060200691223144,0.0081062316894531,0.0078439712524414,0.0063146863664899,0.0150203704833984,0.003872837145973,0.0150203704833984,0.0045299530029296,0.0087261199951171,0.0101770673479352,0.02288818359375,0.496,1.36,5.6,5.728,143.152,25.152,27.344,0.00762939453125,0.00762939453125,36243.936,0
1,0.0,0.0,0.0,0.0,0.0,0.0,0,0,0.0,0.0,0.0,0.0,0.0,0.0,0.0,0.0,0.0074336777872114,0.0100135803222656,0.0063776969909667,0.0060200691223144,0.0081062316894531,0.0078439712524414,0.0063146863664899,0.013589859008789,0.0038762956067077,0.013589859008789,0.0045299530029296,0.0087261199951171,0.0101770673479352,0.02288818359375,0.496,1.424,5.6,5.728,117.192,25.152,27.344,0.0150203704833984,0.0150203704833984,19748.384,0
2,0.0,0.0,0.0,0.0,0.0,0.0,0,0,0.0,0.0,0.0,0.0,0.0,0.0,0.0,0.0,0.0067005063047503,0.0090599060058593,0.0063776969909667,0.0060200691223144,0.0081062316894531,0.0078439712524414,0.0063146863664899,0.017404556274414,0.005960464477539,0.017404556274414,0.005960464477539,0.0087261199951171,0.0101770673479352,0.02288818359375,0.496,1.424,5.6,5.728,118.448,25.152,27.344,0.0104904174804687,0.0104904174804687,1.192,0
3,0.0,0.0,0.0,0.0,0.0,0.0,0,0,0.0,0.0,0.0,0.0,0.0,0.0,0.0,0.0,0.0066993260147547,0.0092983245849609,0.0063776969909667,0.0060200691223144,0.0081062316894531,0.0078439712524414,0.0063146863664899,0.0181198120117187,0.0038911027517932,0.0181198120117187,0.0045299530029296,0.0087261199951171,0.0101770673479352,0.02288818359375,0.496,1.424,5.6,5.728,118.448,25.152,27.344,0.0100135803222656,0.0100135803222656,9787.032,0
4,0.0,0.0,0.0,0.0,0.0,0.0,0,0,0.0,0.0,0.0,0.0,0.0,0.0,0.0,0.0,0.0062605634850649,0.0083446502685546,0.0063776969909667,0.0060200691223144,0.0081062316894531,0.0078439712524414,0.0063146863664899,0.0090599060058593,0.0050067901611328,0.0090599060058593,0.0054836273193359,0.0087261199951171,0.0101770673479352,0.02288818359375,0.496,1.424,5.6,5.728,113.256,25.152,27.344,0.0088214874267578,0.0088214874267578,56.744,0
5,0.0,0.0,0.0,0.0,0.0,0.0,0,0,0.0,0.0,0.0,0.0,0.0,0.0,0.0,0.0,0.0059020519256591,0.00762939453125,0.0063776969909667,0.0060200691223144,0.0081062316894531,0.0078439712524414,0.0063146863664899,0.0128746032714843,0.0,0.0128746032714843,0.0,0.0087261199951171,0.0101770673479352,0.02288818359375,0.496,1.392,5.6,5.728,112.0,25.152,27.344,0.0083446502685546,0.0083446502685546,0.0,0
6,0.0,0.0,0.0,0.0,0.0,0.0,0,0,0.0,0.0,0.0,0.0,0.0,0.0,0.0,0.0,0.0059497356414794,0.0078678131103515,0.0063776969909667,0.0060200691223144,0.0081062316894531,0.0078439712524414,0.0063146863664899,0.0119209289550781,0.0,0.0119209289550781,0.0,0.0087261199951171,0.0101770673479352,0.02288818359375,0.496,1.36,5.6,5.728,112.0,25.152,27.344,0.0069141387939453,0.0069141387939453,0.0,0
7,0.0,0.0,0.0,0.0,0.0,0.0,0,0,0.0,0.0,0.0,0.0,0.0,0.0,0.0,0.0,0.0060048757814893,0.0083446502685546,0.0063776969909667,0.0060200691223144,0.0081062316894531,0.0078439712524414,0.0063146863664899,0.0090599060058593,0.0046849250793457,0.0090599060058593,0.0063419342041015,0.0087261199951171,0.0101770673479352,0.02288818359375,0.496,1.36,5.6,5.728,131.056,25.152,27.344,0.0083446502685546,0.0083446502685546,175.472,0
8,0.0,0.0,0.0,0.0,0.0,0.0,0,0,0.0,0.0,0.0,0.0,0.0,0.0,0.0,0.0,0.0064669556878692,0.0085830688476562,0.0063776969909667,0.0060200691223144,0.0081062316894531,0.0078439712524414,0.0063146863664899,0.0154972076416015,0.0041870221699753,0.0154972076416015,0.0050067901611328,0.0087261199951171,0.0101770673479352,0.02288818359375,0.496,1.424,5.6,5.728,117.192,25.152,27.344,0.0083446502685546,0.0083446502685546,1330.56,0
9,0.0,0.0,0.0,0.0,0.0,0.0,0,0,0.0,0.0,0.0,0.0,0.0,0.0,0.0,0.0,0.0062272100165338,0.0078678131103515,0.0063776969909667,0.0060200691223144,0.0081062316894531,0.0078439712524414,0.0063146863664899,0.0073909759521484,0.0043511390686035,0.0073909759521484,0.0052452087402343,0.0087261199951171,0.0101770673479352,0.02288818359375,0.496,1.424,5.6,5.728,116.096,25.152,27.344,0.00762939453125,0.00762939453125,683.552,0
10,0.0,0.0,0.0,0.0,0.0,0.0,0,0,0.0,0.0,0.0,0.0,0.0,0.0,0.0,0.0,0.0063782871359645,0.0088214874267578,0.0063776969909667,0.0060200691223144,0.0081062316894531,0.0078439712524414,0.0063146863664899,0.0150203704833984,0.0044013677018412,0.0150203704833984,0.0052452087402343,0.0087261199951171,0.0101770673479352,0.02288818359375,0.496,1.424,5.6,5.728,118.448,25.152,27.344,0.0083446502685546,0.0083446502685546,691.768,0
11,0.0,0.0,0.0,0.0,0.0,0.0,0,0,0.0,0.0,0.0,0.0,0.0,0.0,0.0,0.0,0.0065435277353418,0.0088214874267578,0.0086307525634765,0.0066757202148437,0.0108718872070312,0.0088214874267578,0.0063146863664899,0.0109672546386718,0.0042843096184008,0.0109672546386718,0.0052452087402343,0.0087261199951171,0.0101770673479352,0.02288818359375,0.496,1.424,8.88,9.04,118.448,25.152,27.344,0.0078678131103515,0.0078678131103515,840.232,0
12,0.0,0.0,0.0,0.0,0.0,0.0,0,0,0.0,0.0,0.0,0.0,0.0,0.0,0.0,0.0,0.0060340065268141,0.0081062316894531,0.0074386596679687,0.0057220458984375,0.0092506408691406,0.0066757202148437,0.0063146863664899,0.0131130218505859,0.005960464477539,0.0131130218505859,0.0061511993408203,0.0087261199951171,0.0101770673479352,0.02288818359375,0.496,1.424,6.576,6.864,115.288,25.152,27.344,0.0090599060058593,0.0090599060058593,11.76,0
13,0.0,0.0,0.0,0.0,0.0,0.0,0,0,0.0,0.0,0.0,0.0,0.0,0.0,0.0,0.0,0.0060636605789412,0.0081062316894531,0.0087817509969075,0.008392333984375,0.0127553939819335,0.0115394592285156,0.0063146863664899,0.0109672546386718,0.005960464477539,0.0109672546386718,0.005960464477539,0.0087261199951171,0.0101770673479352,0.02288818359375,0.496,1.424,6.448,7.008,116.392,25.152,27.344,0.0085830688476562,0.0085830688476562,4.104,0
14,0.0,0.0,0.0,0.0,0.0,0.0,0,0,0.0,0.0,0.0,0.0,0.0,0.0,0.0,0.0,0.0061372026282163,0.0083446502685546,0.0068545341491699,0.0067710876464843,0.0082731246948242,0.0093936920166015,0.0063146863664899,0.0150203704833984,0.005197525024414,0.0150203704833984,0.0057697296142578,0.0087261199951171,0.0101770673479352,0.02288818359375,0.496,1.424,6.096,5.728,117.192,25.152,27.344,0.0081062316894531,0.0081062316894531,20.632,0
15,0.0,0.0,0.0,0.0,0.0,0.0,0,0,0.0,0.0,0.0,0.0,0.0,0.0,0.0,0.0,0.0062558188367245,0.0083446502685546,0.0070095062255859,0.0061988830566406,0.0081539154052734,0.0075340270996093,0.0063146863664899,0.0100135803222656,0.0054200490315755,0.0100135803222656,0.0072956085205078,0.0087261199951171,0.0101770673479352,0.02288818359375,0.496,1.424,8.88,9.04,115.8,25.152,27.344,0.0090599060058593,0.0090599060058593,73.768,0
16,0.0,0.0,0.0,0.0,0.0,0.0,0,0,0.0,0.0,0.0,0.0,0.0,0.0,0.0,0.0,0.006163474356774,0.0081062316894531,0.0076770782470703,0.0070095062255859,0.0092983245849609,0.0091552734375,0.0063146863664899,0.00762939453125,0.005340576171875,0.00762939453125,0.0062942504882812,0.0087261199951171,0.0101770673479352,0.02288818359375,0.496,1.424,6.576,6.864,115.52,25.152,27.344,0.0085830688476562,0.0085830688476562,11.464,0
17,0.0,0.0,0.0,0.0,0.0,0.0,0,0,0.0,0.0,0.0,0.0,0.0,0.0,0.0,0.0,0.0062283903065294,0.0083446502685546,0.0065565109252929,0.0065326690673828,0.0079870223999023,0.0095844268798828,0.0063146863664899,0.0104904174804687,0.0053048133850097,0.0104904174804687,0.0059843063354492,0.0087261199951171,0.0101770673479352,0.02288818359375,0.496,1.424,6.448,7.008,116.096,25.152,27.344,0.0078678131103515,0.0078678131103515,10.96,0
18,0.0,0.0,0.0,0.0,0.0,0.0,0,0,0.0,0.0,0.0,0.0,0.0,0.0,0.0,0.0,0.0062555369764271,0.0083446502685546,0.0081062316894531,0.0069618225097656,0.0091075897216796,0.0093460083007812,0.0063146863664899,0.0131130218505859,0.0048279762268066,0.0131130218505859,0.0055789947509765,0.0087261199951171,0.0101770673479352,0.02288818359375,0.496,1.424,6.096,5.728,115.968,25.152,27.344,0.0081062316894531,0.0081062316894531,9.504,0
19,0.0,0.0,0.0,0.0,0.0,0.0,0,0,0.0,0.0,0.0,0.0,0.0,0.0,0.0,0.0,0.0061360164661312,0.0081062316894531,0.0071922938028971,0.0068346659342447,0.0078678131103515,0.0083446502685546,0.0063146863664899,0.0095367431640625,0.0057220458984375,0.0095367431640625,0.0059127807617187,0.0087261199951171,0.0101770673479352,0.02288818359375,0.496,1.424,9.856,10.176,115.016,25.152,27.344,0.0088214874267578,0.0088214874267578,5.104,0
20,0.0,0.0,0.0,0.0,0.0,0.0,0,0,0.0,0.0,0.0,0.0,0.0,0.0,0.0,0.0,0.0060451030731201,0.0083446502685546,0.0090599060058593,0.0064969062805175,0.0117301940917968,0.0079631805419921,0.0063146863664899,0.011444091796875,0.0050067901611328,0.011444091796875,0.005197525024414,0.0087261199951171,0.0101770673479352,0.02288818359375,0.496,1.424,5.6,5.728,112.0,25.152,27.344,0.0088214874267578,0.0088214874267578,4.944,0
21,0.0,0.0,0.0,0.0,0.0,0.0,0,0,0.0,0.0,0.0,0.0,0.0,0.0,0.0,0.0,0.006242553786476,0.0087976455688476,0.0089009602864583,0.0048637390136718,0.011444091796875,0.0060081481933593,0.0063146863664899,0.0112056732177734,0.0060796737670898,0.0112056732177734,0.0065565109252929,0.0087261199951171,0.0101770673479352,0.02288818359375,0.496,1.392,6.448,7.008,119.488,25.152,27.344,0.0078678131103515,0.0078678131103515,7.696,0
22,0.0,0.0,0.0,0.0,0.0,0.0,0,0,0.0,0.0,0.0,0.0,0.0,0.0,0.0,0.0,0.0059962272644042,0.0076532363891601,0.0064373016357421,0.0081539154052734,0.007176399230957,0.01220703125,0.0063146863664899,0.0143051147460937,0.0052452087402343,0.0143051147460937,0.0052452087402343,0.0087261199951171,0.0101770673479352,0.02288818359375,0.496,1.424,6.096,5.728,112.0,25.152,27.344,0.0083446502685546,0.0083446502685546,3.32,0
23,0.0,0.0,0.0,0.0,0.0,0.0,0,0,0.0,0.0,0.0,0.0,0.0,0.0,0.0,0.0,0.0063339477689395,0.0087738037109375,0.0062386194864908,0.0071525573730468,0.0069141387939453,0.0098228454589843,0.0063146863664899,0.0081062316894531,0.005340576171875,0.0081062316894531,0.0066757202148437,0.0087261199951171,0.0101770673479352,0.02288818359375,0.496,1.392,8.88,10.176,121.48,25.152,27.344,0.0085830688476562,0.0085830688476562,38.872,0
24,0.0,0.0,0.0,0.0,0.0,0.0,0,0,0.0,0.0,0.0,0.0,0.0,0.0,0.0,0.0,0.0062661595863871,0.0085830688476562,0.0067353248596191,0.0052928924560546,0.0081539154052734,0.0065326690673828,0.0063146863664899,0.0154972076416015,0.0059008598327636,0.0154972076416015,0.007486343383789,0.0087261199951171,0.0101770673479352,0.02288818359375,0.496,1.424,6.576,5.728,115.776,25.152,27.344,0.0107288360595703,0.0107288360595703,8.4,0
25,0.0,0.0,0.0,0.0,0.0,0.0,0,0,0.0,0.0,0.0,0.0,0.0,0.0,0.0,0.0,0.0059569236075524,0.0078678131103515,0.007788340250651,0.006866455078125,0.0090599060058593,0.0103950500488281,0.0063146863664899,0.0100135803222656,0.0051657358805338,0.0100135803222656,0.0063180923461914,0.0087261199951171,0.0101770673479352,0.02288818359375,0.496,1.424,6.448,7.008,116.736,25.152,27.344,0.0100135803222656,0.0100135803222656,20.864,0
26,0.0,0.0,0.0,0.0,0.0,0.0,0,0,0.0,0.0,0.0,0.0,0.0,0.0,0.0,0.0,0.0062320955950229,0.0088214874267578,0.006258487701416,0.0058650970458984,0.0070810317993164,0.0070095062255859,0.0063146863664899,0.0126361846923828,0.0047683715820312,0.0126361846923828,0.0061988830566406,0.0087261199951171,0.0101770673479352,0.02288818359375,0.496,1.424,6.096,5.728,117.192,25.152,27.344,0.0100135803222656,0.0100135803222656,93.576,0
27,0.0,0.0,0.0,0.0,0.0,0.0,0,0,0.0,0.0,0.0,0.0,0.0,0.0,0.0,0.0,0.0061205963590251,0.0078678131103515,0.007486343383789,0.0062465667724609,0.0092029571533203,0.0071048736572265,0.0066757202148437,0.0116825103759765,0.0048637390136718,0.0147342681884765,0.0064373016357421,0.0087261199951171,0.01220703125,0.0227928161621093,1.344,2.272,8.88,9.04,117.192,4.52,3.504,0.0066757202148437,0.0082015991210937,44.888,0
28,0.0,0.0,0.0,0.0,0.0,0.0,0,0,0.0,0.0,0.0,0.0,0.0,0.0,0.0,0.0,0.0066116674622493,0.0090599060058593,0.0081062316894531,0.0080108642578125,0.0104427337646484,0.0103950500488281,0.0064849853515625,0.0071525573730468,0.0053814479282924,0.0071525573730468,0.0074386596679687,0.0082969665527343,0.0126838684082031,0.024271011352539,0.496,1.424,6.576,6.864,117.192,3.744,4.232,0.0085830688476562,0.0085830688476562,58.344,0
29,0.0,0.0,0.0,0.0,0.0,0.0,0,0,0.0,0.0,0.0,0.0,0.0,0.0,0.0,0.0,0.0061631202697753,0.0083446502685546,0.0074704488118489,0.0065326690673828,0.0089406967163085,0.0100612640380859,0.0065326690673828,0.0095367431640625,0.0048279762268066,0.0095367431640625,0.0065088272094726,0.0079154968261718,0.0123023986816406,0.0222682952880859,0.496,1.36,6.448,7.008,112.0,3.744,4.232,0.0109672546386718,0.0109672546386718,30.0,0
30,0.0,0.0,0.0,0.0,0.0,0.0,0,0,0.0,0.0,0.0,0.0,0.0,0.0,0.0,0.0,0.0061822767874494,0.0085830688476562,0.007033348083496,0.006723403930664,0.0077486038208007,0.0093460083007812,0.0067472457885742,0.0095367431640625,0.0047683715820312,0.0095367431640625,0.0047683715820312,0.0097274780273437,0.01068115234375,0.0267505645751953,0.496,1.424,6.096,5.728,113.256,8.264,7.736,0.0100135803222656,0.0100135803222656,1.192,0
31,0.0,0.0,0.0,0.0,0.0,0.0,0,0,0.0,0.0,0.0,0.0,0.0,0.0,0.0,0.0,0.0062273509466826,0.0085830688476562,0.0094413757324218,0.00762939453125,0.0113487243652343,0.0092029571533203,0.006723403930664,0.0128746032714843,0.0047683715820312,0.0128746032714843,0.0047683715820312,0.0082969665527343,0.0118255615234375,0.0223636627197265,0.496,1.36,8.88,9.04,113.256,3.744,4.232,0.0128746032714843,0.0128746032714843,1.192,0
32,0.0,0.0,0.0,0.0,0.0,0.0,0,0,0.0,0.0,0.0,0.0,0.0,0.0,0.0,0.0,0.0061245247869208,0.0083208084106445,0.0060558319091796,0.0062942504882812,0.0065803527832031,0.007486343383789,0.0061511993408203,0.0083446502685546,0.0050067901611328,0.0083446502685546,0.0050067901611328,0.0078678131103515,0.0111103057861328,0.0213623046875,0.496,1.36,6.576,6.864,115.52,3.744,4.232,0.0088214874267578,0.0088214874267578,3.168,0
33,0.0,0.0,0.0,0.0,0.0,0.0,0,0,0.0,0.0,0.0,0.0,0.0,0.0,0.0,0.0,0.0058972835540771,0.00762939453125,0.0069538752237955,0.0086784362792968,0.0079870223999023,0.0157356262207031,0.006103515625,0.011444091796875,0.0,0.011444091796875,0.0,0.0088691711425781,0.0105142593383789,0.025033950805664,0.496,1.424,6.448,7.008,112.0,8.264,7.736,0.0081062316894531,0.0081062316894531,0.0,0
34,0.0,0.0,0.0,0.0,0.0,0.0,0,0,0.0,0.0,0.0,0.0,0.0,0.0,0.0,0.0,0.0058990893977703,0.0078439712524414,0.0075101852416992,0.0075817108154296,0.0086545944213867,0.0104427337646484,0.0061511993408203,0.0092983245849609,0.0054041544596354,0.0092983245849609,0.0058174133300781,0.0080108642578125,0.0111103057861328,0.0213146209716796,0.496,1.36,6.096,5.728,117.616,3.744,4.232,0.0088214874267578,0.0088214874267578,7.144,0
35,0.0,0.0,0.0,0.0,0.0,0.0,0,0,0.0,0.0,0.0,0.0,0.0,0.0,0.0,0.0,0.0061579779082653,0.0085830688476562,0.0077486038208007,0.0069141387939453,0.0094175338745117,0.0098943710327148,0.005960464477539,0.0112056732177734,0.0055858067103794,0.0112056732177734,0.0078678131103515,0.0075340270996093,0.0115394592285156,0.0224113464355468,0.496,1.424,9.856,10.176,124.368,3.744,4.232,0.0090599060058593,0.0090599060058593,37.064,0
36,0.0,0.0,0.0,0.0,0.0,0.0,0,0,0.0,0.0,0.0,0.0,0.0,0.0,0.0,0.0,0.0062736112680008,0.0085830688476562,0.0069141387939453,0.0066161155700683,0.0085115432739257,0.0078201293945312,0.0057750278049045,0.0078678131103515,0.0043937138148716,0.0078678131103515,0.0062465667724609,0.006723403930664,0.0102086500688032,0.0252723693847656,0.496,1.424,5.6,5.728,117.192,8.792,7.208,0.0095367431640625,0.0095367431640625,303.672,0
37,0.0,0.0,0.0,0.0,0.0,0.0,0,0,0.0,0.0,0.0,0.0,0.0,0.0,0.0,0.0,0.0060525270971921,0.0081062316894531,0.0081459681193033,0.0056743621826171,0.0101327896118164,0.0073909759521484,0.0059127807617187,0.0088214874267578,0.0061988830566406,0.0088214874267578,0.0076532363891601,0.0072479248046875,0.0113964080810546,0.0226020812988281,0.496,1.424,6.448,7.008,118.448,3.744,4.232,0.0092983245849609,0.0092983245849609,26.976,0
38,0.0,0.0,0.0,0.0,0.0,0.0,0,0,0.0,0.0,0.0,0.0,0.0,0.0,0.0,0.0,0.0063169120561958,0.0085830688476562,0.0078678131103515,0.0073909759521484,0.0098466873168945,0.011301040649414,0.005960464477539,0.0121593475341796,0.0045844486781529,0.0121593475341796,0.0057220458984375,0.007486343383789,0.011444091796875,0.0219345092773437,0.496,1.392,6.096,5.728,118.448,3.744,4.232,0.0090599060058593,0.0090599060058593,508.32,0
39,0.0,0.0,0.0,0.0,0.0,0.0,0,0,0.0,0.0,0.0,0.0,0.0,0.0,0.0,0.0,0.0062273509466826,0.0081062316894531,0.0077486038208007,0.0059127807617187,0.0096559524536132,0.0069618225097656,0.0063180923461914,0.0095367431640625,0.0078678131103515,0.0095367431640625,0.0078678131103515,0.0088691711425781,0.0111818313598632,0.0265121459960937,0.496,1.424,8.88,10.176,113.256,8.264,7.736,0.0104904174804687,0.0104904174804687,1.192,0
40,0.0,0.0,0.0,0.0,0.0,0.0,0,0,0.0,0.0,0.0,0.0,0.0,0.0,0.0,0.0,0.0060772895812988,0.0081062316894531,0.0066161155700683,0.0073432922363281,0.0070810317993164,0.0092506408691406,0.005960464477539,0.0116825103759765,0.0,0.0116825103759765,0.0,0.00762939453125,0.0112056732177734,0.021982192993164,0.496,1.36,6.576,5.728,112.0,3.744,4.232,0.0092983245849609,0.0092983245849609,0.0,0
41,0.0,0.0,0.0,0.0,0.0,0.0,0,0,0.0,0.0,0.0,0.0,0.0,0.0,0.0,0.0,0.0059831142425537,0.0081300735473632,0.0073115030924479,0.0057697296142578,0.0101327896118164,0.0076770782470703,0.0069618225097656,0.0095367431640625,0.0,0.0095367431640625,0.0,0.0095367431640625,0.0129222869873046,0.0261783599853515,0.496,1.36,6.448,7.008,112.0,3.744,4.232,0.0092983245849609,0.0092983245849609,0.0,0
42,0.0,0.0,0.0,0.0,0.0,0.0,0,0,0.0,0.0,0.0,0.0,0.0,0.0,0.0,0.0,0.0061094760894775,0.0083446502685546,0.0067949295043945,0.0069618225097656,0.0081777572631835,0.0087738037109375,0.0060319900512695,0.009775161743164,0.0,0.009775161743164,0.0,0.0077486038208007,0.011301040649414,0.02899169921875,0.496,1.36,6.096,5.728,112.0,8.264,7.736,0.0081062316894531,0.0081062316894531,0.0,0
43,0.0,0.0,0.0,0.0,0.0,0.0,0,0,0.0,0.0,0.0,0.0,0.0,0.0,0.0,0.0,0.0061273574829101,0.0081062316894531,0.0071525573730468,0.0072002410888671,0.0082969665527343,0.0095367431640625,0.0064849853515625,0.0095367431640625,0.0,0.0095367431640625,0.0,0.0087738037109375,0.0110626220703125,0.0209331512451171,0.496,1.36,8.88,9.04,112.0,3.744,4.232,0.0104904174804687,0.0104904174804687,0.0,0
44,0.0,0.0,0.0,0.0,0.0,0.0,0,0,0.0,0.0,0.0,0.0,0.0,0.0,0.0,0.0,0.006277169754256,0.0083446502685546,0.0072002410888671,0.0061511993408203,0.0088214874267578,0.0076770782470703,0.0059127807617187,0.0116825103759765,0.0054836273193359,0.0116825103759765,0.0054836273193359,0.0074386596679687,0.0107288360595703,0.0203609466552734,0.496,1.36,6.576,6.864,113.256,3.744,4.232,0.0112056732177734,0.0112056732177734,1.192,0
45,0.0,0.0,0.0,0.0,0.0,0.0,0,0,0.0,0.0,0.0,0.0,0.0,0.0,0.0,0.0,0.0061087347381743,0.0083446502685546,0.0072717666625976,0.0064849853515625,0.0090599060058593,0.0088691711425781,0.0061988830566406,0.0066757202148437,0.0054836273193359,0.0066757202148437,0.0054836273193359,0.0086784362792968,0.0110387802124023,0.0272035598754882,0.496,1.36,6.448,7.008,113.256,8.264,7.736,0.0078678131103515,0.0078678131103515,1.192,0
46,0.0,0.0,0.0,0.0,0.0,0.0,0,0,0.0,0.0,0.0,0.0,0.0,0.0,0.0,0.0,0.0062546326746394,0.0083446502685546,0.0061392784118652,0.0066757202148437,0.0066041946411132,0.0088214874267578,0.0076770782470703,0.0085830688476562,0.0061988830566406,0.0085830688476562,0.0061988830566406,0.0093460083007812,0.0113487243652343,0.0208377838134765,0.496,1.36,6.096,5.728,113.256,3.744,4.232,0.0102519989013671,0.0102519989013671,1.192,0
47,0.0,0.0,0.0,0.0,0.0,0.0,0,0,0.0,0.0,0.0,0.0,0.0,0.0,0.0,0.0,0.0061023235321044,0.0081062316894531,0.006866455078125,0.0071048736572265,0.0090599060058593,0.0093460083007812,0.0073432922363281,0.0123977661132812,0.0,0.0123977661132812,0.0,0.0105857849121093,0.0111579895019531,0.0220298767089843,0.496,1.36,8.88,9.04,112.0,3.744,4.232,0.00762939453125,0.00762939453125,0.0,0
48,0.0,0.0,0.0,0.0,0.0,0.0,0,0,0.0,0.0,0.0,0.0,0.0,0.0,0.0,0.0,0.0060737133026123,0.0081062316894531,0.0065326690673828,0.0062465667724609,0.0087261199951171,0.0077247619628906,0.0062465667724609,0.0085830688476562,0.0,0.0085830688476562,0.0,0.0086069107055664,0.0116586685180664,0.0307798385620117,0.496,1.36,6.576,6.864,112.0,8.264,7.736,0.0083446502685546,0.0083446502685546,0.0,0
49,0.0,0.0,0.0,0.0,0.0,0.0,0,0,0.0,0.0,0.0,0.0,0.0,0.0,0.0,0.0,0.0059461593627929,0.0078916549682617,0.0078678131103515,0.0062942504882812,0.0116825103759765,0.0072002410888671,0.0061392784118652,0.0133514404296875,0.0,0.0133514404296875,0.0,0.0071048736572265,0.0108877817789713,0.0199079513549804,0.496,1.36,6.448,7.008,112.0,4.272,3.704,0.0088214874267578,0.0088214874267578,0.0,0
50,0.0,0.0,0.0,0.0,0.0,0.0,0,0,0.0,0.0,0.0,0.0,0.0,0.0,0.0,0.0,0.0061631202697753,0.0083446502685546,0.0056028366088867,0.007486343383789,0.0064611434936523,0.0098228454589843,0.0060081481933593,0.0128746032714843,0.0,0.0128746032714843,0.0,0.0075340270996093,0.0116825103759765,0.0232696533203125,0.496,1.36,6.096,5.728,112.0,3.744,4.232,0.0116825103759765,0.0116825103759765,0.0,0
51,0.0,0.0,0.0,0.0,0.0,0.0,0,0,0.0,0.0,0.0,0.0,0.0,0.0,0.0,0.0,0.0060665607452392,0.0083446502685546,0.0090201695760091,0.0069538752237955,0.011444091796875,0.008702278137207,0.0062465667724609,0.0088214874267578,0.0,0.0088214874267578,0.0,0.0088930130004882,0.0117778778076171,0.0301122665405273,0.496,1.36,9.856,10.176,112.0,8.264,7.736,0.0069141387939453,0.0069141387939453,0.0,0
52,0.0,0.0,0.0,0.0,0.0,0.0,0,0,0.0,0.0,0.0,0.0,0.0,0.0,0.0,0.0,0.0060221449059633,0.0085830688476562,0.005960464477539,0.0068545341491699,0.0066280364990234,0.0078678131103515,0.0068187713623046,0.0116825103759765,0.0057220458984375,0.0116825103759765,0.0057220458984375,0.0084400177001953,0.0119686126708984,0.0233650207519531,0.496,1.36,5.6,5.728,113.256,3.744,4.232,0.0071525573730468,0.0071525573730468,1.192,0
53,0.0,0.0,0.0,0.0,0.0,0.0,0,0,0.0,0.0,0.0,0.0,0.0,0.0,0.0,0.0,0.0061752772567295,0.0081062316894531,0.0072717666625976,0.0075817108154296,0.0089406967163085,0.0127315521240234,0.0062465667724609,0.00762939453125,0.0044703483581542,0.00762939453125,0.0052452087402343,0.0079154968261718,0.0116348266601562,0.0226020812988281,0.496,1.36,6.448,7.008,118.448,3.744,4.232,0.0081062316894531,0.0081062316894531,27.552,0
54,0.0,0.0,0.0,0.0,0.0,0.0,0,0,0.0,0.0,0.0,0.0,0.0,0.0,0.0,0.0,0.0065217897729966,0.0088214874267578,0.0088810920715332,0.0070571899414062,0.0108957290649414,0.0102043151855468,0.0063180923461914,0.0095367431640625,0.004267424679874,0.0095367431640625,0.0052452087402343,0.0086784362792968,0.0111579895019531,0.0286102294921875,0.496,1.392,6.096,5.728,136.432,8.264,7.736,0.0092983245849609,0.0092983245849609,2366.552,0
55,0.0,0.0,0.0,0.0,0.0,0.0,0,0,0.0,0.0,0.0,0.0,0.0,0.0,0.0,0.0,0.006028413772583,0.0083446502685546,0.0065167744954427,0.0066757202148437,0.0073909759521484,0.0077724456787109,0.006866455078125,0.0128746032714843,0.0,0.0128746032714843,0.0,0.0092506408691406,0.0115871429443359,0.0219345092773437,0.496,1.424,8.88,10.176,112.0,3.744,4.232,0.0085830688476562,0.0085830688476562,0.0,0
56,0.0,0.0,0.0,0.0,0.0,0.0,0,0,0.0,0.0,0.0,0.0,0.0,0.0,0.0,0.0,0.0062142268265828,0.0083208084106445,0.007331371307373,0.0056266784667968,0.0091552734375,0.0066280364990234,0.0065326690673828,0.0107288360595703,0.0045159283806295,0.0107288360595703,0.0052452087402343,0.0081062316894531,0.0126361846923828,0.0225067138671875,0.496,1.36,6.576,5.728,119.088,3.744,4.232,0.0095367431640625,0.0095367431640625,127.944,0
57,0.0,0.0,0.0,0.0,0.0,0.0,0,0,0.0,0.0,0.0,0.0,0.0,0.0,0.0,0.0,0.00596284866333,0.0078916549682617,0.0060796737670898,0.0059127807617187,0.0071525573730468,0.0078678131103515,0.0062465667724609,0.0152587890625,0.0,0.0152587890625,0.0,0.0083446502685546,0.0111818313598632,0.0273466110229492,0.496,1.424,6.448,7.008,112.0,8.264,7.736,0.011444091796875,0.011444091796875,0.0,0
58,0.0,0.0,0.0,0.0,0.0,0.0,0,0,0.0,0.0,0.0,0.0,0.0,0.0,0.0,0.0,0.0060534477233886,0.0083684921264648,0.0075101852416992,0.007486343383789,0.0092267990112304,0.0099658966064453,0.0062465667724609,0.0100135803222656,0.0,0.0100135803222656,0.0,0.0079631805419921,0.0125408172607421,0.0242233276367187,0.496,1.36,6.096,5.728,112.0,3.744,4.232,0.0107288360595703,0.0107288360595703,0.0,0
59,0.0,0.0,0.0,0.0,0.0,0.0,0,0,0.0,0.0,0.0,0.0,0.0,0.0,0.0,0.0,0.0061646546467696,0.0085830688476562,0.0071048736572265,0.0068187713623046,0.008249282836914,0.0096797943115234,0.0060558319091796,0.0139474868774414,0.0071525573730468,0.0142335891723632,0.0081062316894531,0.0077247619628906,0.0113964080810546,0.0223159790039062,1.344,2.208,8.88,9.04,117.648,3.744,4.232,0.00762939453125,0.008392333984375,5.296,0
60,0.0,0.0,0.0,0.0,0.0,0.0,0,0,0.0,0.0,0.0,0.0,0.0,0.0,0.0,0.0,0.0063045858749615,0.0085830688476562,0.0061988830566406,0.005960464477539,0.0072002410888671,0.0073432922363281,0.0068902969360351,0.011444091796875,0.0056425730387369,0.011444091796875,0.0070571899414062,0.011301040649414,0.0114202499389648,0.0287294387817382,0.496,1.424,6.576,6.864,123.64,8.264,7.736,0.0085830688476562,0.0085830688476562,11.032,0
61,0.0,0.0,0.0,0.0,0.0,0.0,0,0,0.0,0.0,0.0,0.0,0.0,0.0,0.0,0.0,0.0061847893475311,0.0085830688476562,0.0072717666625976,0.0056743621826171,0.0083446502685546,0.0072956085205078,0.0063419342041015,0.0104904174804687,0.0042761525800151,0.0104904174804687,0.0054836273193359,0.0079631805419921,0.0117778778076171,0.023508071899414,0.496,1.424,6.448,7.008,123.64,3.744,4.232,0.0081062316894531,0.0081062316894531,317.064,0
62,0.0,0.0,0.0,0.0,0.0,0.0,0,0,0.0,0.0,0.0,0.0,0.0,0.0,0.0,0.0,0.006117820739746,0.0081062316894531,0.0064969062805175,0.0079154968261718,0.007486343383789,0.0113964080810546,0.0063419342041015,0.013589859008789,0.0,0.013589859008789,0.0,0.0083446502685546,0.0112056732177734,0.0215530395507812,0.496,1.424,6.096,5.728,112.0,3.744,4.232,0.0104904174804687,0.0104904174804687,0.0,0
63,0.0,0.0,0.0,0.0,0.0,0.0,0,0,0.0,0.0,0.0,0.0,0.0,0.0,0.0,0.0,0.0059878826141357,0.0078678131103515,0.0070095062255859,0.0061511993408203,0.009012222290039,0.0074386596679687,0.0060558319091796,0.0107288360595703,0.0,0.0107288360595703,0.0,0.0081539154052734,0.0112056732177734,0.0262975692749023,0.496,1.36,8.88,9.04,112.0,8.264,7.736,0.0085830688476562,0.0085830688476562,0.0,0
64,0.0,0.0,0.0,0.0,0.0,0.0,0,0,0.0,0.0,0.0,0.0,0.0,0.0,0.0,0.0,0.0061774253845214,0.0081062316894531,0.0080585479736328,0.0073432922363281,0.0103473663330078,0.0103950500488281,0.0059127807617187,0.0121593475341796,0.0,0.0121593475341796,0.0,0.0074386596679687,0.0111579895019531,0.0216960906982421,0.496,1.36,6.576,6.864,112.0,3.744,4.232,0.009775161743164,0.009775161743164,0.0,0
65,0.0,0.0,0.0,0.0,0.0,0.0,0,0,0.0,0.0,0.0,0.0,0.0,0.0,0.0,0.0,0.0061619281768798,0.0081062316894531,0.007788340250651,0.0062465667724609,0.010848045349121,0.0082969665527343,0.0071525573730468,0.0116825103759765,0.0,0.0116825103759765,0.0,0.0089645385742187,0.0124454498291015,0.0241756439208984,0.496,1.36,6.448,7.008,112.0,3.744,4.232,0.00762939453125,0.00762939453125,0.0,0
66,0.0,0.0,0.0,0.0,0.0,0.0,0,0,0.0,0.0,0.0,0.0,0.0,0.0,0.0,0.0,0.0061540320368096,0.0083446502685546,0.0070929527282714,0.0062942504882812,0.0095605850219726,0.0080585479736328,0.0064849853515625,0.0116825103759765,0.0068346659342447,0.0116825103759765,0.0088214874267578,0.0093460083007812,0.0113248825073242,0.0269651412963867,0.496,1.36,6.096,5.728,118.448,8.264,7.736,0.0104904174804687,0.0104904174804687,19.416,0
67,0.0,0.0,0.0,0.0,0.0,0.0,0,0,0.0,0.0,0.0,0.0,0.0,0.0,0.0,0.0,0.0063624358983431,0.0085830688476562,0.0074704488118489,0.0054438908894856,0.009775161743164,0.0066757202148437,0.0069141387939453,0.0138282775878906,0.0039501484378138,0.0138282775878906,0.0047683715820312,0.0085353851318359,0.0121593475341796,0.022745132446289,0.496,1.424,9.856,10.176,143.416,3.744,4.232,0.0088214874267578,0.0088214874267578,8779.744,0
68,0.0,0.0,0.0,0.0,0.0,0.0,0,0,0.0,0.0,0.0,0.0,0.0,0.0,0.0,0.0,0.0072735459057252,0.009775161743164,0.0080466270446777,0.0061988830566406,0.0091075897216796,0.007939338684082,0.006723403930664,0.011444091796875,0.0038748340947287,0.011444091796875,0.0045299530029296,0.0087261199951171,0.0115394592285156,0.0220298767089843,0.496,1.424,5.6,5.728,113.256,3.744,4.232,0.0088214874267578,0.0088214874267578,15393.536,0
69,0.0,0.0,0.0,0.0,0.0,0.0,0,0,0.0,0.0,0.0,0.0,0.0,0.0,0.0,0.0,0.0061953067779541,0.0086069107055664,0.0072717666625976,0.0054836273193359,0.0102519989013671,0.006866455078125,0.006866455078125,0.011444091796875,0.0,0.011444091796875,0.0,0.0091314315795898,0.0118255615234375,0.0298976898193359,0.496,1.424,6.448,7.008,112.0,8.264,7.736,0.0085830688476562,0.0085830688476562,0.0,0
70,0.0,0.0,0.0,0.0,0.0,0.0,0,0,0.0,0.0,0.0,0.0,0.0,0.0,0.0,0.0,0.0064126376448006,0.009012222290039,0.006258487701416,0.0066757202148437,0.0069141387939453,0.0088691711425781,0.006103515625,0.0095367431640625,0.0038835737440321,0.0095367431640625,0.0045299530029296,0.0077247619628906,0.0116825103759765,0.0227928161621093,0.496,1.36,6.096,5.728,127.576,3.744,4.232,0.0119209289550781,0.0119209289550781,3537.4,0
71,0.0,0.0,0.0,0.0,0.0,0.0,0,0,0.0,0.0,0.0,0.0,0.0,0.0,0.0,0.0,0.0060391426086425,0.0081062316894531,0.0077088673909505,0.0071048736572265,0.0106096267700195,0.0086784362792968,0.006866455078125,0.0104904174804687,0.0047683715820312,0.0104904174804687,0.0067949295043945,0.0092506408691406,0.011301040649414,0.0216484069824218,0.496,1.424,8.88,10.176,112.0,3.744,4.232,0.0095367431640625,0.0095367431640625,60.976,0
72,0.0,0.0,0.0,0.0,0.0,0.0,0,0,0.0,0.0,0.0,0.0,0.0,0.0,0.0,0.0,0.0061690807342529,0.0078916549682617,0.0084638595581054,0.00762939453125,0.009465217590332,0.0119209289550781,0.006723403930664,0.0150203704833984,0.0,0.0150203704833984,0.0,0.0091314315795898,0.0119447708129882,0.0314712524414062,0.496,1.392,6.576,5.728,112.0,8.264,7.736,0.0100135803222656,0.0100135803222656,0.0,0
73,0.0,0.0,0.0,0.0,0.0,0.0,0,0,0.0,0.0,0.0,0.0,0.0,0.0,0.0,0.0,0.0070543850169462,0.009775161743164,0.0079075495402018,0.0072479248046875,0.0100135803222656,0.0102996826171875,0.0058650970458984,0.0154972076416015,0.0038623146158004,0.0154972076416015,0.0045299530029296,0.0072479248046875,0.0113487243652343,0.0223159790039062,0.496,1.36,6.448,7.008,128.832,3.744,4.232,335.01458168029785,335.01458168029785,16495.64,1
74,0.0,0.0,0.0,0.0,0.0,0.0,0,0,0.0,0.0,0.0,0.0,0.0,0.0,0.0,0.0,0.006031634202644,0.0081062316894531,0.0068545341491699,0.0064849853515625,0.0079154968261718,0.0073909759521484,0.0059127807617187,0.013589859008789,0.005960464477539,0.013589859008789,0.005960464477539,0.00762939453125,0.0109195709228515,0.021219253540039,0.496,1.424,6.096,5.728,113.256,3.744,4.232,335.0222110748291,335.0222110748291,1.192,1
75,0.0,0.0,0.0,0.0,0.0,0.0,0,0,0.0,0.0,0.0,0.0,0.0,0.0,0.0,0.0,0.0061455057628119,0.0083446502685546,0.0083446502685546,0.0060558319091796,0.0102519989013671,0.0082969665527343,0.0063313378228081,0.0157356262207031,0.0064373016357421,0.0157356262207031,0.0064373016357421,0.008392333984375,0.0107505104758522,0.0259876251220703,0.496,1.392,8.88,9.04,113.256,8.792,7.208,335.01291275024414,335.01291275024414,1.192,1
76,0.0,0.0,0.0,0.0,0.0,0.0,0,0,0.0,0.0,0.0,0.0,0.0,0.0,0.0,0.0,0.006265640258789,0.0083684921264648,0.0065803527832031,0.0070095062255859,0.0078678131103515,0.009775161743164,0.0059127807617187,0.013589859008789,0.0,0.013589859008789,0.0,0.0075340270996093,0.0107288360595703,0.0209808349609375,0.496,1.36,6.576,6.864,112.0,3.744,4.232,335.0093364715576,335.0093364715576,0.0,1
77,0.0,0.0,0.0,0.0,0.0,0.0,0,0,0.0,0.0,0.0,0.0,0.0,0.0,0.0,0.0,0.0059759616851806,0.0083446502685546,0.0080664952596028,0.0065803527832031,0.0104904174804687,0.0088691711425781,0.0058174133300781,0.0090599060058593,0.0,0.0090599060058593,0.0,0.007486343383789,0.011444091796875,0.0222206115722656,0.496,1.36,6.448,7.008,112.0,3.744,4.232,335.0188732147217,335.0188732147217,0.0,1
78,0.0,0.0,0.0,0.0,0.0,0.0,0,0,0.0,0.0,0.0,0.0,0.0,0.0,0.0,0.0,0.0060653686523437,0.0083446502685546,0.0075697898864746,0.0072002410888671,0.0079631805419921,0.0097274780273437,0.0058710575103759,0.0145435333251953,0.0,0.0145435333251953,0.0,0.0067472457885742,0.0101725260416666,0.0246763229370117,0.496,1.36,6.096,5.728,112.0,9.32,6.68,335.01291275024414,335.01291275024414,0.0,1
79,0.0,0.0,0.0,0.0,0.0,0.0,0,0,0.0,0.0,0.0,0.0,0.0,0.0,0.0,0.0,0.0061261653900146,0.0081300735473632,0.0070571899414062,0.0064849853515625,0.0081062316894531,0.0081062316894531,0.0065326690673828,0.0119209289550781,0.0,0.0119209289550781,0.0,0.0085830688476562,0.0111579895019531,0.0208377838134765,0.496,1.36,8.88,9.04,112.0,3.744,4.232,335.0152969360352,335.0152969360352,0.0,1
80,0.0,0.0,0.0,0.0,0.0,0.0,0,0,0.0,0.0,0.0,0.0,0.0,0.0,0.0,0.0,0.006133644141961,0.0088214874267578,0.0060081481933593,0.0063896179199218,0.0080585479736328,0.0088214874267578,0.006103515625,0.0109672546386718,0.0047683715820312,0.0109672546386718,0.0047683715820312,0.0078678131103515,0.0123977661132812,0.0250816345214843,0.496,1.36,6.576,6.864,113.256,3.744,4.232,335.010290145874,335.010290145874,1.192,1
81,0.0,0.0,0.0,0.0,0.0,0.0,0,0,0.0,0.0,0.0,0.0,0.0,0.0,0.0,0.0,0.0061965107324704,0.0085830688476562,0.0063578287760416,0.0069141387939453,0.0081062316894531,0.0105857849121093,0.006723403930664,0.0119209289550781,0.0092983245849609,0.0119209289550781,0.0092983245849609,0.0096559524536132,0.010991096496582,0.0275611877441406,0.496,1.36,6.448,7.008,113.256,8.264,7.736,335.0203037261963,335.0203037261963,1.192,1
82,0.0,0.0,0.0,0.0,0.0,0.0,0,0,0.0,0.0,0.0,0.0,0.0,0.0,0.0,0.0,0.0062850442263159,0.0085830688476562,0.0064969062805175,0.0080585479736328,0.0070095062255859,0.0112533569335937,0.0065803527832031,0.011444091796875,0.0053048133850097,0.011444091796875,0.006723403930664,0.0081539154052734,0.01068115234375,0.020456314086914,0.496,1.36,6.096,5.728,118.448,3.744,4.232,335.0255489349365,335.0255489349365,30.24,1
83,0.0,0.0,0.0,0.0,0.0,0.0,0,0,0.0,0.0,0.0,0.0,0.0,0.0,0.0,0.0,0.006103990089834,0.0081062316894531,0.0068346659342447,0.0076691309611002,0.0084638595581054,0.0106096267700195,0.0069141387939453,0.0088214874267578,0.0051259994506835,0.0088214874267578,0.0061750411987304,0.0102996826171875,0.012063980102539,0.0234127044677734,0.496,1.424,9.856,10.176,117.192,3.744,4.232,335.0186347961426,335.0186347961426,20.112,1
84,0.0,0.0,0.0,0.0,0.0,0.0,0,0,0.0,0.0,0.0,0.0,0.0,0.0,0.0,0.0,0.0061368942260742,0.0078916549682617,0.0060796737670898,0.0064373016357421,0.0067949295043945,0.0087738037109375,0.0064108106825086,0.0133514404296875,0.0,0.0133514404296875,0.0,0.0083446502685546,0.0101653012362393,0.025033950805664,0.496,1.424,5.6,5.728,112.0,8.792,7.208,335.01601219177246,335.01601219177246,0.0,1
85,0.0,0.0,0.0,0.0,0.0,0.0,0,0,0.0,0.0,0.0,0.0,0.0,0.0,0.0,0.0,0.0060296058654785,0.0081062316894531,0.0068346659342447,0.0063419342041015,0.0083446502685546,0.0087261199951171,0.0065803527832031,0.0085830688476562,0.0,0.0085830688476562,0.0,0.0091552734375,0.0112533569335937,0.0215530395507812,0.496,1.36,6.448,7.008,112.0,3.744,4.232,335.01267433166504,335.01267433166504,0.0,1
86,0.0,0.0,0.0,0.0,0.0,0.0,0,0,0.0,0.0,0.0,0.0,0.0,0.0,0.0,0.0,0.0061964988708496,0.0085830688476562,0.0082254409790039,0.0077724456787109,0.0099420547485351,0.0102519989013671,0.0062992698267886,0.0145435333251953,0.0,0.0145435333251953,0.0,0.0084400177001953,0.0101725260416666,0.0207424163818359,0.496,1.36,6.096,5.728,112.0,15.048,15.016,335.010290145874,335.010290145874,0.0,1
87,0.0,0.0,0.0,0.0,0.0,0.0,0,0,0.0,0.0,0.0,0.0,0.0,0.0,0.0,0.0,0.0062807282405113,0.0083446502685546,0.0068346659342447,0.0068187713623046,0.00762939453125,0.0088691711425781,0.0060081481933593,0.011444091796875,0.0047683715820312,0.011444091796875,0.0047683715820312,0.0083684921264648,0.0107526779174804,0.0267505645751953,0.496,1.36,8.88,10.176,113.256,8.264,7.736,335.0224494934082,335.0224494934082,1.192,1
88,0.0,0.0,0.0,0.0,0.0,0.0,0,0,0.0,0.0,0.0,0.0,0.0,0.0,0.0,0.0,0.0060482404718351,0.0078678131103515,0.0071525573730468,0.0062465667724609,0.0081300735473632,0.0082969665527343,0.0,0.011444091796875,0.0078678131103515,0.011444091796875,0.0078678131103515,0.0,0.0,0.0,0.496,1.36,6.576,5.728,113.256,0.0,0.0,335.0212574005127,335.0212574005127,1.192,1
89,0.0,0.0,0.0,0.0,0.0,0.0,0,0,0.0,0.0,0.0,0.0,0.0,0.0,0.0,0.0,0.0063068238063831,0.0085830688476562,0.0064373016357421,0.0065326690673828,0.0094175338745117,0.0072956085205078,0.0057697296142578,0.0138282775878906,0.0061988830566406,0.0138282775878906,0.0061988830566406,0.0076770782470703,0.0107288360595703,0.0209808349609375,0.496,1.36,6.448,7.008,113.256,3.744,4.232,335.01672744750977,335.01672744750977,1.192,1
90,0.0,0.0,0.0,0.0,0.0,0.0,0,0,0.0,0.0,0.0,0.0,0.0,0.0,0.0,0.0,0.0063068238063831,0.0085830688476562,0.0085830688476562,0.0075817108154296,0.0108718872070312,0.0120162963867187,0.0066757202148437,0.0123977661132812,0.0061988830566406,0.0156402587890625,0.0061988830566406,0.0092983245849609,0.0109195709228515,0.0207424163818359,1.344,2.208,6.096,5.728,113.256,3.744,4.232,335.0118398666382,335.0153684616089,1.192,1
91,0.0,0.0,0.0,0.0,0.0,0.0,0,0,0.0,0.0,0.0,0.0,0.0,0.0,0.0,0.0,0.0063068238063831,0.0085830688476562,0.0078678131103515,0.0059127807617187,0.0108718872070312,0.0065803527832031,0.0060626438685825,0.0121593475341796,0.0061988830566406,0.0121593475341796,0.0061988830566406,0.0083446502685546,0.0114142894744873,0.0308752059936523,0.496,1.36,8.88,9.04,113.256,12.536,11.44,335.0222110748291,335.0222110748291,1.192,1
92,0.0,0.0,0.0,0.0,0.0,0.0,0,0,0.0,0.0,0.0,0.0,0.0,0.0,0.0,0.0,0.0063068238063831,0.0085830688476562,0.0063419342041015,0.0058650970458984,0.0071525573730468,0.0074386596679687,0.0072002410888671,0.0109672546386718,0.0061988830566406,0.0109672546386718,0.0061988830566406,0.0089645385742187,0.0130176544189453,0.0253200531005859,0.496,1.36,6.576,6.864,113.256,3.744,4.232,335.0193500518799,335.0193500518799,1.192,1
93,0.0,0.0,0.0,0.0,0.0,0.0,0,0,0.0,0.0,0.0,0.0,0.0,0.0,0.0,0.0,0.0063068238063831,0.0085830688476562,0.0063180923461914,0.005960464477539,0.007033348083496,0.0079154968261718,0.0063419342041015,0.0123977661132812,0.0061988830566406,0.0123977661132812,0.0061988830566406,0.0084161758422851,0.0110387802124023,0.0278234481811523,0.496,1.36,6.448,7.008,113.256,8.264,7.736,335.01291275024414,335.01291275024414,1.192,1
94,0.0,0.0,0.0,0.0,0.0,0.0,0,0,0.0,0.0,0.0,0.0,0.0,0.0,0.0,0.0,0.0062356540812781,0.0083446502685546,0.0058412551879882,0.0075340270996093,0.0065565109252929,0.0117778778076171,0.0,0.0143051147460937,0.0057220458984375,0.0143051147460937,0.0057220458984375,0.0,0.0,0.0,0.496,1.36,6.096,5.728,113.256,0.0,0.0,335.0183963775635,335.0183963775635,1.192,1
95,0.0,0.0,0.0,0.0,0.0,0.0,0,0,0.0,0.0,0.0,0.0,0.0,0.0,0.0,0.0,0.0063912304127273,0.0090599060058593,0.0071048736572265,0.0064373016357421,0.0085353851318359,0.007486343383789,0.0058650970458984,0.0131130218505859,0.0038695713830372,0.0131130218505859,0.0045299530029296,0.0073909759521484,0.0110149383544921,0.0211715698242187,0.496,1.36,8.88,9.04,144.408,3.744,4.232,335.01410484313965,335.01410484313965,17289.856,1
96,0.0,0.0,0.0,0.0,0.0,0.0,0,0,0.0,0.0,0.0,0.0,0.0,0.0,0.0,0.0,0.007112227862154,0.0095367431640625,0.0061511993408203,0.0067710876464843,0.0084877014160156,0.0089645385742187,0.005960464477539,0.0102519989013671,0.0038852769263763,0.0102519989013671,0.0045299530029296,0.007486343383789,0.0109195709228515,0.0208377838134765,0.496,1.424,6.576,6.864,117.888,3.744,4.232,335.01577377319336,335.01577377319336,11328.6,1
97,0.0,0.0,0.0,0.0,0.0,0.0,0,0,0.0,0.0,0.0,0.0,0.0,0.0,0.0,0.0,0.0066745281219482,0.0083446502685546,0.0078280766805013,0.0058174133300781,0.0095367431640625,0.0068187713623046,0.0062465667724609,0.0145435333251953,0.0038838386535644,0.0145435333251953,0.0043153762817382,0.008249282836914,0.0108083089192708,0.0277042388916015,0.496,1.424,6.448,7.008,112.0,12.008,11.968,335.01577377319336,335.01577377319336,1142.912,1
98,0.0,0.0,0.0,0.0,0.0,0.0,0,0,0.0,0.0,0.0,0.0,0.0,0.0,0.0,0.0,0.0066178860050616,0.0088214874267578,0.0067949295043945,0.0065326690673828,0.0086545944213867,0.00762939453125,0.005960464477539,0.0119209289550781,0.0039950138380547,0.0119209289550781,0.0050067901611328,0.00762939453125,0.010538101196289,0.0203132629394531,0.496,1.392,6.096,5.728,122.384,3.744,4.232,335.0110054016113,335.0110054016113,1322.312,1
99,0.0,0.0,0.0,0.0,0.0,0.0,0,0,0.0,0.0,0.0,0.0,0.0,0.0,0.0,0.0,0.0063602011002118,0.0085830688476562,0.006874402364095,0.0065565109252929,0.0078678131103515,0.0081062316894531,0.0066041946411132,0.011444091796875,0.0039644818484611,0.011444091796875,0.0047683715820312,0.0091314315795898,0.0108242034912109,0.0260353088378906,0.496,1.424,9.856,10.176,117.192,8.264,7.736,335.0179195404053,335.0179195404053,3866.6,1
100,0.0,0.0,0.0,0.0,0.0,0.0,0,0,0.0,0.0,0.0,0.0,0.0,0.0,0.0,0.0,0.006183385848999,0.0081062316894531,0.0071525573730468,0.0074505805969238,0.0079631805419921,0.010848045349121,0.0,0.0109672546386718,0.0061988830566406,0.0109672546386718,0.0071525573730468,0.0,0.0,0.0,0.496,1.424,5.6,5.728,112.0,0.0,0.0,335.01315116882324,335.01315116882324,4.272,1
101,0.0,0.0,0.0,0.0,0.0,0.0,0,0,0.0,0.0,0.0,0.0,0.0,0.0,0.0,0.0,0.0060672190651964,0.0083446502685546,0.0070730845133463,0.0060081481933593,0.0083446502685546,0.0072956085205078,0.005960464477539,0.0121593475341796,0.0069141387939453,0.0121593475341796,0.0069141387939453,0.0073909759521484,0.011444091796875,0.0214576721191406,0.496,1.392,6.448,7.008,113.256,3.744,4.232,335.01338958740234,335.01338958740234,1.192,1
102,0.0,0.0,0.0,0.0,0.0,0.0,0,0,0.0,0.0,0.0,0.0,0.0,0.0,0.0,0.0,0.0060434434928146,0.0081062316894531,0.0085830688476562,0.0073432922363281,0.010538101196289,0.0088691711425781,0.0065803527832031,0.0100135803222656,0.0043577618069118,0.0100135803222656,0.0057935714721679,0.0090599060058593,0.0107765197753906,0.0208377838134765,0.496,1.36,6.096,5.728,128.352,3.744,4.232,335.0114822387696,335.0114822387696,175.008,1
103,0.0,0.0,0.0,0.0,0.0,0.0,0,0,0.0,0.0,0.0,0.0,0.0,0.0,0.0,0.0,0.0061395749523865,0.0081062316894531,0.0065167744954427,0.0062942504882812,0.0071525573730468,0.0071048736572265,0.0059434345790318,0.0085830688476562,0.0047683715820312,0.0085830688476562,0.0047683715820312,0.0076770782470703,0.0109374523162841,0.0280141830444335,0.496,1.424,8.88,10.176,113.256,12.536,11.44,335.019588470459,335.019588470459,1.192,1
104,0.0,0.0,0.0,0.0,0.0,0.0,0,0,0.0,0.0,0.0,0.0,0.0,0.0,0.0,0.0,0.0061559677124023,0.0081062316894531,0.0072717666625976,0.0056266784667968,0.0090599060058593,0.0063896179199218,0.0064849853515625,0.0138282775878906,0.0,0.0138282775878906,0.0,0.0085353851318359,0.0126361846923828,0.0232696533203125,0.496,1.36,6.576,5.728,112.0,3.744,4.232,335.01124382019043,335.01124382019043,0.0,1
105,0.0,0.0,0.0,0.0,0.0,0.0,0,0,0.0,0.0,0.0,0.0,0.0,0.0,0.0,0.0,0.0063145514762047,0.0085830688476562,0.0067551930745442,0.0055313110351562,0.0073909759521484,0.006723403930664,0.0061988830566406,0.0116825103759765,0.0039213954812229,0.0116825103759765,0.0047683715820312,0.0088214874267578,0.0112533569335937,0.0267028808593749,0.496,1.36,6.448,7.008,127.016,8.264,7.736,335.01672744750977,335.01672744750977,5825.944,1
106,0.0,0.0,0.0,0.0,0.0,0.0,0,0,0.0,0.0,0.0,0.0,0.0,0.0,0.0,0.0,0.0077847817643957,0.0102519989013671,0.0072717666625976,0.0072956085205078,0.0098228454589843,0.0111579895019531,0.0,0.0107288360595703,0.003875395269643,0.0107288360595703,0.0045299530029296,0.0,0.0,0.0,0.496,1.392,6.096,5.728,117.192,0.0,0.0,335.0214958190918,335.0214958190918,20596.536,1
107,0.0,0.0,0.0,0.0,0.0,0.0,0,0,0.0,0.0,0.0,0.0,0.0,0.0,0.0,0.0,0.0061368942260742,0.0083446502685546,0.0081539154052734,0.0078201293945312,0.0113964080810546,0.0110149383544921,0.0058650970458984,0.0081062316894531,0.0046491622924804,0.0081062316894531,0.0053167343139648,0.007486343383789,0.0111103057861328,0.0214576721191406,0.496,1.424,8.88,9.04,112.0,3.744,4.232,335.01672744750977,335.01672744750977,15.792,1
108,0.0,0.0,0.0,0.0,0.0,0.0,0,0,0.0,0.0,0.0,0.0,0.0,0.0,0.0,0.0,0.0060450267321957,0.0083446502685546,0.0070571899414062,0.0053882598876953,0.0080108642578125,0.0061511993408203,0.0058650970458984,0.0102519989013671,0.0038825803332858,0.0102519989013671,0.0045299530029296,0.0073909759521484,0.011301040649414,0.0218391418457031,0.496,1.392,6.576,6.864,123.64,3.744,4.232,335.0250720977783,335.0250720977783,8303.392,1
109,0.0,0.0,0.0,0.0,0.0,0.0,0,0,0.0,0.0,0.0,0.0,0.0,0.0,0.0,0.0,0.0072269156427666,0.0100135803222656,0.0089406967163085,0.0083446502685546,0.0107288360595703,0.0149726867675781,0.0060399373372395,0.0150203704833984,0.0038959014681776,0.0150203704833984,0.0045299530029296,0.0081062316894531,0.0108877817789713,0.0270843505859375,0.496,1.424,6.448,7.008,118.448,12.008,11.968,335.017204284668,335.017204284668,21646.592,1
110,0.0,0.0,0.0,0.0,0.0,0.0,0,0,0.0,0.0,0.0,0.0,0.0,0.0,0.0,0.0,0.0062237924604273,0.0085830688476562,0.0064969062805175,0.0068187713623046,0.0077724456787109,0.0091552734375,0.0057697296142578,0.0162124633789062,0.0069141387939453,0.0162124633789062,0.0069141387939453,0.0073432922363281,0.0108718872070312,0.0213146209716796,0.496,1.424,6.096,5.728,113.256,3.744,4.232,335.02197265625,335.02197265625,1.192,1
111,0.0,0.0,0.0,0.0,0.0,0.0,0,0,0.0,0.0,0.0,0.0,0.0,0.0,0.0,0.0,0.0060510635375976,0.0085830688476562,0.0078201293945312,0.0069141387939453,0.0102996826171875,0.0079154968261718,0.0070095062255859,0.0138282775878906,0.0,0.0138282775878906,0.0,0.0086069107055664,0.0113725662231445,0.0280380249023437,0.496,1.424,8.88,9.04,112.0,8.264,7.736,335.02197265625,335.02197265625,0.0,1
112,0.0,0.0,0.0,0.0,0.0,0.0,0,0,0.0,0.0,0.0,0.0,0.0,0.0,0.0,0.0,0.0062906742095947,0.0083446502685546,0.0076770782470703,0.0061511993408203,0.0092029571533203,0.0076770782470703,0.0,0.0157356262207031,0.0,0.0157356262207031,0.0,0.0,0.0,0.0,0.496,1.36,6.576,6.864,112.0,0.0,0.0,335.0107669830322,335.0107669830322,0.0,1
113,0.0,0.0,0.0,0.0,0.0,0.0,0,0,0.0,0.0,0.0,0.0,0.0,0.0,0.0,0.0,0.0061671722111443,0.0081062316894531,0.0078678131103515,0.0055789947509765,0.0110864639282226,0.0062465667724609,0.0057816505432128,0.0159740447998046,0.0039763175524198,0.0159740447998046,0.0046014785766601,0.0064611434936523,0.0105698903401692,0.0191926956176757,0.496,1.36,6.448,7.008,127.576,4.272,3.704,335.01410484313965,335.01410484313965,2379.84,1
114,0.0,0.0,0.0,0.0,0.0,0.0,0,0,0.0,0.0,0.0,0.0,0.0,0.0,0.0,0.0,0.0065606624925907,0.0090599060058593,0.0060796737670898,0.0075817108154296,0.0071048736572265,0.0093936920166015,0.0057697296142578,0.0116825103759765,0.0038520962584252,0.0116825103759765,0.0045299530029296,0.0070095062255859,0.0117301940917968,0.0225067138671875,0.496,1.424,6.096,5.728,117.192,3.744,4.232,335.0241184234619,335.0241184234619,2891.384,1
115,0.0,0.0,0.0,0.0,0.0,0.0,0,0,0.0,0.0,0.0,0.0,0.0,0.0,0.0,0.0,0.0072375382527266,0.0092983245849609,0.0071128209431966,0.0064373016357421,0.0079870223999023,0.0091791152954101,0.0063896179199218,0.0147819519042968,0.0038898912704441,0.0147819519042968,0.0045299530029296,0.0085115432739257,0.0113725662231445,0.0268220901489257,0.496,1.424,9.856,10.176,123.08,8.264,7.736,335.01410484313965,335.01410484313965,46371.992,1
116,0.0,0.0,0.0,0.0,0.0,0.0,0,0,0.0,0.0,0.0,0.0,0.0,0.0,0.0,0.0,0.0072213547739816,0.0100135803222656,0.0080466270446777,0.0066161155700683,0.009012222290039,0.0093698501586914,0.0061988830566406,0.0107288360595703,0.0038920855913005,0.0107288360595703,0.0045299530029296,0.0081539154052734,0.0113487243652343,0.0217914581298828,0.496,1.424,5.6,5.728,117.192,3.744,4.232,335.0176811218262,335.0176811218262,34975.952,1
117,0.0,0.0,0.0,0.0,0.0,0.0,0,0,0.0,0.0,0.0,0.0,0.0,0.0,0.0,0.0,0.0072894710125309,0.009775161743164,0.007947285970052,0.005960464477539,0.0094175338745117,0.0072956085205078,0.0064849853515625,0.0150203704833984,0.0038845158518759,0.0150203704833984,0.0045299530029296,0.0089645385742187,0.0108242034912109,0.0207424163818359,0.496,1.424,6.448,7.008,118.448,3.744,4.232,335.0210189819336,335.0210189819336,19448.016,1
118,0.0,0.0,0.0,0.0,0.0,0.0,0,0,0.0,0.0,0.0,0.0,0.0,0.0,0.0,0.0,0.007236357962731,0.0095367431640625,0.0079870223999023,0.0066280364990234,0.0088691711425781,0.0090599060058593,0.0058889389038085,0.0162124633789062,0.0064373016357421,0.0162124633789062,0.0064373016357421,0.0085830688476562,0.0109434127807617,0.0270366668701171,0.496,1.424,6.096,5.728,118.448,8.264,7.736,335.0245952606201,335.0245952606201,1.192,1
119,0.0,0.0,0.0,0.0,0.0,0.0,0,0,0.0,0.0,0.0,0.0,0.0,0.0,0.0,0.0,0.007236357962731,0.0095367431640625,0.0076691309611002,0.0077724456787109,0.009775161743164,0.0100135803222656,0.0062465667724609,0.0154972076416015,0.0064373016357421,0.0154972076416015,0.0064373016357421,0.0075817108154296,0.0111103057861328,0.0216484069824218,0.496,1.424,8.88,10.176,118.448,3.744,4.232,335.01505851745605,335.01505851745605,1.192,1
120,0.0,0.0,0.0,0.0,0.0,0.0,0,0,0.0,0.0,0.0,0.0,0.0,0.0,0.0,0.0,0.007236357962731,0.0095367431640625,0.00762939453125,0.007486343383789,0.0091314315795898,0.0115394592285156,0.0064849853515625,0.0088214874267578,0.0064373016357421,0.0088214874267578,0.0064373016357421,0.0088214874267578,0.0112056732177734,0.0215053558349609,0.496,1.392,6.576,5.728,118.448,3.744,4.232,335.01434326171875,335.01434326171875,1.192,1
121,0.0,0.0,0.0,0.0,0.0,0.0,0,0,0.0,0.0,0.0,0.0,0.0,0.0,0.0,0.0,0.007236357962731,0.0095367431640625,0.0069141387939453,0.0061511993408203,0.008702278137207,0.0075340270996093,0.0065697564019097,0.0123977661132812,0.0064373016357421,0.0123977661132812,0.0064373016357421,0.0088214874267578,0.0106638128107244,0.0283718109130859,0.496,1.36,6.448,7.008,118.448,8.792,7.208,335.01744270324707,335.01744270324707,1.192,1
122,0.0,0.0,0.0,0.0,0.0,0.0,0,0,0.0,0.0,0.0,0.0,0.0,0.0,0.0,0.0,0.007236357962731,0.0095367431640625,0.0069141387939453,0.0080585479736328,0.0083446502685546,0.0110626220703125,0.0057220458984375,0.0089406967163085,0.0064373016357421,0.0115156173706054,0.0064373016357421,0.0073909759521484,0.0119209289550781,0.021982192993164,1.344,2.208,6.096,5.728,118.448,3.744,4.232,335.0094556808472,335.0114583969116,1.192,1
123,0.0,0.0,0.0,0.0,0.0,0.0,0,0,0.0,0.0,0.0,0.0,0.0,0.0,0.0,0.0,0.007236357962731,0.0095367431640625,0.0081539154052734,0.0063896179199218,0.0096797943115234,0.0077724456787109,0.0061511993408203,0.0131130218505859,0.0064373016357421,0.0131130218505859,0.0064373016357421,0.0079631805419921,0.0119686126708984,0.0241756439208984,0.496,1.36,8.88,9.04,118.448,3.744,4.232,335.01124382019043,335.01124382019043,1.192,1
124,0.0,0.0,0.0,0.0,0.0,0.0,0,0,0.0,0.0,0.0,0.0,0.0,0.0,0.0,0.0,0.005931996587497,0.0081062316894531,0.0077247619628906,0.0059127807617187,0.0098705291748046,0.0065803527832031,0.0064373016357421,0.0081062316894531,0.00762939453125,0.0081062316894531,0.00762939453125,0.0088214874267578,0.0112771987915039,0.0292301177978515,0.496,1.36,6.576,6.864,113.256,8.264,7.736,335.0193500518799,335.0193500518799,1.192,1
125,0.0,0.0,0.0,0.0,0.0,0.0,0,0,0.0,0.0,0.0,0.0,0.0,0.0,0.0,0.0,0.0059904107724986,0.0083446502685546,0.0084638595581054,0.0053882598876953,0.0112056732177734,0.0063896179199218,0.006103515625,0.0150203704833984,0.0047262977151309,0.0150203704833984,0.0064373016357421,0.0078678131103515,0.0121593475341796,0.0238418579101562,0.496,1.36,6.448,7.008,133.112,3.744,4.232,335.01195907592773,335.01195907592773,145.416,1
126,0.0,0.0,0.0,0.0,0.0,0.0,0,0,0.0,0.0,0.0,0.0,0.0,0.0,0.0,0.0,0.0064408425057288,0.0088214874267578,0.005960464477539,0.0067710876464843,0.0066995620727539,0.0084400177001953,0.0061988830566406,0.0123977661132812,0.0046941969129774,0.0123977661132812,0.0063419342041015,0.0075340270996093,0.0107765197753906,0.0207424163818359,0.496,1.424,6.096,5.728,118.448,3.744,4.232,335.0176811218262,335.0176811218262,293.32,1
127,0.0,0.0,0.0,0.0,0.0,0.0,0,0,0.0,0.0,0.0,0.0,0.0,0.0,0.0,0.0,0.0062501430511474,0.0081300735473632,0.0072479248046875,0.0066280364990234,0.0086307525634765,0.0083446502685546,0.0064611434936523,0.0131130218505859,0.0,0.0131130218505859,0.0,0.008559226989746,0.0107049942016601,0.0266790390014648,0.496,1.424,8.88,9.04,112.0,8.264,7.736,335.0181579589844,335.0181579589844,0.0,1
128,0.0,0.0,0.0,0.0,0.0,0.0,0,0,0.0,0.0,0.0,0.0,0.0,0.0,0.0,0.0,0.0062477588653564,0.0083684921264648,0.0063896179199218,0.006723403930664,0.0072956085205078,0.0070571899414062,0.0062942504882812,0.0138282775878906,0.0,0.0138282775878906,0.0,0.0079631805419921,0.011444091796875,0.0218391418457031,0.496,1.392,6.576,6.864,112.0,3.744,4.232,335.01195907592773,335.01195907592773,0.0,1
129,0.0,0.0,0.0,0.0,0.0,0.0,0,0,0.0,0.0,0.0,0.0,0.0,0.0,0.0,0.0,0.0059950351715087,0.0078678131103515,0.0079870223999023,0.0055313110351562,0.0109672546386718,0.0070095062255859,0.0061988830566406,0.0092983245849609,0.0,0.0092983245849609,0.0,0.0078201293945312,0.0113487243652343,0.0211715698242187,0.496,1.36,6.448,7.008,112.0,3.744,4.232,335.0229263305664,335.0229263305664,0.0,1
130,0.0,0.0,0.0,0.0,0.0,0.0,0,0,0.0,0.0,0.0,0.0,0.0,0.0,0.0,0.0,0.0061619281768798,0.0085830688476562,0.007331371307373,0.0081062316894531,0.0091791152954101,0.0107288360595703,0.0061988830566406,0.0121593475341796,0.0,0.0121593475341796,0.0,0.0084400177001953,0.010858882557262,0.0283718109130859,0.496,1.36,6.096,5.728,112.0,8.792,7.208,335.01219749450684,335.01219749450684,0.0,1
131,0.0,0.0,0.0,0.0,0.0,0.0,0,0,0.0,0.0,0.0,0.0,0.0,0.0,0.0,0.0,0.0059616506396241,0.0078678131103515,0.0063180923461914,0.0062783559163411,0.0069141387939453,0.0071525573730468,0.0060558319091796,0.0085830688476562,0.0045299530029296,0.0085830688476562,0.0045299530029296,0.0077724456787109,0.0108242034912109,0.0208377838134765,0.496,1.36,9.856,10.176,113.256,3.744,4.232,335.01243591308594,335.01243591308594,1.192,1
132,0.0,0.0,0.0,0.0,0.0,0.0,0,0,0.0,0.0,0.0,0.0,0.0,0.0,0.0,0.0,0.006135461365648,0.0081062316894531,0.0070929527282714,0.0057220458984375,0.0088214874267578,0.0066757202148437,0.0064373016357421,0.0140666961669921,0.0050862630208333,0.0140666961669921,0.0057697296142578,0.0087261199951171,0.0111103057861328,0.0214576721191406,0.496,1.36,5.6,5.728,119.928,3.744,4.232,335.01195907592773,335.01195907592773,7.288,1
133,0.0,0.0,0.0,0.0,0.0,0.0,0,0,0.0,0.0,0.0,0.0,0.0,0.0,0.0,0.0,0.0060458681476649,0.0078678131103515,0.0074704488118489,0.0058650970458984,0.0089406967163085,0.0077247619628906,0.006270408630371,0.0145435333251953,0.0061988830566406,0.0145435333251953,0.0061988830566406,0.0085115432739257,0.0107049942016601,0.0263690948486328,0.496,1.424,6.448,7.008,113.256,8.264,7.736,335.0114822387696,335.0114822387696,1.192,1
134,0.0,0.0,0.0,0.0,0.0,0.0,0,0,0.0,0.0,0.0,0.0,0.0,0.0,0.0,0.0,0.0061764575467251,0.0083446502685546,0.007331371307373,0.0078201293945312,0.0078201293945312,0.0101566314697265,0.0059127807617187,0.0085830688476562,0.0081062316894531,0.0085830688476562,0.0088691711425781,0.0073909759521484,0.0133991241455078,0.0261783599853515,0.496,1.36,6.096,5.728,117.904,3.744,4.232,335.01696586608887,335.01696586608887,5.328,1
135,0.0,0.0,0.0,0.0,0.0,0.0,0,0,0.0,0.0,0.0,0.0,0.0,0.0,0.0,0.0,0.0062310695648193,0.0083446502685546,0.0071128209431966,0.0055313110351562,0.0088214874267578,0.0069141387939453,0.0055432319641113,0.013589859008789,0.0,0.013589859008789,0.0,0.0062942504882812,0.0112851460774739,0.0218152999877929,0.496,1.424,8.88,10.176,112.0,4.272,3.704,335.01338958740234,335.01338958740234,0.0,1
136,0.0,0.0,0.0,0.0,0.0,0.0,0,0,0.0,0.0,0.0,0.0,0.0,0.0,0.0,0.0,0.006110668182373,0.0083446502685546,0.0057220458984375,0.0065803527832031,0.0068426132202148,0.0072002410888671,0.0057935714721679,0.0133514404296875,0.0,0.0133514404296875,0.0,0.0078916549682617,0.0107288360595703,0.028085708618164,0.496,1.36,6.576,5.728,112.0,8.264,7.736,335.01386642456055,335.01386642456055,0.0,1
137,0.0,0.0,0.0,0.0,0.0,0.0,0,0,0.0,0.0,0.0,0.0,0.0,0.0,0.0,0.0,0.0060272216796875,0.0081300735473632,0.0069538752237955,0.0062465667724609,0.0075101852416992,0.007486343383789,0.0066280364990234,0.0128746032714843,0.0,0.0128746032714843,0.0,0.0088691711425781,0.0115871429443359,0.021982192993164,0.496,1.36,6.448,7.008,112.0,3.744,4.232,335.0107669830322,335.0107669830322,0.0,1
138,0.0,0.0,0.0,0.0,0.0,0.0,0,0,0.0,0.0,0.0,0.0,0.0,0.0,0.0,0.0,0.0062427710537886,0.0083446502685546,0.0075101852416992,0.0079631805419921,0.0098943710327148,0.01220703125,0.0061511993408203,0.0131130218505859,0.0050067901611328,0.0131130218505859,0.0050067901611328,0.0079631805419921,0.0109672546386718,0.0210285186767578,0.496,1.36,6.096,5.728,113.256,3.744,4.232,335.01315116882324,335.01315116882324,1.192,1
139,0.0,0.0,0.0,0.0,0.0,0.0,0,0,0.0,0.0,0.0,0.0,0.0,0.0,0.0,0.0,0.0063091961305532,0.0088214874267578,0.0079154968261718,0.0061988830566406,0.0088691711425781,0.0073909759521484,0.0063896179199218,0.0119209289550781,0.0047683715820312,0.0119209289550781,0.0047683715820312,0.008392333984375,0.0113248825073242,0.0293254852294921,0.496,1.36,8.88,9.04,113.256,8.264,7.736,335.0114822387696,335.0114822387696,1.192,1
140,0.0,0.0,0.0,0.0,0.0,0.0,0,0,0.0,0.0,0.0,0.0,0.0,0.0,0.0,0.0,0.0062058953677906,0.0083446502685546,0.00762939453125,0.0075817108154296,0.0100135803222656,0.012063980102539,0.005960464477539,0.0116825103759765,0.0055432319641113,0.0116825103759765,0.0068187713623046,0.0079154968261718,0.0102043151855468,0.0195980072021484,0.496,1.36,6.576,6.864,121.824,3.744,4.232,335.0107669830322,335.0107669830322,8.896,1
141,0.0,0.0,0.0,0.0,0.0,0.0,0,0,0.0,0.0,0.0,0.0,0.0,0.0,0.0,0.0,0.0062382221221923,0.0083446502685546,0.0064969062805175,0.0061338598077947,0.0084161758422851,0.0095367431640625,0.0069618225097656,0.0119209289550781,0.0,0.0119209289550781,0.0,0.0094890594482421,0.0121116638183593,0.0222206115722656,0.496,1.424,15.568,30.24,112.0,3.744,4.232,335.01410484313965,335.01410484313965,0.0,1
142,0.0,0.0,0.0,0.0,0.0,0.0,0,0,0.0,0.0,0.0,0.0,0.0,0.0,0.0,0.0,0.0064265727996826,0.0088214874267578,0.0066757202148437,0.0072956085205078,0.0086307525634765,0.0110149383544921,0.0066041946411132,0.013589859008789,0.0,0.013589859008789,0.0,0.0088453292846679,0.0105857849121093,0.0251293182373046,0.496,1.36,6.864,6.224,112.0,8.264,7.736,335.01410484313965,335.01410484313965,0.0,1
143,0.0,0.0,0.0,0.0,0.0,0.0,0,0,0.0,0.0,0.0,0.0,0.0,0.0,0.0,0.0,0.0062441825866699,0.0085830688476562,0.0078280766805013,0.007033348083496,0.0094175338745117,0.0078678131103515,0.0070095062255859,0.011444091796875,0.0,0.011444091796875,0.0,0.0095367431640625,0.0117301940917968,0.0222206115722656,0.496,1.36,9.856,10.176,112.0,3.744,4.232,335.01219749450684,335.01219749450684,0.0,1
144,0.0,0.0,0.0,0.0,0.0,0.0,0,0,0.0,0.0,0.0,0.0,0.0,0.0,0.0,0.0,0.0061273574829101,0.0078678131103515,0.0061690807342529,0.0062286853790283,0.0072956085205078,0.0075340270996093,0.0066161155700683,0.0131130218505859,0.0,0.0131130218505859,0.0,0.0082969665527343,0.0103712081909179,0.0185966491699218,0.496,1.36,11.488,14.784,112.0,4.272,3.704,335.0107669830322,335.0107669830322,0.0,1
145,0.0,0.0,0.0,0.0,0.0,0.0,0,0,0.0,0.0,0.0,0.0,0.0,0.0,0.0,0.0,0.0061587531967918,0.0081062316894531,0.0074439578586154,0.006943941116333,0.0098705291748046,0.0076770782470703,0.0067472457885742,0.0121593475341796,0.0045299530029296,0.0121593475341796,0.0045299530029296,0.0088691711425781,0.0113964080810546,0.0297307968139648,0.496,1.36,22.048,10.32,113.752,8.264,7.736,335.0186347961426,335.0186347961426,1.192,1
146,0.0,0.0,0.0,0.0,0.0,0.0,0,0,0.0,0.0,0.0,0.0,0.0,0.0,0.0,0.0,0.0062071861912362,0.0085830688476562,0.006103515625,0.0064969062805175,0.0066280364990234,0.0092744827270507,0.006258487701416,0.0116825103759765,0.0042915344238281,0.0116825103759765,0.0042915344238281,0.0086069107055664,0.0105619430541992,0.0239849090576171,0.496,1.36,5.6,6.512,113.256,14.52,15.544,335.0214958190918,335.0214958190918,1.192,1
147,0.0,0.0,0.0,0.0,0.0,0.0,0,0,0.0,0.0,0.0,0.0,0.0,0.0,0.0,0.0,0.0062356540812781,0.0085830688476562,0.0074505805969238,0.0061988830566406,0.0084877014160156,0.0074386596679687,0.0060558319091796,0.0131130218505859,0.005960464477539,0.0131130218505859,0.005960464477539,0.0078201293945312,0.0132560729980468,0.0254154205322265,0.496,1.36,6.096,5.728,113.256,3.744,4.232,335.0183963775635,335.0183963775635,1.192,1
148,0.0,0.0,0.0,0.0,0.0,0.0,0,0,0.0,0.0,0.0,0.0,0.0,0.0,0.0,0.0,0.0062356540812781,0.0085830688476562,0.0072320302327473,0.0065565109252929,0.0088214874267578,0.0082254409790039,0.0061988830566406,0.0119209289550781,0.005960464477539,0.0119209289550781,0.005960464477539,0.0085830688476562,0.0116586685180664,0.0291824340820312,0.496,1.36,9.856,10.176,113.256,8.264,7.736,335.01648902893066,335.01648902893066,1.192,1
149,0.0,0.0,0.0,0.0,0.0,0.0,0,0,0.0,0.0,0.0,0.0,0.0,0.0,0.0,0.0,0.0062356540812781,0.0085830688476562,0.0064849853515625,0.0065803527832031,0.0089168548583984,0.0098705291748046,0.006866455078125,0.0119209289550781,0.005960464477539,0.0119209289550781,0.005960464477539,0.0094413757324218,0.0113964080810546,0.0213623046875,0.496,1.36,6.448,6.224,113.256,3.744,4.232,335.01410484313965,335.01410484313965,1.192,1
150,0.0,0.0,0.0,0.0,0.0,0.0,0,0,0.0,0.0,0.0,0.0,0.0,0.0,0.0,0.0,0.0062356540812781,0.0085830688476562,0.0075340270996093,0.0079870223999023,0.009918212890625,0.0088453292846679,0.006103515625,0.0078678131103515,0.005960464477539,0.0078678131103515,0.005960464477539,0.0078201293945312,0.0116825103759765,0.0227928161621093,0.496,1.36,5.6,6.512,113.256,3.744,4.232,335.01124382019043,335.01124382019043,1.192,1
151,0.0,0.0,0.0,0.0,0.0,0.0,0,0,0.0,0.0,0.0,0.0,0.0,0.0,0.0,0.0,0.0062700527817455,0.0078678131103515,0.007331371307373,0.0073432922363281,0.009322166442871,0.0109195709228515,0.0063896179199218,0.0107288360595703,0.0052452087402343,0.0107288360595703,0.0071048736572265,0.0086069107055664,0.0110149383544921,0.0268220901489257,0.496,1.36,6.096,5.728,117.192,8.264,7.736,335.01195907592773,335.01195907592773,31.512,1
152,0.0,0.0,0.0,0.0,0.0,0.0,0,0,0.0,0.0,0.0,0.0,0.0,0.0,0.0,0.0,0.0063071504307253,0.0082015991210937,0.00762939453125,0.0069538752237955,0.0090599060058593,0.0089406967163085,0.0060558319091796,0.0147819519042968,0.004126475407527,0.0147819519042968,0.0052452087402343,0.0078201293945312,0.011301040649414,0.0217914581298828,0.496,1.424,9.856,10.176,141.928,3.744,4.232,335.01172065734863,335.01172065734863,425.96,1
153,0.0,0.0,0.0,0.0,0.0,0.0,0,0,0.0,0.0,0.0,0.0,0.0,0.0,0.0,0.0,0.0064254987357866,0.0088214874267578,0.006866455078125,0.0052452087402343,0.0085830688476562,0.0060081481933593,0.0067710876464843,0.0132322311401367,0.0044027964274088,0.0140905380249023,0.0062942504882812,0.0089645385742187,0.0125885009765625,0.0243663787841796,1.344,2.272,6.448,6.224,118.448,3.744,4.232,335.0105285644531,335.0118637084961,153.896,1
154,0.0,0.0,0.0,0.0,0.0,0.0,0,0,0.0,0.0,0.0,0.0,0.0,0.0,0.0,0.0,0.0061217825211102,0.0081062316894531,0.0070571899414062,0.0061988830566406,0.0084400177001953,0.0072479248046875,0.0062227249145507,0.0159740447998046,0.0073909759521484,0.0159740447998046,0.0073909759521484,0.0083684921264648,0.0111103057861328,0.0265836715698242,0.496,1.424,5.6,6.512,113.256,8.264,7.736,335.0183963775635,335.0183963775635,1.192,1
155,0.0,0.0,0.0,0.0,0.0,0.0,0,0,0.0,0.0,0.0,0.0,0.0,0.0,0.0,0.0,0.0071395741830958,0.0095367431640625,0.0069141387939453,0.006103515625,0.0081539154052734,0.0082969665527343,0.006103515625,0.0138282775878906,0.0039467753020115,0.0138282775878906,0.0047683715820312,0.0078201293945312,0.0121593475341796,0.022125244140625,0.496,1.36,6.096,5.728,122.384,3.744,4.232,335.0236415863037,335.0236415863037,15679.768,1
156,0.0,0.0,0.0,0.0,0.0,0.0,0,0,0.0,0.0,0.0,0.0,0.0,0.0,0.0,0.0,0.0065112113952636,0.0090599060058593,0.007033348083496,0.0060002009073893,0.0090599060058593,0.0078678131103515,0.0061511993408203,0.0128746032714843,0.003940612077713,0.0128746032714843,0.0047683715820312,0.0079154968261718,0.0113964080810546,0.0217914581298828,0.496,1.424,9.856,10.176,112.0,3.744,4.232,335.01362800598145,335.01362800598145,3468.656,1
157,0.0,0.0,0.0,0.0,0.0,0.0,0,0,0.0,0.0,0.0,0.0,0.0,0.0,0.0,0.0,0.0061571598052978,0.0083446502685546,0.0081539154052734,0.0062465667724609,0.0117778778076171,0.0091075897216796,0.0066757202148437,0.0131130218505859,0.0,0.0131130218505859,0.0,0.0090599060058593,0.0118732452392578,0.0305414199829101,0.496,1.392,6.448,6.224,112.0,8.264,7.736,335.0191116333008,335.0191116333008,0.0,1
158,0.0,0.0,0.0,0.0,0.0,0.0,0,0,0.0,0.0,0.0,0.0,0.0,0.0,0.0,0.0,0.006030797958374,0.0081062316894531,0.0061988830566406,0.0072121620178222,0.0071048736572265,0.0085115432739257,0.006103515625,0.0107288360595703,0.0,0.0107288360595703,0.0,0.0076770782470703,0.0127315521240234,0.0238895416259765,0.496,1.36,5.6,6.512,112.0,3.744,4.232,335.01362800598145,335.01362800598145,0.0,1
159,0.0,0.0,0.0,0.0,0.0,0.0,0,0,0.0,0.0,0.0,0.0,0.0,0.0,0.0,0.0,0.0063685042348074,0.0088214874267578,0.0072717666625976,0.0086307525634765,0.009322166442871,0.0133514404296875,0.0067949295043945,0.0157356262207031,0.0083446502685546,0.0157356262207031,0.0083446502685546,0.0082015991210937,0.0109275182088216,0.0199079513549804,0.496,1.36,6.096,5.728,113.256,4.272,3.704,335.0210189819336,335.0210189819336,1.192,1
160,0.0,0.0,0.0,0.0,0.0,0.0,0,0,0.0,0.0,0.0,0.0,0.0,0.0,0.0,0.0,0.0061988830566406,0.0083446502685546,0.0078678131103515,0.006715456644694,0.010848045349121,0.0095367431640625,0.0062465667724609,0.0123977661132812,0.0066757202148437,0.0123977661132812,0.0066757202148437,0.0086545944213867,0.0124931335449218,0.0334501266479492,0.496,1.36,9.856,10.176,113.256,8.264,7.736,335.01505851745605,335.01505851745605,1.192,1
161,0.0,0.0,0.0,0.0,0.0,0.0,0,0,0.0,0.0,0.0,0.0,0.0,0.0,0.0,0.0,0.0064183230423808,0.0085830688476562,0.0063419342041015,0.0055313110351562,0.0073432922363281,0.0069618225097656,0.0064373016357421,0.0126361846923828,0.0047683715820312,0.0126361846923828,0.0047683715820312,0.0076770782470703,0.0112533569335937,0.0214576721191406,0.496,1.36,6.448,6.224,113.256,3.744,4.232,335.0214958190918,335.0214958190918,1.192,1
162,0.0,0.0,0.0,0.0,0.0,0.0,0,0,0.0,0.0,0.0,0.0,0.0,0.0,0.0,0.0,0.0062525272369384,0.0083446502685546,0.0065803527832031,0.0060796737670898,0.0073909759521484,0.0074148178100585,0.0066757202148437,0.0121593475341796,0.0,0.0121593475341796,0.0,0.0092983245849609,0.011444091796875,0.0219345092773437,0.496,1.36,5.6,6.512,112.0,3.744,4.232,335.01553535461426,335.01553535461426,0.0,1
163,0.0,0.0,0.0,0.0,0.0,0.0,0,0,0.0,0.0,0.0,0.0,0.0,0.0,0.0,0.0,0.0065692420144682,0.0088214874267578,0.0091195106506347,0.0069141387939453,0.0097036361694335,0.0105857849121093,0.0061511993408203,0.0116825103759765,0.0040263886664323,0.0116825103759765,0.0047683715820312,0.0084161758422851,0.0109195709228515,0.0266313552856445,0.496,1.36,6.096,5.728,143.152,8.264,7.736,335.01434326171875,335.01434326171875,7625.48,1
164,0.0,0.0,0.0,0.0,0.0,0.0,0,0,0.0,0.0,0.0,0.0,0.0,0.0,0.0,0.0,0.0070054732744966,0.009775161743164,0.0080267588297526,0.007033348083496,0.0096559524536132,0.0096559524536132,0.0,0.0083446502685546,0.0040215023314755,0.0083446502685546,0.0047683715820312,0.0,0.0,0.0,0.496,1.424,9.856,10.176,117.192,0.0,0.0,335.0260257720947,335.0260257720947,5681.464,1
165,0.0,0.0,0.0,0.0,0.0,0.0,0,0,0.0,0.0,0.0,0.0,0.0,0.0,0.0,0.0,0.0068275489617342,0.0092983245849609,0.0078678131103515,0.0069618225097656,0.0095367431640625,0.0113487243652343,0.0,0.0123977661132812,0.0039612642631003,0.0123977661132812,0.0047683715820312,0.0,0.0,0.0,0.496,1.424,6.448,6.224,117.192,0.0,0.0,335.01410484313965,335.01410484313965,10753.336,1
166,0.0,0.0,0.0,0.0,0.0,0.0,0,0,0.0,0.0,0.0,0.0,0.0,0.0,0.0,0.0,0.0066450326749593,0.0087976455688476,0.0075817108154296,0.005960464477539,0.0095844268798828,0.0070810317993164,0.0,0.0119209289550781,0.0040382518435356,0.0119209289550781,0.0047683715820312,0.0,0.0,0.0,0.496,1.424,5.6,6.512,115.52,0.0,0.0,335.0188732147217,335.0188732147217,3566.52,1
167,0.0,0.0,0.0,0.0,0.0,0.0,0,0,0.0,0.0,0.0,0.0,0.0,0.0,0.0,0.0,0.0059355550737523,0.00762939453125,0.007033348083496,0.008249282836914,0.0089406967163085,0.0126838684082031,0.0061988830566406,0.0090599060058593,0.0045299530029296,0.0090599060058593,0.0045299530029296,0.0079631805419921,0.0123500823974609,0.0244617462158203,0.496,1.424,6.096,5.728,113.256,3.744,4.232,335.01243591308594,335.01243591308594,1.192,1
168,0.0,0.0,0.0,0.0,0.0,0.0,0,0,0.0,0.0,0.0,0.0,0.0,0.0,0.0,0.0,0.0062688666196604,0.0088214874267578,0.0069538752237955,0.0063975652058919,0.0085830688476562,0.0084638595581054,0.006723403930664,0.0207424163818359,0.0057220458984375,0.0207424163818359,0.0057220458984375,0.0085830688476562,0.0115871429443359,0.0218868255615234,0.496,1.36,9.856,10.176,113.256,3.744,4.232,335.01243591308594,335.01243591308594,1.192,1
169,0.0,0.0,0.0,0.0,0.0,0.0,0,0,0.0,0.0,0.0,0.0,0.0,0.0,0.0,0.0,0.0062000751495361,0.0081062316894531,0.0063419342041015,0.0057697296142578,0.0077724456787109,0.0070571899414062,0.0063419342041015,0.0143051147460937,0.0,0.0143051147460937,0.0,0.0081539154052734,0.010991096496582,0.0281572341918945,0.496,1.36,6.448,6.224,112.0,8.264,7.736,335.01458168029785,335.01458168029785,0.0,1
170,0.0,0.0,0.0,0.0,0.0,0.0,0,0,0.0,0.0,0.0,0.0,0.0,0.0,0.0,0.0,0.0060784816741943,0.0078678131103515,0.0069618225097656,0.0054240226745605,0.0074386596679687,0.0062227249145507,0.0,0.0140666961669921,0.0,0.0140666961669921,0.0,0.0,0.0,0.0,0.496,1.36,5.6,6.512,112.0,0.0,0.0,335.01243591308594,335.01243591308594,0.0,1
171,0.0,0.0,0.0,0.0,0.0,0.0,0,0,0.0,0.0,0.0,0.0,0.0,0.0,0.0,0.0,0.0061845779418945,0.0081062316894531,0.0064969062805175,0.0085353851318359,0.0070095062255859,0.0123023986816406,0.0,0.0102519989013671,0.0,0.0102519989013671,0.0,0.0,0.0,0.0,0.496,1.36,6.096,5.728,112.0,0.0,0.0,335.01291275024414,335.01291275024414,0.0,1
172,0.0,0.0,0.0,0.0,0.0,0.0,0,0,0.0,0.0,0.0,0.0,0.0,0.0,0.0,0.0,0.0063741207122802,0.0085830688476562,0.0071525573730468,0.0065565109252929,0.0084638595581054,0.0077486038208007,0.0,0.0069141387939453,0.0,0.0069141387939453,0.0,0.0,0.0,0.0,0.496,1.36,9.856,10.176,112.0,0.0,0.0,335.0107669830322,335.0107669830322,0.0,1
173,0.0,0.0,0.0,0.0,0.0,0.0,0,0,0.0,0.0,0.0,0.0,0.0,0.0,0.0,0.0,0.0061300856557058,0.0078678131103515,0.007486343383789,0.0056743621826171,0.0084877014160156,0.0068187713623046,0.0087261199951171,0.0088214874267578,0.0052452087402343,0.0088214874267578,0.0052452087402343,0.0126838684082031,0.0127315521240234,0.025177001953125,0.496,1.36,6.448,6.224,113.256,3.744,4.232,335.01172065734863,335.01172065734863,1.192,1
174,0.0,0.0,0.0,0.0,0.0,0.0,0,0,0.0,0.0,0.0,0.0,0.0,0.0,0.0,0.0,0.0061549950594925,0.0088214874267578,0.0080585479736328,0.006258487701416,0.0116348266601562,0.0067710876464843,0.0066757202148437,0.0138282775878906,0.0054836273193359,0.0138282775878906,0.0054836273193359,0.0089168548583984,0.0115871429443359,0.0218391418457031,0.496,1.36,5.6,6.512,113.256,3.744,4.232,335.0114822387696,335.0114822387696,1.192,1
175,0.0,0.0,0.0,0.0,0.0,0.0,0,0,0.0,0.0,0.0,0.0,0.0,0.0,0.0,0.0,0.0070281650709069,0.0100135803222656,0.00840425491333,0.0084400177001953,0.0098228454589843,0.0145435333251953,0.006103515625,0.0100135803222656,0.0039972824059065,0.0100135803222656,0.0047683715820312,0.0088453292846679,0.0109195709228515,0.0257492065429687,0.496,1.36,6.096,5.728,144.408,8.264,7.736,335.0234031677246,335.0234031677246,12527.4,1
176,0.0,0.0,0.0,0.0,0.0,0.0,0,0,0.0,0.0,0.0,0.0,0.0,0.0,0.0,0.0,0.0073684388725318,0.0095367431640625,0.0069141387939453,0.0063180923461914,0.008702278137207,0.008702278137207,0.0,0.019073486328125,0.0039820975445686,0.019073486328125,0.0047683715820312,0.0,0.0,0.0,0.496,1.424,9.856,10.176,117.192,0.0,0.0,335.01744270324707,335.01744270324707,19614.856,1
177,0.0,0.0,0.0,0.0,0.0,0.0,0,0,0.0,0.0,0.0,0.0,0.0,0.0,0.0,0.0,0.0073779281692125,0.0100135803222656,0.0065803527832031,0.006866455078125,0.0091075897216796,0.0110626220703125,0.0,0.0152587890625,0.0039285559071959,0.0152587890625,0.0045299530029296,0.0,0.0,0.0,0.496,1.424,6.448,6.224,117.192,0.0,0.0,335.01434326171875,335.01434326171875,31553.824,1
178,0.0,0.0,0.0,0.0,0.0,0.0,0,0,0.0,0.0,0.0,0.0,0.0,0.0,0.0,0.0,0.0074728211360191,0.0102519989013671,0.0065803527832031,0.0085234642028808,0.0078201293945312,0.0129461288452148,0.0,0.0133514404296875,0.0039076360659338,0.0133514404296875,0.0045299530029296,0.0,0.0,0.0,0.496,1.424,5.6,6.512,117.192,0.0,0.0,335.0188732147217,335.0188732147217,31653.056,1
179,0.0,0.0,0.0,0.0,0.0,0.0,0,0,0.0,0.0,0.0,0.0,0.0,0.0,0.0,0.0,0.0072391472052578,0.0100135803222656,0.0087618827819824,0.0075817108154296,0.0107526779174804,0.0100135803222656,0.006103515625,0.0164508819580078,0.0040531158447265,0.0164508819580078,0.0050067901611328,0.0078678131103515,0.0114917755126953,0.0214576721191406,0.496,1.424,6.096,5.728,117.192,3.744,4.232,335.017204284668,335.017204284668,633.224,1
180,0.0,0.0,0.0,0.0,0.0,0.0,0,0,0.0,0.0,0.0,0.0,0.0,0.0,0.0,0.0,0.0061775321391091,0.0085830688476562,0.0081459681193033,0.0070730845133463,0.010848045349121,0.0100135803222656,0.0060796737670898,0.0147819519042968,0.0088214874267578,0.0147819519042968,0.0088214874267578,0.0070095062255859,0.0106493631998697,0.0189542770385742,0.496,1.424,9.856,10.176,113.256,4.272,3.704,335.0176811218262,335.0176811218262,1.192,1
181,0.0,0.0,0.0,0.0,0.0,0.0,0,0,0.0,0.0,0.0,0.0,0.0,0.0,0.0,0.0,0.0061383887903014,0.0083446502685546,0.0075340270996093,0.0061988830566406,0.0093460083007812,0.007486343383789,0.0062227249145507,0.0128746032714843,0.0046052430805407,0.0128746032714843,0.0061035156249999,0.0088214874267578,0.0112056732177734,0.0283002853393554,0.496,1.36,6.448,6.224,113.256,8.264,7.736,335.01601219177246,335.01601219177246,115.832,1
182,0.0,0.0,0.0,0.0,0.0,0.0,0,0,0.0,0.0,0.0,0.0,0.0,0.0,0.0,0.0,0.0066348150664684,0.0095367431640625,0.0078201293945312,0.0051259994506835,0.0110626220703125,0.0061273574829101,0.0,0.013589859008789,0.0042526810257523,0.013589859008789,0.0052452087402343,0.0,0.0,0.0,0.496,1.36,5.6,6.512,128.72,0.0,0.0,335.0148200988769,335.0148200988769,1204.696,1
183,0.0,0.0,0.0,0.0,0.0,0.0,0,0,0.0,0.0,0.0,0.0,0.0,0.0,0.0,0.0,0.0061941146850585,0.0085830688476562,0.0078082084655761,0.0071048736572265,0.0092983245849609,0.0091552734375,0.0,0.0143051147460937,0.00762939453125,0.0143051147460937,0.00762939453125,0.0,0.0,0.0,0.496,1.424,6.096,5.728,112.0,0.0,0.0,335.01315116882324,335.01315116882324,3.192,1
184,0.0,0.0,0.0,0.0,0.0,0.0,0,0,0.0,0.0,0.0,0.0,0.0,0.0,0.0,0.0,0.0061714649200439,0.0085830688476562,0.0082254409790039,0.006874402364095,0.0102519989013671,0.0095367431640625,0.0,0.0112056732177734,0.0,0.0112056732177734,0.0,0.0,0.0,0.0,0.496,1.392,9.856,10.176,112.0,0.0,0.0,335.01172065734863,335.01172065734863,0.0,1
185,0.0,0.0,0.0,0.0,0.0,0.0,0,0,0.0,0.0,0.0,0.0,0.0,0.0,0.0,0.0,0.0064003467559814,0.0088214874267578,0.0082969665527343,0.0077247619628906,0.0095367431640625,0.0111579895019531,0.0067710876464843,0.0158548355102539,0.0,0.0195741653442382,0.0,0.0091552734375,0.0117301940917968,0.0222682952880859,1.344,2.208,6.448,6.224,112.0,3.744,4.232,335.01601219177246,335.01830101013184,0.0,1
186,0.0,0.0,0.0,0.0,0.0,0.0,0,0,0.0,0.0,0.0,0.0,0.0,0.0,0.0,0.0,0.0060582160949707,0.0081300735473632,0.008249282836914,0.0060200691223144,0.009918212890625,0.0066995620727539,0.0061988830566406,0.0183582305908203,0.0,0.0183582305908203,0.0,0.0077247619628906,0.0109672546386718,0.0205039978027343,0.496,1.36,5.6,6.512,112.0,3.744,4.232,335.01195907592773,335.01195907592773,0.0,1
187,0.0,0.0,0.0,0.0,0.0,0.0,0,0,0.0,0.0,0.0,0.0,0.0,0.0,0.0,0.0,0.0061870214357898,0.0085830688476562,0.0081658363342285,0.0085830688476562,0.010228157043457,0.0101566314697265,0.0060558319091796,0.0145435333251953,0.0081062316894531,0.0145435333251953,0.0081062316894531,0.0083684921264648,0.0113725662231445,0.0279426574707031,0.496,1.36,6.096,5.728,113.256,8.264,7.736,335.0107669830322,335.0107669830322,1.192,1
188,0.0,0.0,0.0,0.0,0.0,0.0,0,0,0.0,0.0,0.0,0.0,0.0,0.0,0.0,0.0,0.0063424086689355,0.0088214874267578,0.0069141387939453,0.0057617823282877,0.0079870223999023,0.0067949295043945,0.0,0.0152587890625,0.0081062316894531,0.0152587890625,0.0081062316894531,0.0,0.0,0.0,0.496,1.36,9.856,10.176,113.256,0.0,0.0,335.0110054016113,335.0110054016113,1.192,1
189,0.0,0.0,0.0,0.0,0.0,0.0,0,0,0.0,0.0,0.0,0.0,0.0,0.0,0.0,0.0,0.0061644843561732,0.0083446502685546,0.0070571899414062,0.0069618225097656,0.0087738037109375,0.0098228454589843,0.0,0.0112056732177734,0.0064373016357421,0.0112056732177734,0.0064373016357421,0.0,0.0,0.0,0.496,1.36,6.448,6.224,113.256,0.0,0.0,335.0107669830322,335.0107669830322,1.192,1
190,0.0,0.0,0.0,0.0,0.0,0.0,0,0,0.0,0.0,0.0,0.0,0.0,0.0,0.0,0.0,0.0062489509582519,0.0085830688476562,0.0069618225097656,0.0063180923461914,0.0075340270996093,0.0079154968261718,0.0,0.011444091796875,0.0,0.011444091796875,0.0,0.0,0.0,0.0,0.496,1.36,5.6,6.512,112.0,0.0,0.0,335.0193500518799,335.0193500518799,0.0,1
191,0.0,0.0,0.0,0.0,0.0,0.0,0,0,0.0,0.0,0.0,0.0,0.0,0.0,0.0,0.0,0.0059795379638671,0.0081062316894531,0.0069737434387207,0.0059127807617187,0.0086545944213867,0.0070095062255859,0.0058650970458984,0.0081062316894531,0.0,0.0081062316894531,0.0,0.0073909759521484,0.012063980102539,0.0236988067626953,0.496,1.36,6.096,5.728,112.0,3.744,4.232,335.0186347961426,335.0186347961426,0.0,1
192,0.0,0.0,0.0,0.0,0.0,0.0,0,0,0.0,0.0,0.0,0.0,0.0,0.0,0.0,0.0,0.0060093402862548,0.0083446502685546,0.0074307123819986,0.0061988830566406,0.0089406967163085,0.0073909759521484,0.0067949295043945,0.0123977661132812,0.0,0.0123977661132812,0.0,0.0087499618530273,0.010530153910319,0.0189542770385742,0.496,1.36,9.856,10.176,112.0,4.272,3.704,335.0114822387696,335.0114822387696,0.0,1
193,0.0,0.0,0.0,0.0,0.0,0.0,0,0,0.0,0.0,0.0,0.0,0.0,0.0,0.0,0.0,0.0068122900805427,0.0094175338745117,0.0071048736572265,0.0059127807617187,0.0100135803222656,0.0072956085205078,0.0063578287760416,0.0157356262207031,0.0039442255785911,0.0157356262207031,0.0047683715820312,0.0082015991210937,0.0115958127108487,0.0271797180175781,0.496,1.36,6.448,6.224,143.152,8.792,7.208,335.010290145874,335.010290145874,12373.976,1
194,0.0,0.0,0.0,0.0,0.0,0.0,0,0,0.0,0.0,0.0,0.0,0.0,0.0,0.0,0.0,0.0074958801269531,0.0100135803222656,0.0086784362792968,0.0060200691223144,0.0112056732177734,0.0086069107055664,0.0,0.0164508819580078,0.0039552713369394,0.0164508819580078,0.0047683715820312,0.0,0.0,0.0,0.496,1.424,5.6,6.512,116.632,0.0,0.0,335.01458168029785,335.01458168029785,27544.392,1
195,0.0,0.0,0.0,0.0,0.0,0.0,0,0,0.0,0.0,0.0,0.0,0.0,0.0,0.0,0.0,0.0073626489922551,0.0100135803222656,0.0085234642028808,0.0080108642578125,0.0096559524536132,0.0116825103759765,0.0,0.0123977661132812,0.0039900800614592,0.0123977661132812,0.0047683715820312,0.0,0.0,0.0,0.496,1.424,6.096,5.728,118.448,0.0,0.0,335.0152969360352,335.0152969360352,18905.64,1
196,0.0,0.0,0.0,0.0,0.0,0.0,0,0,0.0,0.0,0.0,0.0,0.0,0.0,0.0,0.0,0.0067866674744256,0.0092983245849609,0.0075896581013997,0.0056425730387369,0.0092983245849609,0.007033348083496,0.0,0.0121593475341796,0.0040660733761994,0.0121593475341796,0.0047683715820312,0.0,0.0,0.0,0.496,1.424,9.856,10.176,118.448,0.0,0.0,335.01505851745605,335.01505851745605,3550.496,1
197,0.0,0.0,0.0,0.0,0.0,0.0,0,0,0.0,0.0,0.0,0.0,0.0,0.0,0.0,0.0,0.0063945998006792,0.0088214874267578,0.0074386596679687,0.0066280364990234,0.0093460083007812,0.0100135803222656,0.0065326690673828,0.0147819519042968,0.0056425730387369,0.0147819519042968,0.0065803527832031,0.0086307525634765,0.0126838684082031,0.0241756439208984,0.496,1.424,6.448,6.224,113.256,3.744,4.232,335.0152969360352,335.0152969360352,21.672,1
198,0.0,0.0,0.0,0.0,0.0,0.0,0,0,0.0,0.0,0.0,0.0,0.0,0.0,0.0,0.0,0.0061678886413574,0.0086069107055664,0.0061511993408203,0.0066161155700683,0.0069618225097656,0.0084400177001953,0.006103515625,0.0109672546386718,0.0,0.0109672546386718,0.0,0.0080585479736328,0.0119686126708984,0.0225067138671875,0.496,1.392,5.6,6.512,112.0,3.744,4.232,335.01672744750977,335.01672744750977,0.0,1
199,0.0,0.0,0.0,0.0,0.0,0.0,0,0,0.0,0.0,0.0,0.0,0.0,0.0,0.0,0.0,0.0062155723571777,0.0083446502685546,0.007331371307373,0.0072479248046875,0.0090599060058593,0.0099658966064453,0.0065565109252929,0.0121593475341796,0.0,0.0121593475341796,0.0,0.0092983245849609,0.0117301940917968,0.0289678573608398,0.496,1.36,6.096,5.728,112.0,8.264,7.736,335.0183963775635,335.0183963775635,0.0,1
200,0.0,0.0,0.0,0.0,0.0,0.0,0,0,0.0,0.0,0.0,0.0,0.0,0.0,0.0,0.0,0.0060896568110423,0.0081062316894531,0.0074704488118489,0.0061988830566406,0.0089406967163085,0.0078678131103515,0.0,0.0126361846923828,0.003973642985026,0.0126361846923828,0.0047683715820312,0.0,0.0,0.0,0.496,1.36,9.856,10.176,127.576,0.0,0.0,335.01243591308594,335.01243591308594,2123.456,1
201,0.0,0.0,0.0,0.0,0.0,0.0,0,0,0.0,0.0,0.0,0.0,0.0,0.0,0.0,0.0,0.0063653039460134,0.0090360641479492,0.0069141387939453,0.005197525024414,0.008249282836914,0.0062465667724609,0.0,0.0138282775878906,0.0043307678608954,0.0138282775878906,0.0052452087402343,0.0,0.0,0.0,0.496,1.424,6.448,6.224,120.032,0.0,0.0,335.0110054016113,335.0110054016113,716.824,1
202,0.0,0.0,0.0,0.0,0.0,0.0,0,0,0.0,0.0,0.0,0.0,0.0,0.0,0.0,0.0,0.0062130465365872,0.0081062316894531,0.0061988830566406,0.0079870223999023,0.0069141387939453,0.0117301940917968,0.0,0.0157356262207031,0.0040562947591145,0.0157356262207031,0.0049114227294921,0.0,0.0,0.0,0.496,1.424,5.6,6.512,118.448,0.0,0.0,335.0105285644531,335.0105285644531,793.528,1
203,0.0,0.0,0.0,0.0,0.0,0.0,0,0,0.0,0.0,0.0,0.0,0.0,0.0,0.0,0.0,0.0061858352737047,0.0083446502685546,0.0072121620178222,0.0062942504882812,0.008392333984375,0.0075340270996093,0.006723403930664,0.0154972076416015,0.003968968110926,0.0154972076416015,0.0046968460083007,0.0092983245849609,0.0112056732177734,0.0213146209716796,0.496,1.424,6.096,5.728,113.256,3.744,4.232,335.01553535461426,335.01553535461426,354.912,1
204,0.0,0.0,0.0,0.0,0.0,0.0,0,0,0.0,0.0,0.0,0.0,0.0,0.0,0.0,0.0,0.0063818280059512,0.0088214874267578,0.0066359837849934,0.0057617823282877,0.0082254409790039,0.0064373016357421,0.0062465667724609,0.0052452087402343,0.0056028366088867,0.0052452087402343,0.006866455078125,0.0078678131103515,0.0116348266601562,0.0224113464355468,0.496,1.392,9.856,10.176,116.288,3.744,4.232,335.0207805633545,335.0207805633545,17.76,1
205,0.0,0.0,0.0,0.0,0.0,0.0,0,0,0.0,0.0,0.0,0.0,0.0,0.0,0.0,0.0,0.0062525272369384,0.0085830688476562,0.0080108642578125,0.0062465667724609,0.01068115234375,0.0076770782470703,0.0066518783569335,0.0085830688476562,0.0,0.0085830688476562,0.0,0.0088930130004882,0.011754035949707,0.028395652770996,0.496,1.424,6.448,6.224,112.0,8.264,7.736,335.019588470459,335.019588470459,0.0,1
206,0.0,0.0,0.0,0.0,0.0,0.0,0,0,0.0,0.0,0.0,0.0,0.0,0.0,0.0,0.0,0.0061131463262247,0.0085353851318359,0.0065326690673828,0.0063180923461914,0.0077247619628906,0.0077247619628906,0.0061670939127604,0.0119209289550781,0.0039713394238753,0.0119209289550781,0.0047683715820312,0.0085353851318359,0.0106652577718098,0.0239372253417968,0.496,1.36,5.6,6.512,123.736,10.776,11.312,335.01601219177246,335.01601219177246,2231.176,1
207,0.0,0.0,0.0,0.0,0.0,0.0,0,0,0.0,0.0,0.0,0.0,0.0,0.0,0.0,0.0,0.0064361154736571,0.0085830688476562,0.007033348083496,0.0071048736572265,0.0084161758422851,0.0105857849121093,0.0,0.0100135803222656,0.0040709082760027,0.0100135803222656,0.0050067901611328,0.0,0.0,0.0,0.496,1.424,6.096,5.728,117.192,0.0,0.0,335.0148200988769,335.0148200988769,1924.328,1
208,0.0,0.0,0.0,0.0,0.0,0.0,0,0,0.0,0.0,0.0,0.0,0.0,0.0,0.0,0.0,0.0062000751495361,0.0081062316894531,0.0075101852416992,0.0074307123819986,0.0095367431640625,0.0110864639282226,0.0,0.0147819519042968,0.005960464477539,0.0147819519042968,0.005960464477539,0.0,0.0,0.0,0.496,1.424,9.856,10.176,112.0,0.0,0.0,335.0148200988769,335.0148200988769,2.52,1
209,0.0,0.0,0.0,0.0,0.0,0.0,0,0,0.0,0.0,0.0,0.0,0.0,0.0,0.0,0.0,0.0064586525532736,0.0088214874267578,0.0079631805419921,0.0065803527832031,0.0104427337646484,0.0101089477539062,0.0067710876464843,0.0131130218505859,0.0057220458984375,0.0131130218505859,0.0057220458984375,0.0085353851318359,0.0123977661132812,0.0240325927734375,0.496,1.392,6.448,6.224,113.256,3.744,4.232,335.01315116882324,335.01315116882324,1.192,1
210,0.0,0.0,0.0,0.0,0.0,0.0,0,0,0.0,0.0,0.0,0.0,0.0,0.0,0.0,0.0,0.0062285371087676,0.0083446502685546,0.0078201293945312,0.0066161155700683,0.0094890594482421,0.0086784362792968,0.0060558319091796,0.0095367431640625,0.0047683715820312,0.0095367431640625,0.0047683715820312,0.0077724456787109,0.0115871429443359,0.0223636627197265,0.496,1.36,5.6,6.512,113.256,3.744,4.232,335.01315116882324,335.01315116882324,1.192,1
211,0.0,0.0,0.0,0.0,0.0,0.0,0,0,0.0,0.0,0.0,0.0,0.0,0.0,0.0,0.0,0.0061316065268941,0.0083446502685546,0.0074505805969238,0.0073432922363281,0.0087738037109375,0.0098228454589843,0.0063896179199218,0.0100135803222656,0.0053644180297851,0.0100135803222656,0.0054597854614257,0.0090599060058593,0.0112295150756835,0.027775764465332,0.496,1.36,6.096,5.728,118.448,8.264,7.736,335.01410484313965,335.01410484313965,6.576,1
212,0.0,0.0,0.0,0.0,0.0,0.0,0,0,0.0,0.0,0.0,0.0,0.0,0.0,0.0,0.0,0.0060849589080058,0.0083446502685546,0.006874402364095,0.0060002009073893,0.0089406967163085,0.0073909759521484,0.0,0.0100135803222656,0.004887580871582,0.0100135803222656,0.0051736831665039,0.0,0.0,0.0,0.496,1.36,9.856,10.208,121.912,0.0,0.0,335.0152969360352,335.0152969360352,11.296,1
213,0.0,0.0,0.0,0.0,0.0,0.0,0,0,0.0,0.0,0.0,0.0,0.0,0.0,0.0,0.0,0.006340742111206,0.0090599060058593,0.0073432922363281,0.0069141387939453,0.0085830688476562,0.0105857849121093,0.0,0.0154972076416015,0.0,0.0154972076416015,0.0,0.0,0.0,0.0,0.496,1.424,6.448,6.288,112.0,0.0,0.0,335.01553535461426,335.01553535461426,0.0,1
214,0.0,0.0,0.0,0.0,0.0,0.0,0,0,0.0,0.0,0.0,0.0,0.0,0.0,0.0,0.0,0.0058555603027343,0.00762939453125,0.0071525573730468,0.0066757202148437,0.0086784362792968,0.0086069107055664,0.0,0.0147819519042968,0.0,0.0147819519042968,0.0,0.0,0.0,0.0,0.496,1.36,5.6,6.608,112.0,0.0,0.0,335.01315116882324,335.01315116882324,0.0,1
215,0.0,0.0,0.0,0.0,0.0,0.0,0,0,0.0,0.0,0.0,0.0,0.0,0.0,0.0,0.0,0.0060951709747314,0.0088214874267578,0.0095367431640625,0.0081539154052734,0.0134468078613281,0.0107765197753906,0.0062465667724609,0.013589859008789,0.0,0.013589859008789,0.0,0.0080108642578125,0.0112533569335937,0.0215530395507812,0.496,1.36,6.096,5.792,112.0,3.744,4.232,335.01172065734863,335.01172065734863,0.0,1
216,0.0,0.0,0.0,0.0,0.0,0.0,0,0,0.0,0.0,0.0,0.0,0.0,0.0,0.0,0.0,0.0061822767874494,0.0085830688476562,0.0071922938028971,0.0064770380655924,0.0082254409790039,0.0092983245849609,0.006103515625,0.013589859008789,0.0064373016357421,0.013589859008789,0.0064373016357421,0.0077724456787109,0.0114917755126953,0.0217914581298828,0.496,1.36,9.856,10.272,113.256,3.744,4.232,335.01243591308594,335.01243591308594,1.192,1
